index,EventType,EventDate,HasSafetyRec,Mode,OriginalPublishedDate,HighestInjuryLevel,FatalInjuryCount,SeriousInjuryCount,MinorInjuryCount,OnboardInjuryCount,Make,Model,AirCraftCategory,AirportID,AmateurBuilt,NumberOfEngines,EngineType,PurposeOfFlight,FAR,AirCraftDamage,WeatherCondition,BroadPhaseofFlight,ReportStatus,MostRecentReportType,FatalYN
0,1,2020-12-31T18:15:00Z,False,0,12/2/2022 0:00,?,0.0,0.0,0.0,0.0,250,303,1,2165,False,0.25,6,15,0,2,3,10,1,2,0
1,0,2020-12-31T18:00:00Z,False,0,9/20/2021 0:00,?,0.0,0.0,0.0,0.0,896,1577,1,2277,False,0.125,5,15,0,3,3,5,1,2,0
2,0,2020-12-31T15:45:00Z,False,0,10/19/2021 0:00,Minor,0.0,0.0,1.0,1.0,250,75,1,390,False,0.125,5,13,0,3,3,5,1,2,0
3,0,2020-12-31T14:49:00Z,False,0,?,?,0.0,0.0,0.0,0.0,157,121,1,1488,False,,0,0,6,2,0,11,0,3,0
4,1,2020-12-31T02:15:00Z,False,0,?,?,?,?,?,?,45,514,1,752,False,0.25,0,0,4,2,0,5,0,3,0
5,0,2020-12-30T18:10:00Z,False,0,8/20/2021 0:00,?,0.0,0.0,0.0,0.0,813,1391,1,2048,False,0.125,5,15,0,3,3,5,1,2,0
6,0,2020-12-30T17:00:00Z,False,0,11/4/2022 0:00,?,0.0,0.0,0.0,0.0,898,1679,1,2644,False,0.125,5,15,0,3,3,5,1,2,0
7,0,2020-12-30T13:00:00Z,False,0,7/16/2021 0:00,?,0.0,0.0,0.0,0.0,1175,720,1,2802,False,0.125,5,15,0,3,3,5,1,2,0
8,0,2020-12-30T05:00:00Z,False,0,?,Fatal,1.0,0.0,0.0,1.0,993,1728,6,576,False,,0,0,15,4,0,13,0,3,1
9,1,2020-12-30T01:34:00Z,False,0,?,?,0.0,0.0,0.0,0.0,179,369,1,2499,False,0.25,6,0,4,2,0,5,0,1,0
10,0,2020-12-29T12:50:00Z,False,0,7/16/2021 0:00,?,0.0,0.0,0.0,0.0,157,462,1,703,False,0.25,5,15,0,3,3,5,1,2,0
11,0,2020-12-29T12:30:00Z,False,0,8/20/2021 0:00,?,0.0,0.0,0.0,0.0,250,97,1,2054,False,0.125,5,15,0,3,3,5,1,2,0
12,0,2020-12-29T11:30:00Z,False,0,?,Fatal,4.0,0.0,0.0,4.0,250,83,1,576,False,,0,0,13,1,0,3,0,3,1
13,0,2020-12-29T09:35:00Z,False,0,12/7/2022 0:00,Fatal,1.0,0.0,0.0,1.0,605,241,6,576,False,0.125,9,8,7,1,3,6,1,2,1
14,0,2020-12-28T22:03:00Z,False,0,?,?,0.0,0.0,0.0,0.0,424,1019,1,576,False,0.25,0,0,13,3,0,5,0,3,0
15,0,2020-12-28T21:00:00Z,False,0,7/19/2022 0:00,?,0.0,0.0,0.0,0.0,250,67,1,576,False,0.125,5,15,0,3,3,3,1,2,0
16,0,2020-12-28T20:45:00Z,False,0,7/12/2022 0:00,?,0.0,0.0,0.0,0.0,157,332,1,685,False,0.125,5,0,8,3,3,4,1,2,0
17,0,2020-12-28T17:00:00Z,False,0,8/20/2021 0:00,?,0.0,0.0,0.0,0.0,896,1613,1,408,False,0.25,5,15,0,3,3,5,1,2,0
18,1,2020-12-28T05:15:00Z,False,0,?,?,?,?,?,?,45,527,1,1578,False,0.25,0,6,4,0,0,3,0,3,0
19,0,2020-12-27T19:12:00Z,False,0,1/31/2023 0:00,Minor,0.0,0.0,3.0,3.0,157,229,1,1475,False,0.125,5,15,0,3,3,1,1,2,0
20,0,2020-12-27T16:20:00Z,False,0,2/2/2023 0:00,Minor,0.0,0.0,1.0,1.0,250,60,1,310,False,0.125,5,15,0,3,3,1,1,2,0
21,0,2020-12-27T14:36:00Z,False,0,7/16/2021 0:00,Serious,0.0,1.0,0.0,1.0,521,861,4,487,False,0.0,0,15,0,3,3,1,1,2,0
22,0,2020-12-27T14:00:00Z,False,0,11/4/2022 0:00,Minor,0.0,0.0,2.0,2.0,896,1580,1,576,False,0.125,5,15,0,3,3,6,1,2,0
23,0,2020-12-26T18:39:00Z,False,0,9/20/2021 0:00,?,0.0,0.0,0.0,0.0,250,60,1,1256,False,0.125,5,15,0,3,3,5,1,2,0
24,0,2020-12-26T12:30:00Z,False,0,7/16/2021 0:00,Serious,0.0,1.0,0.0,1.0,949,890,1,21,False,0.125,5,15,0,3,3,5,1,2,0
25,0,2020-12-26T04:47:00Z,False,0,?,?,0.0,0.0,0.0,0.0,250,154,1,576,False,,0,0,13,3,0,5,0,3,0
26,0,2020-12-25T18:19:00Z,False,0,9/20/2021 0:00,Minor,0.0,0.0,1.0,1.0,28,1812,2,576,False,0.0,0,3,0,3,3,5,1,2,0
27,1,2020-12-25T13:37:00Z,False,0,?,?,?,?,?,?,179,356,1,1488,False,0.25,0,0,12,0,0,3,0,3,0
28,0,2020-12-24T15:40:00Z,False,0,7/12/2022 0:00,Serious,0.0,1.0,0.0,1.0,1274,1940,1,523,True,0.125,0,15,0,3,3,1,1,2,0
29,0,2020-12-23T13:30:00Z,False,0,1/6/2022 0:00,Serious,0.0,1.0,0.0,1.0,50,519,1,576,False,0.25,6,0,4,0,3,1,1,2,0
30,0,2020-12-22T22:21:00Z,False,0,?,?,0.0,0.0,0.0,0.0,250,308,1,2436,False,,0,0,13,3,0,5,0,3,0
31,0,2020-12-22T16:30:00Z,False,0,7/16/2021 0:00,?,0.0,0.0,0.0,0.0,250,57,1,1970,False,0.125,5,15,0,3,3,5,1,2,0
32,0,2020-12-22T13:00:00Z,False,0,7/16/2021 0:00,?,0.0,0.0,0.0,0.0,250,77,1,851,False,0.125,5,15,0,3,3,5,1,2,0
33,0,2020-12-22T11:00:00Z,False,0,?,?,0.0,0.0,0.0,0.0,993,1725,6,576,False,,0,0,13,3,0,0,0,3,0
34,0,2020-12-21T17:25:00Z,False,0,8/20/2021 0:00,?,0.0,0.0,0.0,0.0,250,41,1,1219,False,0.125,5,13,0,3,3,5,1,2,0
35,0,2020-12-21T16:25:00Z,False,0,8/31/2022 0:00,?,0.0,0.0,0.0,0.0,849,1494,1,1855,False,0.125,5,11,0,3,3,1,1,2,0
36,0,2020-12-21T15:52:00Z,False,0,7/12/2022 0:00,Fatal,2.0,0.0,0.0,2.0,456,875,1,1304,False,0.125,5,15,0,1,3,6,1,2,1
37,0,2020-12-20T21:35:00Z,False,0,11/4/2022 0:00,Serious,0.0,1.0,1.0,2.0,962,1201,1,1233,False,0.25,6,7,0,3,1,1,1,2,0
38,0,2020-12-20T21:11:00Z,False,0,10/19/2022 0:00,Fatal,1.0,0.0,0.0,1.0,250,163,1,116,False,0.125,5,15,0,3,1,3,1,2,1
39,0,2020-12-20T17:45:00Z,False,0,8/20/2021 0:00,Minor,0.0,0.0,1.0,1.0,994,1725,6,789,False,0.125,5,15,0,3,3,10,1,2,0
40,0,2020-12-19T15:30:00Z,False,0,7/12/2022 0:00,Fatal,1.0,0.0,0.0,1.0,1159,2106,1,1247,True,,5,15,0,3,3,4,1,2,1
41,0,2020-12-19T13:16:00Z,False,0,2/2/2023 0:00,Minor,0.0,0.0,2.0,2.0,896,1677,1,649,False,0.125,5,15,0,3,3,3,1,2,0
42,0,2020-12-18T14:22:00Z,False,0,10/19/2022 0:00,Serious,0.0,3.0,0.0,3.0,896,1660,1,2670,False,0.125,5,13,0,1,3,1,1,2,0
43,0,2020-12-18T12:51:00Z,False,0,7/16/2021 0:00,?,0.0,0.0,0.0,0.0,250,57,1,773,False,0.125,5,15,0,3,3,5,1,2,0
44,0,2020-12-17T17:37:00Z,False,0,10/19/2022 0:00,Fatal,1.0,3.0,0.0,4.0,1097,2068,1,1398,False,0.125,5,15,0,1,3,10,1,2,1
45,0,2020-12-17T17:29:00Z,False,0,8/16/2022 0:00,Fatal,1.0,0.0,0.0,1.0,444,988,1,576,False,0.125,5,15,0,3,3,6,1,2,1
46,0,2020-12-16T15:19:00Z,False,0,2/7/2023 0:00,?,0.0,0.0,0.0,0.0,421,1016,1,899,False,0.25,6,7,0,3,1,5,1,2,0
47,0,2020-12-16T15:17:00Z,False,0,11/2/2022 0:00,Fatal,1.0,0.0,0.0,1.0,1152,594,5,1340,True,0.125,5,15,0,3,3,4,1,2,1
48,0,2020-12-16T05:39:00Z,False,0,9/14/2022 0:00,Fatal,2.0,0.0,0.0,2.0,896,1660,1,576,False,0.125,5,15,0,1,1,3,1,2,1
49,0,2020-12-16T00:00:00Z,False,0,7/12/2022 0:00,Fatal,2.0,0.0,0.0,2.0,956,1822,1,2254,True,0.125,5,13,0,3,3,13,1,2,1
50,0,2020-12-15T17:15:00Z,False,0,8/20/2021 0:00,Minor,0.0,0.0,1.0,1.0,715,1320,1,2089,False,0.125,5,15,0,3,3,5,1,2,0
51,0,2020-12-13T21:00:00Z,False,0,9/22/2021 0:00,?,0.0,0.0,0.0,0.0,447,989,1,1867,False,0.25,6,15,0,3,3,5,1,2,0
52,0,2020-12-13T13:52:00Z,False,0,?,?,?,?,?,?,31,1424,1,576,False,,0,0,13,1,0,4,0,3,0
53,0,2020-12-13T13:50:00Z,False,0,7/7/2022 0:00,?,0.0,0.0,0.0,0.0,250,60,1,2034,False,0.125,5,13,0,3,3,10,1,2,0
54,0,2020-12-13T11:45:00Z,False,0,10/13/2022 0:00,Minor,0.0,0.0,2.0,2.0,472,877,1,555,False,0.125,5,15,0,3,3,10,1,2,0
55,0,2020-12-12T16:23:00Z,False,0,10/13/2022 0:00,Fatal,1.0,0.0,0.0,1.0,136,594,5,576,True,0.125,5,15,0,3,3,6,1,2,1
56,0,2020-12-12T13:50:00Z,False,0,10/13/2022 0:00,Minor,0.0,0.0,1.0,1.0,896,1658,1,576,False,0.125,5,15,0,3,3,1,1,2,0
57,0,2020-12-12T13:49:00Z,False,0,2/7/2023 0:00,Fatal,1.0,0.0,0.0,1.0,157,2146,1,576,False,0.125,5,15,0,1,1,6,1,2,1
58,0,2020-12-11T19:15:00Z,False,0,?,Fatal,1.0,0.0,0.0,1.0,160,142,6,576,False,,0,0,13,3,0,1,0,3,1
59,0,2020-12-11T15:30:00Z,False,0,8/20/2021 0:00,?,0.0,0.0,0.0,0.0,896,1599,1,589,False,0.125,5,15,0,3,3,5,1,2,0
60,0,2020-12-11T14:00:00Z,False,0,10/13/2022 0:00,?,0.0,0.0,0.0,0.0,700,1089,1,529,False,0.125,5,15,0,3,3,3,1,2,0
61,0,2020-12-11T13:27:00Z,False,0,8/20/2021 0:00,?,0.0,0.0,0.0,0.0,250,60,1,107,False,0.125,5,15,0,3,3,5,1,2,0
62,0,2020-12-10T16:47:00Z,False,0,1/31/2023 0:00,Serious,0.0,1.0,0.0,1.0,329,1959,1,2138,False,0.125,5,15,0,3,3,4,1,2,0
63,0,2020-12-10T13:30:00Z,False,0,9/22/2021 0:00,Serious,0.0,1.0,0.0,1.0,739,443,1,576,False,0.125,5,15,0,3,3,1,1,2,0
64,0,2020-12-10T10:30:00Z,False,0,2/8/2023 0:00,Fatal,2.0,0.0,0.0,2.0,993,1725,6,576,False,0.125,5,6,0,1,3,6,1,2,1
65,0,2020-12-09T19:30:00Z,False,0,8/24/2021 0:00,Serious,0.0,1.0,0.0,0.0,250,60,1,1323,False,0.125,5,13,0,0,3,9,1,2,0
66,0,2020-12-09T12:00:00Z,False,0,7/16/2021 0:00,?,0.0,0.0,0.0,0.0,479,1980,1,1158,True,0.125,5,15,0,3,3,5,1,2,0
67,0,2020-12-08T16:40:00Z,False,0,7/7/2022 0:00,Fatal,1.0,0.0,0.0,1.0,1241,1780,1,1595,True,,5,15,0,1,3,3,1,2,1
68,0,2020-12-08T12:00:00Z,False,0,7/7/2022 0:00,?,0.0,0.0,0.0,0.0,896,1647,1,2556,False,0.125,5,11,0,3,3,4,1,2,0
69,0,2020-12-08T09:50:00Z,False,0,8/20/2021 0:00,Serious,0.0,1.0,0.0,1.0,320,60,1,976,False,0.125,5,15,0,3,3,1,1,2,0
70,0,2020-12-07T16:28:00Z,False,0,7/19/2022 0:00,Serious,0.0,1.0,0.0,1.0,1241,1779,1,89,True,0.125,5,15,0,3,3,10,1,2,0
71,1,2020-12-06T20:10:00Z,False,0,5/3/2022 0:00,?,0.0,0.0,0.0,0.0,896,1677,1,1503,False,0.125,8,15,0,2,3,5,1,2,0
72,0,2020-12-06T17:18:00Z,False,0,10/13/2022 0:00,?,0.0,0.0,0.0,0.0,429,272,1,576,False,0.125,5,15,0,3,3,3,1,2,0
73,0,2020-12-06T14:45:00Z,False,0,8/20/2021 0:00,?,0.0,0.0,0.0,0.0,896,1657,1,221,False,0.25,5,15,0,3,3,5,1,2,0
74,0,2020-12-06T07:25:00Z,False,0,7/7/2022 0:00,Fatal,1.0,0.0,0.0,1.0,896,1668,1,2024,False,0.125,5,15,0,1,1,4,1,2,1
75,0,2020-12-05T14:30:00Z,False,0,8/20/2021 0:00,?,0.0,0.0,0.0,0.0,996,1727,6,576,False,0.125,5,15,0,3,3,6,1,2,0
76,1,2020-12-05T05:00:00Z,False,0,?,?,0.0,0.0,0.0,0.0,179,356,1,1706,False,0.25,0,6,12,2,0,3,0,3,0
77,0,2020-12-04T15:11:00Z,False,0,8/16/2022 0:00,Serious,0.0,1.0,0.0,1.0,250,60,1,1661,False,0.125,5,13,0,3,3,1,1,2,0
78,1,2020-12-04T05:00:00Z,False,0,?,?,0.0,0.0,0.0,0.0,179,416,1,576,False,,0,22,12,2,0,3,0,3,0
79,1,2020-12-03T05:00:00Z,False,0,?,?,?,?,?,?,179,372,1,576,False,,0,0,12,0,0,11,0,3,0
80,0,2020-12-02T22:15:00Z,False,0,10/13/2022 0:00,?,0.0,0.0,0.0,0.0,166,54,1,576,False,0.125,5,15,0,3,3,3,1,2,0
81,0,2020-12-02T17:30:00Z,False,0,?,Fatal,2.0,0.0,0.0,2.0,993,1725,6,576,False,0.125,0,0,15,1,0,13,0,3,1
82,0,2020-12-02T17:00:00Z,False,0,10/19/2021 0:00,?,0.0,0.0,0.0,0.0,896,1648,1,1489,False,0.125,5,15,0,3,3,11,1,2,0
83,0,2020-12-02T09:42:00Z,False,0,2/7/2023 0:00,?,0.0,0.0,0.0,0.0,250,315,1,1762,False,0.25,6,6,0,3,1,5,1,2,0
84,0,2020-12-02T08:51:00Z,False,0,10/13/2022 0:00,?,0.0,0.0,0.0,0.0,896,1674,1,1398,False,0.125,5,13,0,3,3,1,1,2,0
85,1,2020-12-02T07:52:00Z,False,0,?,?,0.0,0.0,0.0,0.0,179,356,1,1281,False,,0,0,6,2,0,5,0,3,0
86,0,2020-12-01T15:30:00Z,False,0,7/7/2022 0:00,?,0.0,0.0,0.0,0.0,541,1130,1,576,True,0.125,5,1,9,3,3,10,1,2,0
87,0,2020-12-01T13:50:00Z,False,0,8/20/2021 0:00,?,0.0,0.0,0.0,0.0,623,2016,1,533,True,0.125,5,15,0,3,3,5,1,2,0
88,1,2020-12-01T11:40:00Z,False,0,?,?,?,?,?,?,179,394,1,576,False,,0,0,4,0,0,3,0,3,0
89,0,2020-11-30T13:13:00Z,False,0,10/13/2022 0:00,Fatal,2.0,0.0,0.0,2.0,896,1674,1,576,False,0.125,5,13,0,1,3,3,1,2,1
90,0,2020-11-29T12:30:00Z,False,0,8/20/2021 0:00,?,0.0,0.0,0.0,0.0,254,435,1,2089,False,0.125,5,15,0,3,3,5,1,2,0
91,0,2020-11-29T11:50:00Z,False,0,8/20/2021 0:00,?,0.0,0.0,0.0,0.0,896,1660,1,2070,False,0.125,5,15,0,3,3,5,1,2,0
92,0,2020-11-28T18:00:00Z,False,0,9/20/2021 0:00,Serious,0.0,1.0,0.0,0.0,28,1789,2,576,False,0.0,0,15,0,0,3,13,1,2,0
93,0,2020-11-28T14:37:00Z,False,0,8/20/2021 0:00,Minor,0.0,0.0,1.0,1.0,896,1660,1,1234,False,0.125,5,15,0,3,3,1,1,2,0
94,0,2020-11-28T14:16:00Z,False,0,9/20/2021 0:00,Minor,0.0,0.0,1.0,1.0,523,1145,1,576,False,,5,15,0,3,3,10,1,2,0
95,0,2020-11-28T12:43:00Z,False,0,8/20/2021 0:00,?,0.0,0.0,0.0,0.0,254,437,1,1273,False,0.125,5,15,0,3,3,5,1,2,0
96,1,2020-11-28T08:40:00Z,False,0,?,?,0.0,0.0,0.0,0.0,179,356,1,2491,False,,0,0,6,0,0,11,0,3,0
97,0,2020-11-27T14:05:00Z,False,0,8/20/2021 0:00,?,0.0,0.0,0.0,0.0,250,60,1,2685,False,0.125,5,15,0,3,3,10,1,2,0
98,0,2020-11-26T20:25:00Z,False,0,?,Minor,0.0,0.0,1.0,1.0,93,663,1,576,False,0.25,0,0,15,2,0,5,0,3,0
99,0,2020-11-26T13:59:00Z,False,0,8/15/2023 0:00,Fatal,2.0,0.0,0.0,2.0,1241,1779,1,2641,True,0.125,5,15,0,3,3,1,1,2,1
100,0,2020-11-26T10:55:00Z,False,0,9/22/2021 0:00,?,0.0,0.0,0.0,0.0,250,2034,1,705,False,0.125,5,15,0,3,1,5,1,2,0
101,0,2020-11-25T01:09:00Z,False,0,10/13/2022 0:00,?,0.0,0.0,0.0,0.0,250,298,1,2233,False,0.25,5,15,0,2,3,5,1,2,0
102,0,2020-11-24T17:07:00Z,False,0,8/20/2021 0:00,?,0.0,0.0,0.0,0.0,250,60,1,314,False,0.125,5,13,0,3,3,1,1,2,0
103,0,2020-11-24T16:30:00Z,False,0,10/5/2022 0:00,Serious,0.0,2.0,0.0,2.0,896,1668,1,1322,False,0.125,5,15,0,3,3,1,1,2,0
104,0,2020-11-24T10:30:00Z,False,0,?,Fatal,2.0,0.0,0.0,2.0,540,24,1,576,False,,0,0,15,1,0,3,0,3,1
105,0,2020-11-24T10:28:00Z,False,0,10/6/2022 0:00,Fatal,1.0,0.0,0.0,1.0,157,2145,1,576,False,0.125,5,15,0,1,3,6,1,2,1
106,0,2020-11-23T16:23:00Z,False,0,1/19/2023 0:00,Fatal,1.0,0.0,0.0,1.0,716,1339,1,1398,True,0.125,5,15,0,3,3,4,1,2,1
107,1,2020-11-22T20:20:00Z,False,0,?,?,?,?,?,?,179,356,1,576,False,,0,0,12,0,0,3,0,3,0
108,0,2020-11-22T19:30:00Z,False,0,8/31/2021 0:00,?,0.0,0.0,0.0,0.0,896,1647,1,576,False,,5,15,0,3,2,5,1,2,0
109,0,2020-11-22T17:33:00Z,False,0,9/20/2021 0:00,Serious,0.0,1.0,0.0,1.0,641,1994,11,576,False,0.125,5,15,0,3,3,10,1,2,0
110,0,2020-11-21T13:50:00Z,False,0,9/14/2022 0:00,?,0.0,0.0,0.0,0.0,250,2100,1,2664,False,0.125,5,15,0,3,3,10,1,2,0
111,0,2020-11-20T15:50:00Z,False,0,7/7/2022 0:00,?,0.0,0.0,0.0,0.0,250,60,1,1859,False,,5,13,0,3,3,5,1,2,0
112,0,2020-11-19T20:25:00Z,False,0,8/31/2021 0:00,Minor,0.0,0.0,1.0,1.0,896,1660,1,1812,False,0.125,5,15,0,3,3,10,1,2,0
113,0,2020-11-19T19:44:00Z,False,0,8/24/2021 0:00,Minor,0.0,0.0,3.0,3.0,250,60,1,49,False,0.125,5,15,0,3,3,1,1,2,0
114,0,2020-11-19T19:30:00Z,False,0,7/7/2022 0:00,?,0.0,0.0,0.0,0.0,4,467,0,576,True,,0,0,10,0,0,0,0,0,0
115,0,2020-11-19T18:09:00Z,False,0,7/12/2022 0:00,Fatal,1.0,0.0,0.0,1.0,219,1511,1,576,True,0.125,5,15,0,1,3,3,1,2,1
116,0,2020-11-19T10:47:00Z,False,0,7/15/2021 0:00,?,0.0,0.0,0.0,0.0,250,60,1,1098,False,0.125,5,15,0,3,3,10,1,2,0
117,0,2020-11-18T13:30:00Z,False,0,7/15/2021 0:00,?,0.0,0.0,0.0,0.0,993,1725,6,576,False,0.125,5,13,0,3,3,6,1,2,0
118,0,2020-11-18T12:43:00Z,False,0,7/15/2021 0:00,?,0.0,0.0,0.0,0.0,250,60,1,314,False,0.125,5,13,0,3,3,5,1,2,0
119,0,2020-11-18T05:00:00Z,False,0,?,Fatal,1.0,0.0,0.0,1.0,250,60,1,576,False,,0,0,0,1,0,13,0,3,1
120,0,2020-11-17T15:50:00Z,False,0,?,Fatal,2.0,0.0,0.0,2.0,896,1646,1,576,False,,0,13,13,3,0,6,0,3,1
121,0,2020-11-17T15:35:00Z,False,0,8/20/2021 0:00,?,0.0,0.0,0.0,0.0,250,23,1,576,False,0.125,5,15,0,3,3,6,1,2,0
122,0,2020-11-17T15:18:00Z,False,0,10/5/2022 0:00,Minor,0.0,0.0,1.0,1.0,271,866,1,889,True,0.125,0,15,0,3,3,3,1,2,0
123,0,2020-11-16T15:30:00Z,False,0,7/15/2021 0:00,?,0.0,0.0,0.0,0.0,135,582,1,576,False,0.125,5,13,0,3,3,3,1,2,0
124,0,2020-11-16T09:10:00Z,False,0,10/13/2022 0:00,Serious,0.0,1.0,0.0,1.0,975,1745,1,576,False,0.125,5,15,0,3,3,1,1,2,0
125,0,2020-11-16T07:04:00Z,False,0,9/14/2022 0:00,Fatal,2.0,0.0,0.0,2.0,250,42,1,576,False,0.125,5,15,0,1,1,3,1,2,1
126,0,2020-11-15T13:30:00Z,False,0,?,Serious,0.0,1.0,0.0,1.0,250,118,1,576,False,,0,0,13,3,0,6,0,3,0
127,0,2020-11-15T13:00:00Z,False,0,8/20/2021 0:00,?,0.0,0.0,0.0,0.0,1328,1991,1,576,False,0.125,5,15,0,3,3,5,1,2,0
128,0,2020-11-15T11:40:00Z,False,0,7/20/2022 0:00,Minor,0.0,0.0,1.0,1.0,37,2107,11,576,False,0.125,5,15,0,3,3,6,1,2,0
129,0,2020-11-14T15:20:00Z,False,0,?,Fatal,1.0,0.0,0.0,1.0,157,465,1,576,False,,0,0,13,3,0,4,0,3,1
130,0,2020-11-14T13:00:00Z,False,0,7/15/2021 0:00,?,0.0,0.0,0.0,0.0,250,201,1,2067,False,0.125,5,15,0,3,3,5,1,2,0
131,0,2020-11-14T12:30:00Z,False,0,9/16/2021 0:00,Minor,0.0,0.0,2.0,2.0,250,60,1,576,False,0.125,5,15,0,3,3,3,1,2,0
132,0,2020-11-14T11:57:00Z,False,0,7/15/2021 0:00,?,0.0,0.0,0.0,0.0,1241,1779,1,221,True,0.125,5,15,0,3,3,5,1,2,0
133,0,2020-11-14T09:30:00Z,False,0,5/4/2022 0:00,?,0.0,0.0,0.0,0.0,24,612,6,2064,False,0.25,9,6,0,3,3,10,1,2,0
134,0,2020-11-13T21:04:00Z,False,0,7/20/2022 0:00,Minor,0.0,0.0,1.0,1.0,250,45,1,2424,False,0.125,5,16,0,3,3,3,1,2,0
135,0,2020-11-13T18:50:00Z,False,0,6/8/2021 0:00,Serious,0.0,1.0,0.0,1.0,182,856,1,2252,False,0.25,0,0,4,0,3,13,1,2,0
136,0,2020-11-13T14:15:00Z,False,0,9/16/2021 0:00,?,0.0,0.0,0.0,0.0,37,773,11,1014,False,0.125,5,15,0,3,3,5,1,2,0
137,0,2020-11-13T13:26:00Z,False,0,9/16/2021 0:00,?,0.0,0.0,0.0,0.0,553,1439,10,1204,False,0.125,0,17,14,1,3,1,1,2,0
138,0,2020-11-12T18:30:00Z,False,0,8/20/2021 0:00,?,0.0,0.0,0.0,0.0,896,1655,1,576,False,0.125,5,15,0,3,3,1,1,2,0
139,0,2020-11-12T14:06:00Z,False,0,7/7/2022 0:00,Fatal,2.0,0.0,0.0,2.0,250,113,1,1148,False,0.125,5,15,0,3,3,1,1,2,1
140,0,2020-11-12T13:53:00Z,False,0,?,Fatal,1.0,0.0,0.0,1.0,1031,886,6,576,False,0.125,0,0,15,1,0,13,0,3,1
141,0,2020-11-12T12:43:00Z,False,0,1/19/2023 0:00,Fatal,1.0,0.0,0.0,1.0,250,97,1,2819,False,0.125,5,16,0,1,3,1,1,2,1
142,0,2020-11-12T09:20:00Z,False,0,9/16/2021 0:00,Minor,0.0,0.0,1.0,1.0,771,1467,1,576,False,0.125,5,15,0,3,3,10,1,2,0
143,0,2020-11-11T17:50:00Z,False,0,7/7/2022 0:00,Fatal,1.0,0.0,0.0,1.0,1227,1975,11,576,False,0.125,5,15,0,1,3,10,1,2,1
144,0,2020-11-11T12:44:00Z,False,0,8/12/2022 0:00,Fatal,2.0,0.0,0.0,2.0,250,83,1,2791,False,0.125,5,13,0,3,3,1,1,2,1
145,0,2020-11-11T10:50:00Z,False,0,12/20/2022 0:00,Minor,0.0,0.0,1.0,1.0,166,441,1,1717,False,0.125,5,15,0,3,3,4,1,2,0
146,0,2020-11-10T16:40:00Z,False,0,7/7/2022 0:00,Fatal,1.0,0.0,0.0,1.0,896,1674,1,576,False,0.125,5,15,0,3,3,3,1,2,1
147,0,2020-11-10T15:37:00Z,False,0,?,Serious,0.0,3.0,1.0,4.0,160,267,6,576,False,0.125,0,0,15,3,0,10,0,3,0
148,0,2020-11-09T16:45:00Z,False,0,7/15/2021 0:00,Minor,0.0,0.0,2.0,2.0,811,1384,1,1743,False,0.125,5,15,0,3,3,1,1,2,0
149,0,2020-11-09T08:24:00Z,False,0,8/24/2021 0:00,Minor,0.0,0.0,1.0,0.0,404,920,1,1198,False,0.125,5,13,0,3,3,11,1,2,0
150,0,2020-11-08T19:40:00Z,False,0,?,Fatal,2.0,0.0,0.0,2.0,951,1304,1,576,False,0.125,0,0,6,1,0,3,0,3,1
151,0,2020-11-08T17:11:00Z,False,0,8/31/2021 0:00,Fatal,1.0,0.0,0.0,1.0,250,60,1,576,False,0.125,0,15,0,1,3,6,1,2,1
152,0,2020-11-08T16:00:00Z,False,0,8/24/2021 0:00,?,0.0,0.0,0.0,0.0,70,441,1,1915,False,0.125,5,15,0,3,3,5,1,2,0
153,0,2020-11-08T15:30:00Z,False,0,9/21/2022 0:00,?,0.0,0.0,0.0,0.0,896,1668,1,576,False,0.125,5,15,0,3,3,10,1,2,0
154,0,2020-11-08T15:18:00Z,False,0,8/20/2021 0:00,?,0.0,0.0,0.0,0.0,1180,1144,1,2737,False,0.125,5,15,0,3,3,10,1,2,0
155,0,2020-11-08T15:15:00Z,False,0,7/15/2021 0:00,?,0.0,0.0,0.0,0.0,160,142,6,280,False,0.125,9,13,0,3,3,1,1,2,0
156,0,2020-11-07T22:00:00Z,False,0,?,Fatal,3.0,0.0,0.0,3.0,250,97,1,576,False,,0,0,15,3,0,3,0,3,1
157,0,2020-11-07T20:18:00Z,False,0,7/12/2022 0:00,Fatal,1.0,0.0,0.0,1.0,896,1579,1,576,False,0.125,5,15,0,1,1,4,1,2,1
158,0,2020-11-07T15:00:00Z,False,0,8/24/2021 0:00,?,0.0,0.0,0.0,0.0,1052,184,6,576,False,0.125,5,14,0,3,3,5,1,2,0
159,0,2020-11-07T13:51:00Z,False,0,9/16/2021 0:00,Serious,0.0,2.0,0.0,2.0,1046,624,4,576,False,0.0,0,15,0,3,3,6,1,2,0
160,0,2020-11-07T09:30:00Z,False,0,7/7/2022 0:00,Serious,0.0,1.0,2.0,3.0,429,272,1,576,False,0.125,5,15,0,3,3,6,1,2,0
161,0,2020-11-06T21:45:00Z,False,0,7/7/2022 0:00,?,0.0,0.0,0.0,0.0,896,1594,1,440,False,0.125,5,15,0,3,3,1,1,2,0
162,0,2020-11-06T17:38:00Z,False,0,7/7/2022 0:00,Fatal,1.0,0.0,2.0,3.0,157,1239,1,576,False,0.125,5,15,0,1,3,13,1,2,1
163,0,2020-11-06T16:20:00Z,False,0,9/29/2023 0:00,?,0.0,0.0,0.0,0.0,894,1683,1,576,False,0.125,8,9,0,3,3,3,1,2,0
164,0,2020-11-06T16:11:00Z,False,0,8/20/2021 0:00,?,0.0,0.0,0.0,0.0,269,1959,1,1521,False,0.125,5,13,0,3,3,5,1,2,0
165,0,2020-11-06T16:00:00Z,False,0,1/31/2023 0:00,Serious,0.0,2.0,1.0,3.0,32,487,6,856,False,0.25,9,0,8,3,3,5,1,2,0
166,0,2020-11-06T14:55:00Z,False,0,?,Fatal,1.0,0.0,0.0,1.0,269,1959,1,1171,False,0.125,0,0,13,3,0,1,0,3,1
167,0,2020-11-06T14:00:00Z,False,0,7/15/2021 0:00,?,0.0,0.0,0.0,0.0,379,920,1,2817,False,0.125,5,13,0,3,3,5,1,2,0
168,0,2020-11-06T12:58:00Z,False,0,7/7/2022 0:00,?,0.0,0.0,0.0,0.0,1002,1765,1,800,True,0.125,0,15,0,3,3,10,1,2,0
169,0,2020-11-06T09:05:00Z,False,0,8/31/2021 0:00,?,0.0,0.0,0.0,0.0,250,37,1,845,False,0.125,5,15,0,3,3,10,1,2,0
170,0,2020-11-05T23:33:00Z,False,0,2/2/2023 0:00,?,0.0,0.0,0.0,0.0,270,1958,1,601,False,0.125,5,13,0,3,3,5,1,2,0
171,0,2020-11-05T15:30:00Z,False,0,7/7/2022 0:00,?,0.0,0.0,0.0,0.0,683,2024,1,2298,True,0.125,5,15,0,3,3,1,1,2,0
172,0,2020-11-05T15:15:00Z,False,0,7/15/2021 0:00,Minor,0.0,0.0,1.0,1.0,849,468,1,1197,False,0.125,5,15,0,3,3,4,1,2,0
173,1,2020-11-05T13:55:00Z,False,0,?,?,0.0,0.0,0.0,0.0,461,172,1,1904,False,,0,0,15,3,0,5,0,3,0
174,0,2020-11-04T13:20:00Z,False,0,8/16/2022 0:00,?,0.0,0.0,0.0,0.0,970,1177,1,1275,False,0.125,5,13,0,3,3,5,1,2,0
175,0,2020-11-03T19:00:00Z,False,0,?,Fatal,2.0,0.0,0.0,2.0,896,1672,1,576,False,0.25,0,0,13,3,0,13,0,3,1
176,0,2020-11-03T18:53:00Z,False,0,3/22/2023 0:00,Serious,0.0,1.0,1.0,2.0,896,1240,1,2701,False,0.125,5,15,0,3,3,4,1,2,0
177,0,2020-11-03T17:57:00Z,False,0,7/15/2021 0:00,Serious,0.0,1.0,0.0,1.0,250,87,1,2298,False,0.125,5,15,0,1,3,5,1,2,0
178,0,2020-11-03T14:41:00Z,False,0,8/31/2022 0:00,Fatal,2.0,0.0,0.0,2.0,141,1448,5,184,True,0.125,5,15,0,1,3,13,1,2,1
179,0,2020-11-03T13:35:00Z,False,0,8/16/2022 0:00,?,0.0,0.0,0.0,0.0,1123,9,1,1101,False,0.125,5,13,0,3,3,5,1,2,0
180,0,2020-11-02T16:00:00Z,False,0,7/15/2021 0:00,Minor,0.0,0.0,2.0,2.0,316,900,1,576,True,0.125,5,15,0,3,3,5,1,2,0
181,0,2020-11-02T10:30:00Z,False,0,8/31/2021 0:00,Minor,0.0,0.0,1.0,1.0,135,578,1,1909,True,0.125,5,15,0,3,3,5,1,2,0
182,0,2020-11-01T18:48:00Z,False,0,10/6/2022 0:00,Fatal,3.0,0.0,0.0,3.0,541,1141,1,1485,False,0.25,5,15,0,1,1,1,1,2,1
183,0,2020-11-01T16:24:00Z,False,0,7/15/2021 0:00,Minor,0.0,0.0,1.0,1.0,896,1655,1,376,False,0.125,5,15,0,3,3,5,1,2,0
184,0,2020-11-01T15:00:00Z,False,0,12/7/2022 0:00,Minor,0.0,0.0,1.0,1.0,962,258,1,1202,False,0.25,6,14,8,3,1,5,1,2,0
185,0,2020-10-31T04:29:00Z,False,0,?,Fatal,1.0,0.0,0.0,1.0,896,1591,1,576,False,0.125,0,0,12,1,0,6,0,3,1
186,0,2020-10-30T19:05:00Z,False,0,3/16/2023 0:00,Fatal,1.0,0.0,0.0,1.0,250,60,1,1533,False,0.125,5,15,0,3,3,1,1,2,1
187,0,2020-10-30T15:26:00Z,False,0,?,?,0.0,0.0,0.0,0.0,250,260,1,576,False,0.25,0,0,13,1,0,1,0,3,0
188,0,2020-10-30T14:15:00Z,False,0,7/7/2022 0:00,?,0.0,0.0,0.0,0.0,250,28,1,1020,False,0.125,5,15,0,3,3,5,1,2,0
189,1,2020-10-30T12:01:00Z,False,0,?,?,?,?,?,?,179,356,1,576,False,,0,0,12,0,0,3,0,3,0
190,0,2020-10-29T12:49:00Z,False,0,8/20/2021 0:00,?,0.0,0.0,0.0,0.0,923,2017,1,821,True,0.125,5,16,0,3,3,5,1,2,0
191,1,2020-10-29T11:03:00Z,False,0,?,?,0.0,0.0,0.0,0.0,250,308,1,576,False,,0,0,13,2,0,3,0,3,0
192,0,2020-10-29T09:39:00Z,False,0,12/6/2022 0:00,Fatal,2.0,0.0,0.0,2.0,250,206,1,576,False,0.25,5,15,0,1,3,3,1,2,1
193,0,2020-10-28T13:30:00Z,False,0,8/20/2021 0:00,?,0.0,0.0,0.0,0.0,19,20,1,1470,False,0.125,5,15,0,3,3,9,1,2,0
194,0,2020-10-28T11:40:00Z,False,0,7/7/2022 0:00,?,0.0,0.0,0.0,0.0,250,97,1,1418,False,0.125,5,15,0,3,1,9,1,2,0
195,1,2020-10-27T18:25:00Z,False,0,?,?,0.0,0.0,0.0,0.0,250,154,1,576,False,,0,0,12,0,0,10,0,3,0
196,0,2020-10-27T11:33:00Z,False,0,7/7/2022 0:00,?,0.0,0.0,0.0,0.0,605,239,6,576,False,0.125,9,8,7,3,3,3,1,2,0
197,0,2020-10-27T10:12:00Z,False,0,9/16/2021 0:00,?,0.0,0.0,0.0,0.0,250,491,1,2349,False,0.125,5,14,0,3,3,5,1,2,0
198,0,2020-10-26T23:37:00Z,False,0,8/20/2021 0:00,Minor,0.0,0.0,1.0,1.0,72,611,6,547,False,0.125,9,16,0,3,3,1,1,2,0
199,0,2020-10-26T15:58:00Z,False,0,5/19/2022 0:00,Fatal,1.0,0.0,0.0,1.0,250,156,1,1737,False,0.125,5,15,0,1,1,1,1,2,1
200,0,2020-10-26T14:10:00Z,False,0,7/26/2023 0:00,?,0.0,0.0,0.0,0.0,896,1660,1,576,False,0.125,5,13,0,3,3,13,1,2,0
201,0,2020-10-25T15:07:00Z,False,0,?,?,?,?,?,?,993,1725,6,576,False,0.125,0,0,13,3,0,10,0,3,0
202,0,2020-10-25T13:37:00Z,False,0,9/21/2022 0:00,Minor,0.0,0.0,1.0,1.0,541,556,1,724,False,0.125,5,15,0,3,3,4,1,2,0
203,0,2020-10-25T10:52:00Z,False,0,10/5/2022 0:00,Fatal,1.0,0.0,0.0,1.0,250,60,1,576,False,0.125,5,15,0,3,3,3,1,2,1
204,0,2020-10-25T08:37:00Z,False,0,5/19/2022 0:00,Fatal,2.0,0.0,0.0,2.0,541,556,1,576,False,0.125,5,15,0,1,1,6,1,2,1
205,0,2020-10-24T17:30:00Z,False,0,8/20/2021 0:00,?,0.0,0.0,0.0,0.0,250,60,1,2089,False,0.125,5,15,0,3,3,10,1,2,0
206,0,2020-10-24T12:30:00Z,False,0,8/20/2021 0:00,Serious,0.0,1.0,0.0,1.0,249,819,1,1628,True,0.125,5,15,0,3,3,5,1,2,0
207,0,2020-10-24T12:00:00Z,False,0,7/7/2022 0:00,Minor,0.0,0.0,4.0,4.0,269,1959,1,576,False,0.125,5,15,0,3,3,3,1,2,0
208,0,2020-10-24T11:53:00Z,False,0,?,Minor,0.0,0.0,9.0,9.0,421,1020,1,2035,False,0.25,0,0,4,3,0,5,0,3,0
209,0,2020-10-24T10:28:00Z,False,0,12/14/2022 0:00,Fatal,2.0,0.0,0.0,2.0,716,176,1,576,True,0.125,5,15,0,3,3,3,1,2,1
210,0,2020-10-24T10:00:00Z,False,0,7/15/2021 0:00,?,0.0,0.0,0.0,0.0,250,60,1,96,False,0.125,5,15,0,3,3,1,1,2,0
211,0,2020-10-23T20:10:00Z,False,0,8/26/2021 0:00,?,0.0,0.0,0.0,0.0,250,2044,1,1619,False,0.125,5,15,0,3,3,5,1,2,0
212,0,2020-10-23T15:51:00Z,False,0,8/20/2021 0:00,?,0.0,0.0,0.0,0.0,896,1238,1,576,False,0.125,5,15,0,3,3,3,1,2,0
213,0,2020-10-23T14:00:00Z,False,0,?,Fatal,1.0,1.0,2.0,4.0,250,97,1,576,False,,0,0,0,3,0,3,0,3,1
214,1,2020-10-23T10:00:00Z,False,0,?,?,?,?,?,?,45,516,1,750,False,0.25,0,0,12,0,0,10,0,3,0
215,0,2020-10-22T19:00:00Z,False,0,8/20/2021 0:00,?,0.0,0.0,0.0,0.0,269,1959,1,1413,False,0.125,5,6,0,3,3,10,1,2,0
216,0,2020-10-22T10:15:00Z,False,0,?,?,?,?,?,?,896,1677,1,576,False,,0,0,13,3,0,5,0,3,0
217,0,2020-10-21T22:55:00Z,False,0,7/19/2022 0:00,?,0.0,0.0,0.0,0.0,723,322,1,1664,False,0.25,6,0,8,3,3,5,1,2,0
218,0,2020-10-21T16:12:00Z,False,0,10/19/2022 0:00,Minor,0.0,0.0,1.0,1.0,160,142,6,576,False,0.125,9,15,0,3,1,6,1,2,0
219,0,2020-10-21T14:32:00Z,False,0,8/20/2021 0:00,?,0.0,0.0,0.0,0.0,166,452,1,1673,False,0.125,5,15,0,3,3,10,1,2,0
220,0,2020-10-21T14:31:00Z,False,0,5/19/2022 0:00,Fatal,1.0,0.0,0.0,1.0,157,2145,1,663,False,0.125,5,15,0,1,3,4,1,2,1
221,0,2020-10-21T11:50:00Z,False,0,7/19/2022 0:00,Serious,0.0,1.0,0.0,1.0,556,1225,1,1397,True,0.125,5,15,0,3,3,10,1,2,0
222,0,2020-10-21T11:17:00Z,False,0,12/6/2022 0:00,?,0.0,0.0,0.0,0.0,896,1600,1,576,False,0.125,5,15,0,3,3,3,1,2,0
223,0,2020-10-20T20:20:00Z,False,0,6/3/2022 0:00,?,0.0,0.0,0.0,0.0,896,1660,1,576,False,0.125,5,13,0,3,3,3,1,2,0
224,0,2020-10-20T17:10:00Z,False,0,7/7/2022 0:00,Fatal,1.0,0.0,0.0,1.0,556,1225,1,576,True,0.125,5,15,0,3,3,13,1,2,1
225,1,2020-10-20T14:53:00Z,False,0,?,?,0.0,0.0,0.0,0.0,179,355,1,2776,False,,0,0,12,0,2,5,0,3,0
226,0,2020-10-20T14:15:00Z,False,0,9/29/2021 0:00,?,0.0,0.0,0.0,0.0,250,116,1,2205,False,,5,13,0,3,3,5,1,2,0
227,1,2020-10-20T09:45:00Z,False,0,?,?,0.0,0.0,0.0,0.0,1078,1854,6,576,False,,0,0,8,0,0,3,0,3,0
228,0,2020-10-18T14:00:00Z,False,0,7/15/2021 0:00,Minor,0.0,0.0,2.0,2.0,111,770,1,2069,False,0.125,5,15,0,3,3,1,1,2,0
229,0,2020-10-18T14:00:00Z,False,0,8/26/2021 0:00,?,0.0,0.0,0.0,0.0,1027,1727,6,220,False,0.125,5,15,0,3,3,6,1,2,0
230,0,2020-10-18T14:00:00Z,False,0,8/26/2021 0:00,Minor,0.0,0.0,1.0,1.0,99,485,1,2793,False,0.125,5,15,0,3,3,1,1,2,0
231,0,2020-10-18T11:00:00Z,False,0,5/19/2022 0:00,?,0.0,0.0,0.0,0.0,250,112,1,2556,False,0.125,5,15,0,3,3,11,1,2,0
232,0,2020-10-18T10:59:00Z,False,0,1/19/2023 0:00,Serious,0.0,1.0,0.0,1.0,993,1721,6,2817,False,0.125,5,15,0,3,3,1,1,2,0
233,0,2020-10-17T17:42:00Z,False,0,7/7/2022 0:00,?,0.0,0.0,0.0,0.0,896,1660,1,2261,False,,5,13,0,3,3,1,1,2,0
234,0,2020-10-17T16:30:00Z,False,0,8/20/2021 0:00,?,0.0,0.0,0.0,0.0,250,60,1,2732,False,0.125,5,13,0,3,3,10,1,2,0
235,0,2020-10-17T16:15:00Z,False,0,?,?,0.0,0.0,0.0,0.0,993,1725,6,576,False,,0,0,13,3,0,3,0,3,0
236,0,2020-10-16T19:20:00Z,False,0,8/26/2021 0:00,?,0.0,0.0,0.0,0.0,896,1593,1,576,False,0.125,5,15,0,3,3,3,1,2,0
237,0,2020-10-16T15:15:00Z,False,0,7/7/2022 0:00,?,0.0,0.0,0.0,0.0,160,142,6,576,False,0.125,9,15,0,3,3,3,1,2,0
238,0,2020-10-16T11:13:00Z,False,0,11/4/2022 0:00,Fatal,2.0,0.0,0.0,2.0,250,2033,1,576,False,0.125,5,15,0,3,3,4,1,2,1
239,0,2020-10-16T10:00:00Z,False,0,8/20/2021 0:00,Minor,0.0,0.0,2.0,2.0,993,1725,6,576,False,0.125,0,6,0,3,3,6,1,2,0
240,0,2020-10-15T16:15:00Z,False,0,7/19/2022 0:00,Minor,0.0,0.0,1.0,1.0,250,45,1,2261,False,0.125,5,15,0,3,3,4,1,2,0
241,0,2020-10-15T11:00:00Z,False,0,?,Fatal,2.0,0.0,0.0,2.0,993,1725,6,576,False,,0,0,13,3,0,3,0,3,1
242,0,2020-10-14T16:05:00Z,False,0,8/24/2021 0:00,?,0.0,0.0,0.0,0.0,254,437,1,2805,False,0.125,5,13,0,3,3,4,1,2,0
243,0,2020-10-14T13:03:00Z,False,0,7/15/2021 0:00,Minor,0.0,0.0,1.0,1.0,844,1971,1,2746,True,0.125,5,15,0,3,3,10,1,2,0
244,0,2020-10-14T08:20:00Z,False,0,10/13/2022 0:00,?,0.0,0.0,0.0,0.0,157,466,1,2836,False,0.25,8,0,8,3,3,11,1,2,0
245,0,2020-10-13T21:30:00Z,False,0,?,Fatal,3.0,1.0,0.0,4.0,896,1664,1,576,False,,0,0,13,3,0,3,0,3,1
246,0,2020-10-13T20:15:00Z,False,0,10/5/2022 0:00,Fatal,1.0,0.0,0.0,1.0,13,4,1,576,False,0.125,5,15,0,3,3,6,1,2,1
247,0,2020-10-13T13:40:00Z,False,0,8/31/2021 0:00,Minor,0.0,0.0,2.0,2.0,711,893,1,284,True,0.125,5,15,0,1,3,5,1,2,0
248,0,2020-10-13T09:45:00Z,False,0,5/6/2021 0:00,?,0.0,0.0,0.0,0.0,250,72,1,2852,False,0.125,5,15,0,3,3,5,1,2,0
249,0,2020-10-12T17:18:00Z,False,0,6/22/2021 0:00,?,0.0,0.0,0.0,0.0,1317,1974,1,1200,True,0.125,5,11,0,3,3,4,1,2,0
250,0,2020-10-11T14:30:00Z,False,0,8/20/2021 0:00,Minor,0.0,0.0,1.0,1.0,250,32,1,728,False,0.125,5,22,0,3,3,1,1,2,0
251,0,2020-10-11T13:30:00Z,False,0,7/15/2021 0:00,Minor,0.0,0.0,1.0,1.0,857,1490,1,320,False,0.125,5,15,0,1,3,10,1,2,0
252,0,2020-10-11T08:10:00Z,False,0,1/31/2023 0:00,?,0.0,0.0,0.0,0.0,896,1668,1,2233,False,0.125,5,15,0,3,3,4,1,2,0
253,0,2020-10-11T04:00:00Z,False,0,?,Fatal,1.0,0.0,0.0,1.0,250,1102,1,576,False,,0,0,13,4,0,13,0,3,1
254,0,2020-10-10T15:44:00Z,False,0,4/20/2022 0:00,?,0.0,0.0,0.0,0.0,391,788,1,38,False,0.5,5,14,0,3,3,5,1,2,0
255,0,2020-10-10T14:45:00Z,False,0,?,Fatal,5.0,0.0,0.0,5.0,930,198,8,576,False,,0,0,6,4,0,13,0,3,1
256,0,2020-10-10T14:15:00Z,False,0,6/17/2021 0:00,Minor,0.0,0.0,1.0,1.0,426,295,6,794,False,0.125,9,15,0,3,3,5,1,2,0
257,0,2020-10-10T13:30:00Z,False,0,8/26/2021 0:00,Serious,0.0,2.0,0.0,2.0,896,1670,1,1973,False,,5,15,0,1,3,1,1,2,0
258,0,2020-10-10T11:00:00Z,False,0,9/20/2021 0:00,?,0.0,0.0,0.0,0.0,896,1658,1,2774,False,0.125,5,13,0,3,3,5,1,2,0
259,0,2020-10-10T09:05:00Z,False,0,?,?,0.0,0.0,0.0,0.0,896,1677,1,576,False,,0,0,13,3,0,2,0,3,0
260,1,2020-10-10T08:21:00Z,False,0,?,?,?,?,?,?,179,416,1,576,False,,0,0,12,0,0,4,0,3,0
261,0,2020-10-09T15:08:00Z,False,0,?,Fatal,1.0,0.0,0.0,1.0,896,1659,1,576,False,,0,0,13,3,0,3,0,3,1
262,0,2020-10-09T11:54:00Z,False,0,8/24/2021 0:00,?,0.0,0.0,0.0,0.0,1018,1993,1,576,True,0.125,5,15,0,3,3,10,1,2,0
263,0,2020-10-08T16:15:00Z,False,0,8/26/2021 0:00,?,0.0,0.0,0.0,0.0,933,682,1,576,False,0.125,5,14,0,3,3,6,1,2,0
264,0,2020-10-08T15:30:00Z,False,0,8/24/2021 0:00,Minor,0.0,0.0,1.0,1.0,896,1648,1,2307,False,0.125,5,18,14,3,3,5,1,2,0
265,0,2020-10-08T11:15:00Z,False,0,12/7/2022 0:00,Serious,0.0,7.0,0.0,7.0,250,270,1,1147,False,0.25,5,15,0,3,3,10,1,2,0
266,0,2020-10-08T10:30:00Z,False,0,?,?,0.0,0.0,0.0,0.0,269,1959,1,576,False,,0,0,13,3,0,3,0,3,0
267,0,2020-10-07T17:30:00Z,False,0,7/15/2021 0:00,?,0.0,0.0,0.0,0.0,1162,1223,5,576,False,0.125,5,15,0,3,3,3,1,2,0
268,0,2020-10-07T15:50:00Z,False,0,6/3/2022 0:00,?,0.0,0.0,0.0,0.0,133,436,1,1280,False,0.125,5,14,0,3,3,5,1,2,0
269,0,2020-10-07T12:30:00Z,False,0,1/31/2023 0:00,Fatal,1.0,0.0,0.0,1.0,308,1949,1,576,False,0.125,5,15,0,3,3,3,1,2,1
270,0,2020-10-07T08:00:00Z,False,0,7/15/2021 0:00,Minor,0.0,0.0,2.0,2.0,696,2194,1,1674,True,,5,15,0,3,3,5,1,2,0
271,0,2020-10-07T04:00:00Z,False,0,?,Serious,0.0,1.0,0.0,1.0,250,117,1,576,False,,0,0,15,1,0,4,0,3,0
272,0,2020-10-06T16:15:00Z,False,0,7/15/2021 0:00,?,0.0,0.0,0.0,0.0,1046,619,4,1909,False,0.0,0,15,0,3,3,5,1,2,0
273,0,2020-10-06T15:33:00Z,False,0,4/5/2023 0:00,Fatal,1.0,0.0,1.0,2.0,956,1815,1,1431,False,0.125,5,15,0,3,3,4,1,2,1
274,0,2020-10-06T15:30:00Z,False,0,10/5/2022 0:00,Minor,0.0,0.0,1.0,1.0,1305,2188,1,576,True,0.125,5,15,0,3,3,3,1,2,0
275,0,2020-10-06T08:20:00Z,False,0,7/7/2022 0:00,Fatal,2.0,0.0,0.0,2.0,1118,1714,1,374,True,0.125,5,15,0,3,3,6,1,2,1
276,0,2020-10-06T04:00:00Z,False,0,?,?,?,?,?,?,179,361,1,576,False,,0,0,12,4,0,9,0,3,0
277,0,2020-10-05T15:34:00Z,False,0,?,Fatal,2.0,0.0,0.0,2.0,79,2,1,576,False,,0,0,15,1,0,6,0,3,1
278,0,2020-10-05T14:55:00Z,False,0,8/24/2021 0:00,Minor,0.0,0.0,2.0,2.0,254,452,1,322,False,0.125,5,15,0,3,3,5,1,2,0
279,0,2020-10-05T13:04:00Z,False,0,12/14/2022 0:00,Fatal,2.0,0.0,0.0,2.0,157,1840,1,2641,False,0.125,5,15,0,3,3,3,1,2,1
280,0,2020-10-05T12:20:00Z,False,0,8/20/2021 0:00,?,0.0,0.0,0.0,0.0,166,78,1,498,False,,5,15,0,3,3,6,1,2,0
281,0,2020-10-05T08:10:00Z,False,0,8/26/2021 0:00,?,0.0,0.0,0.0,0.0,19,429,1,2608,False,0.125,5,13,0,3,3,10,1,2,0
282,0,2020-10-04T19:15:00Z,False,0,8/24/2021 0:00,?,0.0,0.0,0.0,0.0,250,32,1,317,False,0.125,5,15,0,3,3,5,1,2,0
283,1,2020-10-04T15:50:00Z,False,0,?,?,?,?,?,?,45,518,1,576,False,0.25,0,0,12,3,0,11,0,3,0
284,0,2020-10-04T15:05:00Z,False,0,5/19/2022 0:00,Fatal,1.0,2.0,0.0,3.0,250,97,1,576,False,0.125,5,15,0,3,3,5,1,2,1
285,0,2020-10-04T12:30:00Z,False,0,6/17/2021 0:00,Minor,0.0,0.0,1.0,1.0,896,1660,1,1254,False,0.125,5,15,0,3,3,9,1,2,0
286,0,2020-10-04T12:15:00Z,False,0,11/1/2022 0:00,?,0.0,0.0,0.0,0.0,250,2096,1,576,False,0.125,5,15,0,3,3,3,1,2,0
287,0,2020-10-04T11:50:00Z,False,0,7/7/2022 0:00,Serious,0.0,2.0,0.0,2.0,250,156,1,576,False,0.125,5,15,0,1,3,3,1,2,0
288,0,2020-10-04T10:30:00Z,False,0,8/31/2021 0:00,?,0.0,0.0,0.0,0.0,454,1797,11,1571,False,,5,15,0,3,3,5,1,2,0
289,0,2020-10-04T09:35:00Z,False,0,1/31/2023 0:00,Fatal,1.0,0.0,0.0,1.0,454,1796,1,1354,False,0.125,5,15,0,3,3,4,1,2,1
290,0,2020-10-03T19:13:00Z,False,0,7/15/2021 0:00,?,0.0,0.0,0.0,0.0,315,2206,1,2089,True,0.125,5,15,0,3,3,5,1,2,0
291,0,2020-10-03T18:05:00Z,False,0,8/24/2021 0:00,?,0.0,0.0,0.0,0.0,250,60,1,14,False,0.125,5,13,0,3,3,5,1,2,0
292,0,2020-10-03T16:00:00Z,False,0,9/7/2022 0:00,?,0.0,0.0,0.0,0.0,455,1713,1,576,True,0.125,5,15,0,3,3,4,1,2,0
293,0,2020-10-03T14:15:00Z,False,0,5/19/2022 0:00,?,0.0,0.0,0.0,0.0,250,97,1,879,False,0.125,5,15,0,3,3,1,1,2,0
294,0,2020-10-03T13:15:00Z,False,0,7/15/2021 0:00,Minor,0.0,0.0,1.0,1.0,157,175,1,474,False,0.125,5,15,0,3,3,5,1,2,0
295,1,2020-10-03T06:30:00Z,False,0,?,?,0.0,0.0,0.0,0.0,179,426,1,1072,False,,0,0,12,4,0,4,0,3,0
296,1,2020-10-03T06:00:00Z,False,0,?,?,?,?,?,?,93,664,1,576,False,,0,0,12,0,0,1,0,3,0
297,0,2020-10-02T15:12:00Z,False,0,5/6/2022 0:00,Serious,0.0,2.0,0.0,2.0,896,1677,1,159,False,0.125,8,15,0,3,3,10,1,2,0
298,0,2020-10-02T11:44:00Z,False,0,8/19/2022 0:00,Fatal,2.0,0.0,0.0,2.0,1097,2075,1,576,False,0.125,8,15,0,1,3,3,1,2,1
299,0,2020-10-02T11:30:00Z,False,0,5/19/2022 0:00,?,0.0,0.0,0.0,0.0,250,87,1,576,False,0.125,5,15,0,3,3,6,1,2,0
300,0,2020-10-02T10:35:00Z,False,0,7/15/2021 0:00,?,0.0,0.0,0.0,0.0,811,1386,1,647,False,,5,15,0,3,3,5,1,2,0
301,0,2020-10-02T07:30:00Z,False,0,8/24/2021 0:00,?,0.0,0.0,0.0,0.0,39,654,1,559,False,0.125,8,1,9,3,3,6,1,2,0
302,0,2020-10-02T06:36:00Z,False,0,?,Minor,0.0,0.0,1.0,1.0,39,655,1,576,False,,0,0,9,1,0,6,0,3,0
303,1,2020-10-02T04:00:00Z,False,0,?,?,0.0,0.0,0.0,0.0,179,424,1,576,False,,0,0,12,4,0,3,0,3,0
304,0,2020-10-01T20:04:00Z,False,0,10/19/2022 0:00,Minor,0.0,0.0,2.0,2.0,157,732,1,576,False,0.125,5,15,0,3,3,3,1,2,0
305,0,2020-10-01T15:00:00Z,False,0,9/16/2022 0:00,?,0.0,0.0,0.0,0.0,1317,833,1,774,True,0.125,5,11,0,3,3,1,1,2,0
306,1,2020-10-01T13:48:00Z,False,0,?,?,?,?,?,?,45,527,1,576,False,,0,0,12,0,0,3,0,3,0
307,0,2020-10-01T11:15:00Z,False,0,6/3/2022 0:00,?,0.0,0.0,0.0,0.0,478,960,1,2802,False,0.125,5,15,0,3,3,3,1,2,0
308,0,2020-09-30T19:40:00Z,False,0,5/6/2022 0:00,?,0.0,0.0,0.0,0.0,250,87,1,451,False,0.125,5,15,0,3,3,5,1,2,0
309,0,2020-09-30T19:00:00Z,False,0,7/19/2022 0:00,Serious,0.0,1.0,0.0,1.0,179,416,1,576,False,0.25,6,0,4,0,2,3,1,2,0
310,0,2020-09-30T11:30:00Z,False,0,9/16/2021 0:00,?,0.0,0.0,0.0,0.0,896,1660,1,2135,False,0.125,5,15,0,3,3,5,1,2,0
311,0,2020-09-30T10:40:00Z,False,0,6/24/2021 0:00,?,0.0,0.0,0.0,0.0,166,439,1,361,False,0.125,5,15,0,3,3,5,1,2,0
312,0,2020-09-29T22:50:00Z,False,0,8/24/2021 0:00,?,0.0,0.0,0.0,0.0,250,60,1,1599,False,0.125,5,13,0,3,3,10,1,2,0
313,0,2020-09-29T18:40:00Z,False,0,9/29/2021 0:00,?,0.0,0.0,0.0,0.0,250,60,1,2367,False,0.125,5,15,0,3,3,10,1,2,0
314,0,2020-09-29T14:00:00Z,False,0,10/19/2022 0:00,Minor,0.0,0.0,1.0,1.0,250,72,1,1000,False,0.125,5,13,0,3,3,4,1,2,0
315,0,2020-09-29T13:50:00Z,False,0,8/24/2021 0:00,?,0.0,0.0,0.0,0.0,1046,619,4,10,False,0.0,0,15,0,3,3,5,1,2,0
316,0,2020-09-28T18:00:00Z,False,0,11/4/2022 0:00,?,0.0,0.0,0.0,0.0,1179,1537,1,576,False,0.125,5,13,0,3,3,3,1,2,0
317,1,2020-09-28T16:30:00Z,False,0,4/26/2022 0:00,?,0.0,0.0,0.0,0.0,1219,1836,1,576,False,0.125,9,1,9,2,3,6,1,2,0
318,0,2020-09-28T13:52:00Z,False,0,7/6/2023 0:00,Serious,0.0,2.0,1.0,3.0,157,536,1,2382,False,0.125,5,15,0,3,3,1,1,2,0
319,0,2020-09-28T10:20:00Z,False,0,?,Fatal,3.0,0.0,0.0,3.0,269,1959,1,1768,False,0.125,0,15,13,1,0,1,0,3,1
320,0,2020-09-27T09:00:00Z,False,0,6/3/2022 0:00,Serious,0.0,1.0,0.0,1.0,896,1660,1,250,False,0.125,5,15,0,1,1,6,1,2,0
321,0,2020-09-27T07:03:00Z,False,0,11/4/2022 0:00,Fatal,1.0,0.0,0.0,1.0,250,2033,1,2417,False,0.125,5,15,0,1,3,3,1,2,1
322,0,2020-09-26T09:45:00Z,False,0,6/24/2021 0:00,?,0.0,0.0,0.0,0.0,250,28,1,2850,False,0.125,5,15,0,3,3,10,1,2,0
323,0,2020-09-26T04:00:00Z,False,0,?,?,0.0,0.0,0.0,0.0,250,91,1,576,False,0.125,0,0,13,3,0,5,0,3,0
324,0,2020-09-25T19:45:00Z,False,0,8/20/2021 0:00,?,0.0,0.0,0.0,0.0,896,1669,1,2561,False,0.125,5,15,0,3,3,5,1,2,0
325,0,2020-09-25T17:30:00Z,False,0,9/22/2021 0:00,?,0.0,0.0,0.0,0.0,931,1679,1,2362,False,0.125,9,13,0,3,3,6,1,2,0
326,0,2020-09-25T16:31:00Z,False,0,6/17/2021 0:00,?,0.0,0.0,0.0,0.0,716,176,1,2546,True,0.125,5,15,0,3,3,5,1,2,0
327,0,2020-09-25T12:38:00Z,False,0,8/20/2021 0:00,?,0.0,0.0,0.0,0.0,250,2041,1,2113,False,0.125,5,15,0,3,3,1,1,2,0
328,1,2020-09-25T12:15:00Z,False,0,?,?,0.0,0.0,0.0,0.0,1078,1854,6,1105,False,0.25,0,6,12,0,2,3,0,3,0
329,0,2020-09-24T20:30:00Z,False,0,?,?,?,?,?,?,250,97,1,576,False,,0,0,13,4,0,6,0,3,0
330,0,2020-09-24T19:18:00Z,False,0,5/6/2022 0:00,Serious,0.0,1.0,2.0,3.0,1212,77,1,1606,True,0.125,5,13,0,1,3,1,1,2,0
331,0,2020-09-24T16:00:00Z,False,0,7/7/2022 0:00,Serious,0.0,1.0,1.0,2.0,533,196,1,2034,False,0.125,5,13,0,3,3,4,1,2,0
332,0,2020-09-24T14:30:00Z,False,0,5/6/2022 0:00,Serious,0.0,1.0,0.0,1.0,711,2008,1,576,True,0.125,5,15,0,3,3,10,1,2,0
333,0,2020-09-24T13:50:00Z,False,0,6/24/2021 0:00,?,0.0,0.0,0.0,0.0,157,2145,1,576,False,0.125,5,15,0,3,3,3,1,2,0
334,0,2020-09-24T11:05:00Z,False,0,5/6/2022 0:00,Fatal,2.0,0.0,0.0,2.0,946,1469,1,1450,False,0.125,5,15,0,3,3,6,1,2,1
335,0,2020-09-23T19:30:00Z,False,0,6/15/2021 0:00,Minor,0.0,0.0,1.0,1.0,250,60,1,2298,False,0.125,5,15,0,3,3,1,1,2,0
336,1,2020-09-23T17:16:00Z,False,0,?,?,?,?,?,?,250,155,1,576,False,,0,0,12,4,0,0,0,3,0
337,0,2020-09-23T11:45:00Z,False,0,10/5/2022 0:00,?,0.0,0.0,0.0,0.0,556,127,1,1351,True,0.125,5,15,0,3,3,1,1,2,0
338,0,2020-09-23T11:31:00Z,False,0,9/22/2021 0:00,?,0.0,0.0,0.0,0.0,19,429,1,576,False,0.125,5,15,0,3,3,3,1,2,0
339,0,2020-09-23T07:50:00Z,False,0,6/28/2022 0:00,Fatal,1.0,0.0,0.0,1.0,931,1659,1,1456,False,0.125,5,1,9,1,3,6,1,2,1
340,0,2020-09-22T19:00:00Z,False,0,4/18/2022 0:00,?,0.0,0.0,0.0,0.0,250,59,1,576,False,0.125,5,15,0,3,3,5,1,2,0
341,0,2020-09-22T18:30:00Z,False,0,7/19/2022 0:00,Fatal,1.0,0.0,0.0,1.0,39,650,1,576,False,0.125,8,10,14,3,3,6,1,2,1
342,0,2020-09-22T17:12:00Z,False,0,9/21/2022 0:00,Fatal,1.0,0.0,0.0,1.0,320,97,1,576,False,0.125,5,15,0,3,3,6,1,2,1
343,0,2020-09-22T15:30:00Z,False,0,6/28/2022 0:00,?,0.0,0.0,0.0,0.0,144,1832,1,576,False,0.125,8,1,9,3,3,6,1,2,0
344,0,2020-09-22T13:24:00Z,False,0,8/20/2021 0:00,?,0.0,0.0,0.0,0.0,781,239,6,324,False,0.125,9,15,0,3,3,5,1,2,0
345,0,2020-09-22T12:18:00Z,False,0,8/24/2021 0:00,?,0.0,0.0,0.0,0.0,250,57,1,2289,False,0.125,5,15,0,3,3,5,1,2,0
346,0,2020-09-22T11:40:00Z,False,0,8/20/2021 0:00,?,0.0,0.0,0.0,0.0,931,1540,1,2236,False,0.125,5,15,0,3,3,5,1,2,0
347,0,2020-09-22T11:00:00Z,False,0,7/15/2021 0:00,?,0.0,0.0,0.0,0.0,250,97,1,2716,False,,0,15,0,3,3,5,1,2,0
348,0,2020-09-22T07:44:00Z,False,0,?,Fatal,1.0,0.0,0.0,1.0,250,60,1,576,False,,0,0,13,1,0,10,0,3,1
349,0,2020-09-21T19:49:00Z,False,0,6/28/2022 0:00,Serious,0.0,1.0,1.0,2.0,1166,984,1,2438,False,0.125,5,15,0,1,3,3,1,2,0
350,0,2020-09-21T16:00:00Z,False,0,6/24/2021 0:00,Minor,0.0,0.0,1.0,1.0,451,1058,1,30,False,0.125,5,15,0,3,3,4,1,2,0
351,0,2020-09-21T14:50:00Z,False,0,8/20/2021 0:00,?,0.0,0.0,0.0,0.0,320,76,1,1729,False,0.125,5,13,0,3,3,3,1,2,0
352,0,2020-09-21T14:37:00Z,False,0,9/23/2022 0:00,Fatal,1.0,0.0,0.0,1.0,1258,1763,1,576,True,0.125,0,15,0,1,3,3,1,2,1
353,0,2020-09-21T14:05:00Z,False,0,4/18/2022 0:00,?,0.0,0.0,0.0,0.0,320,97,1,2212,False,0.125,5,15,0,3,3,5,1,2,0
354,0,2020-09-21T13:00:00Z,False,0,6/28/2022 0:00,Serious,0.0,1.0,0.0,1.0,946,1461,1,576,True,0.125,5,15,0,3,3,6,1,2,0
355,0,2020-09-21T11:25:00Z,False,0,10/5/2022 0:00,?,0.0,0.0,0.0,0.0,1028,1832,1,576,False,0.125,5,16,0,3,3,3,1,2,0
356,0,2020-09-21T04:00:00Z,False,0,?,Minor,0.0,0.0,2.0,2.0,896,1672,1,1079,False,,0,0,13,3,0,5,0,3,0
357,0,2020-09-20T20:47:00Z,False,0,6/28/2022 0:00,Serious,0.0,1.0,1.0,2.0,931,1663,1,679,False,0.125,5,15,0,3,3,3,1,2,0
358,0,2020-09-20T14:00:00Z,False,0,8/24/2021 0:00,?,0.0,0.0,0.0,0.0,157,694,1,1743,False,0.125,5,15,0,3,3,5,1,2,0
359,0,2020-09-20T13:00:00Z,False,0,6/24/2021 0:00,?,0.0,0.0,0.0,0.0,320,57,1,533,False,0.125,5,15,0,3,3,5,1,2,0
360,0,2020-09-20T11:45:00Z,False,0,6/28/2022 0:00,?,0.0,0.0,0.0,0.0,1317,824,1,576,True,,5,15,0,3,3,3,1,2,0
361,0,2020-09-20T10:57:00Z,False,0,6/28/2022 0:00,Fatal,3.0,1.0,0.0,4.0,931,1668,1,521,False,0.125,5,15,0,1,3,1,1,2,1
362,0,2020-09-20T10:50:00Z,False,0,8/19/2022 0:00,Fatal,4.0,0.0,0.0,4.0,896,1677,1,66,False,0.125,8,15,0,3,3,3,1,2,1
363,0,2020-09-20T10:05:00Z,False,0,?,Fatal,1.0,0.0,0.0,1.0,935,1819,1,576,True,0.125,0,0,13,1,0,6,0,3,1
364,0,2020-09-19T20:00:00Z,False,0,8/24/2021 0:00,?,0.0,0.0,0.0,0.0,121,628,1,691,False,0.125,8,1,9,1,3,10,1,2,0
365,0,2020-09-19T19:25:00Z,False,0,2/3/2023 0:00,Serious,0.0,2.0,1.0,3.0,861,699,1,576,False,0.25,5,15,0,3,3,3,1,2,0
366,0,2020-09-19T18:45:00Z,False,0,6/21/2022 0:00,Fatal,0.0,1.0,0.0,1.0,292,1688,11,2298,True,0.125,5,15,0,3,3,11,1,2,1
367,0,2020-09-19T13:56:00Z,False,0,6/28/2022 0:00,Fatal,1.0,0.0,0.0,1.0,1140,1799,6,2298,True,0.125,5,15,0,1,3,6,1,2,1
368,0,2020-09-19T12:27:00Z,False,0,?,Minor,0.0,0.0,1.0,1.0,893,1691,4,364,False,,0,15,0,3,3,4,1,2,0
369,0,2020-09-19T11:42:00Z,False,0,9/21/2022 0:00,?,0.0,0.0,0.0,0.0,931,1666,1,1248,False,0.25,5,6,8,3,3,1,1,2,0
370,0,2020-09-19T09:30:00Z,False,0,7/19/2022 0:00,Serious,0.0,1.0,0.0,1.0,1241,1779,1,2087,True,0.125,5,15,0,3,3,4,1,2,0
371,0,2020-09-19T06:38:00Z,False,0,6/21/2022 0:00,Fatal,2.0,0.0,0.0,2.0,1258,1787,1,2884,True,0.125,5,15,0,1,3,1,1,2,1
372,0,2020-09-19T06:35:00Z,False,0,?,?,0.0,0.0,0.0,0.0,993,1725,6,576,False,,0,0,12,3,2,6,0,3,0
373,1,2020-09-19T05:00:00Z,False,0,?,?,?,?,?,?,250,156,1,576,False,,0,0,6,4,0,5,0,3,0
374,0,2020-09-19T04:00:00Z,False,0,?,Fatal,2.0,0.0,0.0,2.0,958,1743,1,576,True,,0,0,13,1,0,6,0,3,1
375,1,2020-09-19T01:31:00Z,False,0,?,?,?,?,?,?,182,856,1,576,False,,0,0,13,0,0,3,0,3,0
376,0,2020-09-18T21:27:00Z,False,0,8/20/2021 0:00,?,0.0,0.0,0.0,0.0,931,1660,1,445,False,0.125,5,15,0,3,3,5,1,2,0
377,0,2020-09-18T13:33:00Z,False,0,6/24/2021 0:00,?,0.0,0.0,0.0,0.0,320,97,1,1398,False,0.125,5,15,0,3,3,10,1,2,0
378,0,2020-09-18T10:43:00Z,False,0,?,?,0.0,0.0,0.0,0.0,304,811,1,576,True,0.125,5,15,0,3,3,10,1,2,0
379,0,2020-09-18T09:00:00Z,False,0,9/16/2021 0:00,Serious,0.0,2.0,0.0,2.0,1236,1489,2,576,False,,0,3,0,0,3,5,1,2,0
380,0,2020-09-17T18:30:00Z,False,0,5/6/2021 0:00,Minor,0.0,0.0,1.0,1.0,320,1720,1,1940,False,0.125,5,15,0,3,3,10,1,2,0
381,0,2020-09-17T18:10:00Z,False,0,5/19/2022 0:00,?,0.0,0.0,0.0,0.0,320,86,1,576,False,0.125,5,15,0,3,3,3,1,2,0
382,0,2020-09-17T12:54:00Z,False,0,9/21/2022 0:00,Minor,0.0,0.0,1.0,1.0,1123,6,1,2089,False,0.125,5,13,0,3,3,3,1,2,0
383,0,2020-09-16T17:35:00Z,False,0,?,Fatal,2.0,0.0,0.0,2.0,250,2102,1,576,False,0.125,0,0,12,1,0,13,0,3,1
384,0,2020-09-16T14:00:00Z,False,0,10/19/2021 0:00,?,0.0,0.0,0.0,0.0,931,1648,1,576,False,0.125,5,15,0,3,3,5,1,2,0
385,0,2020-09-16T13:40:00Z,False,0,6/24/2021 0:00,Minor,0.0,0.0,1.0,1.0,931,1677,1,1495,False,0.125,5,13,0,3,3,1,1,2,0
386,0,2020-09-16T12:53:00Z,False,0,6/21/2022 0:00,?,0.0,0.0,0.0,0.0,1317,824,1,576,True,0.125,5,15,0,3,3,1,1,2,0
387,0,2020-09-15T16:53:00Z,False,0,8/20/2021 0:00,?,0.0,0.0,0.0,0.0,215,267,6,601,False,0.125,9,13,0,3,3,5,1,2,0
388,0,2020-09-15T14:20:00Z,False,0,2/2/2021 0:00,?,0.0,0.0,0.0,0.0,931,1677,1,647,False,0.125,5,15,0,3,3,5,1,2,0
389,0,2020-09-14T19:30:00Z,False,0,7/15/2021 0:00,?,0.0,0.0,0.0,0.0,928,1682,1,576,False,0.125,8,15,0,3,3,10,1,2,0
390,0,2020-09-13T16:32:00Z,False,0,4/18/2022 0:00,Minor,0.0,0.0,1.0,1.0,931,1655,1,1373,False,0.125,5,15,0,3,3,4,1,2,0
391,0,2020-09-13T16:32:00Z,False,0,?,Fatal,2.0,0.0,0.0,2.0,956,1844,1,576,False,,0,0,13,1,0,3,0,0,1
392,0,2020-09-13T15:35:00Z,False,0,8/26/2021 0:00,Minor,0.0,0.0,1.0,1.0,320,60,1,1854,False,0.125,5,13,0,3,3,5,1,2,0
393,0,2020-09-13T14:32:00Z,False,0,5/6/2022 0:00,Fatal,3.0,0.0,0.0,3.0,320,60,1,2482,False,0.125,5,15,0,1,3,13,1,2,1
394,0,2020-09-13T13:45:00Z,False,0,10/19/2021 0:00,?,0.0,0.0,0.0,0.0,320,57,1,576,False,0.125,5,15,0,3,3,10,1,2,0
395,0,2020-09-13T12:15:00Z,False,0,8/31/2022 0:00,Fatal,2.0,0.0,0.0,2.0,1258,1787,1,2089,True,0.125,5,15,0,1,1,1,1,2,1
396,0,2020-09-13T11:00:00Z,False,0,6/21/2022 0:00,Fatal,2.0,0.0,0.0,2.0,324,452,1,195,False,0.125,0,15,0,3,3,6,1,2,1
397,0,2020-09-13T10:30:00Z,False,0,8/20/2021 0:00,Minor,0.0,0.0,2.0,2.0,250,60,1,576,False,0.125,5,15,0,3,3,6,1,2,0
398,0,2020-09-12T21:52:00Z,False,0,10/12/2022 0:00,Fatal,2.0,1.0,0.0,3.0,320,60,1,165,False,0.125,5,15,0,3,1,1,1,2,1
399,0,2020-09-12T11:43:00Z,False,0,6/28/2022 0:00,Serious,0.0,1.0,0.0,1.0,931,1553,1,1533,False,0.25,5,15,0,3,3,1,1,2,0
400,1,2020-09-12T04:00:00Z,False,0,?,?,?,?,?,?,179,356,1,1676,False,,0,0,6,2,0,11,0,3,0
401,0,2020-09-11T20:43:00Z,False,0,2/8/2022 0:00,?,0.0,0.0,0.0,0.0,896,1665,1,606,False,0.25,5,15,0,3,3,5,1,2,0
402,0,2020-09-11T19:15:00Z,False,0,10/19/2021 0:00,?,0.0,0.0,0.0,0.0,931,1648,1,576,False,0.125,5,15,0,3,3,10,1,2,0
403,0,2020-09-11T16:00:00Z,False,0,8/20/2021 0:00,?,0.0,0.0,0.0,0.0,338,812,1,2720,False,0.125,5,15,0,3,3,5,1,2,0
404,0,2020-09-11T15:00:00Z,False,0,6/7/2022 0:00,Fatal,2.0,0.0,0.0,2.0,849,689,1,2779,False,0.125,5,15,0,1,3,4,1,2,1
405,0,2020-09-11T14:00:00Z,False,0,8/20/2021 0:00,Minor,0.0,0.0,1.0,1.0,324,451,1,351,False,0.125,5,15,0,3,3,1,1,2,0
406,0,2020-09-11T09:30:00Z,False,0,9/21/2022 0:00,Minor,0.0,0.0,2.0,2.0,1258,1780,1,576,True,0.125,5,15,0,3,3,6,1,2,0
407,0,2020-09-11T09:00:00Z,False,0,8/31/2021 0:00,?,0.0,0.0,0.0,0.0,404,918,1,1227,False,0.125,5,13,0,3,3,5,1,2,0
408,0,2020-09-11T02:52:00Z,False,0,10/5/2022 0:00,Fatal,1.0,0.0,0.0,1.0,212,536,1,1936,False,0.125,5,15,0,3,3,3,1,2,1
409,0,2020-09-10T19:00:00Z,False,0,8/20/2021 0:00,?,0.0,0.0,0.0,0.0,174,846,1,532,False,0.125,5,15,0,3,3,1,1,2,0
410,0,2020-09-10T16:00:00Z,False,0,10/5/2022 0:00,Fatal,1.0,0.0,0.0,1.0,942,840,1,2660,False,0.125,5,15,0,3,3,4,1,2,1
411,0,2020-09-10T15:15:00Z,False,0,?,?,0.0,0.0,0.0,0.0,614,1190,1,576,False,0.125,5,0,8,3,3,10,1,2,0
412,0,2020-09-10T14:30:00Z,False,0,6/24/2021 0:00,?,0.0,0.0,0.0,0.0,896,1659,1,576,False,0.125,5,5,0,3,3,3,1,2,0
413,1,2020-09-10T14:00:00Z,False,0,?,?,0.0,0.0,0.0,0.0,166,452,1,576,False,,0,0,12,0,0,3,0,3,0
414,1,2020-09-10T14:00:00Z,False,0,?,?,0.0,0.0,0.0,0.0,254,452,1,576,False,,0,0,13,0,0,9,0,3,0
415,0,2020-09-10T12:43:00Z,False,0,10/5/2022 0:00,Fatal,1.0,0.0,0.0,1.0,1323,838,1,576,True,0.125,5,15,0,3,2,3,1,2,1
416,1,2020-09-10T10:10:00Z,False,0,?,?,0.0,0.0,0.0,0.0,896,1663,1,576,False,,0,0,13,2,0,10,0,0,0
417,0,2020-09-10T10:00:00Z,False,0,6/24/2021 0:00,?,0.0,0.0,0.0,0.0,1033,1046,6,2298,True,0.125,5,15,0,3,3,10,1,2,0
418,1,2020-09-10T04:00:00Z,False,0,?,?,0.0,0.0,0.0,0.0,182,857,1,576,False,,0,0,12,2,0,10,0,3,0
419,0,2020-09-09T11:00:00Z,False,0,6/24/2021 0:00,Serious,0.0,1.0,0.0,1.0,160,142,6,2829,False,0.125,9,8,7,1,3,6,1,2,0
420,0,2020-09-09T09:35:00Z,False,0,1/25/2023 0:00,?,0.0,0.0,0.0,0.0,842,1390,1,2089,False,0.125,5,15,0,3,3,3,1,2,0
421,1,2020-09-08T22:30:00Z,False,0,?,?,0.0,0.0,0.0,?,179,356,1,576,False,,0,0,12,0,0,5,0,0,0
422,0,2020-09-08T14:15:00Z,False,0,8/31/2021 0:00,?,0.0,0.0,0.0,0.0,320,45,1,2396,False,0.125,5,13,0,3,3,5,1,2,0
423,0,2020-09-08T13:00:00Z,False,0,?,?,0.0,0.0,0.0,0.0,320,97,1,83,False,0.125,5,15,0,3,3,5,1,2,0
424,0,2020-09-08T11:30:00Z,False,0,12/14/2021 0:00,Fatal,3.0,0.0,0.0,3.0,931,1660,1,2354,False,0.125,5,15,0,3,3,2,1,2,1
425,0,2020-09-07T15:42:00Z,False,0,6/24/2021 0:00,?,0.0,0.0,0.0,0.0,320,60,1,1451,False,0.125,5,13,0,3,3,5,1,2,0
426,0,2020-09-07T13:00:00Z,False,0,8/24/2021 0:00,?,0.0,0.0,0.0,0.0,320,154,1,154,False,0.125,8,14,8,3,3,5,1,2,0
427,0,2020-09-07T12:47:00Z,False,0,6/3/2022 0:00,Serious,0.0,2.0,1.0,3.0,212,229,1,249,False,0.125,0,15,0,3,3,3,1,2,0
428,0,2020-09-07T12:40:00Z,False,0,8/31/2021 0:00,Minor,0.0,0.0,3.0,3.0,320,60,1,237,False,0.125,5,15,0,3,3,5,1,2,0
429,0,2020-09-07T09:30:00Z,False,0,2/2/2021 0:00,?,0.0,0.0,0.0,0.0,834,1467,1,576,False,,5,15,0,3,3,5,1,2,0
430,0,2020-09-07T08:10:00Z,False,0,4/18/2022 0:00,?,0.0,0.0,0.0,0.0,931,1670,1,1138,False,,5,15,0,3,3,3,1,2,0
431,0,2020-09-06T20:56:00Z,False,0,8/20/2021 0:00,Minor,0.0,0.0,1.0,1.0,320,97,1,883,False,0.125,5,15,0,3,3,2,1,2,0
432,0,2020-09-06T09:05:00Z,False,0,4/18/2022 0:00,?,0.0,0.0,0.0,0.0,433,598,6,576,False,0.125,9,16,0,3,3,3,1,2,0
433,0,2020-09-06T09:00:00Z,False,0,6/28/2022 0:00,?,0.0,0.0,0.0,0.0,1025,1721,6,1223,False,0.125,5,13,0,3,3,10,1,2,0
434,0,2020-09-05T18:50:00Z,False,0,9/21/2022 0:00,?,0.0,0.0,0.0,0.0,132,546,1,818,False,0.125,5,13,0,3,3,1,1,2,0
435,0,2020-09-05T16:00:00Z,False,0,?,?,0.0,0.0,0.0,0.0,1325,835,1,156,True,0.125,5,15,0,3,3,10,1,2,0
436,0,2020-09-05T14:30:00Z,False,0,6/3/2022 0:00,Minor,0.0,0.0,2.0,2.0,1166,545,1,1670,False,0.125,5,15,0,3,3,4,1,2,0
437,0,2020-09-05T14:00:00Z,False,0,6/21/2022 0:00,Serious,0.0,2.0,0.0,2.0,931,1661,1,576,False,0.125,5,15,0,3,3,3,1,2,0
438,0,2020-09-04T20:55:00Z,False,0,6/28/2022 0:00,Fatal,4.0,0.0,0.0,4.0,328,1959,1,576,False,0.125,5,15,0,1,1,3,1,2,1
439,0,2020-09-04T20:02:00Z,False,0,7/26/2023 0:00,?,0.0,0.0,0.0,0.0,1138,1862,1,2412,False,0.25,8,0,8,3,3,5,1,2,0
440,0,2020-09-04T18:35:00Z,False,0,8/20/2021 0:00,?,0.0,0.0,0.0,0.0,320,491,1,588,False,0.125,5,15,0,3,3,5,1,2,0
441,0,2020-09-04T11:48:00Z,False,0,7/19/2022 0:00,Fatal,2.0,0.0,0.0,2.0,212,229,1,576,False,0.125,5,15,0,1,1,3,1,2,1
442,0,2020-09-03T20:50:00Z,False,0,8/26/2021 0:00,Minor,0.0,0.0,1.0,1.0,896,1637,1,576,False,0.125,0,15,0,3,3,3,1,2,0
443,0,2020-09-03T15:30:00Z,False,0,5/6/2021 0:00,?,0.0,0.0,0.0,0.0,322,202,1,576,False,0.125,5,15,0,3,3,5,1,2,0
444,0,2020-09-03T11:21:00Z,False,0,6/24/2021 0:00,Serious,0.0,1.0,0.0,1.0,320,57,1,2016,False,0.125,5,15,0,3,3,10,1,2,0
445,0,2020-09-03T08:46:00Z,False,0,6/24/2021 0:00,Serious,0.0,1.0,0.0,1.0,1190,1836,1,576,False,0.125,8,1,0,3,3,6,1,2,0
446,0,2020-09-03T07:15:00Z,False,0,6/3/2022 0:00,?,0.0,0.0,0.0,0.0,320,227,1,1604,False,0.25,5,15,0,3,3,3,1,2,0
447,0,2020-09-02T12:13:00Z,False,0,7/12/2022 0:00,Fatal,1.0,0.0,0.0,1.0,1224,1483,1,877,True,0.125,5,15,0,3,3,1,1,2,1
448,0,2020-09-01T20:07:00Z,False,0,10/12/2022 0:00,Fatal,1.0,0.0,0.0,1.0,896,1660,1,2867,False,0.125,5,15,0,3,3,3,1,2,1
449,0,2020-09-01T12:45:00Z,False,0,10/12/2022 0:00,Fatal,1.0,1.0,0.0,2.0,931,1658,1,576,False,0.125,5,15,0,3,3,4,1,2,1
450,0,2020-09-01T11:00:00Z,False,0,6/21/2022 0:00,?,0.0,0.0,0.0,0.0,1167,9,1,576,False,0.125,5,15,0,3,3,9,1,2,0
451,0,2020-08-31T19:00:00Z,False,0,6/28/2022 0:00,Fatal,1.0,0.0,0.0,1.0,931,1654,1,576,False,0.125,5,15,0,1,1,3,1,2,1
452,0,2020-08-30T22:00:00Z,False,0,8/24/2021 0:00,?,0.0,0.0,0.0,0.0,213,791,1,1228,False,0.25,8,0,8,3,3,5,1,2,0
453,0,2020-08-30T19:00:00Z,False,0,12/15/2021 0:00,Serious,0.0,1.0,0.0,1.0,931,1541,1,39,False,,5,15,0,3,3,1,1,2,0
454,0,2020-08-30T17:30:00Z,False,0,8/24/2021 0:00,?,0.0,0.0,0.0,0.0,896,1237,1,1402,False,0.125,5,15,0,3,3,11,1,2,0
455,0,2020-08-30T14:56:00Z,False,0,6/24/2021 0:00,?,0.0,0.0,0.0,0.0,320,97,1,1897,False,0.125,5,12,0,3,3,6,1,2,0
456,0,2020-08-30T14:12:00Z,False,0,?,Fatal,4.0,0.0,0.0,4.0,277,18,1,576,False,,0,0,13,1,0,4,0,0,1
457,0,2020-08-30T13:45:00Z,False,0,7/12/2022 0:00,Fatal,3.0,1.0,0.0,4.0,931,1658,1,834,False,0.125,5,15,0,3,3,10,1,2,1
458,0,2020-08-30T13:30:00Z,False,0,?,?,0.0,0.0,0.0,0.0,320,491,1,576,False,0.125,5,6,8,3,3,5,1,2,0
459,0,2020-08-30T12:00:00Z,False,0,7/12/2022 0:00,Minor,0.0,0.0,1.0,1.0,320,270,1,368,False,0.25,5,15,0,3,3,10,1,2,0
460,0,2020-08-29T12:20:00Z,False,0,6/24/2021 0:00,?,0.0,0.0,0.0,0.0,1317,833,1,2239,True,0.125,5,15,0,3,3,10,1,2,0
461,0,2020-08-29T04:00:00Z,False,0,?,?,0.0,0.0,0.0,0.0,179,356,1,576,False,,0,0,12,3,0,4,0,0,0
462,0,2020-08-29T01:23:00Z,False,0,6/7/2022 0:00,Fatal,1.0,0.0,0.0,1.0,328,1959,1,1864,False,0.125,5,15,0,1,1,1,1,2,1
463,0,2020-08-28T16:15:00Z,False,0,?,Fatal,1.0,0.0,0.0,1.0,157,229,1,576,False,,0,0,13,1,0,4,0,0,1
464,0,2020-08-28T15:50:00Z,False,0,6/24/2021 0:00,?,0.0,0.0,0.0,0.0,1179,1537,1,847,False,0.125,5,13,0,3,3,5,1,2,0
465,0,2020-08-28T11:55:00Z,False,0,?,?,0.0,0.0,0.0,0.0,220,404,1,576,False,0.25,0,0,4,3,0,5,0,3,0
466,0,2020-08-28T11:30:00Z,False,0,?,?,0.0,0.0,0.0,?,160,142,6,982,False,,0,0,13,1,0,13,0,0,0
467,0,2020-08-28T11:00:00Z,False,0,7/19/2022 0:00,Minor,0.0,0.0,1.0,1.0,320,2100,1,1593,False,0.125,5,21,0,3,3,1,1,2,0
468,0,2020-08-28T09:02:00Z,False,0,9/21/2022 0:00,Fatal,2.0,0.0,0.0,2.0,1028,298,1,576,False,0.25,5,13,0,1,3,3,1,2,1
469,0,2020-08-27T14:00:00Z,False,0,6/24/2021 0:00,Minor,0.0,0.0,2.0,2.0,1258,1780,1,962,True,0.125,5,15,0,3,3,6,1,2,0
470,0,2020-08-27T13:53:00Z,False,0,4/26/2023 0:00,Fatal,2.0,2.0,0.0,4.0,931,491,1,619,False,0.125,5,15,0,1,3,1,1,2,1
471,0,2020-08-27T12:25:00Z,False,0,9/7/2022 0:00,?,0.0,0.0,0.0,0.0,320,60,1,576,False,0.125,5,13,0,3,3,6,1,2,0
472,0,2020-08-27T11:54:00Z,False,0,10/5/2022 0:00,?,0.0,0.0,0.0,0.0,931,1663,1,2077,False,0.125,5,15,0,3,3,10,1,2,0
473,0,2020-08-27T11:15:00Z,False,0,8/31/2021 0:00,Minor,0.0,0.0,2.0,2.0,679,1876,1,877,True,0.125,5,13,0,3,3,5,1,2,0
474,0,2020-08-27T06:30:00Z,False,0,12/6/2022 0:00,Fatal,2.0,2.0,0.0,4.0,212,536,1,2118,False,,5,15,0,1,3,10,1,2,1
475,1,2020-08-26T21:14:00Z,False,0,?,?,0.0,0.0,0.0,0.0,391,929,1,576,False,,0,0,12,2,0,5,0,0,0
476,0,2020-08-26T20:20:00Z,False,0,?,Fatal,1.0,1.0,0.0,2.0,250,60,1,576,False,,5,0,12,3,0,5,0,0,1
477,0,2020-08-26T12:15:00Z,False,0,?,Fatal,2.0,0.0,0.0,2.0,1046,616,4,576,False,,0,0,13,3,0,13,0,3,1
478,0,2020-08-26T11:37:00Z,False,0,5/5/2021 0:00,Fatal,1.0,0.0,0.0,1.0,320,2041,1,1219,False,0.125,5,15,0,1,3,1,1,2,1
479,0,2020-08-26T09:00:00Z,False,0,?,Fatal,2.0,0.0,0.0,2.0,97,1080,1,576,False,,0,15,13,1,0,4,0,3,1
480,0,2020-08-26T08:20:00Z,False,0,7/19/2022 0:00,?,0.0,0.0,0.0,0.0,320,156,1,872,False,0.125,5,15,0,3,3,5,1,2,0
481,0,2020-08-25T07:15:00Z,False,0,5/6/2021 0:00,?,0.0,0.0,0.0,0.0,320,87,1,1432,False,0.125,5,15,0,3,3,10,1,2,0
482,0,2020-08-25T07:00:00Z,False,0,9/21/2022 0:00,Fatal,1.0,3.0,0.0,4.0,740,1321,1,2378,False,0.125,5,15,0,3,3,10,1,2,1
483,0,2020-08-25T07:00:00Z,False,0,9/29/2023 0:00,Minor,0.0,0.0,1.0,1.0,433,607,6,576,False,0.125,9,0,8,3,3,6,1,2,0
484,0,2020-08-24T18:00:00Z,False,0,4/26/2023 0:00,Fatal,1.0,0.0,0.0,1.0,709,1275,6,576,False,0.125,9,10,7,3,3,1,1,2,1
485,1,2020-08-24T17:25:00Z,False,0,?,?,0.0,0.0,0.0,?,220,356,1,576,False,0.25,0,0,4,0,0,3,0,0,0
486,0,2020-08-24T15:50:00Z,False,0,6/3/2022 0:00,?,0.0,0.0,0.0,0.0,563,1130,1,2136,False,0.125,5,1,9,3,3,10,1,2,0
487,1,2020-08-24T15:35:00Z,False,0,?,?,?,?,?,?,993,1725,6,576,False,,0,0,13,2,0,10,0,3,0
488,0,2020-08-24T14:54:00Z,False,0,8/20/2021 0:00,?,0.0,0.0,0.0,0.0,320,87,1,1740,False,0.125,5,15,0,3,3,5,1,2,0
489,0,2020-08-24T10:16:00Z,False,0,6/24/2021 0:00,?,0.0,0.0,0.0,0.0,212,313,1,749,False,0.25,5,13,0,3,3,5,1,2,0
490,0,2020-08-24T10:03:00Z,False,0,5/6/2021 0:00,?,0.0,0.0,0.0,0.0,865,1077,1,2371,False,0.25,7,6,0,3,3,5,1,2,0
491,0,2020-08-24T09:35:00Z,False,0,2/2/2021 0:00,?,0.0,0.0,0.0,0.0,320,1720,1,1833,False,0.125,5,3,0,3,3,3,1,2,0
492,0,2020-08-24T09:30:00Z,False,0,8/20/2021 0:00,?,0.0,0.0,0.0,0.0,320,45,1,1810,False,0.125,5,13,0,3,3,5,1,2,0
493,0,2020-08-23T19:30:00Z,False,0,8/24/2021 0:00,?,0.0,0.0,0.0,0.0,215,140,6,2270,False,0.125,9,0,8,3,3,5,1,2,0
494,0,2020-08-22T17:35:00Z,False,0,9/23/2022 0:00,?,0.0,0.0,0.0,0.0,114,20,1,576,False,0.125,5,15,0,3,3,3,1,2,0
495,0,2020-08-22T13:50:00Z,False,0,6/24/2021 0:00,?,0.0,0.0,0.0,0.0,1157,2069,1,330,False,,5,15,0,3,3,10,1,2,0
496,0,2020-08-22T11:51:00Z,False,0,6/3/2022 0:00,Serious,0.0,1.0,0.0,1.0,320,87,1,576,False,0.125,5,15,0,3,3,3,1,2,0
497,0,2020-08-22T10:00:00Z,False,0,8/24/2021 0:00,?,0.0,0.0,0.0,0.0,931,1648,1,2237,False,0.125,5,15,0,3,3,5,1,2,0
498,0,2020-08-22T10:00:00Z,False,0,?,?,0.0,0.0,0.0,0.0,931,1655,1,576,False,0.125,5,15,0,3,3,10,1,2,0
499,0,2020-08-21T19:45:00Z,False,0,1/5/2021 0:00,?,0.0,0.0,0.0,0.0,212,313,1,1146,False,0.25,5,15,0,3,3,5,1,2,0
500,0,2020-08-21T19:00:00Z,False,0,?,?,0.0,0.0,0.0,0.0,320,87,1,576,False,0.125,5,0,8,3,3,10,1,2,0
501,0,2020-08-21T14:30:00Z,False,0,6/7/2022 0:00,Fatal,1.0,0.0,0.0,1.0,121,658,1,576,False,0.125,8,1,9,3,3,6,1,2,1
502,0,2020-08-21T10:15:00Z,False,0,8/31/2021 0:00,?,0.0,0.0,0.0,0.0,931,1660,1,902,False,0.125,5,13,0,3,3,10,1,2,0
503,1,2020-08-21T04:00:00Z,False,0,?,?,?,?,?,?,962,1201,1,1766,False,0.25,0,0,13,0,0,3,0,3,0
504,0,2020-08-20T23:06:00Z,False,0,6/28/2022 0:00,Fatal,1.0,0.0,0.0,1.0,741,1333,1,1097,True,0.125,5,15,0,1,1,3,1,2,1
505,0,2020-08-20T15:42:00Z,False,0,1/19/2023 0:00,Fatal,1.0,0.0,0.0,1.0,212,130,1,2333,False,0.25,8,16,0,1,3,10,1,2,1
506,0,2020-08-20T09:50:00Z,False,0,2/2/2021 0:00,?,0.0,0.0,0.0,0.0,320,97,1,2128,False,0.125,5,15,0,1,3,5,1,2,0
507,0,2020-08-20T09:00:00Z,False,0,6/14/2022 0:00,?,0.0,0.0,0.0,0.0,39,657,1,1996,False,0.125,8,1,9,3,3,1,1,2,0
508,0,2020-08-20T04:00:00Z,False,0,?,?,?,?,?,?,250,32,1,576,False,,0,0,13,3,0,3,0,3,0
509,0,2020-08-19T21:50:00Z,False,0,9/7/2022 0:00,?,0.0,0.0,0.0,0.0,404,910,1,1014,False,0.125,5,13,0,3,3,5,1,2,0
510,0,2020-08-19T18:16:00Z,False,0,2/2/2021 0:00,?,0.0,0.0,0.0,0.0,834,1397,1,2146,False,0.125,5,15,0,3,3,5,1,2,0
511,0,2020-08-19T12:15:00Z,False,0,9/7/2022 0:00,Minor,0.0,0.0,1.0,1.0,931,1668,1,2655,False,0.125,5,15,0,3,3,10,1,2,0
512,0,2020-08-19T12:00:00Z,False,0,?,Serious,0.0,1.0,3.0,4.0,250,1059,1,576,False,,0,0,13,3,0,10,0,3,0
513,0,2020-08-19T09:45:00Z,False,0,6/14/2023 0:00,Fatal,1.0,0.0,0.0,1.0,637,2132,6,576,False,0.125,9,10,14,1,3,6,1,2,1
514,0,2020-08-19T04:47:00Z,False,0,7/12/2023 0:00,Serious,0.0,1.0,0.0,1.0,220,404,1,1621,False,0.25,6,0,4,3,3,1,1,2,0
515,0,2020-08-18T23:30:00Z,False,0,2/8/2022 0:00,Fatal,0.0,1.0,0.0,1.0,320,32,1,576,False,0.125,5,22,15,3,3,13,1,2,1
516,0,2020-08-18T22:00:00Z,False,0,2/2/2021 0:00,Minor,0.0,0.0,1.0,1.0,324,451,1,1334,False,0.125,5,15,0,3,3,11,1,2,0
517,0,2020-08-18T20:05:00Z,False,0,9/7/2022 0:00,?,0.0,0.0,0.0,0.0,896,1601,1,816,False,0.125,5,13,0,3,3,11,1,2,0
518,0,2020-08-18T19:50:00Z,False,0,8/24/2021 0:00,?,0.0,0.0,0.0,0.0,842,1384,1,488,False,0.125,5,13,0,3,3,1,1,2,0
519,0,2020-08-18T13:10:00Z,False,0,6/24/2021 0:00,?,0.0,0.0,0.0,0.0,1178,1064,1,1255,True,0.125,5,15,0,3,3,5,1,2,0
520,0,2020-08-18T12:00:00Z,False,0,5/6/2021 0:00,?,0.0,0.0,0.0,0.0,320,60,1,999,False,0.125,5,13,0,3,3,5,1,2,0
521,0,2020-08-18T11:30:00Z,False,0,?,?,0.0,0.0,0.0,0.0,931,1547,1,2226,False,0.125,5,13,0,3,3,5,1,2,0
522,0,2020-08-18T11:00:00Z,False,0,4/5/2023 0:00,?,0.0,0.0,0.0,0.0,931,1673,1,2129,False,0.125,5,1,9,3,3,4,1,2,0
523,0,2020-08-18T10:00:00Z,False,0,2/2/2021 0:00,?,0.0,0.0,0.0,0.0,320,28,1,1139,False,0.125,5,15,0,3,3,10,1,2,0
524,0,2020-08-18T08:30:00Z,False,0,8/31/2021 0:00,Minor,0.0,0.0,2.0,1.0,563,1130,1,576,False,0.125,8,1,9,3,3,6,1,2,0
525,0,2020-08-17T22:36:00Z,False,0,9/21/2022 0:00,Minor,0.0,0.0,3.0,2.0,931,1672,1,1300,False,0.25,5,13,0,3,3,1,1,2,0
526,0,2020-08-17T18:00:00Z,False,0,2/2/2021 0:00,?,0.0,0.0,0.0,0.0,940,1888,1,576,True,,5,15,0,3,3,10,1,2,0
527,0,2020-08-17T17:15:00Z,False,0,6/3/2022 0:00,?,0.0,0.0,0.0,0.0,320,32,1,723,False,0.125,5,15,0,3,3,3,1,2,0
528,0,2020-08-17T09:00:00Z,False,0,1/29/2021 0:00,?,0.0,0.0,0.0,0.0,320,97,1,2413,False,0.125,5,14,0,3,2,5,1,2,0
529,0,2020-08-16T14:54:00Z,False,0,2/2/2021 0:00,Serious,0.0,2.0,0.0,2.0,453,1314,4,424,False,,0,15,0,3,3,9,1,2,0
530,0,2020-08-16T13:20:00Z,False,0,5/19/2022 0:00,Fatal,2.0,0.0,0.0,2.0,328,1959,1,1508,False,0.125,5,15,0,1,3,4,1,2,1
531,0,2020-08-16T13:00:00Z,False,0,6/3/2022 0:00,Serious,0.0,1.0,1.0,2.0,212,237,1,360,False,,5,15,0,3,3,10,1,2,0
532,0,2020-08-16T12:00:00Z,False,0,?,?,0.0,0.0,0.0,?,1025,1721,6,576,False,0.125,5,0,13,3,2,6,0,0,0
533,0,2020-08-16T09:00:00Z,False,0,8/26/2021 0:00,?,0.0,0.0,0.0,0.0,541,1130,1,2298,False,0.125,8,1,9,3,3,5,1,2,0
534,0,2020-08-16T08:00:00Z,False,0,5/6/2021 0:00,?,0.0,0.0,0.0,0.0,1037,1965,1,65,False,0.125,5,15,0,3,3,5,1,2,0
535,0,2020-08-15T20:00:00Z,False,0,2/2/2021 0:00,?,0.0,0.0,0.0,0.0,212,229,1,576,False,0.125,5,15,0,3,3,10,1,2,0
536,0,2020-08-15T15:30:00Z,False,0,6/21/2022 0:00,Minor,0.0,0.0,1.0,1.0,684,1251,1,2298,True,0.125,5,15,0,3,3,4,1,2,0
537,0,2020-08-15T13:40:00Z,False,0,8/19/2022 0:00,Fatal,2.0,0.0,0.0,2.0,931,1541,1,2589,False,0.125,5,15,0,3,3,10,1,2,1
538,0,2020-08-15T13:07:00Z,False,0,5/19/2022 0:00,Minor,0.0,0.0,2.0,2.0,931,1648,1,576,False,0.125,5,15,0,1,3,10,1,2,0
539,0,2020-08-15T11:50:00Z,False,0,6/14/2022 0:00,Minor,0.0,0.0,1.0,1.0,320,493,1,2481,False,0.125,5,15,0,3,3,10,1,2,0
540,0,2020-08-15T08:00:00Z,False,0,8/26/2021 0:00,Serious,0.0,1.0,0.0,1.0,117,1789,2,595,False,,0,15,0,0,3,5,1,2,0
541,0,2020-08-14T17:18:00Z,False,0,9/21/2022 0:00,Serious,0.0,0.0,1.0,1.0,740,1321,1,1147,False,0.125,5,15,0,3,3,5,1,2,0
542,0,2020-08-14T13:30:00Z,False,0,5/6/2021 0:00,?,0.0,0.0,0.0,0.0,1144,1905,4,576,False,,0,15,0,3,3,3,1,2,0
543,0,2020-08-14T12:35:00Z,False,0,5/19/2022 0:00,Minor,0.0,0.0,4.0,4.0,896,1660,1,1399,False,0.125,5,15,0,3,3,4,1,2,0
544,0,2020-08-14T11:43:00Z,False,0,3/22/2023 0:00,Minor,0.0,0.0,1.0,0.0,1149,687,1,110,True,0.125,5,15,0,3,3,3,1,2,0
545,0,2020-08-14T09:05:00Z,False,0,8/24/2021 0:00,Minor,0.0,0.0,1.0,1.0,1238,1798,1,576,True,0.125,5,15,0,3,3,6,1,2,0
546,0,2020-08-14T07:56:00Z,False,0,9/7/2022 0:00,Serious,0.0,2.0,0.0,2.0,344,1951,1,576,True,0.125,5,13,0,3,3,6,1,2,0
547,0,2020-08-13T17:45:00Z,False,0,7/12/2022 0:00,Minor,0.0,0.0,2.0,2.0,320,57,1,2089,False,0.125,5,15,0,3,3,4,1,2,0
548,0,2020-08-13T09:06:00Z,False,0,5/6/2021 0:00,Serious,0.0,1.0,0.0,1.0,320,97,1,1433,False,0.125,5,15,0,3,3,5,1,2,0
549,0,2020-08-12T08:00:00Z,False,0,5/6/2022 0:00,?,0.0,0.0,0.0,0.0,1167,6,1,1319,False,0.125,5,15,0,3,3,5,1,2,0
550,0,2020-08-11T21:00:00Z,False,0,?,?,0.0,0.0,0.0,0.0,882,1208,1,576,False,0.125,5,15,0,3,3,5,1,2,0
551,0,2020-08-11T19:31:00Z,False,0,8/20/2021 0:00,Serious,0.0,1.0,0.0,1.0,939,577,7,576,True,0.125,5,15,0,3,3,10,1,2,0
552,0,2020-08-11T17:20:00Z,False,0,8/31/2021 0:00,Serious,0.0,1.0,1.0,2.0,328,1959,1,576,False,0.125,5,15,0,0,3,3,1,2,0
553,0,2020-08-11T08:15:00Z,False,0,9/21/2022 0:00,?,0.0,0.0,0.0,0.0,1008,1451,5,1883,False,0.125,5,15,0,3,3,10,1,2,0
554,0,2020-08-10T18:30:00Z,False,0,5/6/2021 0:00,?,0.0,0.0,0.0,0.0,320,87,1,229,False,0.125,5,15,0,3,3,10,1,2,0
555,0,2020-08-10T13:18:00Z,False,0,8/24/2021 0:00,Serious,0.0,1.0,0.0,1.0,99,479,1,576,False,0.125,5,11,0,3,3,6,1,2,0
556,0,2020-08-10T13:00:00Z,False,0,6/24/2021 0:00,?,0.0,0.0,0.0,0.0,931,1668,1,2009,False,0.125,5,15,0,3,3,5,1,2,0
557,0,2020-08-09T14:55:00Z,False,0,?,?,0.0,0.0,0.0,0.0,1241,1783,1,576,False,,0,0,13,3,0,6,0,3,0
558,0,2020-08-09T14:43:00Z,False,0,6/24/2021 0:00,Minor,0.0,0.0,1.0,1.0,304,812,1,1246,False,0.125,5,15,0,3,3,5,1,2,0
559,0,2020-08-09T14:30:00Z,False,0,2/2/2021 0:00,Serious,0.0,1.0,1.0,2.0,931,1655,1,576,False,0.125,5,15,0,3,3,4,1,2,0
560,0,2020-08-09T10:00:00Z,False,0,5/6/2021 0:00,?,0.0,0.0,0.0,0.0,453,1954,1,2767,True,0.125,5,13,0,3,3,5,1,2,0
561,0,2020-08-09T08:00:00Z,False,0,7/12/2022 0:00,Serious,0.0,1.0,1.0,2.0,1036,2167,1,576,True,0.125,5,15,0,1,3,3,1,2,0
562,0,2020-08-08T18:45:00Z,False,0,5/6/2022 0:00,Serious,0.0,1.0,0.0,1.0,1025,1725,6,576,False,0.125,5,1,9,3,3,6,1,2,0
563,0,2020-08-08T17:40:00Z,False,0,8/26/2021 0:00,?,0.0,0.0,0.0,0.0,320,60,1,647,False,0.125,5,13,0,3,3,5,1,2,0
564,0,2020-08-08T15:18:00Z,False,0,?,?,0.0,0.0,0.0,0.0,577,1887,1,576,False,,0,0,13,3,0,3,0,0,0
565,0,2020-08-08T11:00:00Z,False,0,6/14/2023 0:00,Fatal,3.0,1.0,0.0,4.0,215,142,6,576,False,0.125,9,14,0,1,3,6,1,2,1
566,0,2020-08-08T11:00:00Z,False,0,2/2/2021 0:00,?,0.0,0.0,0.0,0.0,931,1663,1,647,False,,5,13,0,3,3,5,1,2,0
567,0,2020-08-08T10:45:00Z,False,0,5/6/2021 0:00,Serious,0.0,1.0,0.0,1.0,99,485,1,2298,False,0.125,5,15,0,3,3,1,1,2,0
568,0,2020-08-08T10:20:00Z,False,0,?,Fatal,1.0,1.0,0.0,2.0,240,852,1,576,False,0.25,5,10,13,3,0,3,0,0,1
569,0,2020-08-07T14:11:00Z,False,0,?,?,0.0,0.0,0.0,?,179,356,1,576,False,,0,0,12,1,0,5,0,0,0
570,0,2020-08-07T14:10:00Z,False,0,1/29/2021 0:00,Minor,0.0,0.0,1.0,1.0,347,1824,1,216,True,0.125,5,15,0,3,3,5,1,2,0
571,0,2020-08-07T13:55:00Z,False,0,2/2/2021 0:00,?,0.0,0.0,0.0,0.0,338,802,1,2020,True,0.125,5,15,0,3,3,5,1,2,0
572,0,2020-08-07T12:30:00Z,False,0,1/25/2023 0:00,Fatal,1.0,0.0,0.0,1.0,1104,1322,4,576,False,0.125,1,15,0,3,3,6,1,2,1
573,0,2020-08-07T11:45:00Z,False,0,12/14/2022 0:00,Serious,0.0,2.0,4.0,6.0,320,2041,1,467,False,0.125,5,15,0,3,3,6,1,2,0
574,0,2020-08-07T10:36:00Z,False,0,4/18/2022 0:00,Serious,0.0,2.0,0.0,2.0,320,1529,1,655,False,0.125,5,15,0,1,3,1,1,2,0
575,0,2020-08-06T15:15:00Z,False,0,2/2/2021 0:00,?,0.0,0.0,0.0,0.0,620,240,6,1698,False,,9,20,14,3,3,5,1,2,0
576,0,2020-08-06T10:22:00Z,False,0,6/24/2021 0:00,Minor,0.0,0.0,1.0,1.0,1269,880,1,2260,True,0.125,5,13,0,3,3,5,1,2,0
577,0,2020-08-06T08:15:00Z,False,0,6/24/2021 0:00,?,0.0,0.0,0.0,0.0,212,237,1,832,False,0.125,5,13,0,3,3,5,1,2,0
578,0,2020-08-05T17:45:00Z,False,0,8/26/2021 0:00,?,0.0,0.0,0.0,0.0,605,239,6,576,False,0.125,9,8,7,3,3,6,1,2,0
579,0,2020-08-05T13:33:00Z,False,0,9/14/2022 0:00,?,0.0,0.0,0.0,0.0,896,1659,1,576,False,0.125,5,5,0,3,3,3,1,2,0
580,0,2020-08-05T13:30:00Z,False,0,6/10/2021 0:00,?,0.0,0.0,0.0,0.0,320,87,1,1102,False,0.125,5,0,8,3,3,5,1,2,0
581,0,2020-08-05T12:45:00Z,False,0,6/3/2022 0:00,Minor,0.0,0.0,2.0,2.0,896,1660,1,576,False,0.125,5,13,0,3,3,6,1,2,0
582,0,2020-08-05T11:55:00Z,False,0,?,?,0.0,0.0,0.0,0.0,537,1165,1,576,False,,5,15,0,3,3,5,1,2,0
583,0,2020-08-04T15:20:00Z,False,0,?,?,0.0,0.0,0.0,0.0,931,1648,1,1474,False,0.125,5,15,0,3,3,10,1,2,0
584,0,2020-08-04T10:00:00Z,False,0,?,Fatal,1.0,0.0,0.0,1.0,956,1844,1,576,False,,0,0,13,1,0,3,0,0,1
585,0,2020-08-04T09:30:00Z,False,0,8/24/2021 0:00,Serious,0.0,2.0,0.0,2.0,1023,886,5,576,True,0.125,5,15,0,3,3,6,1,2,0
586,0,2020-08-03T19:41:00Z,False,0,6/28/2022 0:00,Fatal,1.0,0.0,0.0,1.0,452,1002,6,576,False,0.125,9,15,0,3,3,1,1,2,1
587,0,2020-08-03T14:00:00Z,False,0,5/6/2022 0:00,Serious,0.0,0.0,1.0,1.0,563,1130,1,576,False,0.125,8,1,9,3,3,10,1,2,0
588,0,2020-08-03T08:37:00Z,False,0,5/6/2021 0:00,?,0.0,0.0,0.0,0.0,320,491,1,2298,False,0.125,5,15,0,3,3,5,1,2,0
589,0,2020-08-03T08:13:00Z,False,0,8/26/2021 0:00,Serious,0.0,2.0,22.0,24.0,748,207,2,576,False,1.0,3,6,0,0,3,5,1,2,0
590,0,2020-08-03T08:13:00Z,False,0,8/26/2021 0:00,Serious,0.0,1.0,8.0,9.0,314,470,2,576,False,1.0,3,6,0,3,3,5,1,2,0
591,0,2020-08-03T08:10:00Z,False,0,8/24/2021 0:00,Serious,0.0,1.0,1.0,2.0,612,675,2,576,False,0.25,10,6,0,2,3,3,1,2,0
592,0,2020-08-02T18:55:00Z,False,0,5/6/2022 0:00,Serious,0.0,2.0,0.0,2.0,942,840,1,1155,True,0.125,5,15,0,3,3,3,1,2,0
593,0,2020-08-02T18:30:00Z,False,0,8/31/2021 0:00,?,0.0,0.0,0.0,0.0,320,60,1,921,False,0.125,5,15,0,3,3,5,1,2,0
594,0,2020-08-02T16:47:00Z,False,0,?,Serious,0.0,2.0,0.0,2.0,250,97,1,576,False,,0,0,13,3,0,6,0,3,0
595,0,2020-08-02T10:17:00Z,False,0,5/19/2022 0:00,?,0.0,0.0,0.0,0.0,250,60,1,1671,False,0.125,5,15,0,3,3,1,1,2,0
596,0,2020-08-02T10:10:00Z,False,0,6/28/2022 0:00,?,0.0,0.0,0.0,0.0,931,1553,1,1050,False,0.25,5,13,0,3,3,10,1,2,0
597,0,2020-08-02T08:41:00Z,False,0,9/14/2022 0:00,Fatal,2.0,0.0,0.0,2.0,861,1490,1,821,False,0.125,5,15,0,3,3,3,1,2,1
598,0,2020-08-02T04:00:00Z,False,0,?,?,0.0,0.0,0.0,?,250,60,1,576,False,,0,0,15,0,0,4,0,0,0
599,0,2020-08-01T16:00:00Z,False,0,8/16/2022 0:00,Fatal,1.0,0.0,0.0,1.0,132,547,1,2846,False,0.125,5,15,0,3,3,6,1,2,1
600,0,2020-08-01T12:00:00Z,False,0,5/6/2021 0:00,?,0.0,0.0,0.0,0.0,320,491,1,135,False,0.125,5,15,0,3,3,10,1,2,0
601,0,2020-08-01T10:00:00Z,False,0,10/5/2022 0:00,Minor,0.0,0.0,2.0,2.0,931,1666,1,576,False,0.25,5,3,0,3,3,6,1,2,0
602,0,2020-08-01T07:50:00Z,False,0,10/5/2022 0:00,?,0.0,0.0,0.0,0.0,931,1671,1,2050,False,0.125,5,15,0,3,3,10,1,2,0
603,0,2020-08-01T01:30:00Z,False,0,5/6/2022 0:00,?,0.0,0.0,0.0,0.0,931,1663,1,138,False,0.125,5,15,0,3,3,10,1,2,0
604,0,2020-07-31T20:00:00Z,False,0,2/2/2021 0:00,?,0.0,0.0,0.0,0.0,320,2036,1,2760,False,0.125,5,15,0,3,3,5,1,2,0
605,0,2020-07-31T08:27:00Z,False,0,12/6/2022 0:00,Fatal,7.0,0.0,0.0,7.0,398,940,1,576,False,0.125,5,15,0,3,3,3,1,2,1
606,0,2020-07-31T07:05:00Z,False,0,2/2/2021 0:00,Minor,0.0,0.0,1.0,1.0,320,495,1,576,False,0.125,5,1,9,3,3,4,1,2,0
607,0,2020-07-31T04:00:00Z,False,0,?,Serious,0.0,1.0,0.0,1.0,1025,1725,6,576,False,0.125,5,0,15,3,0,6,0,0,0
608,0,2020-07-30T20:45:00Z,False,0,1/31/2023 0:00,Minor,0.0,0.0,1.0,1.0,160,1508,6,576,False,0.125,9,1,9,3,3,6,1,2,0
609,0,2020-07-30T18:03:00Z,False,0,?,Fatal,1.0,0.0,2.0,3.0,250,1717,1,576,False,,0,0,13,1,0,3,0,0,1
610,0,2020-07-30T14:30:00Z,False,0,8/24/2021 0:00,Minor,0.0,0.0,1.0,1.0,562,1126,4,1499,False,,0,13,0,3,3,5,1,2,0
611,0,2020-07-30T12:56:00Z,False,0,4/18/2022 0:00,Fatal,2.0,0.0,0.0,2.0,121,658,1,427,False,0.125,8,10,14,1,3,3,1,2,1
612,0,2020-07-30T09:38:00Z,False,0,6/14/2022 0:00,Fatal,1.0,2.0,0.0,3.0,320,225,1,576,False,0.25,5,15,0,3,3,6,1,2,1
613,0,2020-07-29T20:52:00Z,False,0,?,?,0.0,0.0,0.0,?,956,1821,1,576,False,,0,0,13,3,0,13,0,0,0
614,0,2020-07-29T14:00:00Z,False,0,6/24/2021 0:00,?,0.0,0.0,0.0,0.0,320,60,1,108,False,0.125,5,15,0,3,3,10,1,2,0
615,0,2020-07-29T10:00:00Z,False,0,3/16/2023 0:00,Fatal,2.0,0.0,0.0,2.0,72,607,1,576,False,0.125,9,6,0,1,3,3,1,2,1
616,0,2020-07-28T20:00:00Z,False,0,6/10/2021 0:00,?,0.0,0.0,0.0,0.0,896,1660,1,178,False,0.125,5,15,0,3,3,5,1,2,0
617,0,2020-07-28T19:01:00Z,False,0,9/7/2022 0:00,Fatal,2.0,0.0,0.0,2.0,212,1073,1,576,False,0.125,5,15,0,3,1,3,1,2,1
618,0,2020-07-28T17:00:00Z,False,0,?,?,0.0,0.0,0.0,0.0,931,1648,1,576,False,0.125,5,15,0,3,3,5,1,2,0
619,0,2020-07-28T07:45:00Z,False,0,8/24/2021 0:00,Minor,0.0,0.0,2.0,1.0,951,1294,1,2808,False,0.125,8,15,0,3,3,5,1,2,0
620,1,2020-07-28T04:00:00Z,False,0,?,?,0.0,0.0,0.0,0.0,179,356,1,576,False,,0,0,12,2,0,5,0,0,0
621,0,2020-07-28T01:43:00Z,False,0,5/6/2022 0:00,Serious,0.0,2.0,0.0,2.0,931,1663,1,576,False,0.125,5,15,0,3,3,3,1,2,0
622,0,2020-07-28T00:45:00Z,False,0,?,Fatal,1.0,0.0,1.0,2.0,250,28,1,576,False,,0,0,13,0,0,3,0,0,1
623,0,2020-07-27T15:30:00Z,False,0,2/2/2021 0:00,Minor,0.0,0.0,1.0,1.0,1025,1725,6,1358,False,0.125,5,1,9,3,3,4,1,2,0
624,0,2020-07-27T12:20:00Z,False,0,2/2/2021 0:00,?,0.0,0.0,0.0,0.0,1025,1725,6,576,False,0.125,5,1,9,3,3,5,1,2,0
625,0,2020-07-27T11:08:00Z,False,0,8/26/2021 0:00,Minor,0.0,0.0,1.0,1.0,121,627,1,576,False,0.125,5,1,9,3,3,6,1,2,0
626,0,2020-07-27T10:45:00Z,False,0,5/6/2022 0:00,Fatal,1.0,0.0,0.0,1.0,320,495,1,942,False,0.125,5,1,0,1,3,6,1,2,1
627,0,2020-07-27T08:10:00Z,False,0,2/2/2021 0:00,?,0.0,0.0,0.0,0.0,121,630,1,576,False,0.125,8,1,9,3,3,6,1,2,0
628,0,2020-07-27T07:45:00Z,False,0,5/6/2021 0:00,?,0.0,0.0,0.0,0.0,320,495,1,40,False,0.125,5,1,9,3,3,10,1,2,0
629,0,2020-07-26T19:00:00Z,False,0,?,?,0.0,0.0,0.0,0.0,931,1543,1,576,False,0.125,5,15,0,3,3,10,1,2,0
630,0,2020-07-26T15:05:00Z,False,0,6/10/2021 0:00,?,0.0,0.0,0.0,0.0,320,86,1,1730,False,0.125,5,15,0,3,3,9,1,2,0
631,0,2020-07-26T11:10:00Z,False,0,7/12/2022 0:00,Minor,0.0,0.0,1.0,1.0,1258,1783,1,576,True,0.125,5,15,0,3,3,6,1,2,0
632,0,2020-07-25T19:31:00Z,False,0,2/2/2021 0:00,Serious,0.0,1.0,0.0,1.0,771,1472,1,126,False,,5,15,0,3,3,5,1,2,0
633,0,2020-07-25T16:35:00Z,False,0,?,?,0.0,0.0,0.0,0.0,250,154,1,576,False,,0,0,13,3,0,1,0,0,0
634,0,2020-07-25T13:38:00Z,False,0,9/7/2022 0:00,Fatal,5.0,2.0,1.0,6.0,931,1670,1,2715,False,0.125,5,15,0,3,3,4,1,2,1
635,0,2020-07-25T12:49:00Z,False,0,2/2/2021 0:00,Serious,0.0,1.0,1.0,2.0,1258,2153,1,2276,True,0.125,5,15,0,3,3,4,1,2,0
636,0,2020-07-25T11:36:00Z,False,0,5/3/2023 0:00,Fatal,1.0,0.0,0.0,1.0,121,655,1,576,False,0.125,8,1,9,3,3,6,1,2,1
637,0,2020-07-25T10:20:00Z,False,0,?,Fatal,4.0,0.0,0.0,4.0,250,60,1,576,False,,0,0,13,1,0,3,0,0,1
638,0,2020-07-25T09:40:00Z,False,0,6/10/2021 0:00,?,0.0,0.0,0.0,0.0,931,1663,1,1202,False,0.125,5,15,0,3,3,5,1,2,0
639,0,2020-07-25T09:10:00Z,False,0,10/5/2022 0:00,Fatal,1.0,2.0,0.0,3.0,931,1660,1,2569,False,0.125,5,13,0,1,3,4,1,2,1
640,0,2020-07-24T20:10:00Z,False,0,2/2/2021 0:00,Minor,0.0,0.0,1.0,1.0,324,441,1,643,False,0.125,5,15,0,3,3,6,1,2,0
641,0,2020-07-24T18:30:00Z,False,0,6/1/2021 0:00,?,0.0,0.0,0.0,0.0,1025,1725,6,576,False,0.125,5,16,0,3,3,5,1,2,0
642,0,2020-07-24T13:16:00Z,False,0,8/16/2022 0:00,Fatal,1.0,0.0,0.0,1.0,226,700,6,2298,False,0.125,5,11,0,1,3,4,1,2,1
643,0,2020-07-24T11:59:00Z,False,0,6/7/2022 0:00,Fatal,1.0,0.0,0.0,1.0,1258,2161,1,2683,True,0.125,5,15,0,3,3,5,1,2,1
644,0,2020-07-24T10:02:00Z,False,0,9/14/2022 0:00,?,0.0,0.0,0.0,0.0,320,86,1,576,False,0.125,5,13,0,3,3,3,1,2,0
645,1,2020-07-24T08:00:00Z,False,0,5/26/2022 0:00,?,0.0,0.0,0.0,0.0,183,851,1,860,False,0.25,6,0,4,2,2,4,1,2,0
646,1,2020-07-23T22:41:00Z,False,0,?,?,0.0,0.0,0.0,?,421,1037,1,1948,False,0.25,6,0,12,0,0,4,0,0,0
647,0,2020-07-23T13:40:00Z,False,0,?,?,0.0,0.0,0.0,?,896,1664,1,576,False,,0,0,13,1,0,13,0,3,0
648,0,2020-07-22T19:15:00Z,False,0,7/12/2022 0:00,?,0.0,0.0,0.0,0.0,809,897,1,576,True,0.125,5,15,0,3,3,3,1,2,0
649,0,2020-07-22T18:00:00Z,False,0,5/6/2021 0:00,?,0.0,0.0,0.0,0.0,1166,1487,1,576,False,,0,5,0,3,3,3,1,2,0
650,0,2020-07-22T17:45:00Z,False,0,11/1/2022 0:00,?,0.0,0.0,0.0,0.0,1258,1779,1,341,False,0.125,5,15,0,3,3,3,1,2,0
651,0,2020-07-22T14:44:00Z,False,0,5/6/2021 0:00,?,0.0,0.0,0.0,0.0,320,97,1,289,False,0.125,5,15,0,3,3,5,1,2,0
652,0,2020-07-22T11:00:00Z,False,0,5/19/2022 0:00,?,0.0,0.0,0.0,0.0,212,256,1,1916,False,0.25,6,15,0,3,3,5,1,2,0
653,0,2020-07-22T08:00:00Z,False,0,?,?,0.0,0.0,0.0,?,179,416,1,576,False,,0,0,6,3,0,13,0,0,0
654,1,2020-07-22T01:52:00Z,False,0,?,?,0.0,0.0,0.0,0.0,320,282,1,576,False,,0,0,15,2,0,3,0,0,0
655,0,2020-07-21T21:53:00Z,False,0,6/1/2021 0:00,?,0.0,0.0,0.0,0.0,1028,11,1,1000,False,0.125,5,6,0,3,3,5,1,2,0
656,0,2020-07-21T16:20:00Z,False,0,5/6/2021 0:00,?,0.0,0.0,0.0,0.0,320,87,1,813,False,0.125,5,13,0,3,3,5,1,2,0
657,0,2020-07-21T05:58:00Z,False,0,7/12/2022 0:00,?,0.0,0.0,0.0,0.0,775,323,6,576,False,0.125,9,8,7,3,3,6,1,2,0
658,0,2020-07-20T21:27:00Z,False,0,9/21/2022 0:00,?,0.0,0.0,0.0,0.0,320,97,1,576,False,0.125,5,15,0,3,3,3,1,2,0
659,0,2020-07-20T19:02:00Z,False,0,8/26/2021 0:00,Minor,0.0,0.0,1.0,1.0,896,1660,1,799,False,0.125,5,15,0,3,3,5,1,2,0
660,0,2020-07-20T18:15:00Z,False,0,?,Fatal,1.0,2.0,0.0,3.0,993,1725,6,576,False,,0,0,13,3,0,3,0,0,1
661,0,2020-07-20T16:00:00Z,False,0,3/18/2022 0:00,?,0.0,0.0,0.0,0.0,1028,1832,1,576,False,0.125,8,1,9,3,3,6,1,2,0
662,0,2020-07-20T15:23:00Z,False,0,5/6/2021 0:00,?,0.0,0.0,0.0,0.0,320,59,1,746,False,0.125,5,15,0,3,3,5,1,2,0
663,0,2020-07-20T13:40:00Z,False,0,5/6/2021 0:00,?,0.0,0.0,0.0,0.0,1025,1725,6,576,False,0.125,5,1,9,3,3,6,1,2,0
664,0,2020-07-20T09:38:00Z,False,0,8/19/2022 0:00,?,0.0,0.0,0.0,0.0,837,323,6,576,False,0.125,9,3,0,1,3,6,1,2,0
665,0,2020-07-19T20:52:00Z,False,0,7/12/2022 0:00,?,0.0,0.0,0.0,0.0,334,1521,1,2404,False,0.125,5,15,0,3,3,4,1,2,0
666,0,2020-07-19T19:30:00Z,False,0,5/6/2021 0:00,?,0.0,0.0,0.0,0.0,320,87,1,2298,False,0.125,5,15,0,3,2,11,1,2,0
667,0,2020-07-19T13:45:00Z,False,0,?,Fatal,1.0,0.0,0.0,1.0,922,898,9,1784,False,,0,0,13,3,0,13,0,3,1
668,0,2020-07-19T11:30:00Z,False,0,6/1/2021 0:00,Serious,0.0,1.0,0.0,1.0,320,60,1,1188,False,0.125,5,15,0,3,3,5,1,2,0
669,1,2020-07-19T04:00:00Z,False,0,?,?,0.0,0.0,0.0,?,220,356,1,576,False,0.25,6,0,12,0,0,10,0,0,0
670,0,2020-07-18T22:45:00Z,False,0,3/18/2022 0:00,?,0.0,0.0,0.0,0.0,212,507,1,576,False,0.125,5,15,0,3,3,3,1,2,0
671,0,2020-07-18T18:05:00Z,False,0,6/1/2021 0:00,?,0.0,0.0,0.0,0.0,842,1387,1,727,False,0.125,5,15,0,3,3,5,1,2,0
672,0,2020-07-18T17:30:00Z,False,0,2/2/2021 0:00,?,0.0,0.0,0.0,0.0,896,1655,1,576,False,,5,15,0,3,3,3,1,2,0
673,0,2020-07-18T12:30:00Z,False,0,6/1/2021 0:00,?,0.0,0.0,0.0,0.0,931,1540,1,2298,False,0.125,5,15,0,3,3,5,1,2,0
674,0,2020-07-18T07:50:00Z,False,0,5/6/2021 0:00,?,0.0,0.0,0.0,0.0,1148,2209,1,2371,True,0.125,5,15,0,3,3,5,1,2,0
675,0,2020-07-18T07:45:00Z,False,0,2/2/2021 0:00,?,0.0,0.0,0.0,0.0,250,28,1,1287,False,0.125,5,13,0,3,3,3,1,2,0
676,0,2020-07-17T13:45:00Z,False,0,10/5/2022 0:00,?,0.0,0.0,0.0,0.0,1258,1763,1,576,True,0.125,5,15,0,3,3,13,1,2,0
677,0,2020-07-17T11:15:00Z,False,0,5/6/2021 0:00,?,0.0,0.0,0.0,0.0,320,23,1,2132,False,0.125,5,13,0,3,3,5,1,2,0
678,0,2020-07-17T08:54:00Z,False,0,9/7/2022 0:00,Fatal,1.0,0.0,0.0,1.0,616,2122,6,576,False,0.125,9,1,9,1,3,6,1,2,1
679,0,2020-07-17T08:00:00Z,False,0,5/6/2021 0:00,?,0.0,0.0,0.0,0.0,250,201,1,1319,False,0.125,5,15,0,3,3,5,1,2,0
680,0,2020-07-16T17:20:00Z,False,0,6/28/2022 0:00,?,0.0,0.0,0.0,0.0,212,237,1,1302,False,,0,15,0,3,3,3,1,2,0
681,1,2020-07-16T16:03:00Z,False,0,?,?,0.0,0.0,0.0,?,580,1213,1,576,False,0.25,6,0,13,0,0,3,0,0,0
682,0,2020-07-16T15:14:00Z,False,0,8/20/2021 0:00,?,0.0,0.0,0.0,0.0,215,149,6,576,False,0.125,9,8,7,3,3,6,1,2,0
683,0,2020-07-16T10:50:00Z,False,0,6/1/2021 0:00,Minor,0.0,0.0,2.0,2.0,708,688,1,2089,True,0.125,5,15,0,3,3,5,1,2,0
684,0,2020-07-16T08:30:00Z,False,0,?,Serious,0.0,3.0,1.0,4.0,781,323,6,576,False,,0,0,6,1,0,1,0,3,0
685,0,2020-07-15T16:40:00Z,False,0,5/6/2021 0:00,?,0.0,0.0,0.0,0.0,320,491,1,2323,False,,5,15,0,3,3,5,1,2,0
686,0,2020-07-15T12:02:00Z,False,0,9/21/2022 0:00,?,0.0,0.0,0.0,0.0,931,1553,1,576,False,0.25,5,15,0,3,3,3,1,2,0
687,0,2020-07-15T07:15:00Z,False,0,1/29/2021 0:00,?,0.0,0.0,0.0,0.0,121,655,1,164,False,0.125,8,1,9,3,3,5,1,2,0
688,0,2020-07-14T17:00:00Z,False,0,1/29/2021 0:00,Minor,0.0,0.0,1.0,1.0,492,793,1,314,False,0.125,5,15,0,3,3,10,1,2,0
689,0,2020-07-14T15:55:00Z,False,0,4/18/2022 0:00,?,0.0,0.0,0.0,0.0,121,658,1,576,False,0.125,8,10,9,3,3,5,1,2,0
690,0,2020-07-14T13:25:00Z,False,0,?,Serious,0.0,1.0,0.0,1.0,179,356,1,576,False,,0,0,12,0,0,3,0,0,0
691,0,2020-07-14T12:40:00Z,False,0,5/6/2021 0:00,?,0.0,0.0,0.0,0.0,212,459,1,1000,False,0.25,5,13,0,3,3,10,1,2,0
692,0,2020-07-14T11:30:00Z,False,0,5/6/2021 0:00,?,0.0,0.0,0.0,0.0,324,441,1,684,False,0.125,5,13,0,3,3,5,1,2,0
693,0,2020-07-14T10:00:00Z,False,0,6/1/2021 0:00,?,0.0,0.0,0.0,0.0,931,1548,1,472,False,0.125,5,15,0,3,3,5,1,2,0
694,0,2020-07-14T07:30:00Z,False,0,5/6/2021 0:00,?,0.0,0.0,0.0,0.0,1302,2219,1,284,False,0.125,5,15,0,3,3,5,1,2,0
695,0,2020-07-13T18:15:00Z,False,0,8/20/2021 0:00,?,0.0,0.0,0.0,0.0,320,491,1,576,False,0.125,5,15,0,3,3,5,1,2,0
696,0,2020-07-13T18:00:00Z,False,0,5/6/2021 0:00,?,0.0,0.0,0.0,0.0,250,45,1,1397,False,0.125,5,13,0,3,3,5,1,2,0
697,0,2020-07-13T13:30:00Z,False,0,5/6/2021 0:00,?,0.0,0.0,0.0,0.0,320,491,1,65,False,0.125,5,15,0,3,3,5,1,2,0
698,0,2020-07-13T11:46:00Z,False,0,6/21/2022 0:00,?,0.0,0.0,0.0,0.0,228,60,1,1248,False,0.25,5,15,0,3,3,11,1,2,0
699,0,2020-07-13T09:45:00Z,False,0,6/1/2021 0:00,Minor,0.0,0.0,1.0,1.0,896,1655,1,2043,False,0.125,5,15,0,3,3,10,1,2,0
700,0,2020-07-12T12:23:00Z,False,0,9/7/2022 0:00,?,0.0,0.0,0.0,0.0,320,83,1,576,False,0.125,5,15,0,3,3,3,1,2,0
701,0,2020-07-12T12:00:00Z,False,0,5/6/2021 0:00,?,0.0,0.0,0.0,0.0,320,60,1,819,False,0.125,5,13,0,3,3,5,1,2,0
702,0,2020-07-12T11:40:00Z,False,0,5/6/2021 0:00,?,0.0,0.0,0.0,0.0,956,1844,1,576,True,0.125,5,15,0,3,3,6,1,2,0
703,0,2020-07-12T11:10:00Z,False,0,7/12/2022 0:00,?,0.0,0.0,0.0,0.0,1028,1833,1,576,False,0.125,8,9,0,3,3,1,1,2,0
704,0,2020-07-12T08:30:00Z,False,0,5/6/2021 0:00,Minor,0.0,0.0,1.0,1.0,711,1290,1,576,False,0.125,5,15,0,3,3,10,1,2,0
705,0,2020-07-12T08:30:00Z,False,0,5/6/2021 0:00,?,0.0,0.0,0.0,0.0,324,441,1,2298,False,0.125,5,15,0,3,3,5,1,2,0
706,1,2020-07-11T23:00:00Z,False,0,?,?,0.0,0.0,0.0,?,179,356,1,576,False,,0,0,12,0,0,3,0,0,0
707,0,2020-07-11T16:47:00Z,False,0,7/12/2022 0:00,Fatal,1.0,0.0,0.0,1.0,560,2031,1,576,False,,0,15,0,3,3,6,1,2,1
708,0,2020-07-11T15:00:00Z,False,0,10/5/2022 0:00,Fatal,1.0,0.0,0.0,1.0,1143,626,4,576,False,0.0,0,15,0,1,3,6,1,2,1
709,0,2020-07-11T13:40:00Z,False,0,6/1/2021 0:00,?,0.0,0.0,0.0,0.0,320,60,1,1825,False,0.125,5,13,0,3,3,5,1,2,0
710,0,2020-07-11T12:00:00Z,False,0,?,Serious,0.0,2.0,0.0,2.0,320,1100,1,576,False,,0,0,13,1,0,3,0,0,0
711,0,2020-07-11T11:55:00Z,False,0,5/6/2021 0:00,?,0.0,0.0,0.0,0.0,945,1708,1,2711,True,0.125,5,15,0,3,3,10,1,2,0
712,0,2020-07-11T11:26:00Z,False,0,8/24/2021 0:00,Minor,0.0,0.0,2.0,2.0,852,1296,1,2848,True,0.125,0,13,0,3,3,10,1,2,0
713,0,2020-07-11T07:32:00Z,False,0,3/18/2022 0:00,Serious,0.0,2.0,0.0,2.0,115,612,6,576,False,0.25,9,3,0,1,3,6,1,2,0
714,0,2020-07-11T00:02:00Z,False,0,8/26/2021 0:00,?,0.0,0.0,0.0,0.0,931,1668,1,2479,False,0.125,5,15,0,3,3,5,1,2,0
715,0,2020-07-10T17:00:00Z,False,0,5/6/2021 0:00,?,0.0,0.0,0.0,0.0,250,2116,1,2298,False,0.125,5,15,0,3,3,10,1,2,0
716,0,2020-07-10T14:55:00Z,False,0,3/18/2022 0:00,?,0.0,0.0,0.0,0.0,121,655,1,576,False,0.125,8,3,9,3,3,3,1,2,0
717,0,2020-07-10T14:40:00Z,False,0,3/18/2022 0:00,Fatal,1.0,0.0,0.0,1.0,320,2035,1,2298,False,0.125,5,1,9,3,3,10,1,2,1
718,0,2020-07-10T14:30:00Z,False,0,?,?,0.0,0.0,0.0,0.0,931,1668,1,398,False,0.125,5,15,0,3,3,11,1,2,0
719,0,2020-07-10T11:02:00Z,False,0,4/18/2022 0:00,Fatal,1.0,0.0,0.0,1.0,541,1130,1,535,False,0.125,5,1,9,1,3,6,1,2,1
720,0,2020-07-10T10:30:00Z,False,0,8/31/2021 0:00,?,0.0,0.0,0.0,0.0,1025,1725,6,576,False,0.125,5,0,8,3,3,9,1,2,0
721,0,2020-07-10T10:25:00Z,False,0,6/1/2021 0:00,?,0.0,0.0,0.0,0.0,931,1655,1,851,False,0.125,5,13,0,3,3,5,1,2,0
722,1,2020-07-10T00:00:00Z,False,0,?,?,0.0,0.0,0.0,0.0,723,283,1,576,False,,0,0,13,2,0,5,0,0,0
723,0,2020-07-09T17:00:00Z,False,0,1/6/2022 0:00,Serious,0.0,1.0,1.0,2.0,449,1035,1,576,False,0.25,6,0,4,0,3,3,1,2,0
724,0,2020-07-09T13:00:00Z,False,0,1/29/2021 0:00,?,0.0,0.0,0.0,0.0,320,60,1,1759,False,0.125,5,13,0,3,3,5,1,2,0
725,0,2020-07-09T11:00:00Z,False,0,5/6/2021 0:00,Minor,0.0,0.0,1.0,1.0,120,1405,11,1675,False,0.125,5,15,0,3,3,5,1,2,0
726,0,2020-07-09T08:05:00Z,False,0,3/18/2022 0:00,Serious,0.0,1.0,0.0,1.0,250,118,1,576,False,0.125,5,1,12,1,3,6,1,2,0
727,0,2020-07-08T21:09:00Z,False,0,?,Fatal,1.0,0.0,0.0,1.0,157,319,1,576,False,,0,0,13,3,0,3,0,0,1
728,0,2020-07-08T15:54:00Z,False,0,6/21/2022 0:00,Serious,0.0,1.0,0.0,1.0,320,32,1,2827,False,0.125,5,15,0,3,3,4,1,2,0
729,0,2020-07-08T09:45:00Z,False,0,5/19/2022 0:00,?,0.0,0.0,0.0,0.0,1025,1721,6,576,False,0.125,5,3,0,3,3,6,1,2,0
730,0,2020-07-08T09:30:00Z,False,0,5/6/2021 0:00,?,0.0,0.0,0.0,0.0,250,97,1,2298,False,0.125,5,15,0,3,3,5,1,2,0
731,0,2020-07-07T20:30:00Z,False,0,8/24/2021 0:00,?,0.0,0.0,0.0,0.0,1167,6,1,2298,False,0.125,5,15,0,3,3,10,1,2,0
732,0,2020-07-07T15:23:00Z,False,0,6/28/2022 0:00,Fatal,2.0,0.0,0.0,2.0,320,60,1,2693,False,0.125,5,15,0,1,3,4,1,2,1
733,0,2020-07-07T13:44:00Z,False,0,2/2/2021 0:00,Serious,0.0,1.0,0.0,1.0,842,1391,1,596,False,0.125,5,15,0,3,3,10,1,2,0
734,0,2020-07-07T12:13:00Z,False,0,9/14/2022 0:00,Fatal,1.0,0.0,0.0,1.0,160,2139,6,576,False,0.125,9,8,7,1,3,3,1,2,1
735,0,2020-07-06T17:40:00Z,False,0,?,Minor,0.0,0.0,1.0,1.0,993,1721,6,576,False,,0,0,13,3,0,3,0,0,0
736,0,2020-07-06T12:05:00Z,False,0,5/19/2022 0:00,Serious,0.0,0.0,1.0,1.0,741,1039,1,576,True,0.125,5,15,0,1,3,13,1,2,0
737,0,2020-07-06T11:45:00Z,False,0,1/29/2021 0:00,?,0.0,0.0,0.0,0.0,931,1546,1,2003,False,0.125,5,15,0,3,3,5,1,2,0
738,0,2020-07-06T11:40:00Z,False,0,1/29/2021 0:00,?,0.0,0.0,0.0,0.0,931,1663,1,763,False,0.125,5,13,0,3,3,10,1,2,0
739,0,2020-07-06T10:30:00Z,False,0,1/29/2021 0:00,?,0.0,0.0,0.0,0.0,212,223,1,2328,False,0.125,5,13,0,3,3,5,1,2,0
740,0,2020-07-06T07:55:00Z,False,0,10/12/2022 0:00,Serious,0.0,1.0,0.0,1.0,1193,2092,1,2654,True,0.125,5,15,0,3,3,10,1,2,0
741,0,2020-07-05T17:12:00Z,False,0,6/1/2021 0:00,?,0.0,0.0,0.0,0.0,1157,2066,1,2053,False,0.125,5,15,0,3,3,5,1,2,0
742,0,2020-07-05T16:00:00Z,False,0,7/19/2022 0:00,Serious,0.0,1.0,1.0,2.0,179,365,1,576,False,0.25,6,0,4,0,1,3,1,2,0
743,0,2020-07-05T14:22:00Z,False,0,8/31/2022 0:00,Fatal,8.0,0.0,0.0,8.0,398,940,1,576,False,0.125,5,3,0,1,3,3,1,2,1
744,0,2020-07-05T12:00:00Z,False,0,9/21/2022 0:00,Minor,0.0,0.0,2.0,2.0,931,1668,1,576,False,0.125,5,15,0,1,3,3,1,2,0
745,0,2020-07-05T12:00:00Z,False,0,6/1/2021 0:00,?,0.0,0.0,0.0,0.0,320,60,1,104,False,0.125,5,13,0,3,3,5,1,2,0
746,0,2020-07-05T11:24:00Z,False,0,7/12/2022 0:00,?,0.0,0.0,0.0,0.0,179,709,1,872,False,0.125,5,15,0,3,3,5,1,2,0
747,0,2020-07-05T11:15:00Z,False,0,3/18/2022 0:00,?,0.0,0.0,0.0,0.0,320,87,1,1781,False,0.125,5,15,0,3,3,5,1,2,0
748,0,2020-07-05T10:30:00Z,False,0,1/29/2021 0:00,?,0.0,0.0,0.0,0.0,212,175,1,2472,False,0.125,5,15,0,3,3,4,1,2,0
749,0,2020-07-04T22:00:00Z,False,0,3/18/2022 0:00,Minor,0.0,0.0,1.0,1.0,212,1075,1,2698,False,0.125,5,15,0,3,3,6,1,2,0
750,0,2020-07-04T20:30:00Z,False,0,5/6/2021 0:00,?,0.0,0.0,0.0,0.0,281,863,7,576,False,0.125,5,15,0,3,3,3,1,2,0
751,0,2020-07-04T19:45:00Z,False,0,1/29/2021 0:00,?,0.0,0.0,0.0,0.0,750,575,1,1200,True,0.25,5,15,0,3,3,5,1,2,0
752,0,2020-07-04T18:20:00Z,False,0,?,?,0.0,0.0,0.0,0.0,896,1660,1,576,False,,0,0,13,1,0,3,0,3,0
753,0,2020-07-04T15:23:00Z,False,0,4/15/2022 0:00,?,0.0,0.0,0.0,0.0,931,1655,1,576,False,0.125,5,15,0,3,3,3,1,2,0
754,0,2020-07-04T13:57:00Z,False,0,3/18/2022 0:00,?,0.0,0.0,0.0,0.0,835,744,6,733,False,0.25,9,0,8,3,3,11,1,2,0
755,0,2020-07-04T13:30:00Z,False,0,2/2/2021 0:00,?,0.0,0.0,0.0,0.0,931,1655,1,576,False,0.125,5,15,0,3,3,5,1,2,0
756,0,2020-07-04T04:00:00Z,False,0,?,Fatal,2.0,2.0,0.0,4.0,993,1725,6,576,False,0.125,5,0,15,3,2,10,0,0,1
757,0,2020-07-03T22:30:00Z,False,0,1/29/2021 0:00,?,0.0,0.0,0.0,0.0,842,1385,1,473,False,0.125,5,15,0,3,3,5,1,2,0
758,0,2020-07-03T19:37:00Z,False,0,5/6/2022 0:00,Minor,0.0,0.0,1.0,1.0,450,187,6,988,False,0.125,5,15,0,1,3,1,1,2,0
759,0,2020-07-03T17:00:00Z,False,0,11/4/2022 0:00,?,0.0,0.0,0.0,0.0,121,630,1,576,False,0.125,8,1,9,3,3,3,1,2,0
760,0,2020-07-03T12:15:00Z,False,0,2/2/2021 0:00,?,0.0,0.0,0.0,0.0,324,435,1,576,False,,5,15,0,3,3,3,1,2,0
761,0,2020-07-03T11:57:00Z,False,0,7/15/2021 0:00,?,0.0,0.0,0.0,0.0,896,1677,1,2648,False,0.125,8,15,0,3,3,5,1,2,0
762,0,2020-07-03T10:00:00Z,False,0,5/6/2022 0:00,Minor,0.0,0.0,1.0,1.0,1100,2113,1,426,True,0.125,5,11,0,3,3,6,1,2,0
763,0,2020-07-03T08:30:00Z,False,0,4/26/2023 0:00,?,0.0,0.0,0.0,0.0,121,630,1,576,False,0.125,8,1,9,3,3,6,1,2,0
764,0,2020-07-03T07:22:00Z,False,0,6/14/2022 0:00,Fatal,4.0,0.0,0.0,4.0,320,60,1,576,False,0.125,5,15,0,1,3,3,1,2,1
765,1,2020-07-03T04:12:00Z,False,0,?,?,0.0,0.0,0.0,0.0,93,664,1,2813,False,,0,0,12,0,0,4,0,0,0
766,0,2020-07-02T16:00:00Z,False,0,1/29/2021 0:00,?,0.0,0.0,0.0,0.0,212,403,1,838,False,0.25,5,13,0,3,3,10,1,2,0
767,0,2020-07-02T14:20:00Z,False,0,1/29/2021 0:00,?,0.0,0.0,0.0,0.0,143,485,1,2229,False,0.125,5,15,0,3,3,5,1,2,0
768,0,2020-07-02T13:30:00Z,False,0,1/29/2021 0:00,?,0.0,0.0,0.0,0.0,320,491,1,2034,False,0.125,5,15,0,3,3,5,1,2,0
769,0,2020-07-02T10:00:00Z,False,0,3/18/2022 0:00,Minor,0.0,0.0,1.0,1.0,1025,1725,6,576,False,0.125,5,15,0,3,3,3,1,2,0
770,0,2020-07-01T19:32:00Z,False,0,3/18/2022 0:00,?,0.0,0.0,0.0,0.0,931,1660,1,2855,False,0.125,5,15,0,3,3,4,1,2,0
771,0,2020-07-01T19:15:00Z,False,0,5/5/2021 0:00,Serious,0.0,2.0,0.0,2.0,1224,2089,1,576,True,0.125,5,15,0,3,3,6,1,2,0
772,0,2020-07-01T18:45:00Z,False,0,1/29/2021 0:00,?,0.0,0.0,0.0,0.0,320,60,1,1284,False,0.125,5,15,0,3,3,11,1,2,0
773,0,2020-07-01T16:30:00Z,False,0,2/2/2021 0:00,?,0.0,0.0,0.0,0.0,1167,6,1,576,False,0.125,5,15,0,3,3,10,1,2,0
774,0,2020-07-01T13:00:00Z,False,0,7/8/2022 0:00,Fatal,1.0,0.0,0.0,1.0,320,219,1,576,False,0.25,5,15,0,1,3,5,1,2,1
775,0,2020-07-01T10:30:00Z,False,0,6/7/2022 0:00,Fatal,1.0,0.0,0.0,1.0,453,1954,1,1186,False,0.125,5,15,0,3,3,5,1,2,1
776,0,2020-07-01T09:00:00Z,False,0,1/29/2021 0:00,?,0.0,0.0,0.0,0.0,320,60,1,888,False,0.125,5,13,0,3,3,5,1,2,0
777,0,2020-07-01T07:55:00Z,False,0,5/6/2021 0:00,Minor,0.0,0.0,1.0,1.0,931,1652,1,576,False,0.125,5,15,0,3,3,5,1,2,0
778,0,2020-06-30T13:24:00Z,False,0,12/14/2022 0:00,Fatal,1.0,0.0,0.0,1.0,96,563,4,712,False,0.125,5,15,0,1,3,10,1,2,1
779,0,2020-06-30T04:00:00Z,False,0,?,Fatal,2.0,0.0,0.0,2.0,993,1721,6,576,False,,0,0,13,1,0,3,0,0,1
780,0,2020-06-30T04:00:00Z,False,0,?,?,0.0,0.0,0.0,?,894,1683,1,576,False,,0,0,13,3,0,1,0,0,0
781,0,2020-06-29T15:25:00Z,False,0,1/29/2021 0:00,?,0.0,0.0,0.0,0.0,1258,1775,1,1965,True,0.125,5,15,0,3,3,5,1,2,0
782,0,2020-06-29T14:34:00Z,False,0,6/1/2021 0:00,?,0.0,0.0,0.0,0.0,320,83,1,2281,False,0.125,5,15,0,3,3,5,1,2,0
783,0,2020-06-29T13:56:00Z,False,0,6/1/2021 0:00,?,0.0,0.0,0.0,0.0,1258,1763,1,855,True,0.125,5,15,0,3,3,5,1,2,0
784,0,2020-06-29T11:30:00Z,False,0,5/5/2021 0:00,?,0.0,0.0,0.0,0.0,121,655,1,2841,False,0.125,8,1,9,3,3,1,1,2,0
785,0,2020-06-29T04:00:00Z,False,0,?,?,?,?,?,?,160,138,6,576,False,,0,0,6,3,0,5,0,3,0
786,0,2020-06-28T15:00:00Z,False,0,2/2/2021 0:00,?,0.0,0.0,0.0,0.0,338,816,1,576,True,,5,15,0,3,3,5,1,2,0
787,0,2020-06-28T04:00:00Z,False,0,?,?,0.0,0.0,0.0,0.0,250,314,1,576,False,,0,0,13,3,0,5,0,3,0
788,0,2020-06-27T21:00:00Z,False,0,7/12/2022 0:00,Minor,0.0,0.0,1.0,1.0,931,1663,1,732,False,0.125,5,15,0,3,3,4,1,2,0
789,0,2020-06-27T18:00:00Z,False,0,5/5/2021 0:00,?,0.0,0.0,0.0,0.0,144,1832,1,576,False,0.125,8,1,9,3,3,10,1,2,0
790,0,2020-06-27T17:00:00Z,False,0,5/6/2021 0:00,Minor,0.0,0.0,1.0,1.0,1264,2180,1,576,True,0.125,5,15,0,3,3,5,1,2,0
791,0,2020-06-27T09:11:00Z,False,0,5/6/2021 0:00,Minor,0.0,0.0,2.0,2.0,212,175,1,997,False,0.125,5,15,0,3,3,10,1,2,0
792,0,2020-06-27T01:53:00Z,False,0,3/18/2022 0:00,Fatal,1.0,0.0,0.0,1.0,931,1670,1,576,False,0.125,5,15,0,1,1,1,1,2,1
793,0,2020-06-26T19:05:00Z,False,0,?,?,0.0,0.0,0.0,0.0,250,32,1,576,False,,0,15,13,3,0,4,0,3,0
794,0,2020-06-26T17:45:00Z,False,0,1/29/2021 0:00,?,0.0,0.0,0.0,0.0,1025,1725,6,576,False,0.125,5,15,0,3,3,6,1,2,0
795,1,2020-06-26T04:00:00Z,False,0,?,?,0.0,0.0,0.0,0.0,157,455,1,576,False,,0,0,13,2,0,5,0,0,0
796,0,2020-06-25T15:00:00Z,False,0,5/6/2021 0:00,?,0.0,0.0,0.0,0.0,610,1198,1,2337,True,0.125,5,15,0,3,3,5,1,2,0
797,0,2020-06-25T12:54:00Z,False,0,4/18/2022 0:00,Fatal,2.0,0.0,0.0,2.0,702,2005,1,576,True,0.125,5,15,0,1,3,1,1,2,1
798,0,2020-06-25T12:00:00Z,False,0,9/21/2022 0:00,Serious,0.0,1.0,0.0,1.0,215,142,6,576,False,0.125,9,8,7,3,3,6,1,2,0
799,0,2020-06-25T11:45:00Z,False,0,5/6/2021 0:00,?,0.0,0.0,0.0,0.0,1098,1510,1,641,True,0.125,5,15,0,3,3,5,1,2,0
800,0,2020-06-24T14:01:00Z,False,0,3/22/2023 0:00,Serious,0.0,1.0,0.0,1.0,320,97,1,576,False,0.125,5,3,0,3,3,6,1,2,0
801,0,2020-06-24T13:45:00Z,False,0,5/6/2021 0:00,?,0.0,0.0,0.0,0.0,339,814,1,2623,False,0.125,5,15,0,3,3,5,1,2,0
802,0,2020-06-24T12:45:00Z,False,0,?,?,0.0,0.0,0.0,0.0,71,452,1,576,False,,0,0,13,3,0,10,0,0,0
803,0,2020-06-24T11:45:00Z,False,0,6/28/2022 0:00,Serious,0.0,1.0,0.0,1.0,1217,884,1,816,True,0.125,5,15,0,3,3,3,1,2,0
804,0,2020-06-24T11:30:00Z,False,0,1/29/2021 0:00,Minor,0.0,0.0,1.0,1.0,244,2206,1,576,True,0.125,5,15,0,3,3,10,1,2,0
805,0,2020-06-24T08:30:00Z,False,0,1/29/2021 0:00,?,0.0,0.0,0.0,0.0,834,1399,1,2276,False,0.125,5,15,0,3,3,5,1,2,0
806,0,2020-06-24T04:00:00Z,False,0,?,?,0.0,0.0,0.0,0.0,215,267,6,576,False,0.125,9,0,12,1,0,3,0,0,0
807,0,2020-06-23T19:41:00Z,False,0,7/19/2022 0:00,Serious,0.0,2.0,0.0,2.0,320,97,1,170,False,0.125,5,15,0,3,3,4,1,2,0
808,0,2020-06-23T17:01:00Z,False,0,8/16/2022 0:00,Fatal,1.0,1.0,0.0,2.0,450,187,6,576,False,0.125,5,13,0,1,3,6,1,2,1
809,0,2020-06-23T17:00:00Z,False,0,?,Fatal,5.0,0.0,0.0,5.0,250,2100,1,576,False,,0,0,13,1,0,3,0,0,1
810,0,2020-06-23T14:19:00Z,False,0,5/6/2021 0:00,Serious,0.0,1.0,0.0,1.0,296,1814,1,576,False,,0,15,0,3,3,4,1,2,0
811,0,2020-06-23T09:45:00Z,False,0,1/29/2021 0:00,?,0.0,0.0,0.0,0.0,320,45,1,1398,False,0.125,5,13,0,3,3,5,1,2,0
812,0,2020-06-23T09:35:00Z,False,0,12/6/2022 0:00,?,0.0,0.0,0.0,0.0,1052,184,6,2767,False,0.125,5,13,0,3,3,13,1,2,0
813,0,2020-06-23T08:15:00Z,False,0,8/24/2021 0:00,Serious,0.0,1.0,0.0,1.0,864,1992,11,536,False,0.125,5,15,0,3,3,1,1,2,0
814,0,2020-06-22T21:00:00Z,False,0,1/29/2021 0:00,?,0.0,0.0,0.0,0.0,253,1291,1,2712,True,0.125,5,15,0,3,3,10,1,2,0
815,0,2020-06-22T15:30:00Z,False,0,?,Fatal,1.0,0.0,0.0,1.0,896,1659,1,576,False,,0,0,13,1,0,3,0,0,1
816,0,2020-06-22T15:15:00Z,False,0,5/5/2021 0:00,?,0.0,0.0,0.0,0.0,320,87,1,769,False,0.125,5,15,0,3,3,5,1,2,0
817,0,2020-06-22T13:34:00Z,False,0,1/29/2021 0:00,?,0.0,0.0,0.0,0.0,931,1648,1,1111,False,0.125,5,15,0,3,3,5,1,2,0
818,0,2020-06-22T12:40:00Z,False,0,1/29/2021 0:00,?,0.0,0.0,0.0,0.0,320,32,1,1076,False,0.125,5,15,0,3,3,3,1,2,0
819,0,2020-06-21T13:30:00Z,False,0,9/21/2022 0:00,Minor,0.0,0.0,2.0,2.0,24,1868,6,1909,False,0.125,9,15,0,1,3,1,1,2,0
820,0,2020-06-21T08:15:00Z,False,0,5/6/2021 0:00,?,0.0,0.0,0.0,0.0,1144,184,6,576,False,0.125,5,3,0,3,3,6,1,2,0
821,0,2020-06-20T18:54:00Z,False,0,12/14/2021 0:00,Minor,0.0,0.0,1.0,1.0,320,32,1,576,False,0.125,5,15,0,1,3,1,1,2,0
822,0,2020-06-20T10:44:00Z,False,0,2/2/2021 0:00,?,0.0,0.0,0.0,0.0,561,191,1,822,False,,5,6,0,3,3,5,1,2,0
823,0,2020-06-20T08:00:00Z,False,0,5/5/2021 0:00,?,0.0,0.0,0.0,0.0,212,415,1,576,False,0.125,5,15,0,3,1,3,1,2,0
824,0,2020-06-20T04:00:00Z,False,0,?,?,0.0,0.0,0.0,0.0,250,1079,1,576,False,,0,0,13,3,0,3,0,0,0
825,0,2020-06-19T17:40:00Z,False,0,2/2/2021 0:00,?,0.0,0.0,0.0,0.0,166,79,1,576,False,,0,15,0,3,3,3,1,2,0
826,0,2020-06-19T13:45:00Z,False,0,5/5/2021 0:00,?,0.0,0.0,0.0,0.0,250,60,1,70,False,0.125,5,13,0,3,3,5,1,2,0
827,0,2020-06-19T10:35:00Z,False,0,?,?,0.0,0.0,0.0,0.0,346,2068,1,576,False,,0,0,13,3,0,9,0,0,0
828,0,2020-06-18T17:00:00Z,False,0,9/7/2022 0:00,Fatal,1.0,0.0,0.0,1.0,1025,1728,6,576,False,0.125,9,1,9,3,3,6,1,2,1
829,0,2020-06-18T13:45:00Z,False,0,6/14/2022 0:00,?,0.0,0.0,0.0,0.0,320,206,1,883,False,0.25,5,15,0,3,3,5,1,2,0
830,0,2020-06-17T18:00:00Z,False,0,7/26/2023 0:00,Serious,0.0,1.0,0.0,1.0,39,654,1,576,False,0.125,8,1,9,3,3,6,1,2,0
831,0,2020-06-17T18:00:00Z,False,0,6/21/2022 0:00,?,0.0,0.0,0.0,0.0,320,45,1,1210,False,0.125,5,15,0,3,3,10,1,2,0
832,0,2020-06-17T15:00:00Z,False,0,2/2/2021 0:00,?,0.0,0.0,0.0,0.0,212,536,1,1553,False,0.125,5,0,8,3,1,5,1,2,0
833,0,2020-06-17T14:50:00Z,False,0,?,Fatal,2.0,0.0,0.0,2.0,160,142,6,576,False,,0,0,0,1,0,5,0,0,1
834,0,2020-06-17T14:30:00Z,False,0,2/2/2021 0:00,?,0.0,0.0,0.0,0.0,338,820,1,1061,False,,5,15,0,3,3,5,1,2,0
835,0,2020-06-17T12:30:00Z,False,0,1/29/2021 0:00,?,0.0,0.0,0.0,0.0,1258,1762,1,915,True,0.125,5,15,0,3,3,5,1,2,0
836,0,2020-06-17T11:17:00Z,False,0,?,Fatal,1.0,0.0,0.0,1.0,896,1672,1,576,False,,0,0,13,1,0,3,0,0,1
837,0,2020-06-17T10:45:00Z,False,0,2/2/2021 0:00,?,0.0,0.0,0.0,0.0,931,1242,1,2117,False,0.125,5,15,0,3,3,9,1,2,0
838,1,2020-06-16T17:45:00Z,False,0,?,?,0.0,0.0,0.0,?,45,516,1,576,False,,0,0,15,0,0,13,0,0,0
839,0,2020-06-16T12:55:00Z,False,0,1/29/2021 0:00,?,0.0,0.0,0.0,0.0,320,1529,1,580,False,0.125,5,15,0,3,3,5,1,2,0
840,0,2020-06-16T12:00:00Z,False,0,2/2/2021 0:00,?,0.0,0.0,0.0,0.0,1025,1721,6,576,False,0.125,5,1,0,3,3,6,1,2,0
841,0,2020-06-16T11:20:00Z,False,0,8/24/2021 0:00,Minor,0.0,0.0,1.0,1.0,931,1677,1,1097,False,0.125,5,15,0,3,3,5,1,2,0
842,0,2020-06-16T07:30:00Z,False,0,6/14/2022 0:00,Fatal,1.0,0.0,0.0,1.0,121,655,1,576,False,0.125,8,1,9,3,3,6,1,2,1
843,1,2020-06-16T04:00:00Z,False,0,?,?,0.0,0.0,0.0,?,45,523,1,987,False,,0,0,12,0,0,10,0,0,0
844,0,2020-06-15T20:50:00Z,False,0,2/2/2021 0:00,Serious,0.0,1.0,0.0,1.0,375,2207,7,576,True,0.125,5,15,0,2,3,9,1,2,0
845,0,2020-06-15T13:08:00Z,False,0,7/15/2021 0:00,?,0.0,0.0,0.0,0.0,896,1677,1,2852,False,0.125,8,15,0,3,3,5,1,2,0
846,0,2020-06-15T12:30:00Z,False,0,1/29/2021 0:00,?,0.0,0.0,0.0,0.0,320,206,1,766,False,0.25,5,15,0,3,3,5,1,2,0
847,0,2020-06-15T10:30:00Z,False,0,3/18/2022 0:00,?,0.0,0.0,0.0,0.0,320,87,1,1167,False,0.125,5,15,0,3,3,5,1,2,0
848,0,2020-06-14T20:30:00Z,False,0,10/5/2022 0:00,?,0.0,0.0,0.0,0.0,215,289,6,375,False,0.125,5,15,0,3,3,6,1,2,0
849,0,2020-06-13T19:30:00Z,False,0,1/29/2021 0:00,Serious,0.0,1.0,1.0,2.0,320,86,1,255,False,0.125,5,16,0,3,3,5,1,2,0
850,0,2020-06-13T18:25:00Z,False,0,3/18/2022 0:00,Serious,0.0,1.0,1.0,2.0,212,177,1,6,False,0.125,5,15,0,3,3,3,1,2,0
851,0,2020-06-13T16:30:00Z,False,0,1/29/2021 0:00,?,0.0,0.0,0.0,0.0,933,1693,4,2081,True,0.125,5,15,0,3,3,5,1,2,0
852,0,2020-06-13T14:00:00Z,False,0,5/6/2021 0:00,Fatal,1.0,0.0,0.0,1.0,1258,1785,1,2864,True,0.125,5,15,0,1,3,10,1,2,1
853,0,2020-06-13T09:30:00Z,False,0,1/29/2021 0:00,?,0.0,0.0,0.0,0.0,1302,2220,1,2097,False,0.125,5,15,0,3,3,10,1,2,0
854,0,2020-06-12T19:50:00Z,False,0,6/28/2022 0:00,Serious,0.0,1.0,0.0,1.0,1258,1785,1,1365,True,,5,15,0,3,3,4,1,2,0
855,0,2020-06-12T16:30:00Z,False,0,2/2/2021 0:00,?,0.0,0.0,0.0,0.0,320,60,1,1328,False,0.125,5,15,0,3,3,5,1,2,0
856,0,2020-06-12T16:00:00Z,False,0,2/2/2021 0:00,?,0.0,0.0,0.0,0.0,320,60,1,792,False,0.125,5,13,0,3,3,5,1,2,0
857,0,2020-06-12T15:00:00Z,False,0,1/29/2021 0:00,?,0.0,0.0,0.0,0.0,144,1832,1,576,False,,8,1,9,1,3,6,1,2,0
858,0,2020-06-12T13:20:00Z,False,0,2/2/2021 0:00,Serious,0.0,1.0,0.0,1.0,320,2035,1,576,False,0.125,5,1,9,3,3,6,1,2,0
859,0,2020-06-12T10:00:00Z,False,0,5/3/2022 0:00,Minor,0.0,0.0,2.0,2.0,166,442,1,2357,False,0.125,5,13,0,3,3,4,1,2,0
860,1,2020-06-11T07:07:00Z,False,0,?,?,0.0,0.0,0.0,0.0,179,356,1,576,False,,0,0,12,2,0,5,0,0,0
861,0,2020-06-10T16:31:00Z,False,0,8/24/2021 0:00,Fatal,2.0,0.0,0.0,2.0,931,1671,1,2467,False,0.125,5,6,0,1,3,3,1,2,1
862,0,2020-06-09T20:23:00Z,False,0,5/25/2022 0:00,Fatal,1.0,0.0,0.0,1.0,1323,833,1,580,True,0.125,5,15,0,1,3,1,1,2,1
863,0,2020-06-09T12:10:00Z,False,0,2/2/2021 0:00,?,0.0,0.0,0.0,0.0,320,57,1,610,False,0.125,5,13,0,3,3,5,1,2,0
864,0,2020-06-09T11:45:00Z,False,0,1/29/2021 0:00,?,0.0,0.0,0.0,0.0,320,60,1,2417,False,0.125,5,15,0,3,3,5,1,2,0
865,0,2020-06-09T08:46:00Z,False,0,10/5/2022 0:00,Fatal,1.0,0.0,0.0,1.0,1258,1779,1,2405,True,0.125,5,15,0,3,3,1,1,2,1
866,0,2020-06-09T04:00:00Z,False,0,?,?,0.0,0.0,0.0,?,39,659,1,2814,False,,0,22,13,3,0,5,0,0,0
867,0,2020-06-08T15:25:00Z,False,0,2/2/2021 0:00,?,0.0,0.0,0.0,0.0,121,655,1,1514,False,0.125,8,1,9,3,3,10,1,2,0
868,0,2020-06-08T14:00:00Z,False,0,1/29/2021 0:00,?,0.0,0.0,0.0,0.0,320,60,1,1737,False,0.125,5,13,0,3,3,5,1,2,0
869,0,2020-06-08T12:30:00Z,False,0,1/29/2021 0:00,?,0.0,0.0,0.0,0.0,561,191,1,2194,False,0.125,5,15,0,3,3,5,1,2,0
870,1,2020-06-08T12:00:00Z,False,0,?,?,0.0,0.0,0.0,?,179,424,1,576,False,,0,0,12,0,0,1,0,0,0
871,0,2020-06-08T11:00:00Z,False,0,2/2/2021 0:00,Minor,0.0,0.0,1.0,1.0,1241,1785,1,2753,True,0.125,5,15,0,3,3,5,1,2,0
872,0,2020-06-08T10:43:00Z,False,0,?,?,0.0,0.0,0.0,0.0,389,174,1,1074,False,,0,0,15,3,0,5,0,3,0
873,0,2020-06-08T09:46:00Z,False,0,3/18/2022 0:00,Fatal,1.0,0.0,0.0,1.0,495,876,1,796,False,,5,15,0,1,3,10,1,2,1
874,0,2020-06-08T09:45:00Z,False,0,1/27/2022 0:00,?,0.0,0.0,0.0,0.0,931,1540,1,576,False,0.125,5,13,0,3,3,4,1,2,0
875,0,2020-06-08T01:20:00Z,False,0,?,Fatal,2.0,0.0,0.0,2.0,250,45,1,576,False,,0,0,0,3,0,10,0,0,1
876,0,2020-06-07T19:30:00Z,False,0,2/2/2021 0:00,?,0.0,0.0,0.0,0.0,931,1542,1,1806,False,,0,13,0,3,3,5,1,2,0
877,0,2020-06-07T15:13:00Z,False,0,5/5/2021 0:00,?,0.0,0.0,0.0,0.0,1211,47,1,576,True,0.125,5,15,0,3,3,4,1,2,0
878,0,2020-06-07T13:35:00Z,False,0,2/2/2021 0:00,?,0.0,0.0,0.0,0.0,216,52,1,441,False,0.125,5,15,0,3,3,5,1,2,0
879,0,2020-06-07T13:30:00Z,False,0,1/29/2021 0:00,?,0.0,0.0,0.0,0.0,931,1674,1,811,False,0.125,5,15,0,3,3,1,1,2,0
880,0,2020-06-07T09:15:00Z,False,0,1/29/2021 0:00,?,0.0,0.0,0.0,0.0,931,1660,1,1307,False,0.125,5,13,0,3,3,11,1,2,0
881,0,2020-06-07T08:30:00Z,False,0,6/2/2022 0:00,Fatal,1.0,1.0,0.0,2.0,711,1300,1,576,True,0.125,5,15,0,3,3,3,1,2,1
882,0,2020-06-07T04:25:00Z,False,0,3/30/2022 0:00,Fatal,1.0,0.0,0.0,1.0,839,1456,1,1237,False,0.25,8,6,8,1,3,10,1,2,1
883,0,2020-06-06T19:00:00Z,False,0,2/2/2021 0:00,Minor,0.0,0.0,1.0,1.0,41,2213,11,2820,False,0.125,5,15,0,3,3,5,1,2,0
884,0,2020-06-06T15:23:00Z,False,0,5/3/2022 0:00,Fatal,1.0,0.0,0.0,1.0,320,60,1,1818,False,0.125,5,13,0,1,3,6,1,2,1
885,0,2020-06-06T13:45:00Z,False,0,8/31/2021 0:00,?,0.0,0.0,0.0,0.0,931,1540,1,326,False,0.125,5,15,0,3,3,4,1,2,0
886,0,2020-06-05T19:25:00Z,False,0,6/14/2022 0:00,Fatal,2.0,0.0,0.0,2.0,942,840,1,2065,True,0.125,5,11,0,3,3,4,1,2,1
887,0,2020-06-05T19:00:00Z,False,0,5/5/2021 0:00,?,0.0,0.0,0.0,0.0,931,1655,1,2152,False,0.125,5,15,0,3,3,1,1,2,0
888,0,2020-06-05T15:20:00Z,False,0,10/5/2022 0:00,Fatal,5.0,0.0,0.0,5.0,931,1554,1,576,False,0.25,8,15,0,1,1,3,1,2,1
889,0,2020-06-05T13:30:00Z,False,0,1/29/2021 0:00,?,0.0,0.0,0.0,0.0,842,1387,1,1348,False,0.125,5,15,0,3,3,5,1,2,0
890,0,2020-06-05T08:01:00Z,False,0,6/7/2022 0:00,Fatal,3.0,0.0,0.0,3.0,320,80,1,2332,False,0.125,5,15,0,3,1,6,1,2,1
891,0,2020-06-04T18:21:00Z,False,0,11/4/2022 0:00,?,0.0,0.0,0.0,0.0,931,1553,1,2526,False,0.25,5,15,0,3,3,5,1,2,0
892,0,2020-06-04T18:20:00Z,False,0,2/2/2021 0:00,Minor,0.0,0.0,1.0,1.0,931,1648,1,808,False,0.125,5,15,0,3,3,10,1,2,0
893,0,2020-06-04T17:15:00Z,False,0,2/2/2021 0:00,?,0.0,0.0,0.0,0.0,557,1438,4,461,False,0.0,0,15,0,3,3,5,1,2,0
894,0,2020-06-04T15:00:00Z,False,0,2/2/2021 0:00,?,0.0,0.0,0.0,0.0,250,201,1,911,False,0.125,5,15,0,3,3,5,1,2,0
895,0,2020-06-04T12:30:00Z,False,0,1/29/2021 0:00,Minor,0.0,0.0,1.0,1.0,450,295,6,576,False,0.125,9,1,9,3,3,6,1,2,0
896,0,2020-06-04T12:19:00Z,False,0,2/2/2021 0:00,?,0.0,0.0,0.0,0.0,931,1663,1,900,False,0.125,5,15,0,3,3,5,1,2,0
897,0,2020-06-04T11:45:00Z,False,0,1/29/2021 0:00,?,0.0,0.0,0.0,0.0,1167,6,1,2875,False,0.125,5,15,0,3,3,5,1,2,0
898,0,2020-06-04T09:55:00Z,False,0,3/18/2022 0:00,?,0.0,0.0,0.0,0.0,212,175,1,576,False,0.125,5,15,0,3,3,3,1,2,0
899,0,2020-06-04T06:00:00Z,False,0,6/14/2022 0:00,Minor,0.0,0.0,1.0,1.0,563,1130,1,576,False,0.125,8,1,9,3,3,10,1,2,0
900,1,2020-06-03T17:14:00Z,False,0,?,?,0.0,0.0,0.0,?,320,1529,1,1021,False,,0,0,13,0,0,5,0,0,0
901,0,2020-06-03T16:30:00Z,False,0,5/5/2021 0:00,?,0.0,0.0,0.0,0.0,636,540,1,1574,False,,5,15,0,3,3,9,1,2,0
902,0,2020-06-03T16:00:00Z,False,0,2/2/2021 0:00,?,0.0,0.0,0.0,0.0,212,902,1,805,False,0.125,5,15,0,3,3,3,1,2,0
903,0,2020-06-03T15:00:00Z,False,0,2/2/2021 0:00,?,0.0,0.0,0.0,0.0,143,469,1,1272,False,0.125,5,15,0,3,3,5,1,2,0
904,0,2020-06-03T14:00:00Z,False,0,3/18/2022 0:00,?,0.0,0.0,0.0,0.0,931,1668,1,1175,False,0.125,5,13,0,3,3,9,1,2,0
905,0,2020-06-03T09:45:00Z,False,0,2/2/2021 0:00,?,0.0,0.0,0.0,0.0,320,60,1,2767,False,0.125,5,13,0,3,3,10,1,2,0
906,0,2020-06-03T09:14:00Z,False,0,2/2/2021 0:00,Serious,0.0,1.0,0.0,1.0,320,97,1,538,False,0.125,5,15,0,3,3,10,1,2,0
907,0,2020-06-03T08:35:00Z,False,0,1/29/2021 0:00,Minor,0.0,0.0,2.0,2.0,1098,1940,1,1126,False,,0,15,0,3,3,1,1,2,0
908,1,2020-06-03T06:43:00Z,False,0,?,?,0.0,0.0,0.0,0.0,836,1415,1,576,False,,0,0,4,0,0,5,0,0,0
909,0,2020-06-02T19:30:00Z,False,0,6/28/2022 0:00,?,0.0,0.0,0.0,0.0,872,4,1,1275,False,0.125,5,15,0,3,3,5,1,2,0
910,0,2020-06-02T19:30:00Z,False,0,2/2/2021 0:00,?,0.0,0.0,0.0,0.0,320,106,1,2155,False,0.125,5,13,0,3,3,5,1,2,0
911,0,2020-06-02T16:30:00Z,False,0,2/2/2021 0:00,?,0.0,0.0,0.0,0.0,320,57,1,766,False,0.125,5,15,0,3,3,5,1,2,0
912,0,2020-06-02T16:15:00Z,False,0,5/6/2021 0:00,Serious,0.0,1.0,1.0,2.0,842,1384,1,529,False,0.125,5,15,0,3,3,4,1,2,0
913,0,2020-06-02T13:33:00Z,False,0,6/28/2022 0:00,Fatal,2.0,1.0,0.0,3.0,931,1657,1,2490,False,0.25,5,11,0,3,3,10,1,2,1
914,0,2020-06-02T12:50:00Z,False,0,3/22/2023 0:00,Fatal,3.0,0.0,0.0,3.0,215,142,6,576,False,0.125,9,8,7,3,3,6,1,2,1
915,0,2020-06-02T04:00:00Z,False,0,?,?,0.0,0.0,0.0,0.0,250,2116,1,1765,False,,0,0,15,3,0,10,0,0,0
916,0,2020-06-01T20:20:00Z,False,0,2/2/2021 0:00,?,0.0,0.0,0.0,0.0,931,1648,1,576,False,0.125,5,15,0,3,3,1,1,2,0
917,0,2020-06-01T17:15:00Z,False,0,8/26/2021 0:00,?,0.0,0.0,0.0,0.0,842,1384,1,2816,False,0.125,5,15,0,3,3,3,1,2,0
918,0,2020-06-01T12:30:00Z,False,0,1/29/2021 0:00,?,0.0,0.0,0.0,0.0,212,237,1,1316,False,0.125,5,16,0,3,3,5,1,2,0
919,0,2020-06-01T10:53:00Z,False,0,1/29/2021 0:00,?,0.0,0.0,0.0,0.0,642,1236,1,576,False,0.125,5,15,0,3,3,3,1,2,0
920,0,2020-06-01T10:20:00Z,False,0,8/24/2021 0:00,?,0.0,0.0,0.0,0.0,1167,6,1,836,False,0.125,5,15,0,3,3,5,1,2,0
921,0,2020-05-31T17:57:00Z,False,0,5/19/2022 0:00,Fatal,1.0,1.0,0.0,2.0,338,816,1,576,True,0.125,5,15,0,3,3,6,1,2,1
922,0,2020-05-31T16:45:00Z,False,0,5/5/2021 0:00,?,0.0,0.0,0.0,0.0,1323,833,1,2185,True,0.125,5,15,0,3,3,5,1,2,0
923,0,2020-05-31T16:17:00Z,False,0,2/2/2021 0:00,?,0.0,0.0,0.0,0.0,39,658,1,576,False,0.125,8,10,0,3,3,10,1,2,0
924,0,2020-05-31T15:46:00Z,False,0,3/18/2022 0:00,Fatal,4.0,0.0,0.0,4.0,896,1660,1,576,False,0.125,5,15,0,1,3,6,1,2,1
925,0,2020-05-31T13:45:00Z,False,0,?,?,0.0,0.0,0.0,0.0,269,1959,1,576,False,,0,0,15,3,0,13,0,3,0
926,0,2020-05-31T13:30:00Z,False,0,7/12/2022 0:00,Fatal,2.0,1.0,0.0,3.0,896,1660,1,210,False,0.125,5,15,0,3,3,10,1,2,1
927,0,2020-05-31T13:30:00Z,False,0,2/2/2021 0:00,?,0.0,0.0,0.0,0.0,320,1529,1,1340,False,0.125,5,15,0,3,3,1,1,2,0
928,0,2020-05-31T12:33:00Z,False,0,3/18/2022 0:00,?,0.0,0.0,0.0,0.0,1317,1972,1,576,True,0.125,5,15,0,3,3,10,1,2,0
929,0,2020-05-31T11:00:00Z,False,0,5/5/2021 0:00,?,0.0,0.0,0.0,0.0,320,60,1,276,False,0.125,5,15,0,3,3,10,1,2,0
930,0,2020-05-30T20:27:00Z,False,0,5/5/2021 0:00,?,0.0,0.0,0.0,0.0,320,45,1,1287,False,0.125,5,15,0,3,3,5,1,2,0
931,0,2020-05-30T15:31:00Z,False,0,?,Fatal,1.0,0.0,0.0,1.0,908,1828,1,576,False,0.125,0,0,13,1,0,6,0,3,1
932,0,2020-05-30T14:15:00Z,False,0,2/2/2021 0:00,?,0.0,0.0,0.0,0.0,215,142,6,1089,False,0.125,9,16,0,3,3,10,1,2,0
933,0,2020-05-30T11:32:00Z,False,0,7/12/2022 0:00,Fatal,1.0,0.0,0.0,1.0,1144,185,6,465,False,0.125,5,13,0,1,3,4,1,2,1
934,0,2020-05-29T18:30:00Z,False,0,8/31/2021 0:00,?,0.0,0.0,0.0,0.0,320,97,1,576,False,0.125,5,15,0,3,3,5,1,2,0
935,0,2020-05-29T17:15:00Z,False,0,3/18/2022 0:00,Minor,0.0,0.0,1.0,1.0,831,1403,5,839,False,,5,13,0,3,3,4,1,2,0
936,0,2020-05-29T14:45:00Z,False,0,2/2/2021 0:00,?,0.0,0.0,0.0,0.0,563,1130,1,517,False,0.125,5,1,9,3,3,10,1,2,0
937,0,2020-05-29T14:30:00Z,False,0,1/29/2021 0:00,Minor,0.0,0.0,1.0,1.0,1218,2084,1,576,True,,5,15,0,3,3,5,1,2,0
938,0,2020-05-29T11:30:00Z,False,0,6/14/2022 0:00,?,0.0,0.0,0.0,0.0,931,1586,1,1878,False,0.125,5,15,0,3,3,4,1,2,0
939,0,2020-05-28T16:00:00Z,False,0,3/18/2022 0:00,Serious,0.0,4.0,0.0,4.0,1028,298,1,576,False,0.25,5,19,14,3,3,9,1,2,0
940,0,2020-05-28T15:30:00Z,False,0,2/2/2021 0:00,?,0.0,0.0,0.0,0.0,324,436,1,464,False,0.125,5,15,0,3,3,4,1,2,0
941,0,2020-05-28T14:10:00Z,False,0,6/2/2022 0:00,Fatal,1.0,0.0,0.0,1.0,300,886,5,576,True,0.125,5,15,0,1,3,3,1,2,1
942,0,2020-05-28T10:00:00Z,False,0,2/2/2021 0:00,Minor,0.0,0.0,1.0,1.0,931,1648,1,2298,False,0.125,5,15,0,3,3,10,1,2,0
943,0,2020-05-27T15:30:00Z,False,0,2/2/2021 0:00,?,0.0,0.0,0.0,0.0,324,441,1,576,False,0.125,5,15,0,3,3,5,1,2,0
944,0,2020-05-27T14:58:00Z,False,0,6/8/2023 0:00,Fatal,1.0,0.0,0.0,1.0,212,231,1,576,False,0.125,5,9,0,3,3,3,1,2,1
945,0,2020-05-27T11:54:00Z,False,0,?,Fatal,1.0,0.0,0.0,1.0,250,32,1,1045,False,,0,0,15,1,0,13,0,0,1
946,0,2020-05-26T14:30:00Z,False,0,6/14/2022 0:00,?,0.0,0.0,0.0,0.0,931,1658,1,2803,False,0.125,5,15,0,3,3,1,1,2,0
947,0,2020-05-26T10:20:00Z,False,0,5/5/2021 0:00,?,0.0,0.0,0.0,0.0,320,28,1,671,False,0.125,5,15,0,3,3,5,1,2,0
948,0,2020-05-26T10:15:00Z,False,0,5/5/2021 0:00,?,0.0,0.0,0.0,0.0,401,1289,1,1311,True,0.125,5,15,0,3,3,5,1,2,0
949,0,2020-05-25T12:30:00Z,False,0,?,Fatal,1.0,1.0,0.0,2.0,379,918,1,1796,False,0.125,5,13,13,3,0,10,0,0,1
950,0,2020-05-25T11:40:00Z,False,0,2/2/2021 0:00,?,0.0,0.0,0.0,0.0,324,441,1,576,False,0.125,5,15,0,3,3,10,1,2,0
951,0,2020-05-23T19:00:00Z,False,0,2/2/2021 0:00,?,0.0,0.0,0.0,0.0,320,23,1,576,False,0.125,5,15,0,3,3,1,1,2,0
952,0,2020-05-23T17:49:00Z,False,0,5/5/2021 0:00,?,0.0,0.0,0.0,0.0,891,576,1,1447,True,0.125,5,15,0,3,3,5,1,2,0
953,0,2020-05-23T15:59:00Z,False,0,5/5/2021 0:00,Minor,0.0,0.0,1.0,1.0,121,655,1,209,False,,8,1,9,3,3,10,1,2,0
954,0,2020-05-22T19:18:00Z,False,0,5/5/2021 0:00,?,0.0,0.0,0.0,0.0,320,97,1,2868,False,0.125,5,11,0,3,3,5,1,2,0
955,0,2020-05-22T19:00:00Z,False,0,2/2/2021 0:00,Minor,0.0,0.0,1.0,1.0,144,1800,1,576,False,,0,1,9,3,3,10,1,2,0
956,0,2020-05-22T14:15:00Z,False,0,3/18/2022 0:00,?,0.0,0.0,0.0,0.0,896,1660,1,576,False,0.125,5,15,0,3,3,3,1,2,0
957,0,2020-05-22T11:23:00Z,False,0,5/5/2021 0:00,?,0.0,0.0,0.0,0.0,324,441,1,1899,False,0.125,5,15,0,3,3,5,1,2,0
958,0,2020-05-22T04:00:00Z,False,0,?,Fatal,97.0,2.0,0.0,99.0,45,516,1,1598,False,,0,0,12,1,0,1,0,0,1
959,0,2020-05-21T19:15:00Z,False,0,1/29/2021 0:00,?,0.0,0.0,0.0,0.0,1258,1785,1,1365,True,0.125,5,15,0,3,3,5,1,2,0
960,0,2020-05-21T19:12:00Z,False,0,6/3/2022 0:00,?,0.0,0.0,0.0,0.0,166,452,1,576,False,0.125,5,15,0,3,3,3,1,2,0
961,0,2020-05-21T14:20:00Z,False,0,5/5/2021 0:00,?,0.0,0.0,0.0,0.0,320,60,1,1394,False,0.125,5,3,0,3,3,5,1,2,0
962,0,2020-05-20T16:40:00Z,False,0,5/19/2022 0:00,Fatal,2.0,0.0,0.0,2.0,320,2036,1,1141,False,0.125,5,15,0,3,3,1,1,2,1
963,0,2020-05-20T10:43:00Z,False,0,6/21/2022 0:00,Fatal,1.0,0.0,0.0,1.0,328,1958,1,2539,False,0.125,5,15,0,1,3,1,1,2,1
964,0,2020-05-20T09:46:00Z,False,0,5/5/2021 0:00,?,0.0,0.0,0.0,0.0,320,1717,1,539,False,0.125,5,15,0,3,3,10,1,2,0
965,0,2020-05-20T09:33:00Z,False,0,6/1/2021 0:00,?,0.0,0.0,0.0,0.0,215,1504,6,576,False,0.125,9,15,0,3,3,2,1,2,0
966,0,2020-05-19T19:30:00Z,False,0,7/12/2022 0:00,?,0.0,0.0,0.0,0.0,320,303,1,1376,False,0.25,6,15,0,3,3,5,1,2,0
967,0,2020-05-19T16:45:00Z,False,0,5/5/2021 0:00,?,0.0,0.0,0.0,0.0,743,2006,1,1866,True,0.125,5,11,0,3,3,10,1,2,0
968,0,2020-05-19T15:16:00Z,False,0,7/7/2022 0:00,?,0.0,0.0,0.0,0.0,179,356,1,576,False,,0,0,4,3,3,4,1,2,0
969,0,2020-05-18T11:10:00Z,False,0,5/19/2022 0:00,?,0.0,0.0,0.0,0.0,212,1078,1,2705,False,0.25,8,7,0,3,3,4,1,2,0
970,0,2020-05-17T11:45:00Z,False,0,11/4/2022 0:00,Minor,0.0,0.0,1.0,1.0,212,229,1,930,False,0.125,5,15,0,3,3,1,1,2,0
971,0,2020-05-17T10:00:00Z,False,0,?,Fatal,1.0,0.0,0.0,1.0,874,684,1,576,True,,0,0,15,1,0,1,0,3,1
972,0,2020-05-16T19:10:00Z,False,0,5/5/2021 0:00,Minor,0.0,0.0,1.0,1.0,1009,1045,6,2323,False,0.125,5,15,0,3,3,6,1,2,0
973,0,2020-05-16T19:00:00Z,False,0,2/2/2021 0:00,?,0.0,0.0,0.0,0.0,320,116,1,1741,False,0.125,5,15,0,3,3,5,1,2,0
974,0,2020-05-16T17:00:00Z,False,0,2/2/2021 0:00,?,0.0,0.0,0.0,0.0,320,201,1,2192,False,0.125,5,15,0,3,3,5,1,2,0
975,0,2020-05-16T10:45:00Z,False,0,2/2/2021 0:00,?,0.0,0.0,0.0,0.0,1325,2241,1,757,True,0.125,5,15,0,3,3,5,1,2,0
976,0,2020-05-16T09:40:00Z,False,0,2/2/2021 0:00,?,0.0,0.0,0.0,0.0,931,1543,1,576,False,0.125,5,15,0,3,3,10,1,2,0
977,0,2020-05-16T09:20:00Z,False,0,6/21/2022 0:00,Minor,0.0,0.0,2.0,2.0,1246,889,1,2659,False,0.125,5,15,0,3,3,1,1,2,0
978,0,2020-05-16T05:47:00Z,False,0,2/2/2021 0:00,Serious,0.0,1.0,0.0,1.0,37,2061,11,781,False,0.125,5,15,0,0,3,9,1,2,0
979,0,2020-05-15T18:45:00Z,False,0,2/2/2021 0:00,?,0.0,0.0,0.0,0.0,143,498,1,576,False,0.125,5,15,0,3,3,5,1,2,0
980,0,2020-05-15T18:15:00Z,False,0,3/18/2022 0:00,Fatal,1.0,0.0,0.0,1.0,320,1529,1,772,False,0.125,5,15,0,3,3,1,1,2,1
981,0,2020-05-15T16:30:00Z,False,0,5/5/2021 0:00,Serious,0.0,1.0,0.0,1.0,320,60,1,576,False,0.125,5,15,0,3,3,3,1,2,0
982,0,2020-05-15T16:25:00Z,False,0,2/2/2021 0:00,?,0.0,0.0,0.0,0.0,931,1648,1,2521,False,0.125,5,15,0,3,3,5,1,2,0
983,0,2020-05-15T15:20:00Z,False,0,5/5/2021 0:00,?,0.0,0.0,0.0,0.0,320,23,1,576,False,0.125,5,15,0,3,1,5,1,2,0
984,0,2020-05-15T14:10:00Z,False,0,6/14/2022 0:00,Fatal,1.0,0.0,0.0,1.0,451,272,1,2374,False,0.125,5,15,0,1,3,1,1,2,1
985,0,2020-05-15T13:57:00Z,False,0,6/28/2022 0:00,Serious,0.0,1.0,0.0,1.0,69,550,1,742,False,0.125,5,15,0,3,3,10,1,2,0
986,0,2020-05-15T10:26:00Z,False,0,5/5/2021 0:00,?,0.0,0.0,0.0,?,513,1441,10,2501,False,,8,22,14,1,3,5,1,2,0
987,0,2020-05-14T22:00:00Z,False,0,3/18/2022 0:00,Fatal,1.0,1.0,0.0,2.0,320,491,1,576,False,0.125,5,0,8,3,2,3,1,2,1
988,0,2020-05-14T09:50:00Z,False,0,4/18/2022 0:00,?,0.0,0.0,0.0,0.0,320,60,1,576,False,0.125,5,3,0,3,3,6,1,2,0
989,0,2020-05-14T03:15:00Z,False,0,2/2/2021 0:00,?,0.0,0.0,0.0,0.0,160,1506,6,576,False,0.125,9,15,0,3,3,6,1,2,0
990,0,2020-05-13T08:42:00Z,False,0,4/18/2022 0:00,?,0.0,0.0,0.0,0.0,842,1387,1,999,False,0.125,5,15,0,3,3,6,1,2,0
991,0,2020-05-12T11:26:00Z,False,0,3/16/2022 0:00,Fatal,1.0,0.0,0.0,1.0,212,1073,1,2848,False,0.125,5,15,0,1,3,10,1,2,1
992,0,2020-05-12T08:58:00Z,False,0,9/7/2022 0:00,Fatal,1.0,1.0,0.0,2.0,931,1672,1,1398,False,0.25,5,13,0,1,3,3,1,2,1
993,0,2020-05-12T04:00:00Z,False,0,?,Fatal,1.0,0.0,0.0,1.0,396,1303,1,2810,False,,0,0,13,3,0,10,0,0,1
994,0,2020-05-11T19:00:00Z,False,0,2/2/2021 0:00,?,0.0,0.0,0.0,0.0,931,1655,1,1251,False,0.125,5,15,0,3,3,5,1,2,0
995,0,2020-05-11T15:00:00Z,False,0,2/2/2021 0:00,Minor,0.0,0.0,1.0,1.0,1142,2176,4,576,False,0.125,5,15,0,3,3,6,1,2,0
996,0,2020-05-11T12:53:00Z,False,0,2/2/2021 0:00,?,0.0,0.0,0.0,0.0,746,1306,4,683,False,,0,15,0,3,3,5,1,2,0
997,0,2020-05-10T04:00:00Z,False,0,2/2/2021 0:00,Minor,0.0,0.0,4.0,4.0,215,2125,6,2174,False,0.25,9,17,14,3,3,10,1,2,0
998,0,2020-05-09T15:13:00Z,False,0,2/2/2021 0:00,Minor,0.0,0.0,2.0,2.0,320,261,1,1365,False,0.25,5,3,0,3,3,2,1,2,0
999,0,2020-05-09T13:19:00Z,False,0,5/19/2022 0:00,Fatal,1.0,0.0,0.0,1.0,166,451,1,800,False,0.125,5,12,0,1,3,10,1,2,1
1000,0,2020-05-09T12:10:00Z,False,0,6/14/2022 0:00,?,0.0,0.0,0.0,0.0,144,1832,1,1462,False,0.125,9,1,9,3,3,5,1,2,0
1001,0,2020-05-09T11:27:00Z,False,0,?,Fatal,2.0,0.0,0.0,2.0,896,1674,1,576,False,,0,22,13,0,0,13,0,0,1
1002,0,2020-05-09T06:45:00Z,False,0,5/5/2021 0:00,Serious,0.0,1.0,0.0,1.0,1224,2090,1,206,True,0.125,5,11,0,3,3,3,1,2,0
1003,0,2020-05-08T20:50:00Z,False,0,3/30/2022 0:00,?,0.0,0.0,0.0,0.0,212,121,1,2412,False,0.25,8,0,8,3,3,5,1,2,0
1004,0,2020-05-08T10:55:00Z,False,0,5/5/2021 0:00,?,0.0,0.0,0.0,0.0,861,1933,1,384,False,,0,15,0,3,3,5,1,2,0
1005,0,2020-05-08T10:45:00Z,False,0,2/2/2021 0:00,?,0.0,0.0,0.0,0.0,845,819,1,1340,False,0.125,5,15,0,3,3,5,1,2,0
1006,0,2020-05-07T15:13:00Z,False,0,12/14/2021 0:00,Fatal,1.0,0.0,0.0,1.0,320,2045,1,1247,False,0.125,5,15,0,1,3,4,1,2,1
1007,0,2020-05-06T21:30:00Z,False,0,?,Fatal,3.0,0.0,0.0,3.0,250,97,1,576,False,0.125,5,0,13,1,0,13,0,0,1
1008,0,2020-05-06T16:50:00Z,False,0,5/5/2021 0:00,?,0.0,0.0,0.0,0.0,250,2049,1,2611,False,0.125,5,15,0,3,3,5,1,2,0
1009,0,2020-05-06T08:30:00Z,False,0,2/2/2021 0:00,?,0.0,0.0,0.0,0.0,320,97,1,1726,False,0.125,5,15,0,3,3,11,1,2,0
1010,0,2020-05-06T01:45:00Z,False,0,?,Fatal,1.0,1.0,0.0,2.0,723,229,1,2414,False,,0,0,13,3,0,1,0,0,1
1011,0,2020-05-05T19:00:00Z,False,0,8/31/2021 0:00,?,0.0,0.0,0.0,0.0,320,116,1,576,False,0.125,5,15,0,3,3,6,1,2,0
1012,0,2020-05-05T18:30:00Z,False,0,2/2/2021 0:00,?,0.0,0.0,0.0,0.0,320,87,1,2747,False,0.125,5,15,0,3,3,10,1,2,0
1013,0,2020-05-05T12:35:00Z,False,0,5/5/2021 0:00,Minor,0.0,0.0,1.0,1.0,753,2009,1,1865,False,,5,15,0,3,3,10,1,2,0
1014,0,2020-05-04T13:30:00Z,False,0,?,?,0.0,0.0,0.0,0.0,819,798,1,576,False,,0,0,13,3,0,10,0,0,0
1015,0,2020-05-03T15:50:00Z,False,0,2/2/2021 0:00,?,0.0,0.0,0.0,0.0,1302,1709,1,1400,False,0.125,5,15,0,3,3,5,1,2,0
1016,1,2020-05-03T13:15:00Z,False,0,12/20/2021 0:00,?,0.0,0.0,0.0,0.0,47,607,6,202,False,0.125,9,15,0,0,3,1,1,2,0
1017,0,2020-05-03T11:10:00Z,False,0,5/3/2022 0:00,Fatal,1.0,0.0,0.0,1.0,956,1802,1,614,True,0.125,5,11,0,1,3,1,1,2,1
1018,0,2020-05-03T10:50:00Z,False,0,2/2/2021 0:00,?,0.0,0.0,0.0,0.0,842,1388,1,605,False,0.125,5,15,0,3,3,5,1,2,0
1019,0,2020-05-02T16:00:00Z,False,0,3/16/2022 0:00,Fatal,1.0,0.0,0.0,1.0,1313,2214,1,392,False,0.125,5,15,0,1,3,6,1,2,1
1020,0,2020-05-02T09:30:00Z,False,0,6/14/2022 0:00,Minor,0.0,0.0,1.0,1.0,320,60,1,1013,False,0.125,5,15,0,3,3,10,1,2,0
1021,0,2020-05-02T07:00:00Z,False,0,2/2/2021 0:00,?,0.0,0.0,0.0,0.0,362,937,1,779,False,0.125,5,11,0,3,3,10,1,2,0
1022,0,2020-05-02T02:03:00Z,False,0,10/5/2022 0:00,Fatal,1.0,1.0,0.0,2.0,781,239,6,576,False,0.125,9,18,14,3,3,6,1,2,1
1023,0,2020-05-01T04:00:00Z,False,0,?,Fatal,2.0,0.0,0.0,2.0,541,556,1,576,False,,0,0,13,3,0,5,0,0,1
1024,0,2020-05-01T04:00:00Z,False,0,?,Fatal,2.0,0.0,0.0,?,1078,1851,6,576,False,,0,0,15,3,0,13,0,0,1
1025,0,2020-04-30T17:15:00Z,False,0,2/2/2021 0:00,?,0.0,0.0,0.0,0.0,541,1137,1,1988,False,0.25,5,15,0,3,3,5,1,2,0
1026,0,2020-04-30T14:30:00Z,False,0,5/3/2022 0:00,?,0.0,0.0,0.0,0.0,451,272,1,576,False,0.125,5,15,0,3,3,3,1,2,0
1027,0,2020-04-30T14:00:00Z,False,0,5/5/2021 0:00,Minor,0.0,0.0,1.0,1.0,320,491,1,576,False,0.125,5,15,0,3,3,5,1,2,0
1028,0,2020-04-30T12:30:00Z,False,0,3/11/2022 0:00,Fatal,1.0,0.0,0.0,1.0,931,1584,1,576,False,0.25,5,14,0,3,3,3,1,2,1
1029,0,2020-04-28T19:30:00Z,False,0,?,Fatal,1.0,0.0,0.0,1.0,896,1550,1,576,False,,0,0,6,0,0,13,0,0,1
1030,0,2020-04-28T17:52:00Z,False,0,4/6/2022 0:00,Minor,0.0,0.0,1.0,1.0,320,83,1,576,False,0.125,5,15,0,3,3,3,1,2,0
1031,0,2020-04-28T09:58:00Z,False,0,5/5/2021 0:00,Minor,0.0,0.0,1.0,1.0,320,2041,1,576,False,0.125,5,15,0,3,1,3,1,2,0
1032,0,2020-04-27T18:00:00Z,False,0,5/6/2021 0:00,?,0.0,0.0,0.0,0.0,931,1660,1,1804,False,0.125,5,15,0,3,3,5,1,2,0
1033,0,2020-04-27T17:35:00Z,False,0,4/6/2022 0:00,Minor,0.0,0.0,1.0,1.0,931,1671,1,1902,False,0.125,5,15,0,3,3,1,1,2,0
1034,0,2020-04-27T08:20:00Z,False,0,2/2/2021 0:00,?,0.0,0.0,0.0,0.0,287,1940,1,816,True,,5,15,0,3,3,5,1,2,0
1035,0,2020-04-26T08:45:00Z,False,0,8/3/2020 0:00,?,0.0,0.0,0.0,0.0,931,1547,1,1219,False,0.125,5,13,0,3,3,5,1,2,0
1036,0,2020-04-25T13:40:00Z,False,0,5/19/2022 0:00,?,0.0,0.0,0.0,0.0,931,1660,1,1391,False,0.125,5,15,0,3,3,1,1,2,0
1037,0,2020-04-25T12:40:00Z,False,0,7/15/2021 0:00,?,0.0,0.0,0.0,0.0,620,239,6,576,False,0.125,9,8,7,3,3,6,1,2,0
1038,0,2020-04-25T12:15:00Z,False,0,8/3/2020 0:00,?,0.0,0.0,0.0,0.0,114,429,1,2298,False,0.125,5,15,0,3,3,5,1,2,0
1039,0,2020-04-25T12:00:00Z,False,0,9/21/2020 0:00,Minor,0.0,0.0,1.0,1.0,931,1648,1,764,False,0.125,5,15,0,3,3,5,1,2,0
1040,0,2020-04-24T16:00:00Z,False,0,5/3/2022 0:00,Fatal,1.0,1.0,0.0,2.0,215,2124,6,576,False,0.125,9,16,0,3,3,3,1,2,1
1041,0,2020-04-24T15:18:00Z,False,0,6/21/2022 0:00,?,0.0,0.0,0.0,0.0,626,14,1,1248,False,0.25,6,15,0,3,3,10,1,2,0
1042,0,2020-04-24T13:00:00Z,False,0,6/14/2022 0:00,Fatal,3.0,0.0,0.0,3.0,212,229,1,576,False,0.125,5,15,0,1,3,2,1,2,1
1043,0,2020-04-24T10:45:00Z,False,0,6/21/2022 0:00,?,0.0,0.0,0.0,0.0,710,771,1,576,False,0.125,5,15,0,3,3,3,1,2,0
1044,0,2020-04-23T21:39:00Z,False,0,3/11/2022 0:00,Fatal,1.0,0.0,0.0,1.0,26,325,1,576,False,0.25,5,15,0,1,3,3,1,2,1
1045,0,2020-04-23T20:21:00Z,False,0,?,Fatal,2.0,0.0,0.0,2.0,1241,1783,1,576,True,0.125,0,15,13,1,0,6,0,0,1
1046,0,2020-04-23T16:00:00Z,False,0,5/19/2022 0:00,Serious,0.0,1.0,0.0,1.0,927,1683,1,1381,False,0.125,8,16,0,3,3,3,1,2,0
1047,0,2020-04-23T09:25:00Z,False,0,9/21/2020 0:00,?,0.0,0.0,0.0,0.0,1258,1760,1,1443,False,0.125,5,15,0,3,3,10,1,2,0
1048,0,2020-04-22T17:55:00Z,False,0,9/21/2020 0:00,?,0.0,0.0,0.0,0.0,320,60,1,2620,False,0.125,5,16,0,3,3,1,1,2,0
1049,0,2020-04-22T17:00:00Z,False,0,9/21/2020 0:00,?,0.0,0.0,0.0,0.0,1025,1721,6,1125,False,0.125,5,13,0,3,3,2,1,2,0
1050,0,2020-04-22T17:00:00Z,False,0,9/21/2020 0:00,?,0.0,0.0,0.0,0.0,75,582,1,605,False,0.125,5,15,0,3,3,5,1,2,0
1051,0,2020-04-22T11:10:00Z,False,0,8/19/2022 0:00,?,0.0,0.0,0.0,0.0,345,2010,1,1777,False,0.125,5,13,0,3,3,10,1,2,0
1052,0,2020-04-21T18:00:00Z,False,0,6/29/2020 0:00,?,0.0,0.0,0.0,0.0,121,630,1,576,False,0.125,8,1,9,3,3,10,1,2,0
1053,0,2020-04-21T13:45:00Z,False,0,9/21/2020 0:00,Serious,0.0,1.0,0.0,1.0,563,556,1,1257,False,0.125,5,15,0,3,3,1,1,2,0
1054,0,2020-04-21T11:15:00Z,False,0,9/21/2020 0:00,?,0.0,0.0,0.0,0.0,121,630,1,576,False,0.125,8,1,9,3,3,5,1,2,0
1055,0,2020-04-20T17:45:00Z,False,0,9/21/2020 0:00,?,0.0,0.0,0.0,0.0,476,128,1,2108,False,,5,15,0,3,3,4,1,2,0
1056,0,2020-04-20T13:30:00Z,False,0,9/21/2020 0:00,?,0.0,0.0,0.0,0.0,320,32,1,332,False,0.125,5,15,0,3,3,5,1,2,0
1057,0,2020-04-20T11:50:00Z,False,0,?,Fatal,1.0,0.0,0.0,1.0,501,2139,6,576,False,,0,14,13,3,0,10,0,0,1
1058,0,2020-04-20T09:50:00Z,False,0,12/8/2022 0:00,Fatal,1.0,0.0,0.0,1.0,931,1667,1,729,False,,8,15,0,1,3,4,1,2,1
1059,0,2020-04-20T07:30:00Z,False,0,2/1/2023 0:00,Serious,0.0,3.0,0.0,3.0,1150,1847,6,2121,False,,9,0,8,3,3,6,1,2,0
1060,0,2020-04-19T17:30:00Z,False,0,9/21/2020 0:00,Minor,0.0,0.0,2.0,2.0,320,60,1,576,False,0.125,5,15,0,3,3,6,1,2,0
1061,0,2020-04-19T15:00:00Z,False,0,5/5/2021 0:00,?,0.0,0.0,0.0,0.0,931,1543,1,576,False,0.125,5,15,0,3,3,10,1,2,0
1062,0,2020-04-19T11:15:00Z,False,0,6/29/2020 0:00,?,0.0,0.0,0.0,0.0,716,1983,1,884,True,0.125,5,15,0,3,3,5,1,2,0
1063,0,2020-04-19T10:40:00Z,False,0,4/6/2022 0:00,Serious,0.0,1.0,1.0,2.0,250,45,1,612,False,0.125,5,15,0,3,3,1,1,2,0
1064,0,2020-04-18T14:30:00Z,False,0,9/21/2020 0:00,?,0.0,0.0,0.0,0.0,931,1666,1,626,False,,5,15,0,3,3,5,1,2,0
1065,0,2020-04-18T13:00:00Z,False,0,?,Fatal,1.0,0.0,0.0,1.0,896,1659,1,576,False,,0,0,13,1,2,5,0,0,1
1066,0,2020-04-18T12:45:00Z,False,0,6/29/2020 0:00,?,0.0,0.0,0.0,0.0,445,993,1,100,False,0.125,5,5,0,3,3,5,1,2,0
1067,0,2020-04-18T10:41:00Z,False,0,6/2/2022 0:00,Fatal,1.0,1.0,0.0,2.0,320,2100,1,674,False,0.125,5,15,0,1,3,4,1,2,1
1068,0,2020-04-17T11:00:00Z,False,0,8/3/2020 0:00,?,0.0,0.0,0.0,0.0,598,767,1,666,True,0.125,5,15,0,3,3,5,1,2,0
1069,0,2020-04-16T17:35:00Z,False,0,9/21/2020 0:00,?,0.0,0.0,0.0,0.0,320,60,1,133,False,0.125,5,13,0,3,3,5,1,2,0
1070,0,2020-04-16T14:30:00Z,False,0,9/21/2020 0:00,?,0.0,0.0,0.0,0.0,320,87,1,551,False,0.125,5,15,0,3,3,5,1,2,0
1071,0,2020-04-16T11:45:00Z,False,0,5/3/2022 0:00,?,0.0,0.0,0.0,0.0,212,237,1,576,False,0.125,5,15,0,3,3,3,1,2,0
1072,0,2020-04-13T19:55:00Z,False,0,5/5/2021 0:00,?,0.0,0.0,0.0,0.0,320,261,1,1463,False,0.25,5,0,8,3,3,10,1,2,0
1073,0,2020-04-13T16:30:00Z,False,0,?,Fatal,1.0,0.0,0.0,1.0,279,794,1,2455,True,,0,0,13,1,0,4,0,0,1
1074,0,2020-04-12T14:50:00Z,False,0,?,Serious,0.0,2.0,1.0,3.0,250,2051,1,576,False,,0,0,13,1,0,5,0,3,0
1075,0,2020-04-12T14:30:00Z,False,0,2/2/2021 0:00,?,0.0,0.0,0.0,0.0,457,987,1,819,False,,5,15,0,3,3,5,1,2,0
1076,0,2020-04-12T04:00:00Z,False,0,?,Serious,0.0,1.0,0.0,1.0,179,356,1,576,False,,0,0,12,0,0,3,0,0,0
1077,0,2020-04-11T20:25:00Z,False,0,3/11/2022 0:00,Serious,0.0,2.0,2.0,4.0,320,492,1,943,False,0.125,5,15,0,3,3,2,1,2,0
1078,0,2020-04-10T17:44:00Z,False,0,9/21/2020 0:00,Minor,0.0,0.0,2.0,2.0,935,1828,1,576,False,0.125,5,15,0,3,3,3,1,2,0
1079,0,2020-04-10T13:32:00Z,False,0,6/14/2022 0:00,Minor,0.0,0.0,1.0,1.0,931,1630,1,576,False,0.125,5,15,0,3,3,3,1,2,0
1080,0,2020-04-10T12:25:00Z,False,0,3/11/2022 0:00,?,0.0,0.0,0.0,0.0,212,229,1,576,False,0.125,5,15,0,3,3,3,1,2,0
1081,0,2020-04-10T10:40:00Z,False,0,6/29/2020 0:00,?,0.0,0.0,0.0,0.0,933,1911,1,576,False,0.125,5,15,0,3,3,6,1,2,0
1082,0,2020-04-10T00:08:00Z,False,0,6/29/2020 0:00,?,0.0,0.0,0.0,0.0,931,1648,1,1373,False,0.125,5,15,0,3,3,5,1,2,0
1083,0,2020-04-09T21:00:00Z,False,0,5/6/2022 0:00,Fatal,2.0,0.0,0.0,2.0,138,1358,1,1829,True,0.125,5,13,0,1,3,4,1,2,1
1084,0,2020-04-09T17:00:00Z,False,0,9/7/2022 0:00,Fatal,1.0,0.0,0.0,1.0,934,2001,1,2005,False,0.125,5,15,0,1,3,6,1,2,1
1085,0,2020-04-09T14:00:00Z,False,0,2/2/2021 0:00,?,0.0,0.0,0.0,0.0,24,1866,6,1223,False,,9,6,0,3,3,5,1,2,0
1086,0,2020-04-09T11:30:00Z,False,0,6/21/2022 0:00,?,0.0,0.0,0.0,0.0,230,772,1,2298,True,0.125,5,13,0,3,3,4,1,2,0
1087,0,2020-04-07T19:45:00Z,False,0,3/11/2022 0:00,Fatal,1.0,0.0,0.0,1.0,121,629,1,576,False,,8,1,9,1,3,6,1,2,1
1088,1,2020-04-07T16:40:00Z,False,0,?,?,0.0,0.0,0.0,0.0,250,337,1,576,False,,0,0,12,2,0,13,0,0,0
1089,0,2020-04-07T14:00:00Z,False,0,4/6/2022 0:00,Fatal,1.0,0.0,0.0,1.0,1142,1966,4,442,False,,0,15,0,3,3,6,1,2,1
1090,0,2020-04-07T12:30:00Z,False,0,6/29/2020 0:00,?,0.0,0.0,0.0,0.0,931,1545,1,576,False,0.125,5,15,0,3,3,1,1,2,0
1091,0,2020-04-06T14:10:00Z,False,0,6/21/2022 0:00,?,0.0,0.0,0.0,0.0,1025,1725,6,1357,False,0.125,5,15,0,3,3,10,1,2,0
1092,0,2020-04-06T14:01:00Z,False,0,?,?,0.0,0.0,0.0,0.0,1097,2071,1,1116,False,,0,0,15,3,0,10,0,0,0
1093,0,2020-04-06T12:00:00Z,False,0,8/27/2020 0:00,?,0.0,0.0,0.0,0.0,1025,1721,6,576,False,0.125,5,14,0,3,3,6,1,2,0
1094,0,2020-04-06T09:20:00Z,False,0,7/12/2022 0:00,Fatal,1.0,0.0,0.0,1.0,713,1090,1,2809,True,,0,15,0,3,3,6,1,2,1
1095,0,2020-04-04T19:00:00Z,False,0,4/6/2022 0:00,?,0.0,0.0,0.0,0.0,320,86,1,2606,False,0.125,5,15,0,3,3,4,1,2,0
1096,0,2020-04-04T17:30:00Z,False,0,2/2/2021 0:00,?,0.0,0.0,0.0,0.0,740,1321,1,576,False,0.125,5,15,0,3,3,10,1,2,0
1097,0,2020-04-04T10:44:00Z,False,0,8/27/2020 0:00,Serious,0.0,2.0,0.0,2.0,957,681,1,576,True,,5,15,0,3,3,6,1,2,0
1098,0,2020-04-03T11:00:00Z,False,0,?,?,0.0,0.0,0.0,0.0,993,1725,6,576,False,,0,0,12,0,0,3,0,3,0
1099,0,2020-04-02T18:30:00Z,False,0,6/29/2020 0:00,?,0.0,0.0,0.0,0.0,324,568,1,405,False,0.125,5,15,0,3,3,5,1,2,0
1100,0,2020-04-01T14:30:00Z,False,0,8/3/2020 0:00,?,0.0,0.0,0.0,0.0,320,60,1,1398,False,0.125,5,13,0,3,3,1,1,2,0
1101,0,2020-04-01T13:10:00Z,False,0,3/11/2022 0:00,?,0.0,0.0,0.0,0.0,212,229,1,68,False,0.125,5,15,0,3,3,5,1,2,0
1102,0,2020-04-01T09:00:00Z,False,0,6/29/2020 0:00,?,0.0,0.0,0.0,0.0,404,921,1,1206,False,0.25,5,13,0,3,3,1,1,2,0
1103,0,2020-03-31T18:44:00Z,False,0,6/29/2020 0:00,?,0.0,0.0,0.0,0.0,896,1604,1,1942,False,0.125,5,13,0,3,3,5,1,2,0
1104,0,2020-03-31T16:26:00Z,False,0,3/11/2022 0:00,Fatal,2.0,0.0,0.0,2.0,996,1727,6,576,False,0.125,5,3,0,1,3,6,1,2,1
1105,0,2020-03-31T15:45:00Z,False,0,8/27/2020 0:00,?,0.0,0.0,0.0,0.0,931,1663,1,2735,False,0.125,5,15,0,3,3,11,1,2,0
1106,0,2020-03-30T11:30:00Z,False,0,?,Serious,0.0,1.0,0.0,1.0,741,1335,1,1028,False,,0,0,15,3,0,13,0,3,0
1107,0,2020-03-30T09:30:00Z,False,0,2/2/2021 0:00,?,0.0,0.0,0.0,0.0,320,60,1,1126,False,0.125,5,13,0,3,3,5,1,2,0
1108,0,2020-03-29T15:18:00Z,False,0,3/11/2022 0:00,Fatal,1.0,0.0,0.0,1.0,824,1533,1,1381,True,0.125,5,15,0,1,3,1,1,2,1
1109,0,2020-03-29T11:58:00Z,False,0,?,Fatal,8.0,0.0,0.0,8.0,638,13,1,576,False,,0,0,13,1,0,10,0,0,1
1110,0,2020-03-29T11:42:00Z,False,0,4/18/2022 0:00,?,0.0,0.0,0.0,0.0,250,60,1,1684,False,0.125,5,15,0,3,3,5,1,2,0
1111,0,2020-03-28T14:47:00Z,False,0,4/21/2022 0:00,?,0.0,0.0,0.0,0.0,1196,2019,1,124,False,0.125,5,15,0,3,3,4,1,2,0
1112,1,2020-03-27T18:58:00Z,False,0,?,?,?,?,?,?,179,426,1,576,False,,0,0,12,0,0,9,0,3,0
1113,0,2020-03-27T18:00:00Z,False,0,6/29/2020 0:00,?,0.0,0.0,0.0,0.0,931,1668,1,1167,False,0.125,5,15,0,3,3,5,1,2,0
1114,0,2020-03-27T14:00:00Z,False,0,6/29/2020 0:00,?,0.0,0.0,0.0,0.0,328,1958,1,438,False,0.125,5,15,0,3,3,5,1,2,0
1115,0,2020-03-27T11:30:00Z,False,0,6/29/2020 0:00,?,0.0,0.0,0.0,0.0,1270,2014,1,558,True,0.125,5,15,0,3,3,10,1,2,0
1116,1,2020-03-27T03:30:00Z,False,0,?,?,0.0,0.0,0.0,?,45,510,1,1087,False,0.25,6,0,12,2,0,1,0,0,0
1117,0,2020-03-27T00:15:00Z,False,0,8/27/2020 0:00,?,0.0,0.0,0.0,0.0,112,298,1,2165,False,0.25,5,0,8,3,3,5,1,2,0
1118,0,2020-03-25T18:30:00Z,False,0,5/5/2021 0:00,?,0.0,0.0,0.0,0.0,320,32,1,2614,False,0.125,5,15,0,3,3,4,1,2,0
1119,0,2020-03-25T16:55:00Z,False,0,5/5/2021 0:00,Serious,0.0,1.0,0.0,1.0,320,2041,1,1499,False,0.125,5,15,0,3,3,10,1,2,0
1120,0,2020-03-24T20:45:00Z,False,0,?,Fatal,1.0,0.0,0.0,1.0,160,142,6,2448,False,0.125,9,0,15,1,3,13,0,0,1
1121,0,2020-03-24T08:15:00Z,False,0,?,?,0.0,0.0,0.0,?,1030,2134,6,576,False,,0,0,13,1,0,5,0,0,0
1122,0,2020-03-23T21:03:00Z,False,0,3/23/2022 0:00,Fatal,2.0,0.0,0.0,2.0,834,1444,1,576,False,0.125,5,15,0,1,1,3,1,2,1
1123,0,2020-03-23T04:00:00Z,False,0,?,Fatal,1.0,1.0,0.0,2.0,160,142,6,576,False,,0,0,15,0,0,3,0,0,1
1124,0,2020-03-22T16:30:00Z,False,0,5/5/2021 0:00,Serious,0.0,1.0,0.0,1.0,184,890,1,2298,True,0.125,5,15,0,3,3,1,1,2,0
1125,0,2020-03-22T13:00:00Z,False,0,3/16/2022 0:00,?,0.0,0.0,0.0,0.0,320,83,1,404,False,0.125,5,15,0,3,3,5,1,2,0
1126,0,2020-03-22T12:20:00Z,False,0,6/29/2020 0:00,?,0.0,0.0,0.0,0.0,250,80,1,2602,False,0.125,5,11,0,3,3,5,1,2,0
1127,0,2020-03-21T18:59:00Z,False,0,12/14/2021 0:00,Fatal,1.0,0.0,0.0,1.0,320,206,1,1504,False,0.25,5,15,0,3,3,3,1,2,1
1128,0,2020-03-21T15:42:00Z,False,0,6/29/2020 0:00,?,0.0,0.0,0.0,0.0,139,672,6,2267,False,0.125,9,11,0,3,3,1,1,2,0
1129,0,2020-03-21T13:50:00Z,False,0,?,?,0.0,0.0,0.0,0.0,931,1657,1,2031,False,,0,0,12,0,0,4,0,0,0
1130,0,2020-03-21T12:18:00Z,False,0,9/21/2020 0:00,?,0.0,0.0,0.0,0.0,682,1254,1,2261,True,0.125,5,15,0,3,3,5,1,2,0
1131,0,2020-03-21T07:38:00Z,False,0,6/8/2021 0:00,?,0.0,0.0,0.0,0.0,220,394,1,1620,False,0.25,0,0,4,3,3,5,1,2,0
1132,0,2020-03-20T17:58:00Z,False,0,6/29/2020 0:00,?,0.0,0.0,0.0,0.0,931,1648,1,576,False,0.125,5,15,0,3,3,5,1,2,0
1133,0,2020-03-18T22:47:00Z,False,0,5/6/2022 0:00,Fatal,1.0,0.0,0.0,1.0,931,1663,1,576,False,0.125,5,15,0,1,1,1,1,2,1
1134,0,2020-03-18T17:00:00Z,False,0,3/30/2022 0:00,Serious,0.0,1.0,0.0,1.0,931,1553,1,2169,False,0.25,5,15,0,1,3,10,1,2,0
1135,0,2020-03-18T12:00:00Z,False,0,6/29/2020 0:00,?,0.0,0.0,0.0,0.0,320,60,1,732,False,0.125,5,15,0,3,3,10,1,2,0
1136,1,2020-03-18T04:00:00Z,False,0,?,?,0.0,0.0,0.0,?,45,523,1,576,False,,6,0,12,2,0,10,0,0,0
1137,0,2020-03-17T15:50:00Z,False,0,11/4/2022 0:00,?,0.0,0.0,0.0,0.0,328,1959,1,576,False,0.125,5,15,0,3,1,1,1,2,0
1138,0,2020-03-17T15:35:00Z,False,0,8/27/2020 0:00,?,0.0,0.0,0.0,0.0,320,60,1,1805,False,0.125,5,13,0,3,3,10,1,2,0
1139,0,2020-03-17T09:19:00Z,False,0,4/18/2022 0:00,Fatal,1.0,0.0,0.0,1.0,320,154,1,576,False,0.125,8,0,8,1,1,3,1,2,1
1140,0,2020-03-17T09:14:00Z,False,0,6/29/2020 0:00,Minor,0.0,0.0,1.0,1.0,320,60,1,2139,False,0.125,5,13,0,3,3,5,1,2,0
1141,0,2020-03-16T17:20:00Z,False,0,3/30/2022 0:00,Serious,0.0,1.0,1.0,2.0,931,1655,1,2265,False,0.125,5,13,0,3,3,1,1,2,0
1142,0,2020-03-16T04:00:00Z,False,0,?,Fatal,1.0,0.0,0.0,1.0,250,83,1,1036,False,,0,0,13,1,0,6,0,3,1
1143,0,2020-03-15T17:30:00Z,False,0,?,Fatal,1.0,0.0,0.0,1.0,896,1659,1,576,False,,0,0,12,1,0,6,0,0,1
1144,0,2020-03-14T16:00:00Z,False,0,6/21/2022 0:00,?,0.0,0.0,0.0,0.0,1020,1202,1,2454,False,0.25,6,7,0,3,3,5,1,2,0
1145,0,2020-03-14T13:15:00Z,False,0,4/18/2022 0:00,?,0.0,0.0,0.0,0.0,320,97,1,576,False,0.125,5,15,0,3,3,3,1,2,0
1146,0,2020-03-13T21:42:00Z,False,0,?,Fatal,2.0,0.0,0.0,2.0,250,308,1,2592,False,0.25,0,0,13,3,0,5,0,3,1
1147,0,2020-03-13T17:44:00Z,False,0,?,Fatal,1.0,0.0,0.0,1.0,896,1660,1,576,False,,0,0,13,3,0,3,0,3,1
1148,0,2020-03-13T14:47:00Z,False,0,5/3/2022 0:00,Fatal,2.0,0.0,0.0,2.0,842,1388,1,2779,False,0.125,5,15,0,3,1,1,1,2,1
1149,0,2020-03-13T12:10:00Z,False,0,8/27/2020 0:00,?,0.0,0.0,0.0,0.0,896,1552,1,2380,False,0.125,5,13,0,3,3,5,1,2,0
1150,0,2020-03-13T08:30:00Z,False,0,?,Fatal,2.0,0.0,0.0,2.0,320,206,1,2435,False,0.25,5,0,12,3,0,13,0,0,1
1151,0,2020-03-12T16:22:00Z,False,0,4/6/2022 0:00,Minor,0.0,0.0,1.0,1.0,931,1660,1,777,False,0.125,5,13,0,3,3,10,1,2,0
1152,0,2020-03-12T11:20:00Z,False,0,6/29/2020 0:00,?,0.0,0.0,0.0,0.0,320,60,1,2191,False,0.125,5,13,0,3,3,5,1,2,0
1153,0,2020-03-11T23:45:00Z,False,0,1/25/2024 0:00,?,0.0,0.0,0.0,0.0,996,1727,6,576,False,0.125,0,1,9,3,3,6,1,2,0
1154,0,2020-03-11T16:45:00Z,False,0,8/3/2020 0:00,Serious,0.0,1.0,0.0,0.0,114,429,1,1446,False,,0,15,0,3,3,9,1,2,0
1155,0,2020-03-11T14:30:00Z,False,0,4/18/2022 0:00,Fatal,1.0,0.0,0.0,1.0,320,86,1,264,False,0.125,5,15,0,3,3,4,1,2,1
1156,0,2020-03-11T06:36:00Z,False,0,3/11/2022 0:00,Serious,0.0,1.0,0.0,1.0,931,1670,1,2384,False,0.125,5,15,0,1,1,1,1,2,0
1157,0,2020-03-11T04:00:00Z,False,0,?,Fatal,5.0,0.0,0.0,5.0,320,265,1,576,False,0.25,5,0,12,1,0,5,0,0,1
1158,0,2020-03-10T16:45:00Z,False,0,8/27/2020 0:00,?,0.0,0.0,0.0,0.0,134,581,1,576,False,0.125,5,15,0,3,3,6,1,2,0
1159,0,2020-03-09T20:30:00Z,False,0,6/29/2020 0:00,?,0.0,0.0,0.0,0.0,320,60,1,722,False,0.125,5,13,0,3,3,10,1,2,0
1160,0,2020-03-08T19:54:00Z,False,0,?,?,0.0,0.0,0.0,0.0,220,404,1,576,False,0.25,0,0,4,3,0,5,0,3,0
1161,0,2020-03-08T16:30:00Z,False,0,6/29/2020 0:00,Minor,0.0,0.0,1.0,1.0,896,1662,1,1972,False,0.125,5,15,0,3,3,5,1,2,0
1162,0,2020-03-08T10:00:00Z,False,0,4/6/2022 0:00,?,0.0,0.0,0.0,0.0,212,2145,1,992,False,0.125,5,15,0,3,3,1,1,2,0
1163,0,2020-03-07T13:40:00Z,False,0,6/29/2020 0:00,Minor,0.0,0.0,1.0,1.0,1168,565,1,420,True,0.125,5,15,0,3,3,6,1,2,0
1164,0,2020-03-07T12:00:00Z,False,0,6/29/2020 0:00,?,0.0,0.0,0.0,0.0,338,812,1,576,False,0.125,5,15,0,3,3,5,1,2,0
1165,0,2020-03-07T11:15:00Z,False,0,3/11/2022 0:00,?,0.0,0.0,0.0,0.0,842,1384,1,576,False,0.125,5,15,0,3,3,3,1,2,0
1166,0,2020-03-06T23:43:00Z,False,0,6/29/2020 0:00,?,0.0,0.0,0.0,0.0,842,1388,1,2001,False,0.125,5,15,0,3,3,5,1,2,0
1167,0,2020-03-06T14:16:00Z,False,0,6/21/2022 0:00,Fatal,1.0,0.0,0.0,1.0,132,546,1,1805,False,0.125,5,11,0,3,3,6,1,2,1
1168,0,2020-03-06T12:15:00Z,False,0,8/3/2020 0:00,?,0.0,0.0,0.0,0.0,398,955,1,775,False,0.25,8,13,0,3,3,5,1,2,0
1169,0,2020-03-06T11:40:00Z,False,0,6/29/2020 0:00,?,0.0,0.0,0.0,0.0,931,1663,1,1707,False,0.125,5,15,0,3,3,10,1,2,0
1170,0,2020-03-05T15:22:00Z,False,0,1/28/2021 0:00,?,0.0,0.0,0.0,0.0,931,1657,1,2786,False,0.25,5,13,0,3,3,4,1,2,0
1171,1,2020-03-05T13:14:00Z,False,0,?,?,0.0,0.0,0.0,0.0,449,1036,1,576,False,,0,0,4,0,0,4,0,0,0
1172,0,2020-03-05T12:30:00Z,False,0,8/16/2022 0:00,Minor,0.0,0.0,2.0,2.0,452,1002,6,576,False,,9,0,8,3,3,5,1,2,0
1173,0,2020-03-05T09:15:00Z,False,0,6/29/2020 0:00,Serious,0.0,1.0,0.0,1.0,320,154,1,2338,False,0.125,8,0,8,3,1,5,1,2,0
1174,0,2020-03-05T00:15:00Z,False,0,3/11/2022 0:00,Minor,0.0,0.0,1.0,1.0,250,97,1,876,False,0.125,5,15,0,3,3,5,1,2,0
1175,0,2020-03-04T22:30:00Z,False,0,3/23/2022 0:00,Minor,0.0,0.0,1.0,1.0,250,156,1,576,False,0.125,5,15,0,3,3,3,1,2,0
1176,0,2020-03-04T19:42:00Z,False,0,5/6/2021 0:00,?,0.0,0.0,0.0,0.0,215,142,6,576,False,0.125,9,0,8,3,3,3,1,2,0
1177,0,2020-03-04T15:02:00Z,False,0,6/29/2020 0:00,?,0.0,0.0,0.0,0.0,1258,1785,1,1417,True,0.125,5,15,0,3,3,5,1,2,0
1178,0,2020-03-04T13:40:00Z,False,0,5/3/2022 0:00,Minor,0.0,0.0,1.0,1.0,495,876,1,576,False,0.125,5,15,0,3,3,3,1,2,0
1179,0,2020-03-03T18:06:00Z,False,0,6/29/2020 0:00,?,0.0,0.0,0.0,0.0,320,60,1,1454,False,0.125,5,13,0,3,3,5,1,2,0
1180,0,2020-03-03T18:00:00Z,False,0,6/29/2020 0:00,Minor,0.0,0.0,1.0,1.0,320,1526,1,29,False,0.125,5,13,0,3,3,13,1,2,0
1181,0,2020-03-03T17:34:00Z,False,0,12/20/2022 0:00,Fatal,3.0,0.0,0.0,3.0,931,1677,1,576,False,0.125,5,15,0,1,1,3,1,2,1
1182,0,2020-03-03T09:47:00Z,False,0,3/11/2022 0:00,Fatal,3.0,0.0,0.0,3.0,320,60,1,576,False,0.125,5,3,0,1,3,6,1,2,1
1183,0,2020-03-03T09:30:00Z,False,0,8/31/2021 0:00,Minor,0.0,0.0,2.0,2.0,324,438,1,508,False,0.125,5,15,0,3,3,5,1,2,0
1184,0,2020-03-01T15:00:00Z,False,0,6/29/2020 0:00,Serious,0.0,2.0,0.0,2.0,746,1305,4,277,False,,0,13,0,3,3,1,1,2,0
1185,1,2020-03-01T05:00:00Z,False,0,?,?,0.0,0.0,0.0,?,179,356,1,576,False,,0,0,12,0,0,4,0,0,0
1186,0,2020-02-29T16:34:00Z,False,0,3/11/2022 0:00,?,0.0,0.0,0.0,0.0,1325,833,1,2691,True,0.125,5,15,0,3,3,3,1,2,0
1187,0,2020-02-29T13:35:00Z,False,0,9/21/2020 0:00,?,0.0,0.0,0.0,0.0,744,229,1,645,False,0.25,6,16,0,3,1,1,1,2,0
1188,0,2020-02-29T11:00:00Z,False,0,6/29/2020 0:00,Minor,0.0,0.0,1.0,1.0,931,1543,1,576,False,0.125,5,15,0,3,3,5,1,2,0
1189,0,2020-02-29T10:25:00Z,False,0,6/29/2020 0:00,Serious,0.0,1.0,0.0,1.0,931,1660,1,1451,False,0.125,5,15,0,0,3,9,1,2,0
1190,0,2020-02-28T20:49:00Z,False,0,3/11/2022 0:00,Fatal,1.0,0.0,0.0,1.0,320,32,1,2254,False,0.125,5,15,0,1,3,1,1,2,1
1191,0,2020-02-28T17:40:00Z,False,0,6/29/2020 0:00,?,0.0,0.0,0.0,0.0,931,1648,1,722,False,0.125,5,15,0,3,3,4,1,2,0
1192,0,2020-02-28T17:13:00Z,False,0,?,Fatal,1.0,0.0,0.0,1.0,993,1725,6,576,False,,0,0,15,3,0,13,0,0,1
1193,0,2020-02-28T16:30:00Z,False,0,4/6/2022 0:00,?,0.0,0.0,0.0,0.0,931,1660,1,1985,False,0.125,5,13,0,3,3,10,1,2,0
1194,0,2020-02-28T16:00:00Z,False,0,6/29/2020 0:00,?,0.0,0.0,0.0,0.0,711,318,1,2183,False,0.125,5,15,0,3,3,4,1,2,0
1195,0,2020-02-28T13:45:00Z,False,0,6/29/2020 0:00,?,0.0,0.0,0.0,0.0,340,1107,1,63,True,0.125,5,15,0,3,3,5,1,2,0
1196,0,2020-02-28T12:51:00Z,False,0,3/11/2022 0:00,?,0.0,0.0,0.0,0.0,931,1677,1,2495,False,0.125,5,15,0,3,3,1,1,2,0
1197,1,2020-02-28T12:35:00Z,False,0,?,?,0.0,0.0,0.0,?,179,356,1,1065,False,,0,0,12,0,0,10,0,0,0
1198,0,2020-02-28T11:50:00Z,False,0,8/27/2020 0:00,?,0.0,0.0,0.0,0.0,1323,823,1,2125,False,0.125,5,13,0,3,3,5,1,2,0
1199,0,2020-02-28T10:30:00Z,False,0,6/29/2020 0:00,?,0.0,0.0,0.0,0.0,320,45,1,2763,False,0.125,5,13,0,3,3,5,1,2,0
1200,1,2020-02-27T19:10:00Z,False,0,?,?,0.0,0.0,0.0,?,220,356,1,576,False,0.25,6,0,4,0,0,3,0,0,0
1201,0,2020-02-27T18:00:00Z,False,0,8/3/2020 0:00,Minor,0.0,0.0,1.0,1.0,324,436,1,2298,False,0.125,5,15,0,3,3,1,1,2,0
1202,0,2020-02-27T16:00:00Z,False,0,6/14/2022 0:00,?,0.0,0.0,0.0,0.0,320,57,1,736,False,0.125,5,15,0,3,3,3,1,2,0
1203,0,2020-02-27T13:25:00Z,False,0,8/3/2020 0:00,?,0.0,0.0,0.0,0.0,955,1885,1,506,True,,5,11,0,3,3,5,1,2,0
1204,0,2020-02-27T10:15:00Z,False,0,8/3/2020 0:00,?,0.0,0.0,0.0,0.0,320,60,1,2714,False,0.125,5,13,0,3,3,6,1,2,0
1205,0,2020-02-26T17:45:00Z,False,0,3/16/2022 0:00,Minor,0.0,0.0,1.0,1.0,747,686,1,576,True,0.125,5,15,0,3,3,2,1,2,0
1206,0,2020-02-26T14:55:00Z,False,0,8/27/2020 0:00,?,0.0,0.0,0.0,0.0,320,60,1,2837,False,0.125,5,15,0,3,3,5,1,2,0
1207,1,2020-02-26T05:00:00Z,False,0,?,?,0.0,0.0,0.0,?,126,523,1,576,False,0.25,6,0,15,0,0,4,0,0,0
1208,0,2020-02-26T00:56:00Z,False,0,8/27/2020 0:00,?,0.0,0.0,0.0,0.0,744,313,1,744,False,0.25,6,0,8,3,1,5,1,2,0
1209,0,2020-02-25T13:20:00Z,False,0,3/11/2022 0:00,?,0.0,0.0,0.0,0.0,451,272,1,2666,False,,5,15,0,3,3,4,1,2,0
1210,0,2020-02-25T11:30:00Z,False,0,5/5/2021 0:00,?,0.0,0.0,0.0,0.0,121,630,1,576,False,0.125,8,1,9,3,3,6,1,2,0
1211,0,2020-02-25T05:00:00Z,False,0,?,?,0.0,0.0,0.0,0.0,179,356,1,576,False,,0,0,12,3,0,10,0,0,0
1212,0,2020-02-24T00:08:00Z,False,0,3/11/2022 0:00,Fatal,1.0,0.0,0.0,1.0,631,1480,6,576,True,0.125,5,15,0,3,3,13,1,2,1
1213,0,2020-02-23T15:30:00Z,False,0,?,?,0.0,0.0,0.0,0.0,182,854,1,576,False,,0,0,15,0,0,5,0,0,0
1214,0,2020-02-23T15:15:00Z,False,0,2/2/2021 0:00,Minor,0.0,0.0,1.0,1.0,212,319,1,981,False,0.25,5,16,0,3,3,5,1,2,0
1215,0,2020-02-23T14:30:00Z,False,0,?,Fatal,2.0,0.0,0.0,2.0,1016,1965,1,576,False,0.125,0,0,13,3,0,3,0,3,1
1216,0,2020-02-23T11:30:00Z,False,0,?,?,0.0,0.0,0.0,0.0,157,319,1,576,False,0.25,0,15,13,3,3,3,0,3,0
1217,0,2020-02-22T16:50:00Z,False,0,8/27/2020 0:00,?,0.0,0.0,0.0,0.0,320,491,1,15,False,0.125,5,15,0,3,3,5,1,2,0
1218,0,2020-02-22T16:20:00Z,False,0,8/27/2020 0:00,?,0.0,0.0,0.0,0.0,121,630,1,209,False,0.125,8,16,0,3,3,5,1,2,0
1219,0,2020-02-22T15:30:00Z,False,0,8/27/2020 0:00,Minor,0.0,0.0,1.0,1.0,332,18,1,2130,False,0.125,5,13,0,3,3,5,1,2,0
1220,0,2020-02-22T14:46:00Z,False,0,8/27/2020 0:00,Minor,0.0,0.0,1.0,1.0,143,485,1,2107,False,0.125,5,15,0,3,3,5,1,2,0
1221,0,2020-02-22T12:11:00Z,False,0,3/11/2022 0:00,Fatal,1.0,0.0,0.0,1.0,212,536,1,576,False,0.125,5,15,0,1,3,3,1,2,1
1222,0,2020-02-22T10:20:00Z,False,0,3/11/2022 0:00,Fatal,2.0,0.0,0.0,2.0,250,201,1,2242,False,0.125,5,13,0,3,3,4,1,2,1
1223,0,2020-02-21T13:15:00Z,False,0,8/27/2020 0:00,?,0.0,0.0,0.0,0.0,873,1318,1,1192,False,0.125,5,15,0,3,3,5,1,2,0
1224,0,2020-02-20T18:24:00Z,False,0,?,Fatal,1.0,0.0,0.0,1.0,896,1680,1,576,False,,0,0,13,1,0,1,0,0,1
1225,0,2020-02-20T17:10:00Z,False,0,2/2/2021 0:00,Minor,0.0,0.0,1.0,1.0,1025,1725,6,32,False,0.125,5,0,8,3,3,3,1,2,0
1226,0,2020-02-20T13:45:00Z,False,0,8/25/2020 0:00,?,0.0,0.0,0.0,0.0,320,306,1,948,False,0.25,6,15,0,3,3,5,1,2,0
1227,0,2020-02-20T12:00:00Z,False,0,8/25/2020 0:00,?,0.0,0.0,0.0,0.0,320,60,1,715,False,0.125,5,15,0,3,3,5,1,2,0
1228,0,2020-02-20T07:00:00Z,False,0,3/11/2022 0:00,Fatal,3.0,0.0,0.0,3.0,212,130,1,576,False,0.25,8,15,0,1,1,3,1,2,1
1229,0,2020-02-19T16:00:00Z,False,0,2/2/2021 0:00,?,0.0,0.0,0.0,0.0,320,97,1,576,False,0.125,5,15,0,3,3,5,1,2,0
1230,0,2020-02-19T05:00:00Z,False,0,?,Fatal,4.0,0.0,0.0,4.0,157,1676,1,576,False,,0,0,0,1,0,6,0,0,1
1231,0,2020-02-18T20:15:00Z,False,0,8/25/2020 0:00,?,0.0,0.0,0.0,0.0,215,1501,6,576,False,0.125,9,1,9,3,3,6,1,2,0
1232,0,2020-02-18T19:50:00Z,False,0,5/5/2021 0:00,?,0.0,0.0,0.0,0.0,320,86,1,2583,False,0.125,5,13,0,3,3,5,1,2,0
1233,0,2020-02-18T18:00:00Z,False,0,?,Fatal,1.0,0.0,0.0,1.0,720,1591,1,576,False,0.125,5,1,13,1,0,13,0,0,1
1234,0,2020-02-18T16:50:00Z,False,0,8/25/2020 0:00,?,0.0,0.0,0.0,0.0,115,607,6,2763,False,0.125,9,13,0,3,3,2,1,2,0
1235,0,2020-02-18T09:20:00Z,False,0,8/27/2020 0:00,?,0.0,0.0,0.0,0.0,1025,1721,6,576,False,0.125,5,3,0,3,3,10,1,2,0
1236,0,2020-02-17T19:45:00Z,False,0,?,Fatal,2.0,0.0,0.0,2.0,250,32,1,576,False,,0,0,13,1,0,3,0,0,1
1237,0,2020-02-17T16:15:00Z,False,0,8/25/2020 0:00,?,0.0,0.0,0.0,0.0,1144,184,6,2162,False,0.125,5,13,0,3,3,6,1,2,0
1238,0,2020-02-17T14:35:00Z,False,0,5/19/2022 0:00,Serious,0.0,4.0,0.0,4.0,320,60,1,201,False,0.125,5,13,0,3,3,4,1,2,0
1239,1,2020-02-17T03:10:00Z,False,0,?,?,0.0,0.0,0.0,0.0,421,1037,1,576,False,,0,0,12,2,0,5,0,0,0
1240,0,2020-02-16T16:02:00Z,False,0,5/5/2021 0:00,Minor,0.0,0.0,1.0,1.0,320,57,1,275,False,0.125,5,15,0,3,3,10,1,2,0
1241,0,2020-02-16T14:20:00Z,False,0,?,?,0.0,0.0,0.0,0.0,896,1668,1,576,False,,0,0,13,1,0,4,0,0,0
1242,0,2020-02-16T13:50:00Z,False,0,8/27/2020 0:00,?,0.0,0.0,0.0,0.0,931,1660,1,518,False,0.125,5,13,0,3,3,5,1,2,0
1243,0,2020-02-16T12:30:00Z,False,0,8/25/2020 0:00,?,0.0,0.0,0.0,0.0,320,60,1,2361,False,0.125,5,15,0,3,3,1,1,2,0
1244,0,2020-02-16T05:00:00Z,False,0,?,?,0.0,0.0,0.0,?,34,673,6,576,False,,0,0,15,0,0,3,0,0,0
1245,0,2020-02-15T15:38:00Z,False,0,4/6/2022 0:00,Minor,0.0,0.0,1.0,1.0,1028,11,1,972,False,0.125,5,15,0,3,3,5,1,2,0
1246,0,2020-02-15T14:00:00Z,False,0,5/5/2021 0:00,Minor,0.0,0.0,1.0,1.0,320,32,1,269,False,0.125,5,15,0,3,3,1,1,2,0
1247,0,2020-02-15T10:13:00Z,False,0,8/25/2020 0:00,?,0.0,0.0,0.0,0.0,320,97,1,1374,False,0.125,5,15,0,3,3,1,1,2,0
1248,1,2020-02-15T08:42:00Z,False,0,9/30/2022 0:00,?,0.0,0.0,0.0,0.0,126,512,1,2536,False,0.25,6,0,4,0,3,1,1,2,0
1249,0,2020-02-15T08:00:00Z,False,0,8/25/2020 0:00,?,0.0,0.0,0.0,0.0,1258,1785,1,2732,True,,5,15,0,1,3,9,1,2,0
1250,0,2020-02-15T05:00:00Z,False,0,?,Serious,0.0,1.0,2.0,3.0,179,356,1,576,False,,0,0,12,0,0,3,0,0,0
1251,0,2020-02-14T14:35:00Z,False,0,8/25/2020 0:00,?,0.0,0.0,0.0,0.0,842,1388,1,1909,False,0.125,5,15,0,3,3,1,1,2,0
1252,0,2020-02-14T11:55:00Z,False,0,8/25/2020 0:00,?,0.0,0.0,0.0,0.0,1025,1725,6,576,False,0.125,5,6,0,3,3,6,1,2,0
1253,0,2020-02-13T14:15:00Z,False,0,8/25/2020 0:00,?,0.0,0.0,0.0,0.0,320,2094,1,2139,False,0.125,5,15,0,3,3,5,1,2,0
1254,0,2020-02-13T12:26:00Z,False,0,3/11/2022 0:00,Fatal,2.0,0.0,0.0,2.0,842,1387,1,755,False,0.125,5,15,0,3,3,1,1,2,1
1255,0,2020-02-12T22:15:00Z,False,0,5/5/2021 0:00,?,0.0,0.0,0.0,0.0,926,1516,1,732,False,0.25,8,6,0,3,1,5,1,2,0
1256,0,2020-02-12T21:44:00Z,False,0,?,Fatal,4.0,0.0,0.0,4.0,896,1666,1,576,False,,0,0,13,1,0,4,0,0,1
1257,0,2020-02-12T16:27:00Z,False,0,5/19/2022 0:00,?,0.0,0.0,0.0,0.0,320,316,1,576,False,0.25,6,7,0,3,3,3,1,2,0
1258,0,2020-02-12T15:12:00Z,False,0,8/25/2020 0:00,?,0.0,0.0,0.0,0.0,320,261,1,1403,False,0.25,5,16,0,3,3,4,1,2,0
1259,1,2020-02-12T10:00:00Z,False,0,5/3/2022 0:00,?,0.0,0.0,0.0,0.0,45,502,1,576,False,0.25,6,0,12,0,2,3,1,2,0
1260,0,2020-02-12T05:00:00Z,False,0,3/11/2022 0:00,Fatal,1.0,0.0,0.0,1.0,752,443,1,576,False,0.125,5,15,0,1,2,13,1,2,1
1261,0,2020-02-10T13:45:00Z,False,0,8/25/2020 0:00,?,0.0,0.0,0.0,0.0,212,237,1,681,False,0.125,5,15,0,3,3,5,1,2,0
1262,0,2020-02-09T16:00:00Z,False,0,5/5/2021 0:00,Serious,0.0,1.0,3.0,4.0,860,1490,1,1238,False,0.125,5,15,0,3,3,4,1,2,0
1263,1,2020-02-09T15:10:00Z,False,0,?,?,0.0,0.0,0.0,0.0,220,394,1,576,False,0.25,0,0,4,0,0,3,0,0,0
1264,1,2020-02-09T14:44:00Z,False,0,?,?,0.0,0.0,0.0,?,179,424,1,576,False,,0,0,6,2,0,10,0,0,0
1265,0,2020-02-09T14:20:00Z,False,0,3/11/2022 0:00,Fatal,1.0,0.0,0.0,1.0,142,561,4,1236,True,,4,15,0,3,3,1,1,2,1
1266,0,2020-02-09T10:25:00Z,False,0,?,?,0.0,0.0,0.0,0.0,179,356,1,576,False,0.25,0,0,6,3,0,5,0,0,0
1267,1,2020-02-09T05:00:00Z,False,0,?,?,0.0,0.0,0.0,?,179,356,1,576,False,,0,0,15,2,0,10,0,0,0
1268,0,2020-02-08T14:17:00Z,False,0,3/11/2022 0:00,Fatal,1.0,0.0,0.0,1.0,212,223,1,1271,False,0.125,5,15,0,3,3,1,1,2,1
1269,0,2020-02-08T13:40:00Z,False,0,8/17/2020 0:00,?,0.0,0.0,0.0,0.0,121,643,1,1221,False,0.125,8,13,0,3,3,5,1,2,0
1270,0,2020-02-08T11:13:00Z,False,0,5/25/2023 0:00,Fatal,4.0,0.0,0.0,4.0,320,303,1,576,False,0.25,6,15,0,3,1,3,1,2,1
1271,0,2020-02-07T05:15:00Z,False,0,8/17/2020 0:00,?,0.0,0.0,0.0,0.0,320,154,1,780,False,0.125,8,0,8,3,1,1,1,2,0
1272,0,2020-02-07T05:00:00Z,False,0,?,Fatal,1.0,2.0,0.0,3.0,160,267,6,576,False,,0,0,15,3,0,13,0,0,1
1273,0,2020-02-07T02:05:00Z,False,0,1/26/2021 0:00,Serious,0.0,1.0,22.0,23.0,182,851,1,576,False,,6,0,4,2,3,3,1,2,0
1274,0,2020-02-06T15:13:00Z,False,0,4/21/2022 0:00,Fatal,3.0,0.0,0.0,3.0,320,97,1,2369,False,0.125,5,6,0,1,1,1,1,2,1
1275,0,2020-02-06T15:00:00Z,False,0,5/5/2021 0:00,?,0.0,0.0,0.0,0.0,212,130,1,2583,False,0.25,8,15,0,3,3,5,1,2,0
1276,0,2020-02-06T13:30:00Z,False,0,7/27/2020 0:00,?,0.0,0.0,0.0,0.0,320,60,1,576,False,0.125,5,15,0,3,3,6,1,2,0
1277,1,2020-02-06T13:00:00Z,False,0,1/6/2022 0:00,?,0.0,0.0,0.0,0.0,4,467,0,576,True,,0,0,10,0,0,0,0,0,0
1278,0,2020-02-06T12:10:00Z,False,0,9/7/2022 0:00,Fatal,5.0,0.0,0.0,5.0,931,1670,1,576,False,0.125,5,0,8,3,1,3,1,2,1
1279,0,2020-02-06T07:56:00Z,False,0,7/27/2020 0:00,Minor,0.0,0.0,1.0,1.0,320,154,1,1085,False,0.125,8,0,8,1,3,1,1,2,0
1280,0,2020-02-05T19:07:00Z,False,0,11/4/2022 0:00,Fatal,2.0,0.0,0.0,2.0,320,28,1,2107,False,0.125,5,15,0,3,3,1,1,2,1
1281,0,2020-02-05T16:19:00Z,False,0,?,Fatal,3.0,19.0,161.0,183.0,179,356,1,576,False,,0,0,12,3,0,5,0,0,1
1282,1,2020-02-05T05:00:00Z,False,0,?,?,0.0,0.0,0.0,?,115,607,6,576,False,,0,0,15,0,0,13,0,0,0
1283,0,2020-02-04T16:50:00Z,False,0,3/11/2022 0:00,?,0.0,0.0,0.0,0.0,320,154,1,1377,False,0.125,8,0,8,3,1,10,1,2,0
1284,0,2020-02-04T16:02:00Z,False,0,7/27/2020 0:00,?,0.0,0.0,0.0,0.0,896,1601,1,1198,False,,5,13,0,3,3,10,1,2,0
1285,1,2020-02-03T15:00:00Z,False,0,?,?,0.0,0.0,0.0,?,179,356,1,576,False,,0,0,6,2,0,10,0,0,0
1286,0,2020-02-03T13:15:00Z,False,0,7/27/2020 0:00,?,0.0,0.0,0.0,0.0,931,1668,1,1157,False,0.125,5,15,0,3,3,5,1,2,0
1287,1,2020-02-03T05:00:00Z,False,0,?,?,0.0,0.0,0.0,?,45,516,1,576,False,,0,0,6,0,0,4,0,3,0
1288,0,2020-02-03T04:00:00Z,False,0,1/6/2022 0:00,?,0.0,0.0,0.0,0.0,179,381,1,1736,False,0.5,6,0,4,3,3,10,1,2,0
1289,0,2020-02-02T17:00:00Z,False,0,7/27/2020 0:00,?,0.0,0.0,0.0,0.0,931,1664,1,1223,False,0.125,5,15,0,3,3,5,1,2,0
1290,0,2020-02-02T14:55:00Z,False,0,6/21/2022 0:00,Fatal,1.0,2.0,0.0,3.0,931,1660,1,149,False,0.125,5,13,0,3,3,1,1,2,1
1291,0,2020-02-02T13:55:00Z,False,0,7/27/2020 0:00,?,0.0,0.0,0.0,0.0,834,1399,1,1921,False,0.125,5,15,0,3,3,5,1,2,0
1292,0,2020-02-02T03:10:00Z,False,0,?,Serious,0.0,1.0,0.0,1.0,45,538,1,576,False,,0,0,6,0,0,3,0,0,0
1293,0,2020-02-01T15:00:00Z,False,0,3/9/2022 0:00,?,0.0,0.0,0.0,0.0,616,2123,6,576,False,0.125,9,0,8,3,3,6,1,2,0
1294,0,2020-02-01T05:00:00Z,False,0,?,?,0.0,0.0,0.0,?,34,673,6,576,False,,0,0,15,0,0,3,0,0,0
1295,1,2020-02-01T00:35:00Z,False,0,?,?,0.0,0.0,0.0,0.0,179,380,1,576,False,,0,0,12,2,0,10,0,0,0
1296,1,2020-01-31T16:45:00Z,False,0,?,?,0.0,0.0,0.0,?,179,394,1,576,False,0.25,0,0,6,2,0,5,0,0,0
1297,0,2020-01-31T15:05:00Z,False,0,7/27/2020 0:00,?,0.0,0.0,0.0,0.0,320,60,1,838,False,0.125,5,13,0,3,3,10,1,2,0
1298,0,2020-01-30T15:15:00Z,False,0,7/27/2020 0:00,?,0.0,0.0,0.0,0.0,896,1660,1,649,False,0.125,5,15,0,3,3,5,1,2,0
1299,1,2020-01-30T05:00:00Z,False,0,?,?,0.0,0.0,0.0,0.0,45,510,1,576,False,,0,0,12,2,0,5,0,0,0
1300,0,2020-01-29T18:10:00Z,False,0,5/5/2021 0:00,Minor,0.0,0.0,1.0,1.0,212,322,1,2697,False,0.25,5,15,0,3,3,3,1,2,0
1301,0,2020-01-29T18:00:00Z,False,0,2/2/2021 0:00,?,0.0,0.0,0.0,0.0,320,32,1,722,False,0.125,5,15,0,3,3,1,1,2,0
1302,0,2020-01-29T14:22:00Z,False,0,?,Minor,0.0,0.0,2.0,2.0,250,2120,1,576,False,,0,0,13,3,0,5,0,3,0
1303,0,2020-01-29T10:00:00Z,False,0,5/5/2021 0:00,?,0.0,0.0,0.0,0.0,839,1452,1,76,False,0.25,8,15,0,3,3,5,1,2,0
1304,0,2020-01-28T16:03:00Z,False,0,2/7/2023 0:00,Fatal,3.0,0.0,0.0,3.0,931,1680,1,2558,False,0.25,5,15,0,1,1,1,1,2,1
1305,0,2020-01-27T17:40:00Z,False,0,7/27/2020 0:00,?,0.0,0.0,0.0,0.0,320,87,1,1010,False,0.125,5,15,0,3,3,5,1,2,0
1306,0,2020-01-27T16:24:00Z,False,0,3/9/2022 0:00,?,0.0,0.0,0.0,0.0,328,1959,1,576,False,0.125,5,15,0,3,1,3,1,2,0
1307,0,2020-01-27T13:54:00Z,False,0,3/9/2022 0:00,Fatal,1.0,0.0,0.0,1.0,22,502,1,576,False,0.125,5,15,0,1,1,3,1,2,1
1308,0,2020-01-26T17:40:00Z,False,0,7/27/2020 0:00,Minor,0.0,0.0,1.0,1.0,520,3,1,1317,False,0.125,5,15,0,3,3,1,1,2,0
1309,0,2020-01-26T10:45:00Z,True,0,3/2/2021 0:00,Fatal,9.0,0.0,0.0,9.0,1150,1851,6,576,False,,0,0,8,1,1,3,1,2,1
1310,0,2020-01-25T19:58:00Z,False,0,?,Fatal,1.0,0.0,0.0,1.0,993,1725,6,576,False,,0,0,13,3,0,3,0,0,1
1311,0,2020-01-25T18:12:00Z,False,0,6/1/2021 0:00,Fatal,2.0,0.0,0.0,2.0,825,1223,1,420,True,0.125,5,15,0,1,3,6,1,2,1
1312,0,2020-01-25T16:35:00Z,False,0,4/6/2022 0:00,?,0.0,0.0,0.0,0.0,212,536,1,1189,False,0.125,5,15,0,3,3,10,1,2,0
1313,0,2020-01-25T13:35:00Z,False,0,7/27/2020 0:00,?,0.0,0.0,0.0,0.0,320,32,1,2274,False,0.125,5,15,0,3,3,5,1,2,0
1314,0,2020-01-25T10:30:00Z,False,0,9/16/2021 0:00,Fatal,1.0,0.0,0.0,1.0,931,1668,1,86,False,0.125,5,15,0,1,3,4,1,2,1
1315,0,2020-01-25T09:50:00Z,False,0,2/2/2021 0:00,?,0.0,0.0,0.0,0.0,785,1300,1,1324,True,0.125,5,15,0,3,3,5,1,2,0
1316,0,2020-01-25T00:30:00Z,False,0,?,Fatal,1.0,0.0,0.0,1.0,442,982,1,576,False,,0,0,13,3,0,6,0,0,1
1317,0,2020-01-24T21:54:00Z,False,0,4/1/2022 0:00,?,0.0,0.0,0.0,0.0,546,32,1,2649,False,0.25,6,15,0,3,3,5,1,2,0
1318,0,2020-01-24T18:50:00Z,False,0,3/9/2022 0:00,Serious,0.0,1.0,0.0,1.0,1025,1721,6,576,False,0.125,5,15,0,3,3,5,1,2,0
1319,0,2020-01-24T15:15:00Z,False,0,7/27/2020 0:00,?,0.0,0.0,0.0,0.0,1258,2154,1,1202,True,0.125,5,13,0,3,3,5,1,2,0
1320,0,2020-01-24T10:56:00Z,False,0,5/19/2022 0:00,Fatal,2.0,1.0,0.0,3.0,1167,2148,1,576,False,0.125,5,15,0,1,3,3,1,2,1
1321,0,2020-01-24T10:11:00Z,False,0,3/9/2022 0:00,Fatal,1.0,2.0,0.0,3.0,931,1660,1,576,False,0.125,5,15,0,1,3,6,1,2,1
1322,1,2020-01-24T04:25:00Z,False,0,?,?,0.0,0.0,0.0,?,126,516,1,576,False,,2,0,15,0,0,4,0,0,0
1323,0,2020-01-23T14:15:00Z,False,0,?,Fatal,3.0,0.0,0.0,3.0,734,778,1,576,False,,0,10,13,1,0,6,0,3,1
1324,0,2020-01-23T09:53:00Z,False,0,?,Fatal,3.0,0.0,0.0,3.0,250,1843,1,576,False,,0,0,6,3,0,6,0,0,1
1325,1,2020-01-23T09:45:00Z,False,0,?,?,0.0,0.0,0.0,0.0,126,512,1,576,False,0.25,6,0,12,0,0,3,0,0,0
1326,1,2020-01-23T05:00:00Z,False,0,?,?,0.0,0.0,0.0,?,182,856,1,576,False,,0,0,12,0,0,5,0,0,0
1327,0,2020-01-22T20:13:00Z,False,0,?,Serious,0.0,1.0,0.0,1.0,160,142,6,576,False,0.25,9,20,13,3,3,3,0,0,0
1328,0,2020-01-22T20:03:00Z,False,0,?,Fatal,2.0,0.0,0.0,2.0,896,1660,1,576,False,,0,0,13,3,0,3,0,0,1
1329,0,2020-01-22T15:10:00Z,False,0,7/27/2020 0:00,Minor,0.0,0.0,1.0,1.0,1166,710,1,2761,False,,5,15,0,3,3,5,1,2,0
1330,0,2020-01-22T14:32:00Z,False,0,5/5/2021 0:00,?,0.0,0.0,0.0,0.0,215,267,6,214,False,0.125,9,16,0,3,3,5,1,2,0
1331,0,2020-01-22T13:11:00Z,False,0,3/9/2022 0:00,Fatal,4.0,0.0,0.0,4.0,212,706,1,612,False,0.125,5,15,0,1,3,10,1,2,1
1332,0,2020-01-22T11:30:00Z,False,0,7/27/2020 0:00,Minor,0.0,0.0,1.0,1.0,896,1566,1,576,True,0.125,5,15,0,3,3,5,1,2,0
1333,0,2020-01-22T07:26:00Z,False,0,?,Fatal,2.0,0.0,0.0,2.0,250,97,1,576,False,,5,0,13,3,0,13,0,0,1
1334,1,2020-01-22T05:00:00Z,False,0,?,?,0.0,0.0,0.0,?,220,416,1,576,False,,0,0,4,0,0,10,0,0,0
1335,0,2020-01-21T18:18:00Z,False,0,4/21/2022 0:00,Serious,0.0,1.0,1.0,2.0,563,556,1,576,False,0.125,5,15,0,3,3,3,1,2,0
1336,0,2020-01-21T17:15:00Z,False,0,8/27/2020 0:00,Serious,0.0,1.0,0.0,1.0,565,885,6,1443,False,0.125,5,13,0,3,3,5,1,2,0
1337,0,2020-01-20T21:45:00Z,False,0,?,?,0.0,0.0,0.0,0.0,179,404,1,576,False,,0,0,6,2,0,9,0,0,0
1338,0,2020-01-20T13:25:00Z,False,0,6/16/2020 0:00,?,0.0,0.0,0.0,0.0,320,60,1,2390,False,0.125,5,15,0,3,3,5,1,2,0
1339,0,2020-01-20T13:20:00Z,False,0,5/19/2022 0:00,Fatal,1.0,0.0,0.0,1.0,320,32,1,576,False,0.125,5,3,0,1,3,6,1,2,1
1340,0,2020-01-19T08:45:00Z,False,0,6/28/2022 0:00,Serious,0.0,2.0,2.0,4.0,124,677,2,576,False,,0,14,0,2,3,6,1,2,0
1341,0,2020-01-18T11:30:00Z,False,0,7/27/2020 0:00,Minor,0.0,0.0,1.0,1.0,401,1283,1,846,True,0.125,5,15,0,3,3,5,1,2,0
1342,0,2020-01-18T10:05:00Z,False,0,8/17/2020 0:00,Serious,0.0,1.0,0.0,1.0,939,577,7,576,True,,5,15,0,3,3,10,1,2,0
1343,0,2020-01-17T18:05:00Z,False,0,6/16/2020 0:00,?,0.0,0.0,0.0,0.0,320,116,1,2801,False,0.125,5,15,0,3,3,10,1,2,0
1344,0,2020-01-17T16:33:00Z,False,0,10/15/2021 0:00,Serious,0.0,1.0,0.0,1.0,890,870,1,359,True,0.125,5,15,0,1,3,4,1,2,0
1345,0,2020-01-17T16:30:00Z,False,0,?,Fatal,1.0,0.0,0.0,1.0,39,654,1,576,False,,0,0,13,1,0,6,0,0,1
1346,0,2020-01-16T21:00:00Z,False,0,3/9/2022 0:00,?,0.0,0.0,0.0,0.0,320,74,1,456,False,0.125,5,13,0,3,3,4,1,2,0
1347,0,2020-01-16T14:30:00Z,False,0,4/21/2022 0:00,?,0.0,0.0,0.0,0.0,956,1821,1,2843,True,0.125,5,15,0,3,3,4,1,2,0
1348,0,2020-01-16T13:45:00Z,False,0,6/16/2020 0:00,?,0.0,0.0,0.0,0.0,212,403,1,2470,False,0.25,5,13,0,3,3,1,1,2,0
1349,0,2020-01-16T09:06:00Z,False,0,4/6/2022 0:00,Serious,0.0,1.0,0.0,1.0,212,130,1,995,False,,8,0,8,3,3,10,1,2,0
1350,0,2020-01-15T16:11:00Z,False,0,11/4/2022 0:00,Fatal,1.0,0.0,0.0,1.0,320,2052,1,2138,False,0.25,0,15,0,3,3,1,1,2,1
1351,0,2020-01-15T15:50:00Z,False,0,4/1/2022 0:00,Serious,0.0,1.0,0.0,1.0,757,1364,5,665,True,0.125,5,15,0,3,3,10,1,2,0
1352,0,2020-01-15T13:18:00Z,False,0,2/2/2021 0:00,Minor,0.0,0.0,1.0,1.0,1258,2155,1,197,True,0.125,5,15,0,3,3,10,1,2,0
1353,0,2020-01-14T19:26:00Z,False,0,7/27/2020 0:00,Minor,0.0,0.0,1.0,1.0,924,665,1,576,True,0.125,5,15,0,3,3,5,1,2,0
1354,0,2020-01-14T17:00:00Z,False,0,5/6/2022 0:00,?,0.0,0.0,0.0,0.0,1260,1050,1,2557,True,0.125,5,15,0,3,3,10,1,2,0
1355,0,2020-01-13T18:10:00Z,False,0,?,?,0.0,0.0,0.0,0.0,160,267,6,576,False,,0,0,12,3,0,6,0,0,0
1356,0,2020-01-13T13:30:00Z,False,0,6/16/2020 0:00,Minor,0.0,0.0,1.0,1.0,41,2213,1,1354,False,0.125,5,15,0,3,3,5,1,2,0
1357,0,2020-01-12T13:23:00Z,False,0,3/9/2022 0:00,?,0.0,0.0,0.0,0.0,931,1666,1,1167,False,0.25,5,0,8,3,3,9,1,2,0
1358,0,2020-01-12T12:11:00Z,False,0,?,?,?,?,?,?,364,953,1,576,False,0.125,0,0,13,1,0,6,0,3,0
1359,0,2020-01-12T05:00:00Z,False,0,?,Serious,0.0,1.0,0.0,1.0,179,356,1,576,False,,0,0,12,0,0,3,0,0,0
1360,0,2020-01-11T21:10:00Z,False,0,6/16/2020 0:00,?,0.0,0.0,0.0,0.0,931,1660,1,2417,False,0.125,5,15,0,3,3,11,1,2,0
1361,0,2020-01-11T19:01:00Z,False,0,3/9/2022 0:00,Fatal,4.0,0.0,0.0,4.0,320,2096,1,576,False,0.125,5,15,0,1,3,3,1,2,1
1362,0,2020-01-11T18:20:00Z,False,0,3/9/2022 0:00,?,0.0,0.0,0.0,0.0,931,1677,1,576,False,0.125,5,15,0,3,3,3,1,2,0
1363,0,2020-01-10T23:45:00Z,False,0,1/26/2021 0:00,Serious,0.0,1.0,0.0,1.0,126,516,1,2001,False,0.25,6,0,4,0,2,3,1,2,0
1364,1,2020-01-10T05:00:00Z,False,0,?,?,0.0,0.0,0.0,0.0,45,523,1,576,False,,0,0,6,0,0,5,0,0,0
1365,0,2020-01-09T21:29:00Z,False,0,6/28/2022 0:00,Fatal,2.0,0.0,0.0,2.0,993,1728,6,576,False,0.125,9,15,0,1,3,3,1,2,1
1366,0,2020-01-09T17:20:00Z,False,0,?,Minor,0.0,0.0,1.0,1.0,501,2139,6,576,False,,0,0,15,3,0,6,0,0,0
1367,0,2020-01-08T17:30:00Z,False,0,6/8/2020 0:00,?,0.0,0.0,0.0,0.0,220,356,1,1624,False,0.25,6,0,4,3,2,9,1,2,0
1368,0,2020-01-08T17:00:00Z,False,0,6/16/2020 0:00,?,0.0,0.0,0.0,0.0,931,1549,1,1364,False,0.25,5,13,0,3,3,10,1,2,0
1369,0,2020-01-08T14:39:00Z,False,0,3/23/2022 0:00,Minor,0.0,0.0,2.0,2.0,620,1502,6,576,False,0.125,9,3,14,3,3,6,1,2,0
1370,0,2020-01-08T08:47:00Z,False,0,2/2/2021 0:00,?,0.0,0.0,0.0,0.0,320,60,1,1206,False,0.125,5,13,0,2,3,11,1,2,0
1371,0,2020-01-08T03:40:00Z,False,0,?,Fatal,176.0,0.0,0.0,176.0,179,356,1,576,False,,0,0,12,1,0,4,0,0,1
1372,0,2020-01-07T15:15:00Z,False,0,?,Fatal,1.0,0.0,0.0,1.0,977,1066,1,576,False,,0,0,13,1,0,3,0,0,1
1373,1,2020-01-07T14:45:00Z,False,0,?,?,0.0,0.0,0.0,?,45,516,1,576,False,0.25,2,0,12,0,0,3,0,0,0
1374,0,2020-01-07T13:18:00Z,False,0,8/27/2020 0:00,Minor,0.0,0.0,2.0,2.0,212,175,1,888,False,0.125,5,13,0,3,3,1,1,2,0
1375,0,2020-01-06T18:24:00Z,False,0,9/16/2021 0:00,Serious,0.0,1.0,0.0,1.0,558,1221,1,1460,True,0.125,5,15,0,3,3,1,1,2,0
1376,0,2020-01-06T16:05:00Z,False,0,2/2/2021 0:00,Minor,0.0,0.0,1.0,1.0,328,1959,1,1493,False,,5,15,0,3,3,10,1,2,0
1377,0,2020-01-06T15:23:00Z,False,0,6/1/2021 0:00,Fatal,1.0,0.0,0.0,1.0,320,60,1,576,False,0.125,5,15,0,1,3,3,1,2,1
1378,0,2020-01-06T14:10:00Z,False,0,?,Minor,0.0,0.0,2.0,2.0,250,60,1,576,False,,0,0,13,3,0,5,0,0,0
1379,0,2020-01-06T14:09:00Z,False,0,4/1/2022 0:00,?,0.0,0.0,0.0,0.0,320,67,1,1101,False,0.125,5,15,0,3,3,6,1,2,0
1380,0,2020-01-05T17:49:00Z,False,0,2/2/2021 0:00,Serious,0.0,1.0,3.0,4.0,132,556,1,37,False,0.125,5,15,0,3,3,6,1,2,0
1381,1,2020-01-05T17:07:00Z,False,0,?,?,0.0,0.0,0.0,0.0,179,356,1,576,False,,0,0,6,0,0,5,0,0,0
1382,0,2020-01-05T13:43:00Z,False,0,4/21/2022 0:00,Fatal,2.0,0.0,0.0,2.0,1258,2157,1,863,True,0.125,5,15,0,1,3,4,1,2,1
1383,0,2020-01-04T17:00:00Z,False,0,10/15/2021 0:00,?,0.0,0.0,0.0,0.0,112,4,1,576,False,0.125,5,13,0,3,3,1,1,2,0
1384,0,2020-01-04T13:15:00Z,False,0,6/16/2020 0:00,?,0.0,0.0,0.0,0.0,212,130,1,1963,False,0.25,8,7,0,3,1,5,1,2,0
1385,0,2020-01-04T13:09:00Z,False,0,6/16/2020 0:00,?,0.0,0.0,0.0,0.0,1171,1883,6,2298,False,,0,15,0,3,3,11,1,2,0
1386,0,2020-01-04T11:09:00Z,False,0,3/9/2022 0:00,Fatal,1.0,0.0,0.0,1.0,1222,2091,1,576,True,0.125,5,15,0,1,3,3,1,2,1
1387,0,2020-01-03T21:00:00Z,False,0,8/17/2020 0:00,?,0.0,0.0,0.0,0.0,320,32,1,2664,False,0.125,5,15,0,3,3,5,1,2,0
1388,0,2020-01-03T16:15:00Z,False,0,?,?,0.0,0.0,0.0,?,250,60,1,576,False,,0,0,13,3,0,3,0,0,0
1389,0,2020-01-03T15:30:00Z,False,0,?,Fatal,4.0,0.0,0.0,4.0,842,1381,1,2094,False,0.125,5,0,13,1,0,13,0,0,1
1390,0,2020-01-03T11:40:00Z,False,0,6/16/2020 0:00,?,0.0,0.0,0.0,0.0,157,1204,1,2490,False,0.25,6,7,0,3,1,5,1,2,0
1391,0,2020-01-02T11:25:00Z,False,0,4/6/2022 0:00,?,0.0,0.0,0.0,0.0,328,1959,1,576,False,0.125,5,15,0,3,3,3,1,2,0
1392,0,2020-01-01T17:40:00Z,False,0,8/17/2020 0:00,Serious,0.0,1.0,0.0,1.0,566,1116,1,2779,False,0.25,6,0,8,0,3,3,1,2,0
1393,0,2020-01-01T16:46:00Z,False,0,10/20/2021 0:00,Minor,0.0,0.0,2.0,2.0,320,2041,1,593,False,0.125,5,15,0,3,3,3,1,2,0
1394,1,2020-01-01T16:20:00Z,False,0,?,?,0.0,0.0,0.0,?,220,394,1,576,False,0.25,0,0,4,0,0,11,0,0,0
1395,0,2021-12-31T15:00:00Z,False,0,6/14/2022 0:00,Minor,0.0,0.0,1.0,1.0,250,45,1,1922,False,0.125,5,15,0,3,3,11,1,2,0
1396,0,2021-12-31T14:30:00Z,False,0,12/14/2023 0:00,Fatal,1.0,0.0,0.0,1.0,811,1384,1,576,False,0.125,5,15,0,3,1,3,1,2,1
1397,0,2021-12-30T23:45:00Z,False,0,7/20/2022 0:00,?,0.0,0.0,0.0,0.0,421,527,1,1132,False,0.25,6,0,6,2,1,11,1,2,0
1398,0,2021-12-30T21:25:00Z,False,0,10/19/2023 0:00,Fatal,4.0,0.0,0.0,4.0,996,1727,6,576,False,0.125,5,15,0,1,1,3,1,2,1
1399,0,2021-12-30T16:50:00Z,False,0,11/15/2023 0:00,Serious,0.0,6.0,0.0,6.0,896,1603,1,2278,False,0.125,5,15,0,3,3,4,1,2,0
1400,0,2021-12-30T16:14:00Z,False,0,6/14/2023 0:00,Fatal,1.0,0.0,0.0,1.0,640,1892,11,576,False,0.125,5,15,0,3,3,6,1,2,1
1401,0,2021-12-30T16:00:00Z,False,0,6/14/2022 0:00,?,0.0,0.0,0.0,0.0,250,34,1,576,False,0.125,5,15,0,3,3,5,1,2,0
1402,0,2021-12-30T12:41:00Z,False,0,4/18/2024 0:00,Fatal,2.0,0.0,2.0,4.0,160,145,6,576,False,0.125,9,15,0,3,3,6,1,2,1
1403,0,2021-12-29T18:15:00Z,False,0,6/14/2022 0:00,?,0.0,0.0,0.0,0.0,250,60,1,101,False,0.125,5,15,0,3,3,1,1,2,0
1404,0,2021-12-29T17:22:00Z,False,0,5/10/2023 0:00,Serious,0.0,1.0,2.0,3.0,250,152,1,576,False,0.125,5,0,8,2,3,3,1,2,0
1405,0,2021-12-29T15:25:00Z,False,0,11/7/2023 0:00,Fatal,1.0,1.0,0.0,2.0,996,1727,6,1286,False,0.125,5,15,0,3,1,3,1,2,1
1406,0,2021-12-29T15:15:00Z,False,0,?,Fatal,2.0,0.0,0.0,2.0,160,268,6,576,False,,0,0,13,1,0,13,0,3,1
1407,0,2021-12-29T05:00:00Z,False,0,?,?,0.0,0.0,0.0,0.0,250,495,1,2523,False,0.125,0,1,15,3,0,6,0,3,0
1408,0,2021-12-28T12:50:00Z,False,0,3/20/2024 0:00,?,0.0,0.0,0.0,0.0,157,486,1,1344,False,0.25,8,6,0,3,3,10,1,2,0
1409,0,2021-12-27T20:14:00Z,False,0,7/5/2024 0:00,Fatal,4.0,0.0,0.0,4.0,510,236,1,2463,False,0.25,6,16,0,1,3,1,1,2,1
1410,0,2021-12-27T09:22:00Z,False,0,?,?,?,?,?,?,250,70,1,576,False,,0,0,0,3,0,3,0,3,0
1411,0,2021-12-26T18:29:00Z,False,0,1/4/2024 0:00,Fatal,2.0,0.0,0.0,2.0,250,60,1,576,False,0.125,5,15,0,1,1,3,1,2,1
1412,0,2021-12-26T12:04:00Z,False,0,1/30/2024 0:00,Fatal,2.0,0.0,0.0,2.0,811,1387,1,1346,False,0.125,5,15,0,3,3,4,1,2,1
1413,1,2021-12-25T18:36:00Z,False,0,?,?,?,?,?,?,45,527,1,576,False,,0,0,12,2,0,5,0,3,0
1414,0,2021-12-25T17:30:00Z,False,0,6/14/2022 0:00,Serious,0.0,1.0,1.0,2.0,179,545,1,576,False,0.125,5,15,0,3,3,6,1,2,0
1415,0,2021-12-25T13:30:00Z,False,0,6/14/2022 0:00,?,0.0,0.0,0.0,0.0,435,610,6,2139,False,0.125,9,16,0,3,3,6,1,2,0
1416,0,2021-12-25T09:25:00Z,False,0,8/30/2023 0:00,Minor,0.0,0.0,2.0,2.0,716,1230,1,1455,True,0.125,8,15,0,3,3,4,1,2,0
1417,0,2021-12-24T09:00:00Z,False,0,?,Fatal,1.0,1.0,0.0,2.0,130,905,1,576,False,,0,0,13,3,0,6,0,3,1
1418,0,2021-12-22T17:39:00Z,False,0,5/3/2023 0:00,Fatal,2.0,0.0,0.0,2.0,1241,1780,1,2552,True,0.125,5,15,0,1,3,1,1,2,1
1419,0,2021-12-22T14:50:00Z,False,0,6/14/2022 0:00,Serious,0.0,1.0,0.0,1.0,250,72,1,1525,False,0.125,5,16,0,3,1,1,1,2,0
1420,1,2021-12-22T14:02:00Z,False,0,?,?,0.0,0.0,0.0,0.0,896,1674,1,576,False,,0,0,15,2,0,3,0,3,0
1421,0,2021-12-21T21:20:00Z,False,0,9/1/2022 0:00,Serious,0.0,1.0,0.0,1.0,157,909,1,1332,False,0.25,5,16,0,3,3,1,1,2,0
1422,0,2021-12-21T19:00:00Z,False,0,?,?,?,?,?,?,723,236,1,1964,False,,0,0,13,3,0,5,0,3,0
1423,0,2021-12-21T19:00:00Z,False,0,?,Fatal,1.0,0.0,0.0,1.0,270,1959,1,576,False,0.125,0,22,13,1,0,6,0,3,1
1424,1,2021-12-21T16:19:00Z,False,0,?,?,?,?,?,?,896,1672,1,576,False,,0,0,13,3,0,3,0,3,0
1425,0,2021-12-21T11:30:00Z,False,0,6/14/2022 0:00,?,0.0,0.0,0.0,0.0,605,241,6,576,False,0.125,9,3,0,3,3,1,1,2,0
1426,0,2021-12-21T10:26:00Z,False,0,3/6/2024 0:00,Fatal,2.0,0.0,0.0,2.0,409,154,8,576,False,0.125,5,15,2,1,3,3,1,2,1
1427,0,2021-12-20T19:45:00Z,False,0,6/14/2022 0:00,?,0.0,0.0,0.0,0.0,1183,308,1,955,False,0.25,6,6,0,3,3,1,1,2,0
1428,0,2021-12-20T09:50:00Z,False,0,6/14/2022 0:00,Serious,0.0,2.0,0.0,1.0,235,483,2,576,False,0.0,4,6,0,0,3,5,1,2,0
1429,1,2021-12-20T04:10:00Z,False,0,?,?,?,?,?,?,179,416,1,576,False,,0,0,6,2,0,10,0,3,0
1430,0,2021-12-19T10:00:00Z,False,0,?,Fatal,4.0,0.0,0.0,4.0,998,18,1,576,False,,0,0,13,1,0,3,0,3,1
1431,0,2021-12-18T16:48:00Z,False,0,?,Fatal,1.0,0.0,0.0,1.0,896,180,1,576,False,0.125,0,0,13,3,0,10,0,3,1
1432,0,2021-12-18T16:02:00Z,False,0,?,Minor,0.0,0.0,1.0,1.0,775,298,6,576,False,,0,0,13,3,0,6,0,3,0
1433,0,2021-12-18T14:45:00Z,False,0,?,Minor,0.0,0.0,3.0,3.0,160,142,6,576,False,,0,0,13,3,0,1,0,3,0
1434,0,2021-12-18T05:00:00Z,False,0,?,?,?,?,?,?,391,931,1,986,False,,0,0,13,3,0,5,0,3,0
1435,0,2021-12-17T21:08:00Z,False,0,1/30/2024 0:00,Fatal,1.0,0.0,0.0,1.0,896,1625,1,746,False,0.125,5,15,0,1,1,1,1,2,1
1436,0,2021-12-17T19:30:00Z,False,0,?,?,0.0,0.0,0.0,0.0,993,1728,6,576,False,,0,0,13,3,0,3,0,3,0
1437,0,2021-12-17T13:24:00Z,False,0,1/4/2024 0:00,Fatal,2.0,0.0,0.0,2.0,17,1324,1,576,False,0.125,5,15,0,1,3,6,1,2,1
1438,0,2021-12-16T18:30:00Z,False,0,6/14/2022 0:00,?,0.0,0.0,0.0,0.0,896,1613,1,1051,False,0.25,5,13,0,3,3,5,1,2,0
1439,0,2021-12-16T16:32:00Z,False,0,6/9/2022 0:00,?,0.0,0.0,0.0,0.0,896,1578,1,2298,False,0.125,5,15,0,3,3,5,1,2,0
1440,0,2021-12-16T11:07:00Z,False,0,2/8/2024 0:00,Fatal,1.0,1.0,0.0,2.0,270,1959,1,2705,False,0.125,5,15,0,1,3,5,1,2,1
1441,0,2021-12-15T18:25:00Z,False,0,?,Fatal,9.0,0.0,0.0,9.0,546,1149,1,1903,False,0.25,0,0,12,1,3,2,0,3,1
1442,0,2021-12-15T10:20:00Z,False,0,6/8/2023 0:00,?,0.0,0.0,0.0,0.0,742,1334,1,556,True,0.125,5,15,0,3,3,10,1,2,0
1443,0,2021-12-15T05:00:00Z,False,0,?,?,0.0,0.0,0.0,0.0,250,60,1,576,False,,0,0,13,3,0,3,0,3,0
1444,0,2021-12-14T15:00:00Z,False,0,?,?,0.0,0.0,0.0,0.0,421,1024,1,2564,False,,0,0,13,3,0,5,0,3,0
1445,0,2021-12-14T14:50:00Z,False,0,6/9/2022 0:00,Minor,0.0,0.0,1.0,1.0,163,267,6,2855,False,0.125,9,15,0,3,3,2,1,2,0
1446,0,2021-12-14T13:36:00Z,False,0,7/6/2023 0:00,Fatal,1.0,0.0,0.0,1.0,163,267,6,576,False,0.125,9,15,0,1,1,3,1,2,1
1447,0,2021-12-14T12:00:00Z,False,0,6/9/2022 0:00,?,0.0,0.0,0.0,0.0,605,183,6,576,False,0.125,0,13,0,3,3,6,1,2,0
1448,0,2021-12-13T17:40:00Z,False,0,6/9/2022 0:00,?,0.0,0.0,0.0,0.0,838,48,1,271,True,0.125,5,15,0,3,3,1,1,2,0
1449,0,2021-12-13T17:10:00Z,False,0,6/14/2022 0:00,?,0.0,0.0,0.0,0.0,163,279,6,1492,False,0.25,9,18,14,3,3,5,1,2,0
1450,0,2021-12-13T15:15:00Z,False,0,6/9/2022 0:00,?,0.0,0.0,0.0,0.0,739,448,1,122,False,0.125,5,15,0,3,3,5,1,2,0
1451,1,2021-12-13T15:11:00Z,False,0,?,?,0.0,0.0,0.0,0.0,179,356,1,576,False,,0,0,6,0,0,4,0,3,0
1452,0,2021-12-13T01:33:00Z,False,0,7/19/2022 0:00,?,0.0,0.0,0.0,0.0,45,521,1,1620,False,0.25,7,0,4,3,3,5,1,2,0
1453,0,2021-12-12T15:23:00Z,False,0,?,Fatal,1.0,1.0,0.0,2.0,956,1821,1,576,True,,0,0,13,1,0,10,0,3,1
1454,0,2021-12-12T14:50:00Z,False,0,6/9/2022 0:00,?,0.0,0.0,0.0,0.0,76,581,1,1473,False,0.125,0,15,0,1,3,4,1,2,0
1455,0,2021-12-12T10:31:00Z,False,0,6/8/2023 0:00,Fatal,1.0,0.0,0.0,1.0,250,211,1,576,False,0.25,5,9,0,1,3,3,1,2,1
1456,0,2021-12-12T10:00:00Z,False,0,6/9/2022 0:00,?,0.0,0.0,0.0,0.0,250,77,1,1409,False,0.125,5,15,0,3,3,5,1,2,0
1457,0,2021-12-11T23:54:00Z,False,0,?,?,?,?,?,?,179,356,1,576,False,,0,0,6,0,0,13,0,3,0
1458,0,2021-12-11T15:55:00Z,False,0,6/8/2023 0:00,?,0.0,0.0,0.0,0.0,157,1278,1,576,False,0.125,5,15,0,3,3,3,1,2,0
1459,0,2021-12-11T14:55:00Z,False,0,?,?,0.0,0.0,0.0,0.0,1052,184,6,1107,False,,0,0,13,4,0,3,0,3,0
1460,0,2021-12-11T13:30:00Z,False,0,6/8/2023 0:00,Fatal,1.0,0.0,0.0,1.0,817,1769,1,576,True,0.125,5,15,0,3,3,2,1,2,1
1461,0,2021-12-11T13:07:00Z,False,0,6/14/2022 0:00,Minor,0.0,0.0,1.0,1.0,270,1958,1,1744,False,0.125,5,15,0,3,3,5,1,2,0
1462,0,2021-12-11T05:20:00Z,False,0,?,?,0.0,0.0,0.0,0.0,160,142,6,576,False,,0,0,13,3,0,4,0,3,0
1463,0,2021-12-11T00:30:00Z,False,0,12/6/2023 0:00,Fatal,1.0,0.0,0.0,1.0,1138,1858,1,1921,False,0.25,8,0,8,1,3,1,1,2,1
1464,0,2021-12-10T19:09:00Z,False,0,6/8/2023 0:00,Fatal,1.0,0.0,0.0,1.0,896,1678,1,2433,False,0.125,8,15,0,3,1,1,1,2,1
1465,1,2021-12-10T18:30:00Z,False,0,?,?,?,?,?,?,157,121,1,576,False,,0,0,6,0,0,3,0,3,0
1466,0,2021-12-10T17:51:00Z,False,0,9/14/2023 0:00,Fatal,2.0,0.0,0.0,2.0,157,2145,1,996,False,0.125,5,15,0,3,1,3,1,2,1
1467,0,2021-12-10T14:23:00Z,False,0,?,Minor,0.0,0.0,2.0,2.0,250,60,1,2532,False,,0,0,13,3,0,4,0,3,0
1468,0,2021-12-10T05:00:00Z,False,0,?,?,?,?,?,?,179,356,1,2449,False,,0,0,6,0,0,13,0,3,0
1469,0,2021-12-10T05:00:00Z,False,0,?,Fatal,1.0,0.0,0.0,1.0,993,1728,6,576,False,,0,0,13,3,0,3,0,3,1
1470,0,2021-12-09T18:00:00Z,False,0,6/9/2022 0:00,Serious,0.0,1.0,0.0,1.0,264,1990,6,2652,True,0.125,5,15,0,3,3,10,1,2,0
1471,0,2021-12-09T17:52:00Z,False,0,7/26/2023 0:00,Serious,0.0,1.0,1.0,2.0,100,474,1,576,False,0.125,5,15,0,3,3,3,1,2,0
1472,0,2021-12-09T16:44:00Z,False,0,4/3/2024 0:00,?,0.0,0.0,0.0,0.0,250,1530,1,488,False,0.125,5,15,0,3,3,4,1,2,0
1473,0,2021-12-09T14:28:00Z,False,0,6/9/2022 0:00,Minor,0.0,0.0,1.0,1.0,896,1600,1,1148,False,0.125,5,15,0,3,3,5,1,2,0
1474,0,2021-12-08T20:57:00Z,False,0,8/31/2022 0:00,Fatal,2.0,0.0,0.0,2.0,932,1551,1,1613,False,0.125,5,15,0,1,1,4,1,2,1
1475,0,2021-12-08T17:25:00Z,False,0,?,?,0.0,0.0,0.0,0.0,811,1383,1,576,False,0.125,0,0,13,3,0,5,0,3,0
1476,0,2021-12-08T16:00:00Z,False,0,6/9/2022 0:00,?,0.0,0.0,0.0,0.0,896,1587,1,1520,False,0.125,5,15,0,3,3,4,1,2,0
1477,0,2021-12-08T11:13:00Z,False,0,8/31/2022 0:00,Fatal,1.0,0.0,0.0,1.0,1241,1770,1,576,True,0.125,5,15,0,3,3,6,1,2,1
1478,0,2021-12-07T22:24:00Z,False,0,6/8/2023 0:00,Fatal,1.0,0.0,0.0,1.0,250,97,1,2630,False,0.125,5,15,0,1,1,4,1,2,1
1479,0,2021-12-07T11:30:00Z,False,0,6/22/2022 0:00,?,0.0,0.0,0.0,0.0,250,214,1,612,False,0.25,5,13,0,3,3,5,1,2,0
1480,0,2021-12-07T08:57:00Z,False,0,9/27/2023 0:00,Minor,0.0,0.0,1.0,1.0,157,1840,1,2655,False,0.125,5,15,0,3,1,3,1,2,0
1481,0,2021-12-07T07:35:00Z,False,0,?,?,?,?,?,?,250,83,1,576,False,,0,0,13,3,0,3,0,3,0
1482,0,2021-12-05T17:52:00Z,False,0,12/14/2023 0:00,Fatal,2.0,0.0,0.0,2.0,896,1618,1,1912,False,0.25,5,15,0,1,1,10,1,2,1
1483,0,2021-12-05T12:30:00Z,False,0,6/9/2022 0:00,?,0.0,0.0,0.0,0.0,810,2165,1,457,False,0.125,5,15,0,3,3,5,1,2,0
1484,0,2021-12-04T20:45:00Z,False,0,?,Fatal,2.0,0.0,0.0,2.0,843,1792,1,576,False,,0,0,13,1,0,13,0,3,1
1485,0,2021-12-04T19:40:00Z,False,0,4/26/2023 0:00,Fatal,4.0,0.0,0.0,4.0,157,2145,1,2772,False,0.125,5,15,0,3,1,4,1,2,1
1486,0,2021-12-04T17:30:00Z,False,0,10/19/2023 0:00,Serious,0.0,2.0,0.0,2.0,1241,1785,1,1140,True,0.125,5,15,0,3,3,1,1,2,0
1487,0,2021-12-04T14:15:00Z,False,0,6/9/2022 0:00,Serious,0.0,1.0,0.0,1.0,523,1144,1,2298,False,0.125,5,15,0,3,3,10,1,2,0
1488,0,2021-12-04T12:50:00Z,False,0,?,?,?,?,?,?,39,633,1,576,False,,0,0,15,1,0,6,0,3,0
1489,0,2021-12-03T19:23:00Z,False,0,8/31/2022 0:00,Fatal,1.0,0.0,0.0,1.0,250,108,1,576,False,0.125,5,15,0,1,1,3,1,2,1
1490,0,2021-12-03T16:30:00Z,False,0,?,Fatal,3.0,0.0,0.0,3.0,250,491,1,576,False,0.125,0,0,15,1,0,13,0,3,1
1491,0,2021-12-03T13:10:00Z,False,0,6/9/2022 0:00,?,0.0,0.0,0.0,0.0,896,1579,1,2674,False,0.125,5,15,0,3,3,1,1,2,0
1492,0,2021-12-03T12:15:00Z,False,0,6/9/2022 0:00,?,0.0,0.0,0.0,0.0,250,77,1,1401,False,0.125,5,13,0,3,3,1,1,2,0
1493,0,2021-12-03T11:00:00Z,False,0,6/9/2022 0:00,Minor,0.0,0.0,1.0,1.0,994,1722,6,576,False,0.125,5,14,0,3,3,6,1,2,0
1494,1,2021-12-03T05:00:00Z,False,0,?,?,?,?,?,?,179,356,1,576,False,,0,0,6,2,0,5,0,3,0
1495,0,2021-12-03T05:00:00Z,False,0,?,?,?,?,?,?,896,1672,1,576,False,,0,0,0,3,0,13,0,3,0
1496,0,2021-12-02T15:15:00Z,False,0,5/3/2023 0:00,?,0.0,0.0,0.0,0.0,157,536,1,455,False,0.125,5,15,0,3,3,3,1,2,0
1497,0,2021-12-02T13:58:00Z,False,0,6/9/2022 0:00,?,0.0,0.0,0.0,0.0,778,242,6,2583,False,0.125,9,6,0,3,3,5,1,2,0
1498,0,2021-12-02T12:15:00Z,False,0,12/14/2023 0:00,Fatal,1.0,0.0,0.0,1.0,1012,2182,6,131,True,0.125,5,15,0,3,3,3,1,2,1
1499,0,2021-12-01T19:25:00Z,False,0,6/9/2022 0:00,Minor,0.0,0.0,1.0,1.0,250,154,1,2213,False,0.125,8,6,8,3,3,1,1,2,0
1500,0,2021-12-01T15:50:00Z,False,0,6/9/2022 0:00,?,0.0,0.0,0.0,0.0,896,1642,1,549,False,0.125,5,15,0,3,3,5,1,2,0
1501,0,2021-12-01T15:50:00Z,False,0,6/9/2022 0:00,Serious,0.0,1.0,1.0,2.0,455,1498,1,491,True,0.125,5,15,0,3,3,10,1,2,0
1502,0,2021-12-01T13:30:00Z,False,0,6/9/2022 0:00,?,0.0,0.0,0.0,0.0,250,306,1,1600,False,0.25,6,15,0,3,3,5,1,2,0
1503,1,2021-12-01T05:00:00Z,False,0,?,?,?,?,?,?,179,356,1,576,False,,0,0,12,0,0,10,0,3,0
1504,0,2021-11-30T17:01:00Z,False,0,6/8/2022 0:00,Serious,0.0,1.0,0.0,1.0,896,1558,1,576,False,0.125,5,15,0,3,3,9,1,2,0
1505,0,2021-11-30T14:37:00Z,False,0,8/16/2022 0:00,Minor,0.0,0.0,1.0,1.0,896,1240,1,1465,False,0.125,5,13,0,3,3,5,1,2,0
1506,0,2021-11-30T14:30:00Z,False,0,6/8/2022 0:00,?,0.0,0.0,0.0,0.0,1199,254,1,2345,False,0.125,5,15,0,3,3,11,1,2,0
1507,1,2021-11-30T05:00:00Z,False,0,?,?,?,?,?,?,240,871,1,576,False,,0,0,12,2,0,10,0,3,0
1508,0,2021-11-29T16:00:00Z,False,0,6/9/2022 0:00,?,0.0,0.0,0.0,0.0,484,1084,1,2298,False,0.125,5,6,8,3,3,10,1,2,0
1509,0,2021-11-29T15:47:00Z,False,0,10/5/2023 0:00,Minor,0.0,0.0,3.0,3.0,896,1677,1,613,False,0.125,8,15,0,3,3,5,1,2,0
1510,0,2021-11-29T12:57:00Z,False,0,?,?,0.0,0.0,0.0,0.0,179,387,1,576,False,0.5,0,0,4,3,0,5,2,3,0
1511,0,2021-11-28T17:58:00Z,False,0,6/8/2023 0:00,Fatal,1.0,1.0,0.0,2.0,160,142,6,576,False,0.125,9,15,0,1,3,6,1,2,1
1512,0,2021-11-28T17:00:00Z,False,0,6/8/2022 0:00,Minor,0.0,0.0,1.0,1.0,961,1099,1,206,True,0.125,5,15,0,3,3,4,1,2,0
1513,0,2021-11-28T16:00:00Z,False,0,6/9/2022 0:00,?,0.0,0.0,0.0,0.0,157,130,1,1124,False,0.25,9,15,0,3,3,5,1,2,0
1514,0,2021-11-28T13:00:00Z,False,0,6/22/2022 0:00,Serious,0.0,1.0,0.0,1.0,1051,1907,1,2606,True,0.125,5,15,0,3,3,5,1,2,0
1515,0,2021-11-27T11:45:00Z,False,0,6/9/2022 0:00,?,0.0,0.0,0.0,0.0,146,1738,1,2750,True,0.125,5,15,0,3,3,10,1,2,0
1516,1,2021-11-27T02:27:00Z,False,0,?,?,0.0,0.0,0.0,0.0,145,661,1,1054,False,,0,0,15,0,0,1,0,3,0
1517,0,2021-11-26T14:40:00Z,False,0,6/14/2022 0:00,?,0.0,0.0,0.0,0.0,1179,1537,1,2838,False,0.125,5,15,0,3,3,5,1,2,0
1518,0,2021-11-26T12:10:00Z,False,0,6/9/2022 0:00,?,0.0,0.0,0.0,0.0,896,1565,1,576,False,0.125,5,15,0,3,3,3,1,2,0
1519,0,2021-11-26T01:27:00Z,False,0,?,Fatal,3.0,0.0,0.0,3.0,896,1672,1,576,False,0.25,0,0,12,1,0,13,0,3,1
1520,0,2021-11-25T15:00:00Z,False,0,?,Fatal,1.0,1.0,0.0,2.0,304,812,1,576,False,0.125,0,0,13,3,0,3,0,3,1
1521,0,2021-11-25T00:33:00Z,False,0,6/8/2022 0:00,Serious,0.0,1.0,0.0,1.0,64,500,1,576,False,0.125,5,15,0,3,3,1,1,2,0
1522,1,2021-11-24T20:36:00Z,False,0,?,?,0.0,0.0,0.0,0.0,179,411,1,752,False,0.25,0,0,4,2,0,5,0,3,0
1523,0,2021-11-24T18:46:00Z,False,0,9/14/2023 0:00,Fatal,2.0,0.0,0.0,2.0,250,2048,1,183,False,0.125,5,15,0,1,3,3,1,2,1
1524,0,2021-11-24T13:40:00Z,False,0,7/6/2023 0:00,?,0.0,0.0,0.0,0.0,157,536,1,576,False,0.125,5,15,0,3,3,13,1,2,0
1525,0,2021-11-24T12:40:00Z,False,0,?,?,?,?,?,?,250,495,1,576,False,,0,0,12,3,0,13,0,3,0
1526,0,2021-11-24T11:20:00Z,False,0,8/17/2023 0:00,Minor,0.0,0.0,1.0,1.0,1175,746,1,576,False,0.125,5,15,0,1,3,3,1,2,0
1527,0,2021-11-23T19:40:00Z,False,0,5/26/2022 0:00,?,0.0,0.0,0.0,0.0,896,1623,1,2473,False,0.125,5,15,0,3,3,5,1,2,0
1528,0,2021-11-23T15:04:00Z,False,0,6/8/2022 0:00,?,0.0,0.0,0.0,0.0,157,787,1,2306,False,0.125,5,15,0,3,3,5,1,2,0
1529,0,2021-11-23T11:33:00Z,False,0,6/8/2023 0:00,Fatal,1.0,0.0,0.0,1.0,1317,2247,1,1151,True,0.125,5,15,0,1,3,3,1,2,1
1530,1,2021-11-22T18:57:00Z,False,0,?,?,?,?,?,?,179,356,1,576,False,0.25,0,0,12,0,0,10,0,3,0
1531,0,2021-11-22T16:10:00Z,False,0,8/12/2022 0:00,?,0.0,0.0,0.0,0.0,419,1758,6,168,True,0.125,5,11,0,3,3,6,1,2,0
1532,0,2021-11-22T15:34:00Z,False,0,6/8/2022 0:00,?,0.0,0.0,0.0,0.0,727,674,6,2639,False,0.25,9,6,8,3,3,3,1,2,0
1533,0,2021-11-22T14:49:00Z,False,0,4/26/2023 0:00,?,0.0,0.0,0.0,0.0,250,1720,1,2261,False,0.125,5,13,0,3,3,5,1,2,0
1534,0,2021-11-22T12:40:00Z,False,0,5/3/2023 0:00,Minor,0.0,0.0,1.0,1.0,1241,1777,1,2749,True,0.125,5,15,0,3,3,3,1,2,0
1535,0,2021-11-21T20:20:00Z,False,0,1/30/2024 0:00,Fatal,3.0,0.0,0.0,3.0,250,2053,1,824,False,0.25,5,15,0,1,3,10,1,2,1
1536,0,2021-11-21T17:44:00Z,False,0,5/26/2022 0:00,Minor,0.0,0.0,1.0,1.0,250,72,1,279,False,0.125,5,13,0,1,3,4,1,2,0
1537,0,2021-11-21T14:25:00Z,False,0,?,?,?,?,?,?,179,356,1,576,False,,0,0,12,3,0,9,0,3,0
1538,0,2021-11-21T12:00:00Z,False,0,5/26/2022 0:00,?,0.0,0.0,0.0,0.0,250,73,1,2303,False,0.125,5,13,0,3,3,5,1,2,0
1539,0,2021-11-21T10:37:00Z,False,0,6/9/2022 0:00,Serious,0.0,1.0,0.0,1.0,183,724,1,576,False,0.25,6,0,1,0,3,3,1,2,0
1540,0,2021-11-21T09:26:00Z,False,0,9/7/2023 0:00,Minor,0.0,0.0,1.0,1.0,250,156,1,576,False,0.125,5,15,0,3,3,3,1,2,0
1541,0,2021-11-20T18:55:00Z,False,0,9/20/2023 0:00,?,0.0,0.0,0.0,0.0,250,153,1,717,False,0.125,5,6,8,3,3,3,1,2,0
1542,0,2021-11-20T17:56:00Z,False,0,6/8/2023 0:00,Fatal,1.0,0.0,0.0,1.0,650,1155,1,576,True,0.125,5,15,0,1,3,3,1,2,1
1543,0,2021-11-20T12:30:00Z,False,0,5/26/2022 0:00,Serious,0.0,1.0,1.0,2.0,685,290,6,1812,False,0.125,5,13,0,3,3,6,1,2,0
1544,0,2021-11-20T11:24:00Z,False,0,5/26/2022 0:00,?,0.0,0.0,0.0,0.0,270,1958,1,2353,False,0.125,5,13,0,3,3,10,1,2,0
1545,0,2021-11-19T20:15:00Z,False,0,?,Minor,0.0,0.0,1.0,1.0,896,1666,1,2496,False,0.25,0,0,13,3,0,5,0,3,0
1546,0,2021-11-19T13:04:00Z,False,0,9/7/2023 0:00,Minor,0.0,0.0,2.0,2.0,896,1608,1,1279,False,0.125,5,15,0,3,3,4,1,2,0
1547,0,2021-11-19T12:40:00Z,False,0,2/21/2024 0:00,Fatal,1.0,0.0,0.0,1.0,250,112,1,576,False,0.125,5,3,0,3,3,6,1,2,1
1548,0,2021-11-19T12:30:00Z,False,0,6/22/2022 0:00,?,0.0,0.0,0.0,0.0,1026,1723,6,1917,False,0.125,5,13,0,3,3,6,1,2,0
1549,0,2021-11-18T13:30:00Z,False,0,6/8/2022 0:00,?,0.0,0.0,0.0,0.0,19,1500,1,530,False,0.125,5,15,0,3,3,5,1,2,0
1550,0,2021-11-18T10:11:00Z,False,0,?,?,0.0,0.0,0.0,0.0,250,45,1,576,False,,0,0,13,3,0,4,0,3,0
1551,1,2021-11-18T03:35:00Z,False,0,?,?,?,?,?,?,179,356,1,2428,False,,0,0,6,0,0,5,0,3,0
1552,0,2021-11-17T19:30:00Z,False,0,?,Fatal,1.0,0.0,0.0,1.0,993,1721,6,576,False,,0,0,13,1,0,3,0,3,1
1553,0,2021-11-17T17:00:00Z,False,0,5/26/2022 0:00,?,0.0,0.0,0.0,0.0,888,2114,4,901,False,0.125,5,15,0,3,3,11,1,2,0
1554,0,2021-11-17T15:30:00Z,False,0,5/26/2022 0:00,?,0.0,0.0,0.0,0.0,303,812,1,2721,False,0.125,5,15,0,3,3,5,1,2,0
1555,0,2021-11-17T11:44:00Z,False,0,5/26/2022 0:00,Minor,0.0,0.0,1.0,1.0,896,1600,1,1222,False,0.125,5,15,0,3,3,1,1,2,0
1556,1,2021-11-17T10:41:00Z,False,0,?,?,?,?,?,?,179,356,1,576,False,,0,0,6,0,0,3,0,3,0
1557,0,2021-11-16T19:36:00Z,False,0,4/19/2023 0:00,Fatal,1.0,0.0,0.0,1.0,40,650,1,576,False,0.125,8,1,9,3,3,6,1,2,1
1558,0,2021-11-16T00:40:00Z,False,0,?,Fatal,2.0,0.0,0.0,2.0,250,97,1,576,False,,0,15,13,3,0,3,0,3,1
1559,0,2021-11-15T18:30:00Z,False,0,4/5/2023 0:00,?,0.0,0.0,0.0,0.0,896,1581,1,638,False,0.125,5,13,0,3,3,3,1,2,0
1560,0,2021-11-15T14:30:00Z,False,0,6/8/2022 0:00,?,0.0,0.0,0.0,0.0,250,59,1,762,False,0.125,5,15,0,3,3,10,1,2,0
1561,0,2021-11-15T13:45:00Z,False,0,4/5/2023 0:00,Fatal,2.0,0.0,0.0,2.0,157,976,1,2071,False,0.25,8,6,0,1,1,1,1,2,1
1562,0,2021-11-15T12:50:00Z,False,0,11/8/2023 0:00,Serious,0.0,1.0,1.0,2.0,157,175,1,585,False,0.125,5,13,0,3,3,4,1,2,0
1563,0,2021-11-15T12:30:00Z,False,0,8/15/2023 0:00,Minor,0.0,0.0,1.0,1.0,1159,2196,1,696,True,0.125,5,15,0,3,3,3,1,2,0
1564,0,2021-11-15T11:12:00Z,False,0,9/7/2023 0:00,?,0.0,0.0,0.0,0.0,811,1389,1,2672,False,0.125,5,15,0,3,3,1,1,2,0
1565,0,2021-11-15T09:19:00Z,False,0,1/4/2024 0:00,?,0.0,0.0,0.0,0.0,160,1504,6,576,False,0.125,9,8,7,3,3,10,1,2,0
1566,0,2021-11-15T08:45:00Z,False,0,4/5/2023 0:00,Minor,0.0,0.0,1.0,1.0,157,537,1,576,False,0.125,5,15,0,3,3,1,1,2,0
1567,0,2021-11-14T19:59:00Z,False,0,6/8/2022 0:00,Serious,0.0,2.0,0.0,2.0,250,32,1,576,False,0.125,5,15,0,3,3,3,1,2,0
1568,0,2021-11-14T18:52:00Z,False,0,6/8/2022 0:00,Minor,0.0,0.0,1.0,1.0,270,1959,1,213,False,0.125,5,15,0,3,3,5,1,2,0
1569,0,2021-11-14T15:23:00Z,False,0,1/4/2024 0:00,?,0.0,0.0,0.0,0.0,896,1608,1,775,False,0.125,5,15,0,3,3,1,1,2,0
1570,0,2021-11-14T14:30:00Z,False,0,5/26/2022 0:00,Minor,0.0,0.0,2.0,2.0,250,60,1,230,False,0.125,5,15,0,3,3,4,1,2,0
1571,0,2021-11-14T14:15:00Z,False,0,1/4/2024 0:00,?,0.0,0.0,0.0,0.0,626,16,1,2767,False,0.25,7,15,0,3,3,5,1,2,0
1572,0,2021-11-14T13:04:00Z,False,0,?,Fatal,1.0,0.0,0.0,1.0,684,1052,1,576,True,,0,0,13,1,0,10,0,3,1
1573,0,2021-11-14T12:48:00Z,False,0,?,?,?,?,?,?,250,72,1,576,False,0.125,0,0,13,3,0,5,0,3,0
1574,0,2021-11-14T12:10:00Z,False,0,?,Serious,0.0,1.0,0.0,1.0,605,184,6,576,False,,0,0,13,3,0,6,0,3,0
1575,0,2021-11-14T11:13:00Z,False,0,5/26/2022 0:00,?,0.0,0.0,0.0,0.0,250,77,1,1206,False,0.125,5,13,0,3,3,5,1,2,0
1576,0,2021-11-13T14:49:00Z,False,0,10/5/2023 0:00,Fatal,4.0,1.0,0.0,5.0,189,747,1,462,False,0.25,5,6,8,3,3,1,1,2,1
1577,0,2021-11-13T12:50:00Z,False,0,6/8/2022 0:00,Serious,0.0,1.0,0.0,1.0,772,968,1,2465,False,0.125,5,15,0,3,3,10,1,2,0
1578,0,2021-11-13T12:45:00Z,False,0,5/26/2022 0:00,?,0.0,0.0,0.0,0.0,19,429,1,454,False,0.125,5,15,0,3,3,5,1,2,0
1579,0,2021-11-12T19:31:00Z,False,0,5/26/2022 0:00,Minor,0.0,0.0,1.0,1.0,896,1660,1,576,False,0.125,5,15,0,3,3,3,1,2,0
1580,0,2021-11-12T15:30:00Z,False,0,6/8/2022 0:00,?,0.0,0.0,0.0,0.0,430,959,1,2011,False,0.125,5,15,0,3,3,5,1,2,0
1581,0,2021-11-12T15:13:00Z,False,0,5/3/2023 0:00,Fatal,2.0,0.0,0.0,2.0,1317,1972,1,2089,True,0.125,5,15,0,1,3,1,1,2,1
1582,2,2021-11-12T10:02:00Z,False,0,3/8/2024 0:00,?,0.0,0.0,0.0,0.0,157,1073,1,576,False,0.125,5,15,0,2,3,3,1,2,0
1583,1,2021-11-11T22:06:00Z,False,0,?,?,?,?,?,?,179,356,1,576,False,,0,0,12,0,0,10,0,3,0
1584,0,2021-11-11T11:48:00Z,False,0,1/4/2024 0:00,Fatal,2.0,0.0,0.0,2.0,250,60,1,576,False,0.125,5,13,0,1,3,6,1,2,1
1585,0,2021-11-11T08:52:00Z,False,0,?,Fatal,1.0,0.0,0.0,1.0,250,1530,1,1814,False,0.125,0,0,13,3,0,10,0,3,1
1586,0,2021-11-10T14:30:00Z,False,0,5/26/2022 0:00,?,0.0,0.0,0.0,0.0,994,1722,6,576,False,0.125,5,14,0,3,3,6,1,2,0
1587,0,2021-11-10T12:00:00Z,False,0,5/26/2022 0:00,Minor,0.0,0.0,1.0,1.0,996,1727,6,576,False,0.125,5,15,0,3,3,6,1,2,0
1588,0,2021-11-10T11:22:00Z,False,0,?,?,0.0,0.0,0.0,0.0,956,1846,1,576,True,,0,0,13,3,0,3,0,3,0
1589,0,2021-11-10T11:03:00Z,False,0,9/7/2023 0:00,Fatal,1.0,0.0,0.0,1.0,1317,833,1,576,True,0.125,5,15,0,1,3,6,1,2,1
1590,0,2021-11-09T17:05:00Z,False,0,7/6/2023 0:00,?,0.0,0.0,0.0,0.0,896,1660,1,2567,False,0.125,5,13,0,3,3,1,1,2,0
1591,0,2021-11-09T04:50:00Z,False,0,5/26/2022 0:00,?,0.0,0.0,0.0,0.0,160,1504,6,576,False,0.125,9,1,0,3,3,6,1,2,0
1592,0,2021-11-08T17:20:00Z,False,0,9/7/2023 0:00,Fatal,1.0,0.0,0.0,1.0,639,2004,1,576,True,0.125,5,15,0,3,3,6,1,2,1
1593,0,2021-11-08T16:15:00Z,False,0,5/26/2022 0:00,?,0.0,0.0,0.0,0.0,301,810,1,1718,False,0.125,5,20,0,3,3,13,1,2,0
1594,0,2021-11-08T16:05:00Z,False,0,6/8/2022 0:00,?,0.0,0.0,0.0,0.0,250,60,1,1889,False,0.125,5,15,0,3,3,5,1,2,0
1595,0,2021-11-08T13:57:00Z,False,0,8/30/2023 0:00,Fatal,1.0,0.0,0.0,1.0,811,1386,1,156,False,0.125,5,15,0,3,3,6,1,2,1
1596,0,2021-11-08T13:37:00Z,False,0,5/4/2022 0:00,?,0.0,0.0,0.0,0.0,209,250,1,2326,True,0.125,5,15,0,3,3,5,1,2,0
1597,0,2021-11-08T11:35:00Z,False,0,?,?,0.0,0.0,0.0,0.0,993,1725,6,576,False,,0,0,13,3,0,6,0,3,0
1598,0,2021-11-07T15:02:00Z,False,0,8/31/2022 0:00,Fatal,1.0,0.0,0.0,1.0,516,129,1,576,True,0.125,5,15,0,3,3,10,1,2,1
1599,0,2021-11-07T14:43:00Z,False,0,5/4/2022 0:00,?,0.0,0.0,0.0,0.0,963,1136,1,1407,False,0.125,0,15,0,3,3,5,1,2,0
1600,0,2021-11-07T13:15:00Z,False,0,6/8/2022 0:00,?,0.0,0.0,0.0,0.0,896,1613,1,1162,False,0.25,5,15,0,3,3,5,1,2,0
1601,0,2021-11-07T11:20:00Z,False,0,6/8/2022 0:00,?,0.0,0.0,0.0,0.0,252,204,1,1220,False,0.125,5,15,0,3,3,10,1,2,0
1602,0,2021-11-07T09:40:00Z,False,0,6/8/2022 0:00,?,0.0,0.0,0.0,0.0,771,1368,1,2756,False,0.125,5,15,0,3,3,4,1,2,0
1603,0,2021-11-05T19:26:00Z,False,0,9/27/2023 0:00,Fatal,1.0,0.0,0.0,1.0,896,1665,1,2755,False,0.25,5,15,0,3,3,3,1,2,1
1604,0,2021-11-05T18:30:00Z,False,0,?,Fatal,5.0,0.0,0.0,5.0,157,790,1,2547,False,,0,0,13,3,0,1,0,3,1
1605,0,2021-11-05T09:37:00Z,False,0,4/19/2023 0:00,Fatal,1.0,0.0,0.0,1.0,1241,1759,1,495,True,0.125,5,15,0,1,3,3,1,2,1
1606,0,2021-11-04T19:30:00Z,False,0,9/7/2023 0:00,?,0.0,0.0,0.0,0.0,250,43,1,576,False,0.125,5,15,0,3,3,1,1,2,0
1607,0,2021-11-04T15:00:00Z,False,0,5/26/2022 0:00,?,0.0,0.0,0.0,0.0,250,111,1,576,False,0.125,5,16,0,3,3,3,1,2,0
1608,0,2021-11-04T14:20:00Z,False,0,5/4/2022 0:00,?,0.0,0.0,0.0,0.0,304,812,1,2298,False,0.125,5,15,0,3,3,5,1,2,0
1609,0,2021-11-04T12:00:00Z,False,0,5/4/2022 0:00,?,0.0,0.0,0.0,0.0,1041,821,1,2522,False,0.125,5,15,0,3,3,5,1,2,0
1610,0,2021-11-04T09:47:00Z,False,0,9/7/2023 0:00,Minor,0.0,0.0,1.0,1.0,250,60,1,2233,False,0.125,5,15,0,3,3,3,1,2,0
1611,1,2021-11-03T21:30:00Z,False,0,?,?,?,?,?,?,179,356,1,576,False,,0,0,12,0,0,3,0,3,0
1612,0,2021-11-03T11:30:00Z,False,0,12/6/2023 0:00,Fatal,1.0,0.0,0.0,1.0,106,1807,1,1926,False,0.125,8,1,9,3,3,4,1,2,1
1613,1,2021-11-03T00:40:00Z,False,0,?,?,0.0,0.0,0.0,0.0,179,427,1,576,False,0.25,0,0,4,0,0,3,0,3,0
1614,0,2021-11-01T14:30:00Z,False,0,?,?,0.0,0.0,0.0,0.0,896,1672,1,576,False,,0,13,13,3,0,5,0,3,0
1615,1,2021-10-31T23:30:00Z,False,0,?,?,0.0,0.0,0.0,0.0,179,427,1,576,False,,0,0,12,0,0,3,0,3,0
1616,0,2021-10-31T19:00:00Z,False,0,9/7/2023 0:00,Fatal,1.0,0.0,0.0,1.0,896,1605,1,897,False,0.125,5,15,0,1,3,6,1,2,1
1617,0,2021-10-31T17:54:00Z,False,0,5/4/2022 0:00,Minor,0.0,0.0,1.0,1.0,250,60,1,2797,False,0.125,5,13,0,3,3,4,1,2,0
1618,0,2021-10-31T16:40:00Z,False,0,10/5/2023 0:00,?,0.0,0.0,0.0,0.0,160,288,6,2255,False,0.125,5,13,0,3,3,13,1,2,0
1619,0,2021-10-31T15:30:00Z,False,0,5/4/2022 0:00,Minor,0.0,0.0,1.0,1.0,250,45,1,346,False,0.125,5,15,0,3,3,5,1,2,0
1620,0,2021-10-31T13:34:00Z,False,0,11/7/2023 0:00,Fatal,2.0,0.0,0.0,2.0,157,1532,1,576,False,0.125,5,15,0,3,2,3,1,2,1
1621,0,2021-10-31T13:20:00Z,False,0,10/5/2023 0:00,Fatal,1.0,0.0,0.0,1.0,1241,1779,1,576,True,0.125,5,15,0,1,3,3,1,2,1
1622,1,2021-10-31T13:00:00Z,False,0,?,?,?,?,?,?,1078,1854,6,576,False,,0,0,12,2,0,10,0,3,0
1623,0,2021-10-31T11:50:00Z,False,0,4/5/2023 0:00,?,0.0,0.0,0.0,0.0,250,1719,1,2379,False,0.125,5,13,0,3,3,5,1,2,0
1624,0,2021-10-31T09:37:00Z,False,0,11/8/2023 0:00,Fatal,1.0,0.0,1.0,2.0,250,42,1,1184,False,0.125,5,15,0,3,3,5,1,2,1
1625,0,2021-10-31T04:00:00Z,False,0,?,?,0.0,0.0,0.0,0.0,1317,325,1,576,False,,0,0,13,3,0,4,0,3,0
1626,1,2021-10-31T04:00:00Z,False,0,?,Fatal,2.0,0.0,0.0,2.0,179,355,1,576,False,0.375,0,0,15,0,0,10,0,3,1
1627,0,2021-10-30T19:10:00Z,False,0,6/8/2023 0:00,?,0.0,0.0,0.0,0.0,250,83,1,2818,False,0.125,5,15,0,3,3,3,1,2,0
1628,0,2021-10-30T14:37:00Z,False,0,4/5/2023 0:00,?,0.0,0.0,0.0,0.0,166,436,1,2617,False,0.125,5,15,0,3,3,1,1,2,0
1629,0,2021-10-30T08:00:00Z,False,0,?,Serious,0.0,2.0,0.0,2.0,250,111,1,576,False,0.125,0,0,15,3,0,3,0,3,0
1630,0,2021-10-29T16:00:00Z,False,0,9/7/2023 0:00,?,0.0,0.0,0.0,0.0,896,1613,1,56,False,0.25,5,15,0,3,1,3,1,2,0
1631,0,2021-10-29T14:15:00Z,False,0,5/4/2022 0:00,?,0.0,0.0,0.0,0.0,70,451,1,1321,False,0.125,5,15,0,3,3,5,1,2,0
1632,0,2021-10-28T16:26:00Z,False,0,8/31/2022 0:00,?,0.0,0.0,0.0,0.0,157,1278,1,1341,False,0.125,5,15,0,3,3,1,1,2,0
1633,0,2021-10-28T13:11:00Z,False,0,4/27/2023 0:00,Fatal,1.0,0.0,0.0,1.0,250,60,1,2740,False,0.125,5,13,0,3,3,10,1,2,1
1634,0,2021-10-28T12:10:00Z,False,0,6/8/2022 0:00,?,0.0,0.0,0.0,0.0,646,1710,1,2066,True,0.125,5,15,0,3,3,5,1,2,0
1635,0,2021-10-28T12:00:00Z,False,0,5/4/2022 0:00,?,0.0,0.0,0.0,0.0,160,150,6,2740,False,0.125,9,3,0,3,3,3,1,2,0
1636,0,2021-10-28T09:11:00Z,False,0,5/3/2023 0:00,Fatal,1.0,0.0,0.0,1.0,811,1389,1,576,False,0.125,5,15,0,3,1,3,1,2,1
1637,0,2021-10-27T19:42:00Z,False,0,5/4/2022 0:00,Minor,0.0,0.0,2.0,2.0,896,1594,1,576,False,0.125,5,13,0,3,3,3,1,2,0
1638,0,2021-10-27T18:17:00Z,False,0,9/20/2023 0:00,Fatal,1.0,0.0,0.0,1.0,157,706,1,576,False,0.125,5,15,0,3,3,3,1,2,1
1639,0,2021-10-27T17:50:00Z,False,0,8/30/2023 0:00,?,0.0,0.0,0.0,0.0,157,175,1,381,False,0.125,5,13,0,3,3,1,1,2,0
1640,0,2021-10-27T17:00:00Z,False,0,5/4/2022 0:00,?,0.0,0.0,0.0,0.0,896,1670,1,1201,False,0.125,5,15,0,3,3,5,1,2,0
1641,0,2021-10-26T23:23:00Z,False,0,9/7/2023 0:00,Fatal,1.0,0.0,0.0,1.0,1242,1765,1,273,False,0.125,5,15,0,1,3,6,1,2,1
1642,0,2021-10-26T14:45:00Z,False,0,5/26/2022 0:00,?,0.0,0.0,0.0,0.0,896,1677,1,1453,False,0.125,8,15,0,3,3,5,1,2,0
1643,0,2021-10-26T13:30:00Z,False,0,5/4/2022 0:00,?,0.0,0.0,0.0,0.0,570,874,1,1331,False,0.125,5,11,0,3,3,5,1,2,0
1644,0,2021-10-26T06:05:00Z,False,0,?,Fatal,1.0,0.0,0.0,1.0,160,142,6,576,False,,0,0,13,1,0,3,0,3,1
1645,0,2021-10-24T22:26:00Z,False,0,?,Fatal,1.0,1.0,0.0,2.0,320,154,1,576,False,,0,0,13,3,0,1,0,3,1
1646,0,2021-10-24T18:40:00Z,False,0,?,?,0.0,0.0,0.0,0.0,250,2035,1,2452,False,0.125,0,0,13,3,0,1,0,3,0
1647,0,2021-10-24T15:45:00Z,False,0,5/26/2022 0:00,?,0.0,0.0,0.0,0.0,857,646,1,1825,False,0.125,5,15,0,3,3,5,1,2,0
1648,0,2021-10-24T11:00:00Z,False,0,5/4/2022 0:00,Serious,0.0,1.0,0.0,1.0,250,112,1,358,False,0.125,5,15,0,3,3,1,1,2,0
1649,0,2021-10-23T18:25:00Z,False,0,5/3/2023 0:00,Fatal,1.0,1.0,0.0,2.0,538,1566,1,623,True,0.125,5,15,0,3,3,1,1,2,1
1650,0,2021-10-23T14:45:00Z,False,0,5/4/2022 0:00,?,0.0,0.0,0.0,0.0,250,45,1,87,False,0.125,5,13,0,3,3,1,1,2,0
1651,0,2021-10-23T14:40:00Z,False,0,11/29/2023 0:00,Fatal,2.0,0.0,0.0,2.0,133,452,1,576,False,0.125,5,15,0,1,3,6,1,2,1
1652,0,2021-10-23T13:34:00Z,False,0,8/30/2023 0:00,?,0.0,0.0,0.0,0.0,250,60,1,1226,False,0.125,5,15,0,3,3,13,1,2,0
1653,0,2021-10-23T09:55:00Z,False,0,7/20/2022 0:00,Serious,0.0,1.0,0.0,1.0,423,1032,1,1923,False,0.25,6,0,4,0,3,8,1,2,0
1654,0,2021-10-23T09:50:00Z,False,0,5/26/2022 0:00,?,0.0,0.0,0.0,0.0,896,1587,1,576,False,0.125,5,15,0,3,3,3,1,2,0
1655,0,2021-10-22T17:50:00Z,False,0,6/22/2023 0:00,?,0.0,0.0,0.0,0.0,421,1024,1,1895,False,0.25,6,15,0,3,3,5,1,2,0
1656,0,2021-10-22T15:57:00Z,False,0,12/20/2023 0:00,Fatal,1.0,1.0,0.0,2.0,896,1625,1,2320,False,0.125,5,15,0,1,3,3,1,2,1
1657,0,2021-10-22T08:42:00Z,False,0,4/26/2023 0:00,?,0.0,0.0,0.0,0.0,250,155,1,1489,False,0.125,8,0,8,3,3,10,1,2,0
1658,0,2021-10-21T19:20:00Z,False,0,5/26/2022 0:00,?,0.0,0.0,0.0,0.0,250,60,1,2292,False,0.125,5,15,0,3,3,5,1,2,0
1659,0,2021-10-21T16:31:00Z,False,0,8/30/2023 0:00,Fatal,2.0,1.0,1.0,4.0,811,1387,1,2048,False,0.125,5,15,0,3,3,4,1,2,1
1660,0,2021-10-21T14:30:00Z,False,0,?,?,0.0,0.0,0.0,0.0,19,338,1,576,False,,0,0,13,3,0,4,0,3,0
1661,0,2021-10-21T10:38:00Z,False,0,4/29/2022 0:00,Serious,0.0,1.0,0.0,1.0,933,685,4,909,False,0.125,5,15,0,3,3,5,1,2,0
1662,0,2021-10-20T16:15:00Z,False,0,3/22/2023 0:00,?,0.0,0.0,0.0,0.0,250,156,1,2318,False,0.125,5,6,0,3,3,10,1,2,0
1663,0,2021-10-20T11:00:00Z,False,0,11/29/2023 0:00,Fatal,1.0,0.0,0.0,1.0,250,42,1,576,False,0.125,5,15,0,3,1,3,1,2,1
1664,1,2021-10-20T10:28:00Z,False,0,?,?,0.0,0.0,0.0,0.0,250,308,1,1062,False,0.25,0,0,13,0,0,1,0,3,0
1665,1,2021-10-20T04:00:00Z,False,0,?,?,0.0,0.0,0.0,0.0,182,858,1,1769,False,,0,0,12,0,0,1,0,3,0
1666,0,2021-10-19T12:16:00Z,False,0,?,Fatal,1.0,0.0,0.0,1.0,250,259,1,1962,False,,0,0,12,4,0,13,0,3,1
1667,0,2021-10-19T10:00:00Z,False,0,9/28/2023 0:00,Serious,0.0,2.0,1.0,3.0,775,928,1,2657,False,0.25,6,15,0,1,3,10,1,2,0
1668,0,2021-10-18T19:24:00Z,False,0,8/31/2022 0:00,Fatal,1.0,0.0,0.0,1.0,898,1601,1,576,False,0.125,5,13,0,1,3,3,1,2,1
1669,0,2021-10-18T16:16:00Z,False,0,11/8/2023 0:00,?,0.0,0.0,0.0,0.0,157,130,1,1829,False,0.25,8,14,8,3,3,11,1,2,0
1670,0,2021-10-18T15:34:00Z,False,0,9/14/2022 0:00,Fatal,1.0,0.0,0.0,1.0,141,886,5,576,True,0.125,5,15,0,3,3,10,1,2,1
1671,0,2021-10-17T16:27:00Z,False,0,?,?,?,?,?,?,250,308,1,1868,False,,0,0,13,4,0,10,0,3,0
1672,0,2021-10-17T15:55:00Z,False,0,5/4/2022 0:00,?,0.0,0.0,0.0,0.0,250,72,1,433,False,0.125,5,13,0,3,3,5,1,2,0
1673,0,2021-10-17T14:02:00Z,False,0,11/8/2023 0:00,Fatal,1.0,0.0,0.0,1.0,998,11,1,2380,False,0.125,5,15,0,3,3,6,1,2,1
1674,0,2021-10-17T12:15:00Z,False,0,6/8/2022 0:00,?,0.0,0.0,0.0,0.0,811,1384,1,1869,False,0.125,5,15,0,3,3,5,1,2,0
1675,0,2021-10-17T11:55:00Z,False,0,?,?,?,?,?,?,993,1725,6,576,False,,0,0,13,1,0,13,0,3,0
1676,0,2021-10-16T14:30:00Z,False,0,4/29/2022 0:00,?,0.0,0.0,0.0,0.0,250,83,1,576,False,0.125,5,15,0,3,3,3,1,2,0
1677,0,2021-10-16T13:00:00Z,False,0,4/29/2022 0:00,?,0.0,0.0,0.0,0.0,45,534,6,692,False,0.125,9,6,8,3,3,5,1,2,0
1678,0,2021-10-16T08:30:00Z,False,0,9/7/2023 0:00,Serious,0.0,1.0,0.0,1.0,1314,29,1,2203,True,0.125,5,15,0,3,3,4,1,2,0
1679,1,2021-10-16T04:00:00Z,False,0,?,?,?,?,?,?,179,424,1,576,False,,0,0,6,0,0,3,0,3,0
1680,0,2021-10-15T15:00:00Z,False,0,8/30/2023 0:00,Minor,0.0,0.0,3.0,3.0,250,97,1,576,False,0.125,5,13,0,3,3,3,1,2,0
1681,1,2021-10-15T13:30:00Z,False,0,?,?,0.0,0.0,0.0,0.0,32,559,6,576,False,0.125,0,0,6,4,2,0,0,3,0
1682,0,2021-10-15T09:59:00Z,False,0,11/7/2023 0:00,Fatal,1.0,2.0,0.0,3.0,250,80,1,576,False,0.125,5,15,0,3,3,6,1,2,1
1683,1,2021-10-15T04:00:00Z,False,0,?,?,0.0,0.0,0.0,0.0,179,356,1,1827,False,,0,0,12,2,0,5,0,3,0
1684,0,2021-10-14T18:15:00Z,False,0,8/15/2023 0:00,?,0.0,0.0,0.0,0.0,716,1038,1,576,False,0.125,5,15,0,3,3,3,1,2,0
1685,0,2021-10-14T17:22:00Z,False,0,6/8/2023 0:00,Serious,0.0,1.0,0.0,1.0,711,1230,1,906,True,0.125,5,15,0,3,3,2,1,2,0
1686,0,2021-10-14T16:00:00Z,False,0,10/19/2023 0:00,Serious,0.0,2.0,2.0,4.0,1300,587,1,265,False,0.125,5,15,0,3,3,10,1,2,0
1687,0,2021-10-14T15:51:00Z,False,0,8/15/2023 0:00,Fatal,1.0,0.0,0.0,1.0,1260,1884,1,2648,True,0.125,5,15,0,1,3,1,1,2,1
1688,0,2021-10-14T12:30:00Z,False,0,5/26/2022 0:00,?,0.0,0.0,0.0,0.0,250,83,1,1456,False,0.125,5,15,0,3,3,5,1,2,0
1689,1,2021-10-13T16:03:00Z,False,0,?,?,0.0,0.0,0.0,0.0,179,367,1,2768,False,,0,0,6,0,0,11,0,3,0
1690,0,2021-10-13T13:00:00Z,False,0,4/29/2022 0:00,?,0.0,0.0,0.0,0.0,1331,2251,1,576,False,0.125,5,15,0,4,3,3,1,2,0
1691,0,2021-10-13T10:20:00Z,False,0,8/15/2023 0:00,?,0.0,0.0,0.0,0.0,102,1406,1,576,False,0.125,5,15,0,3,3,6,1,2,0
1692,0,2021-10-13T08:16:00Z,False,0,10/25/2023 0:00,Fatal,1.0,0.0,0.0,1.0,896,1588,1,1006,False,0.125,5,15,0,1,1,4,1,2,1
1693,0,2021-10-12T13:00:00Z,False,0,3/22/2023 0:00,?,0.0,0.0,0.0,0.0,250,94,1,1303,False,0.125,5,15,0,3,3,5,1,2,0
1694,0,2021-10-12T09:30:00Z,False,0,3/22/2023 0:00,Fatal,2.0,0.0,0.0,2.0,851,1161,1,576,True,0.125,5,15,0,1,1,3,1,2,1
1695,0,2021-10-11T16:30:00Z,False,0,5/26/2022 0:00,?,0.0,0.0,0.0,0.0,898,1601,1,1884,False,0.125,5,13,0,3,3,1,1,2,0
1696,0,2021-10-11T12:14:00Z,False,0,11/8/2023 0:00,Fatal,2.0,2.0,0.0,1.0,250,228,1,1641,False,0.25,5,15,0,1,3,1,1,2,1
1697,0,2021-10-11T08:57:00Z,False,0,9/7/2023 0:00,Fatal,1.0,0.0,0.0,1.0,157,321,1,576,False,0.25,5,15,0,1,3,3,1,2,1
1698,0,2021-10-11T06:20:00Z,False,0,?,Fatal,2.0,0.0,0.0,2.0,896,1672,1,576,False,,0,0,13,3,0,3,0,3,1
1699,0,2021-10-10T15:45:00Z,False,0,?,Minor,0.0,0.0,1.0,1.0,250,60,1,2513,False,0.125,0,0,13,3,0,4,0,3,0
1700,1,2021-10-10T15:40:00Z,False,0,?,?,?,?,?,?,179,356,1,576,False,,0,0,12,0,0,3,0,3,0
1701,0,2021-10-10T13:57:00Z,False,0,12/20/2023 0:00,Fatal,1.0,0.0,0.0,1.0,996,1727,6,576,False,0.125,5,15,0,1,3,3,1,2,1
1702,0,2021-10-10T13:20:00Z,False,0,8/12/2022 0:00,?,0.0,0.0,0.0,0.0,387,1727,6,576,False,0.125,5,3,3,1,3,6,1,2,0
1703,0,2021-10-10T12:10:00Z,False,0,8/30/2023 0:00,Minor,0.0,0.0,1.0,1.0,472,876,1,576,False,0.125,5,15,0,3,3,3,1,2,0
1704,0,2021-10-10T10:30:00Z,False,0,4/29/2022 0:00,?,0.0,0.0,0.0,0.0,172,965,1,862,True,0.125,5,15,0,3,3,5,1,2,0
1705,0,2021-10-10T01:30:00Z,False,0,?,Fatal,1.0,1.0,0.0,2.0,318,1857,1,576,False,,0,0,13,1,0,3,0,3,1
1706,0,2021-10-09T21:30:00Z,False,0,?,?,?,?,?,?,896,1648,1,576,False,,0,0,12,3,0,3,0,3,0
1707,0,2021-10-09T18:30:00Z,False,0,5/25/2022 0:00,?,0.0,0.0,0.0,0.0,250,60,1,2630,False,0.125,5,13,0,3,3,5,1,2,0
1708,0,2021-10-09T18:00:00Z,False,0,5/25/2022 0:00,?,0.0,0.0,0.0,0.0,250,97,1,386,False,0.125,5,15,0,3,3,5,1,2,0
1709,0,2021-10-09T16:00:00Z,False,0,4/29/2022 0:00,Serious,0.0,2.0,1.0,3.0,1052,1901,4,913,False,0.0,0,15,0,3,3,3,1,2,0
1710,0,2021-10-09T14:22:00Z,False,0,4/29/2022 0:00,?,0.0,0.0,0.0,0.0,739,448,1,2150,False,0.125,5,15,0,3,3,5,1,2,0
1711,0,2021-10-09T12:40:00Z,False,0,4/29/2022 0:00,?,0.0,0.0,0.0,0.0,4,467,0,576,True,,0,0,10,0,0,0,0,0,0
1712,0,2021-10-09T11:50:00Z,False,0,?,?,0.0,0.0,0.0,0.0,1035,1056,6,576,True,0.125,0,0,15,3,0,4,0,3,0
1713,0,2021-10-09T11:36:00Z,False,0,?,?,?,?,?,?,13,4,1,576,False,,0,0,13,3,0,3,0,3,0
1714,1,2021-10-09T04:00:00Z,False,0,?,?,?,?,?,?,179,404,1,576,False,,0,0,12,0,0,10,0,3,0
1715,0,2021-10-08T20:30:00Z,False,0,7/19/2022 0:00,Serious,0.0,1.0,0.0,1.0,179,373,1,576,False,0.25,6,0,4,0,3,3,1,2,0
1716,0,2021-10-08T19:11:00Z,False,0,4/29/2022 0:00,?,0.0,0.0,0.0,0.0,1322,2243,1,576,True,0.125,0,15,0,3,3,6,1,2,0
1717,0,2021-10-08T19:04:00Z,False,0,10/19/2023 0:00,?,0.0,0.0,0.0,0.0,157,706,1,1840,False,0.125,5,6,0,3,3,3,1,2,0
1718,1,2021-10-08T17:47:00Z,False,0,?,?,?,?,?,?,45,518,1,576,False,0.25,0,0,6,4,0,5,0,3,0
1719,0,2021-10-08T13:25:00Z,False,0,3/22/2023 0:00,Serious,0.0,1.0,0.0,1.0,1123,6,1,576,False,0.125,5,15,0,3,3,6,1,2,0
1720,0,2021-10-08T13:11:00Z,False,0,9/7/2023 0:00,Fatal,4.0,0.0,0.0,4.0,250,1529,1,2233,False,0.125,8,15,0,1,3,4,1,2,1
1721,0,2021-10-07T06:54:00Z,False,0,4/5/2023 0:00,Minor,0.0,0.0,1.0,1.0,896,1585,1,1224,False,0.125,5,15,0,3,3,10,1,2,0
1722,0,2021-10-06T21:16:00Z,False,0,4/29/2022 0:00,?,0.0,0.0,0.0,0.0,163,279,6,1316,False,0.25,9,16,0,3,3,1,1,2,0
1723,0,2021-10-06T19:53:00Z,False,0,?,?,0.0,0.0,0.0,0.0,250,32,1,2426,False,,0,0,13,3,0,6,0,3,0
1724,0,2021-10-06T19:09:00Z,False,0,8/31/2022 0:00,Fatal,1.0,0.0,0.0,1.0,1058,1299,11,576,False,0.125,5,15,0,3,3,6,1,2,1
1725,0,2021-10-06T17:30:00Z,False,0,5/4/2022 0:00,?,0.0,0.0,0.0,0.0,896,1594,1,2389,False,0.125,5,13,0,3,3,10,1,2,0
1726,0,2021-10-06T14:30:00Z,False,0,5/3/2023 0:00,Minor,0.0,0.0,1.0,1.0,160,142,6,2331,False,0.125,9,20,14,3,3,1,1,2,0
1727,0,2021-10-05T20:45:00Z,False,0,6/8/2022 0:00,?,0.0,0.0,0.0,0.0,250,69,1,2852,False,0.125,5,13,0,3,3,1,1,2,0
1728,0,2021-10-05T16:20:00Z,False,0,?,?,?,?,?,?,896,1660,1,576,False,,0,0,13,3,0,4,0,3,0
1729,0,2021-10-05T14:20:00Z,False,0,4/29/2022 0:00,Minor,0.0,0.0,1.0,1.0,995,1728,6,576,False,0.125,9,1,9,3,3,6,1,2,0
1730,0,2021-10-05T14:15:00Z,False,0,5/25/2022 0:00,?,0.0,0.0,0.0,0.0,250,156,1,909,False,0.125,5,15,0,3,3,5,1,2,0
1731,0,2021-10-05T10:30:00Z,False,0,4/29/2022 0:00,?,0.0,0.0,0.0,0.0,896,1568,1,1471,False,0.125,5,15,0,3,3,5,1,2,0
1732,0,2021-10-05T09:00:00Z,False,0,4/29/2022 0:00,Serious,0.0,1.0,0.0,1.0,983,1752,2,576,False,0.0,0,15,0,0,3,5,1,2,0
1733,0,2021-10-05T05:44:00Z,False,0,12/14/2023 0:00,Fatal,2.0,0.0,0.0,2.0,350,1108,1,1380,False,0.25,6,0,8,1,3,1,1,2,1
1734,0,2021-10-04T19:45:00Z,False,0,?,Minor,0.0,0.0,2.0,2.0,157,461,1,576,False,0.25,0,0,6,1,2,0,0,3,0
1735,0,2021-10-04T16:08:00Z,False,0,6/22/2022 0:00,Minor,0.0,0.0,1.0,1.0,250,122,1,836,False,0.125,5,15,0,3,3,5,1,2,0
1736,0,2021-10-04T12:00:00Z,False,0,3/22/2023 0:00,?,0.0,0.0,0.0,0.0,896,1242,1,2105,False,0.125,5,15,0,3,3,5,1,2,0
1737,0,2021-10-04T04:00:00Z,False,0,?,?,?,?,?,?,687,1277,6,576,False,,0,22,15,3,0,13,0,3,0
1738,0,2021-10-03T19:49:00Z,False,0,8/15/2023 0:00,Fatal,2.0,0.0,0.0,2.0,157,1840,1,2339,False,0.125,5,15,0,1,1,4,1,2,1
1739,0,2021-10-03T16:35:00Z,False,0,?,Fatal,3.0,0.0,0.0,3.0,993,1725,6,576,False,,0,0,13,3,0,6,0,3,1
1740,0,2021-10-03T16:20:00Z,False,0,3/16/2023 0:00,Minor,0.0,0.0,1.0,1.0,1158,1316,1,1977,True,0.125,5,15,0,3,3,1,1,2,0
1741,0,2021-10-03T13:07:00Z,False,0,?,Fatal,8.0,0.0,0.0,8.0,894,1683,1,1792,False,,0,15,13,1,3,10,0,3,1
1742,0,2021-10-03T13:00:00Z,False,0,5/25/2022 0:00,?,0.0,0.0,0.0,0.0,250,32,1,576,False,0.125,5,13,0,3,3,6,1,2,0
1743,0,2021-10-03T10:00:00Z,False,0,3/22/2023 0:00,Fatal,2.0,0.0,0.0,2.0,1210,680,1,2322,True,0.125,0,13,0,1,3,6,1,2,1
1744,0,2021-10-02T22:00:00Z,False,0,?,Fatal,1.0,1.0,0.0,2.0,250,60,1,576,False,,0,0,13,3,0,5,0,3,1
1745,1,2021-10-02T17:14:00Z,False,0,7/5/2022 0:00,Minor,0.0,0.0,4.0,4.0,45,522,1,591,False,0.25,6,0,4,2,3,10,1,2,0
1746,0,2021-10-02T16:46:00Z,False,0,10/12/2023 0:00,Minor,0.0,0.0,1.0,1.0,1317,837,1,2135,True,0.125,5,15,0,3,3,1,1,2,0
1747,0,2021-10-02T12:25:00Z,False,0,8/16/2023 0:00,Minor,0.0,0.0,1.0,1.0,157,697,1,1853,False,0.125,5,15,0,3,3,6,1,2,0
1748,0,2021-10-02T11:05:00Z,False,0,4/29/2022 0:00,Minor,0.0,0.0,1.0,1.0,179,1699,1,576,False,0.125,5,15,0,3,3,4,1,2,0
1749,0,2021-10-02T10:40:00Z,False,0,6/8/2022 0:00,?,0.0,0.0,0.0,0.0,99,476,1,13,False,0.125,5,15,0,3,3,5,1,2,0
1750,0,2021-10-02T08:10:00Z,False,0,4/29/2022 0:00,?,0.0,0.0,0.0,0.0,632,1803,1,489,False,0.125,5,15,0,3,3,10,1,2,0
1751,0,2021-10-01T20:18:00Z,False,0,7/20/2022 0:00,?,0.0,0.0,0.0,0.0,423,1032,1,2172,False,0.25,6,0,4,2,3,11,1,2,0
1752,0,2021-10-01T15:00:00Z,False,0,4/29/2022 0:00,?,0.0,0.0,0.0,0.0,305,881,1,2289,True,0.125,5,15,0,3,3,5,1,2,0
1753,0,2021-10-01T07:40:00Z,False,0,9/29/2023 0:00,Fatal,2.0,0.0,0.0,2.0,996,1601,6,845,False,0.125,5,13,0,2,3,1,1,2,1
1754,0,2021-09-30T20:00:00Z,False,0,?,Fatal,1.0,0.0,0.0,1.0,250,2036,1,576,False,,0,0,13,3,0,1,0,3,1
1755,0,2021-09-30T17:00:00Z,False,0,6/8/2022 0:00,Minor,0.0,0.0,1.0,1.0,791,1869,1,521,True,0.125,5,11,0,3,3,5,1,2,0
1756,0,2021-09-30T13:30:00Z,False,0,9/7/2023 0:00,?,0.0,0.0,0.0,0.0,179,984,1,2298,False,0.125,5,15,0,3,3,3,1,2,0
1757,0,2021-09-30T08:15:00Z,False,0,4/29/2022 0:00,Minor,0.0,0.0,1.0,1.0,996,1727,6,1683,False,0.125,5,13,0,3,3,6,1,2,0
1758,0,2021-09-30T04:00:00Z,False,0,?,?,0.0,0.0,0.0,0.0,624,885,6,576,False,,0,0,13,3,0,2,0,3,0
1759,0,2021-09-29T19:33:00Z,False,0,?,Fatal,1.0,0.0,0.0,1.0,250,1067,1,576,False,,0,0,13,3,0,3,0,3,1
1760,0,2021-09-29T15:10:00Z,False,0,?,?,0.0,0.0,0.0,0.0,157,319,1,576,False,0.25,0,0,13,3,0,3,0,3,0
1761,0,2021-09-29T14:06:00Z,False,0,8/15/2023 0:00,?,0.0,0.0,0.0,0.0,250,60,1,576,False,0.125,5,13,0,3,3,3,1,2,0
1762,0,2021-09-29T14:00:00Z,False,0,4/29/2022 0:00,Serious,0.0,1.0,0.0,1.0,673,1209,1,351,True,0.125,5,15,0,3,3,1,1,2,0
1763,0,2021-09-29T12:00:00Z,False,0,5/25/2022 0:00,?,0.0,0.0,0.0,0.0,388,2192,1,739,True,0.125,5,15,0,3,3,11,1,2,0
1764,0,2021-09-29T12:00:00Z,False,0,6/14/2022 0:00,?,0.0,0.0,0.0,0.0,293,1538,1,2838,False,0.125,5,15,0,3,3,5,1,2,0
1765,0,2021-09-29T11:15:00Z,False,0,3/25/2022 0:00,Minor,0.0,0.0,1.0,1.0,896,1621,1,576,False,0.125,5,15,0,3,3,3,1,2,0
1766,0,2021-09-29T11:00:00Z,False,0,4/29/2022 0:00,?,0.0,0.0,0.0,0.0,433,601,6,1611,False,0.125,9,13,14,3,3,5,1,2,0
1767,0,2021-09-29T10:30:00Z,False,0,8/15/2023 0:00,Minor,0.0,0.0,1.0,1.0,591,2128,6,576,False,0.125,5,1,9,3,3,3,1,2,0
1768,0,2021-09-29T10:25:00Z,False,0,4/29/2022 0:00,?,0.0,0.0,0.0,0.0,896,1570,1,576,False,0.125,5,15,0,3,3,5,1,2,0
1769,0,2021-09-28T19:23:00Z,False,0,?,?,0.0,0.0,0.0,0.0,160,142,6,2515,False,,0,0,12,3,0,5,0,3,0
1770,0,2021-09-28T19:00:00Z,False,0,8/15/2023 0:00,Minor,0.0,0.0,1.0,1.0,996,1727,6,2656,False,0.125,5,15,0,3,3,9,1,2,0
1771,0,2021-09-28T16:08:00Z,False,0,9/20/2023 0:00,?,0.0,0.0,0.0,0.0,250,2047,1,576,False,0.125,5,15,0,3,3,3,1,2,0
1772,0,2021-09-28T15:02:00Z,False,0,3/25/2022 0:00,?,0.0,0.0,0.0,0.0,250,1530,1,1098,False,0.125,5,9,0,3,3,5,1,2,0
1773,0,2021-09-28T14:53:00Z,False,0,8/16/2023 0:00,Serious,0.0,1.0,0.0,1.0,250,32,1,576,False,0.125,5,15,0,3,3,3,1,2,0
1774,0,2021-09-28T13:00:00Z,False,0,?,?,?,?,?,?,811,1389,1,576,False,0.125,0,0,13,3,0,5,0,3,0
1775,0,2021-09-28T09:00:00Z,True,0,6/8/2023 0:00,Fatal,3.0,0.0,0.0,3.0,999,344,1,576,False,0.25,8,3,0,1,3,3,1,2,1
1776,0,2021-09-27T22:38:00Z,False,0,7/26/2023 0:00,Serious,0.0,2.0,0.0,2.0,250,60,1,576,False,0.125,5,13,0,3,3,3,1,2,0
1777,0,2021-09-27T10:45:00Z,False,0,5/25/2022 0:00,Serious,0.0,2.0,0.0,2.0,250,102,1,294,False,0.125,5,15,0,1,3,6,1,2,0
1778,0,2021-09-27T09:38:00Z,False,0,7/21/2022 0:00,?,0.0,0.0,0.0,0.0,179,395,1,1585,False,0.25,6,0,4,3,3,5,1,2,0
1779,0,2021-09-27T09:30:00Z,False,0,5/26/2022 0:00,Minor,0.0,0.0,1.0,1.0,250,71,1,178,False,0.125,5,15,0,3,3,4,1,2,0
1780,0,2021-09-27T04:00:00Z,False,0,?,?,?,?,?,?,1241,1785,1,576,False,,0,0,13,3,0,5,0,3,0
1781,0,2021-09-26T19:22:00Z,False,0,9/20/2023 0:00,Fatal,2.0,1.0,0.0,3.0,157,1840,1,415,False,0.125,5,15,0,1,3,5,1,2,1
1782,0,2021-09-26T15:25:00Z,False,0,6/8/2022 0:00,?,0.0,0.0,0.0,0.0,896,1618,1,1248,False,0.25,5,0,8,3,3,5,1,2,0
1783,0,2021-09-26T14:30:00Z,False,0,3/25/2022 0:00,Minor,0.0,0.0,1.0,1.0,250,102,1,2638,False,0.125,5,15,0,3,3,5,1,2,0
1784,0,2021-09-26T12:05:00Z,False,0,6/8/2022 0:00,?,0.0,0.0,0.0,0.0,250,81,1,576,False,0.125,5,15,0,3,3,5,1,2,0
1785,0,2021-09-26T10:09:00Z,False,0,3/1/2023 0:00,Fatal,3.0,0.0,0.0,3.0,157,784,1,2833,False,0.125,5,15,0,3,3,4,1,2,1
1786,1,2021-09-26T04:00:00Z,False,0,?,?,0.0,0.0,0.0,0.0,1052,1131,1,576,False,,0,0,13,2,0,6,0,3,0
1787,0,2021-09-25T16:30:00Z,False,0,4/20/2022 0:00,?,0.0,0.0,0.0,0.0,250,92,1,2222,False,0.125,5,15,0,3,3,10,1,2,0
1788,0,2021-09-25T14:09:00Z,False,0,6/8/2022 0:00,?,0.0,0.0,0.0,0.0,771,1463,1,1435,False,0.125,5,15,0,3,3,10,1,2,0
1789,0,2021-09-25T13:35:00Z,False,0,3/25/2022 0:00,Minor,0.0,0.0,1.0,1.0,270,1959,1,2631,False,0.125,5,15,0,1,3,5,1,2,0
1790,0,2021-09-25T10:30:00Z,False,0,4/29/2022 0:00,?,0.0,0.0,0.0,0.0,896,1563,1,576,False,0.125,5,15,0,3,3,3,1,2,0
1791,0,2021-09-25T07:37:00Z,False,0,?,Serious,0.0,3.0,0.0,1.0,541,556,1,576,False,,0,0,15,3,0,10,0,3,0
1792,0,2021-09-25T06:55:00Z,False,0,11/16/2021 0:00,?,0.0,0.0,0.0,0.0,160,267,6,2286,False,0.125,9,6,8,3,3,11,1,2,0
1793,1,2021-09-25T04:00:00Z,False,0,?,?,0.0,0.0,0.0,0.0,1078,1854,6,576,False,0.25,0,0,12,2,0,3,0,3,0
1794,0,2021-09-24T18:30:00Z,False,0,?,Fatal,2.0,0.0,0.0,2.0,896,1653,1,576,False,,0,0,13,3,0,10,0,3,1
1795,0,2021-09-24T18:00:00Z,False,0,?,?,?,?,?,?,896,1637,1,7,False,0.125,0,13,13,3,0,1,0,3,0
1796,0,2021-09-24T13:30:00Z,False,0,6/22/2022 0:00,?,0.0,0.0,0.0,0.0,711,1230,1,351,False,0.125,5,4,0,3,3,6,1,2,0
1797,0,2021-09-24T13:07:00Z,False,0,3/25/2022 0:00,Serious,0.0,1.0,1.0,2.0,157,462,1,1785,False,0.25,5,15,0,3,3,1,1,2,0
1798,0,2021-09-24T00:00:00Z,False,0,5/26/2022 0:00,?,0.0,0.0,0.0,0.0,1067,2234,1,728,True,0.125,5,22,0,3,2,13,1,2,0
1799,0,2021-09-23T16:22:00Z,False,0,4/20/2022 0:00,Minor,0.0,0.0,1.0,1.0,711,1849,1,576,True,0.125,5,15,0,3,3,5,1,2,0
1800,0,2021-09-23T15:00:00Z,False,0,6/14/2023 0:00,?,0.0,0.0,0.0,0.0,591,2128,6,576,False,0.125,9,1,9,3,3,6,1,2,0
1801,0,2021-09-23T11:15:00Z,False,0,3/25/2022 0:00,?,0.0,0.0,0.0,0.0,1301,1407,1,688,True,0.125,5,15,0,3,3,1,1,2,0
1802,0,2021-09-23T11:00:00Z,False,0,3/25/2022 0:00,Minor,0.0,0.0,1.0,1.0,266,472,1,1182,False,0.125,5,15,0,3,3,11,1,2,0
1803,0,2021-09-23T09:44:00Z,False,0,7/19/2022 0:00,?,0.0,0.0,0.0,0.0,45,526,1,2248,False,0.25,6,0,4,3,3,5,1,2,0
1804,0,2021-09-23T04:00:00Z,False,0,?,Serious,0.0,2.0,2.0,4.0,880,1536,1,576,False,,0,0,13,1,0,2,0,3,0
1805,0,2021-09-22T19:26:00Z,False,0,3/29/2023 0:00,Minor,0.0,0.0,1.0,1.0,896,1562,1,621,False,0.125,5,15,0,3,3,10,1,2,0
1806,0,2021-09-22T19:00:00Z,False,0,4/29/2022 0:00,?,0.0,0.0,0.0,0.0,896,1570,1,576,False,0.125,5,6,0,3,3,5,1,2,0
1807,0,2021-09-22T16:24:00Z,False,0,4/19/2023 0:00,Fatal,1.0,1.0,0.0,2.0,896,1608,1,2238,False,0.125,5,15,0,3,3,3,1,2,1
1808,0,2021-09-21T15:40:00Z,False,0,2/18/2022 0:00,?,0.0,0.0,0.0,0.0,896,1640,1,576,False,0.25,5,15,0,3,3,3,1,2,0
1809,0,2021-09-21T14:00:00Z,False,0,3/25/2022 0:00,?,0.0,0.0,0.0,0.0,554,1274,1,576,True,0.125,5,15,0,3,3,3,1,2,0
1810,0,2021-09-20T18:40:00Z,False,0,?,?,0.0,0.0,0.0,0.0,723,229,1,1168,False,,0,0,13,3,0,5,0,3,0
1811,0,2021-09-20T17:11:00Z,False,0,2/18/2022 0:00,?,0.0,0.0,0.0,0.0,157,908,1,2463,False,0.125,5,15,0,3,3,5,1,2,0
1812,0,2021-09-20T13:18:00Z,False,0,?,Minor,0.0,0.0,1.0,1.0,687,1277,6,576,False,,0,0,15,3,0,6,0,3,0
1813,0,2021-09-19T19:00:00Z,False,0,5/25/2022 0:00,Minor,0.0,0.0,1.0,1.0,896,1580,1,2060,False,0.125,5,15,0,3,3,5,1,2,0
1814,0,2021-09-19T15:30:00Z,False,0,11/16/2021 0:00,?,0.0,0.0,0.0,0.0,250,72,1,1301,False,0.125,5,15,0,3,3,5,1,2,0
1815,0,2021-09-19T14:00:00Z,False,0,5/4/2022 0:00,?,0.0,0.0,0.0,0.0,250,60,1,674,False,0.125,5,15,0,3,3,5,1,2,0
1816,0,2021-09-19T12:30:00Z,False,0,?,?,?,?,?,?,896,1660,1,576,False,,0,0,13,1,0,1,0,3,0
1817,0,2021-09-19T11:00:00Z,False,0,3/25/2022 0:00,?,0.0,0.0,0.0,0.0,814,1948,5,311,True,0.125,5,15,0,3,3,4,1,2,0
1818,1,2021-09-18T22:00:00Z,False,0,?,?,?,?,?,?,179,413,1,576,False,0.25,0,0,12,0,0,10,0,3,0
1819,0,2021-09-18T18:45:00Z,False,0,8/31/2022 0:00,Fatal,1.0,0.0,0.0,1.0,956,1829,1,269,True,0.125,5,15,0,1,3,10,1,2,1
1820,0,2021-09-18T14:30:00Z,False,0,4/20/2022 0:00,?,0.0,0.0,0.0,0.0,896,1580,1,1373,False,0.125,5,15,0,3,3,5,1,2,0
1821,0,2021-09-18T14:30:00Z,False,0,4/20/2022 0:00,?,0.0,0.0,0.0,0.0,254,441,1,189,False,0.125,5,15,0,3,3,5,1,2,0
1822,0,2021-09-18T14:00:00Z,False,0,4/29/2022 0:00,?,0.0,0.0,0.0,0.0,250,75,1,2205,False,0.125,5,13,0,3,3,5,1,2,0
1823,1,2021-09-18T13:50:00Z,False,0,?,?,?,?,?,?,999,17,1,1842,False,0.125,0,0,13,4,0,3,0,3,0
1824,0,2021-09-18T13:50:00Z,False,0,?,?,?,?,?,?,896,1660,1,576,False,,0,0,13,3,0,4,0,3,0
1825,0,2021-09-18T13:30:00Z,False,0,3/25/2022 0:00,Serious,0.0,1.0,0.0,1.0,273,841,1,576,True,0.125,5,15,0,3,3,6,1,2,0
1826,0,2021-09-18T13:00:00Z,False,0,3/25/2022 0:00,?,0.0,0.0,0.0,0.0,250,202,1,2669,False,0.125,5,15,0,3,3,5,1,2,0
1827,0,2021-09-18T08:24:00Z,False,0,12/20/2022 0:00,Serious,0.0,1.0,0.0,1.0,498,1988,1,576,True,0.125,5,15,0,3,3,3,1,2,0
1828,0,2021-09-18T07:50:00Z,False,0,3/1/2023 0:00,?,0.0,0.0,0.0,0.0,250,265,1,2486,False,0.25,5,14,8,3,3,5,1,2,0
1829,1,2021-09-18T00:10:00Z,False,0,?,?,?,?,?,?,179,356,1,576,False,,0,0,15,4,0,3,0,3,0
1830,0,2021-09-17T19:10:00Z,False,0,3/25/2022 0:00,Serious,0.0,1.0,1.0,2.0,70,452,1,748,False,0.125,5,15,0,3,3,1,1,2,0
1831,0,2021-09-17T15:30:00Z,False,0,4/20/2022 0:00,?,0.0,0.0,0.0,0.0,896,1580,1,385,False,0.125,5,15,0,3,3,10,1,2,0
1832,0,2021-09-17T13:40:00Z,False,0,7/19/2022 0:00,?,0.0,0.0,0.0,0.0,183,849,1,678,False,0.25,6,0,4,3,3,9,1,2,0
1833,1,2021-09-17T12:19:00Z,False,0,?,?,0.0,0.0,0.0,0.0,45,516,1,734,False,,0,0,12,2,0,10,0,3,0
1834,0,2021-09-17T10:30:00Z,False,0,9/14/2023 0:00,?,0.0,0.0,0.0,0.0,605,239,6,576,False,0.125,9,1,9,3,3,6,1,2,0
1835,0,2021-09-17T10:12:00Z,False,0,11/16/2021 0:00,?,0.0,0.0,0.0,0.0,157,1395,1,1508,False,0.125,5,13,0,3,3,5,1,2,0
1836,0,2021-09-17T08:00:00Z,False,0,8/23/2023 0:00,Fatal,1.0,0.0,0.0,1.0,179,542,1,614,False,0.125,5,15,0,3,3,6,1,2,1
1837,0,2021-09-16T19:00:00Z,False,0,?,Fatal,2.0,0.0,0.0,2.0,217,2248,1,576,False,0.125,0,15,15,3,0,13,0,3,1
1838,0,2021-09-16T19:00:00Z,False,0,?,Fatal,1.0,1.0,0.0,2.0,811,1387,1,576,False,0.125,0,0,13,4,0,13,0,3,1
1839,0,2021-09-16T18:25:00Z,False,0,3/22/2023 0:00,Serious,0.0,2.0,1.0,3.0,896,1622,1,576,False,0.125,5,6,0,3,3,3,1,2,0
1840,0,2021-09-16T17:05:00Z,False,0,?,?,0.0,0.0,0.0,0.0,250,156,1,576,False,,0,0,12,3,0,3,0,3,0
1841,0,2021-09-16T15:56:00Z,False,0,11/16/2021 0:00,?,0.0,0.0,0.0,0.0,1268,194,1,765,False,0.125,5,13,0,3,3,5,1,2,0
1842,0,2021-09-16T15:45:00Z,False,0,3/25/2022 0:00,?,0.0,0.0,0.0,0.0,811,1387,1,576,False,0.125,5,15,0,3,3,3,1,2,0
1843,0,2021-09-16T12:30:00Z,False,0,5/4/2022 0:00,?,0.0,0.0,0.0,0.0,849,1496,1,772,False,0.125,5,15,0,3,3,5,1,2,0
1844,0,2021-09-16T12:20:00Z,False,0,11/16/2021 0:00,?,0.0,0.0,0.0,0.0,250,122,1,2873,False,0.125,5,15,0,3,3,11,1,2,0
1845,0,2021-09-15T20:46:00Z,False,0,8/15/2023 0:00,Fatal,3.0,0.0,0.0,3.0,995,1728,6,576,False,0.125,9,0,8,1,1,3,1,2,1
1846,0,2021-09-15T16:30:00Z,False,0,11/16/2021 0:00,?,0.0,0.0,0.0,0.0,896,1626,1,229,False,0.125,5,6,8,3,3,5,1,2,0
1847,0,2021-09-15T15:00:00Z,False,0,4/20/2022 0:00,?,0.0,0.0,0.0,0.0,995,1728,6,576,False,0.125,9,1,9,3,3,6,1,2,0
1848,0,2021-09-15T11:00:00Z,False,0,2/18/2022 0:00,Serious,0.0,1.0,1.0,2.0,531,1772,1,2828,False,0.125,5,13,0,3,3,5,1,2,0
1849,0,2021-09-15T10:50:00Z,False,0,5/25/2022 0:00,?,0.0,0.0,0.0,0.0,433,607,6,947,False,0.125,9,13,0,3,3,2,1,2,0
1850,0,2021-09-15T07:45:00Z,False,0,2/18/2022 0:00,?,0.0,0.0,0.0,0.0,250,60,1,812,False,0.125,5,13,0,3,3,5,1,2,0
1851,0,2021-09-14T21:02:00Z,False,0,?,Fatal,1.0,0.0,0.0,0.0,160,142,6,576,False,,0,0,13,4,0,5,0,3,1
1852,0,2021-09-14T14:00:00Z,False,0,5/25/2022 0:00,?,0.0,0.0,0.0,0.0,76,582,1,81,False,0.125,5,15,0,3,3,5,1,2,0
1853,0,2021-09-14T12:30:00Z,False,0,6/8/2023 0:00,?,0.0,0.0,0.0,0.0,579,258,1,1504,False,0.25,6,16,0,3,3,3,1,2,0
1854,0,2021-09-14T12:00:00Z,False,0,?,Fatal,7.0,0.0,0.0,7.0,157,696,1,576,False,0.25,0,0,13,1,0,4,0,3,1
1855,0,2021-09-14T09:40:00Z,False,0,7/26/2023 0:00,?,0.0,0.0,0.0,0.0,1317,392,1,2850,True,0.125,5,15,0,3,3,1,1,2,0
1856,0,2021-09-13T18:30:00Z,False,0,9/20/2023 0:00,Serious,0.0,1.0,0.0,1.0,700,1473,1,576,True,0.125,5,15,0,3,3,10,1,2,0
1857,0,2021-09-13T17:30:00Z,False,0,?,Minor,0.0,0.0,1.0,1.0,585,1214,1,576,False,0.125,0,0,13,4,0,5,0,3,0
1858,0,2021-09-13T17:05:00Z,False,0,?,Fatal,2.0,0.0,0.0,2.0,250,97,1,1776,False,0.125,0,0,13,3,0,1,0,3,1
1859,0,2021-09-13T14:05:00Z,False,0,7/26/2023 0:00,?,0.0,0.0,0.0,0.0,1266,1178,1,945,False,0.125,5,15,0,3,3,10,1,2,0
1860,0,2021-09-13T13:40:00Z,False,0,2/18/2022 0:00,Serious,0.0,1.0,0.0,1.0,157,319,1,2221,False,0.25,5,6,0,3,3,9,1,2,0
1861,0,2021-09-13T10:45:00Z,False,0,7/26/2023 0:00,Minor,0.0,0.0,3.0,3.0,157,786,1,2480,False,0.125,5,13,0,3,3,4,1,2,0
1862,0,2021-09-13T09:47:00Z,False,0,5/25/2022 0:00,Minor,0.0,0.0,1.0,1.0,64,500,1,2773,False,0.125,5,15,0,3,3,5,1,2,0
1863,1,2021-09-13T01:40:00Z,False,0,?,?,?,?,?,?,179,356,1,576,False,,0,0,12,0,0,3,0,3,0
1864,0,2021-09-12T20:05:00Z,False,0,5/25/2022 0:00,?,0.0,0.0,0.0,0.0,1241,2161,1,1194,True,0.125,5,15,0,3,3,5,1,2,0
1865,0,2021-09-12T16:09:00Z,False,0,6/14/2023 0:00,Fatal,1.0,0.0,0.0,1.0,250,86,1,1356,False,0.125,5,15,0,3,3,10,1,2,1
1866,0,2021-09-12T13:45:00Z,False,0,?,Fatal,1.0,1.0,0.0,2.0,896,1240,1,576,False,,0,0,13,4,0,13,0,3,1
1867,0,2021-09-12T13:00:00Z,False,0,3/25/2022 0:00,Serious,0.0,2.0,0.0,2.0,250,59,1,351,False,0.125,0,15,0,3,3,4,1,2,0
1868,0,2021-09-12T10:51:00Z,False,0,3/16/2023 0:00,?,0.0,0.0,0.0,0.0,896,1640,1,576,False,0.25,5,15,0,3,3,3,1,2,0
1869,0,2021-09-12T09:30:00Z,False,0,8/30/2023 0:00,Fatal,1.0,0.0,0.0,1.0,70,452,1,576,False,0.125,5,15,0,3,3,6,1,2,1
1870,0,2021-09-12T09:00:00Z,False,0,3/29/2023 0:00,?,0.0,0.0,0.0,0.0,1123,9,1,2298,False,0.125,5,15,0,3,3,5,1,2,0
1871,0,2021-09-12T08:30:00Z,False,0,5/25/2022 0:00,?,0.0,0.0,0.0,0.0,1105,447,2,576,True,0.0,0,15,0,3,3,5,1,2,0
1872,0,2021-09-12T04:00:00Z,False,0,?,Fatal,4.0,12.0,0.0,16.0,728,1317,1,2739,False,,0,0,15,1,0,1,0,3,1
1873,0,2021-09-11T16:10:00Z,False,0,4/29/2022 0:00,?,0.0,0.0,0.0,0.0,250,73,1,2383,False,0.125,5,13,0,3,3,5,1,2,0
1874,0,2021-09-11T13:35:00Z,False,0,3/25/2022 0:00,?,0.0,0.0,0.0,0.0,250,83,1,576,False,0.125,5,15,0,3,3,3,1,2,0
1875,0,2021-09-11T13:00:00Z,False,0,9/27/2023 0:00,?,0.0,0.0,0.0,0.0,157,232,1,576,False,0.125,5,15,0,3,3,4,1,2,0
1876,0,2021-09-11T07:45:00Z,False,0,9/14/2023 0:00,Minor,0.0,0.0,1.0,1.0,950,890,1,2309,False,0.125,5,15,0,3,3,10,1,2,0
1877,0,2021-09-10T16:15:00Z,False,0,4/20/2022 0:00,?,0.0,0.0,0.0,0.0,896,1570,1,576,False,0.125,5,15,0,3,3,5,1,2,0
1878,0,2021-09-10T11:00:00Z,False,0,8/23/2023 0:00,Minor,0.0,0.0,2.0,2.0,250,77,1,576,False,0.125,5,13,0,3,3,3,1,2,0
1879,0,2021-09-10T10:42:00Z,False,0,?,?,?,?,?,?,250,77,1,576,False,,0,0,6,3,0,13,0,3,0
1880,0,2021-09-10T10:40:00Z,False,0,3/1/2023 0:00,?,0.0,0.0,0.0,0.0,250,80,1,1388,False,0.125,5,15,0,3,3,5,1,2,0
1881,0,2021-09-10T10:40:00Z,False,0,?,Fatal,1.0,0.0,0.0,1.0,250,97,1,576,False,,0,0,13,1,0,3,0,3,1
1882,0,2021-09-10T09:30:00Z,False,0,8/31/2022 0:00,Fatal,1.0,0.0,0.0,1.0,994,1722,6,576,False,0.125,5,3,0,3,3,6,1,2,1
1883,0,2021-09-09T20:00:00Z,False,0,4/20/2022 0:00,Serious,0.0,1.0,0.0,1.0,19,46,1,378,False,0.125,5,15,0,3,3,10,1,2,0
1884,0,2021-09-09T16:30:00Z,False,0,10/20/2021 0:00,Minor,0.0,0.0,1.0,1.0,250,45,1,2155,False,0.125,5,13,0,3,3,1,1,2,0
1885,0,2021-09-09T15:27:00Z,False,0,8/15/2023 0:00,Serious,0.0,7.0,0.0,7.0,250,264,1,2295,False,0.25,5,0,8,3,1,5,1,2,0
1886,0,2021-09-09T12:45:00Z,False,0,11/16/2021 0:00,Minor,0.0,0.0,1.0,1.0,1217,884,1,1928,True,0.125,5,15,0,3,3,1,1,2,0
1887,0,2021-09-09T09:30:00Z,False,0,5/4/2022 0:00,?,0.0,0.0,0.0,0.0,250,77,1,2777,False,0.125,5,15,0,3,3,1,1,2,0
1888,0,2021-09-08T16:45:00Z,False,0,5/4/2022 0:00,?,0.0,0.0,0.0,0.0,426,1071,6,2058,False,0.125,5,15,0,3,3,6,1,2,0
1889,0,2021-09-08T11:30:00Z,False,0,3/1/2023 0:00,?,0.0,0.0,0.0,0.0,250,493,1,683,False,0.125,5,13,0,3,3,5,1,2,0
1890,0,2021-09-08T11:00:00Z,False,0,10/20/2021 0:00,?,0.0,0.0,0.0,0.0,160,150,6,576,False,0.125,9,1,9,3,3,6,1,2,0
1891,0,2021-09-07T12:15:00Z,False,0,4/20/2022 0:00,?,0.0,0.0,0.0,0.0,18,586,4,1851,False,0.125,5,15,0,3,3,5,1,2,0
1892,0,2021-09-07T04:00:00Z,False,0,?,?,0.0,0.0,0.0,0.0,250,282,1,576,False,,0,0,13,2,0,3,0,3,0
1893,0,2021-09-06T17:40:00Z,False,0,4/20/2022 0:00,Minor,0.0,0.0,1.0,1.0,778,242,6,576,False,0.125,9,6,8,3,3,10,1,2,0
1894,0,2021-09-06T15:15:00Z,False,0,3/1/2023 0:00,?,0.0,0.0,0.0,0.0,250,493,1,576,False,0.125,5,15,0,3,3,3,1,2,0
1895,0,2021-09-06T15:05:00Z,False,0,5/25/2022 0:00,?,0.0,0.0,0.0,0.0,896,1600,1,1816,False,0.125,5,15,0,3,3,5,1,2,0
1896,0,2021-09-06T14:00:00Z,False,0,11/16/2021 0:00,?,0.0,0.0,0.0,0.0,100,472,1,1313,False,0.125,5,15,0,3,3,5,1,2,0
1897,0,2021-09-06T13:30:00Z,False,0,4/20/2022 0:00,?,0.0,0.0,0.0,0.0,896,1558,1,576,False,0.125,5,15,0,3,3,5,1,2,0
1898,0,2021-09-06T10:30:00Z,False,0,2/2/2023 0:00,?,0.0,0.0,0.0,0.0,197,1148,1,1235,True,0.125,5,15,0,3,3,1,1,2,0
1899,0,2021-09-06T10:25:00Z,False,0,3/22/2023 0:00,Fatal,1.0,0.0,0.0,1.0,806,1436,4,118,True,0.125,5,15,0,3,3,4,1,2,1
1900,0,2021-09-05T13:23:00Z,False,0,9/7/2023 0:00,?,0.0,0.0,0.0,0.0,843,1794,1,576,True,0.125,5,15,0,3,3,4,1,2,0
1901,0,2021-09-05T12:45:00Z,False,0,5/31/2022 0:00,?,0.0,0.0,0.0,0.0,1097,2072,1,94,False,0.125,8,15,0,3,3,5,1,2,0
1902,0,2021-09-04T14:48:00Z,False,0,?,?,0.0,0.0,0.0,0.0,179,545,1,576,False,0.125,0,4,13,1,2,6,0,3,0
1903,0,2021-09-04T14:30:00Z,False,0,2/2/2023 0:00,Minor,0.0,0.0,1.0,1.0,739,448,1,2534,False,0.125,5,15,0,3,3,4,1,2,0
1904,0,2021-09-04T11:00:00Z,False,0,?,?,?,?,?,?,896,1660,1,1070,False,,0,0,13,4,0,5,0,3,0
1905,0,2021-09-04T10:00:00Z,False,0,4/20/2022 0:00,?,0.0,0.0,0.0,0.0,896,1570,1,576,False,0.125,5,15,0,3,3,5,1,2,0
1906,0,2021-09-04T09:10:00Z,False,0,2/18/2022 0:00,Serious,0.0,1.0,0.0,1.0,1017,1819,1,683,True,0.125,5,15,0,3,3,5,1,2,0
1907,0,2021-09-03T17:30:00Z,False,0,3/25/2022 0:00,?,0.0,0.0,0.0,0.0,250,42,1,1248,False,0.125,5,13,0,3,3,1,1,2,0
1908,0,2021-09-03T14:37:00Z,False,0,11/16/2021 0:00,?,0.0,0.0,0.0,0.0,250,317,1,2525,False,0.25,6,22,8,3,3,1,1,2,0
1909,0,2021-09-03T12:50:00Z,False,0,6/8/2022 0:00,?,0.0,0.0,0.0,0.0,1241,1785,1,576,True,0.125,5,15,0,3,3,3,1,2,0
1910,0,2021-09-03T12:44:00Z,False,0,8/16/2023 0:00,?,0.0,0.0,0.0,0.0,963,249,1,649,False,0.25,6,6,8,3,3,5,1,2,0
1911,0,2021-09-03T12:00:00Z,False,0,2/24/2023 0:00,?,0.0,0.0,0.0,0.0,250,97,1,576,False,0.125,5,21,0,3,3,13,1,2,0
1912,0,2021-09-03T11:20:00Z,False,0,2/18/2022 0:00,?,0.0,0.0,0.0,0.0,166,54,1,124,False,0.125,5,15,0,3,3,5,1,2,0
1913,0,2021-09-03T10:16:00Z,False,0,1/19/2023 0:00,Fatal,1.0,0.0,0.0,1.0,697,1293,1,269,True,0.125,5,15,0,1,3,6,1,2,1
1914,1,2021-09-03T04:00:00Z,False,0,?,?,?,?,?,?,179,356,1,576,False,,0,0,12,0,0,5,0,3,0
1915,0,2021-09-02T16:08:00Z,False,0,4/20/2022 0:00,Serious,0.0,1.0,0.0,1.0,293,1539,1,2892,False,0.125,5,15,0,3,3,1,1,2,0
1916,0,2021-09-02T11:30:00Z,False,0,2/24/2023 0:00,?,0.0,0.0,0.0,0.0,250,64,1,532,False,0.125,5,15,0,3,3,5,1,2,0
1917,0,2021-09-02T10:45:00Z,False,0,4/26/2023 0:00,Minor,0.0,0.0,2.0,2.0,157,533,1,713,False,0.125,5,15,0,3,3,3,1,2,0
1918,0,2021-09-02T09:51:00Z,False,0,9/27/2023 0:00,Fatal,4.0,1.0,3.0,4.0,250,316,1,329,False,0.25,6,15,0,1,3,10,1,2,1
1919,0,2021-09-01T17:00:00Z,False,0,7/26/2023 0:00,Minor,0.0,0.0,1.0,1.0,942,840,1,244,True,0.125,5,15,0,3,3,1,1,2,0
1920,0,2021-09-01T15:30:00Z,False,0,10/20/2021 0:00,?,0.0,0.0,0.0,0.0,1064,2236,1,1310,True,0.125,5,15,0,3,3,5,1,2,0
1921,0,2021-09-01T15:00:00Z,False,0,6/14/2022 0:00,?,0.0,0.0,0.0,0.0,896,1570,1,576,False,0.125,5,15,0,3,3,5,1,2,0
1922,0,2021-09-01T13:50:00Z,False,0,2/8/2022 0:00,?,0.0,0.0,0.0,0.0,250,87,1,2392,False,0.125,5,15,0,3,3,5,1,2,0
1923,0,2021-09-01T08:32:00Z,False,0,3/25/2022 0:00,?,0.0,0.0,0.0,0.0,40,636,1,2524,False,0.125,0,1,9,3,3,5,1,2,0
1924,0,2021-09-01T03:29:00Z,False,0,7/21/2022 0:00,Serious,0.0,1.0,1.0,2.0,179,411,1,2462,False,0.25,7,0,4,0,3,9,1,2,0
1925,0,2021-08-31T16:12:00Z,False,0,?,Fatal,1.0,0.0,0.0,1.0,811,1384,1,576,False,,0,0,13,1,0,3,0,3,1
1926,0,2021-08-31T07:45:00Z,False,0,?,?,0.0,0.0,0.0,0.0,781,239,6,576,False,,0,8,13,3,0,6,0,3,0
1927,0,2021-08-30T20:40:00Z,False,0,?,?,0.0,0.0,0.0,0.0,250,142,1,2520,False,,0,0,13,3,0,1,0,3,0
1928,0,2021-08-30T17:30:00Z,False,0,4/20/2022 0:00,?,0.0,0.0,0.0,0.0,996,1727,6,576,False,0.125,5,16,0,3,3,5,1,2,0
1929,0,2021-08-30T13:40:00Z,False,0,11/16/2021 0:00,Minor,0.0,0.0,2.0,2.0,896,1589,1,1242,False,0.125,5,15,0,3,3,1,1,2,0
1930,0,2021-08-30T13:15:00Z,False,0,4/20/2022 0:00,?,0.0,0.0,0.0,0.0,996,1727,6,576,False,0.125,5,8,7,3,3,5,1,2,0
1931,0,2021-08-30T12:47:00Z,False,0,4/20/2022 0:00,?,0.0,0.0,0.0,0.0,896,1579,1,2602,False,0.125,5,15,0,3,3,5,1,2,0
1932,0,2021-08-30T08:19:00Z,False,0,7/26/2023 0:00,Minor,0.0,0.0,2.0,2.0,898,1599,1,576,False,0.125,5,15,0,3,3,3,1,2,0
1933,1,2021-08-30T04:00:00Z,False,0,?,?,?,?,?,?,421,1037,1,576,False,,0,0,12,0,0,10,0,3,0
1934,0,2021-08-29T16:00:00Z,False,0,10/20/2021 0:00,?,0.0,0.0,0.0,0.0,250,73,1,576,False,0.125,5,13,0,3,3,6,1,2,0
1935,0,2021-08-29T15:24:00Z,False,0,?,?,0.0,0.0,0.0,0.0,250,60,1,576,False,,0,0,13,3,0,5,0,3,0
1936,0,2021-08-28T19:34:00Z,False,0,1/25/2023 0:00,Minor,0.0,0.0,1.0,1.0,250,219,1,576,False,0.25,5,15,0,3,3,3,1,2,0
1937,0,2021-08-28T15:40:00Z,False,0,4/20/2022 0:00,?,0.0,0.0,0.0,0.0,896,1570,1,2298,False,0.125,5,15,0,3,3,10,1,2,0
1938,0,2021-08-28T15:37:00Z,False,0,1/31/2023 0:00,Minor,0.0,0.0,2.0,2.0,763,2085,1,384,True,0.125,5,15,0,3,3,4,1,2,0
1939,0,2021-08-28T13:16:00Z,False,0,2/24/2023 0:00,Fatal,2.0,1.0,0.0,3.0,250,2101,1,576,False,0.125,5,0,8,3,3,6,1,2,1
1940,0,2021-08-28T13:05:00Z,False,0,5/25/2022 0:00,?,0.0,0.0,0.0,0.0,771,1471,1,2298,False,0.125,5,15,0,3,3,1,1,2,0
1941,0,2021-08-28T12:40:00Z,False,0,7/26/2023 0:00,Serious,0.0,1.0,2.0,3.0,896,1668,1,2553,False,0.125,5,13,0,3,3,6,1,2,0
1942,0,2021-08-28T09:30:00Z,False,0,?,?,?,?,?,?,993,1725,6,576,False,0.125,0,0,13,3,0,6,0,3,0
1943,0,2021-08-27T22:15:00Z,False,0,?,Serious,0.0,7.0,0.0,7.0,188,750,1,2466,False,0.25,0,0,15,4,2,4,0,3,0
1944,0,2021-08-27T19:30:00Z,False,0,4/20/2022 0:00,?,0.0,0.0,0.0,0.0,896,1558,1,2298,False,0.125,5,15,0,3,3,1,1,2,0
1945,0,2021-08-27T18:30:00Z,False,0,2/18/2022 0:00,?,0.0,0.0,0.0,0.0,993,1725,6,576,False,0.125,5,18,0,3,3,5,1,2,0
1946,0,2021-08-27T13:39:00Z,False,0,3/25/2022 0:00,?,0.0,0.0,0.0,0.0,275,1336,1,1295,False,0.125,5,15,0,3,3,5,1,2,0
1947,0,2021-08-27T08:00:00Z,False,0,1/19/2023 0:00,Minor,0.0,0.0,1.0,1.0,994,1722,6,576,False,0.125,5,16,0,3,3,5,1,2,0
1948,0,2021-08-27T06:30:00Z,False,0,2/8/2022 0:00,Serious,0.0,1.0,0.0,1.0,162,149,6,576,False,0.125,9,1,9,3,3,6,1,2,0
1949,0,2021-08-26T14:57:00Z,False,0,3/25/2022 0:00,?,0.0,0.0,0.0,0.0,270,1959,1,828,False,0.125,5,15,0,3,3,5,1,2,0
1950,0,2021-08-26T14:31:00Z,False,0,3/25/2022 0:00,Minor,0.0,0.0,1.0,1.0,250,60,1,2155,False,0.125,5,13,0,3,3,5,1,2,0
1951,0,2021-08-26T13:34:00Z,False,0,9/27/2023 0:00,?,0.0,0.0,0.0,0.0,421,1017,1,2073,False,0.25,7,16,0,3,3,5,1,2,0
1952,0,2021-08-25T18:22:00Z,False,0,9/7/2023 0:00,?,0.0,0.0,0.0,0.0,107,1223,1,2744,True,0.125,5,15,0,3,3,3,1,2,0
1953,0,2021-08-25T15:25:00Z,False,0,?,?,0.0,0.0,0.0,0.0,426,189,6,576,False,,0,0,12,3,0,3,0,3,0
1954,1,2021-08-25T13:10:00Z,False,0,?,?,?,?,?,?,421,1037,1,576,False,,0,0,12,0,0,10,0,3,0
1955,0,2021-08-25T09:45:00Z,False,0,9/20/2023 0:00,Minor,0.0,0.0,1.0,1.0,250,35,1,872,False,0.125,5,15,0,3,3,3,1,2,0
1956,0,2021-08-24T19:26:00Z,False,0,8/15/2023 0:00,?,0.0,0.0,0.0,0.0,1050,1273,1,2298,True,0.125,5,15,0,3,3,1,1,2,0
1957,0,2021-08-24T18:58:00Z,False,0,8/23/2023 0:00,?,0.0,0.0,0.0,0.0,270,1896,1,1732,False,0.125,6,6,0,1,3,10,1,2,0
1958,0,2021-08-24T10:46:00Z,False,0,2/18/2022 0:00,?,0.0,0.0,0.0,0.0,250,45,1,114,False,0.125,5,13,0,3,3,5,1,2,0
1959,0,2021-08-24T10:30:00Z,False,0,8/31/2022 0:00,?,0.0,0.0,0.0,0.0,157,536,1,67,False,0.125,5,15,0,3,3,10,1,2,0
1960,0,2021-08-24T09:33:00Z,False,0,10/19/2021 0:00,?,0.0,0.0,0.0,0.0,896,1601,1,1061,False,0.125,5,15,0,3,3,10,1,2,0
1961,0,2021-08-24T09:24:00Z,False,0,?,Minor,0.0,0.0,1.0,1.0,993,1721,6,576,False,,0,0,0,3,0,6,0,3,0
1962,0,2021-08-23T20:45:00Z,False,0,7/19/2022 0:00,Serious,0.0,1.0,3.0,4.0,179,379,1,2462,False,0.25,6,0,4,0,3,11,1,2,0
1963,0,2021-08-23T12:28:00Z,False,0,2/18/2022 0:00,?,0.0,0.0,0.0,0.0,250,72,1,1397,False,0.125,5,15,0,3,3,5,1,2,0
1964,0,2021-08-23T10:35:00Z,False,0,?,?,0.0,0.0,0.0,0.0,896,1648,1,576,False,,0,0,15,3,0,10,0,3,0
1965,0,2021-08-23T04:00:00Z,False,0,?,?,?,?,?,?,896,1575,1,576,False,,0,0,13,1,0,4,0,3,0
1966,0,2021-08-22T16:30:00Z,False,0,?,Fatal,2.0,0.0,0.0,2.0,896,1658,1,2582,False,,0,0,13,4,0,13,0,3,1
1967,0,2021-08-22T13:00:00Z,False,0,8/19/2022 0:00,Fatal,1.0,0.0,0.0,1.0,896,1242,1,2298,False,0.125,5,15,0,3,3,13,1,2,1
1968,0,2021-08-21T16:23:00Z,False,0,?,Minor,0.0,0.0,1.0,1.0,894,1684,1,576,False,0.125,0,22,15,1,0,4,0,3,0
1969,0,2021-08-21T14:00:00Z,False,0,7/20/2022 0:00,Serious,0.0,1.0,0.0,1.0,45,217,1,576,False,,0,0,4,0,3,3,1,2,0
1970,0,2021-08-21T13:40:00Z,False,0,5/10/2023 0:00,?,0.0,0.0,0.0,0.0,547,1124,1,1248,False,0.25,7,15,0,3,3,9,1,2,0
1971,0,2021-08-21T13:30:00Z,False,0,7/26/2023 0:00,?,0.0,0.0,0.0,0.0,426,187,6,480,False,0.125,5,15,0,3,3,1,1,2,0
1972,0,2021-08-21T13:25:00Z,False,0,9/27/2023 0:00,?,0.0,0.0,0.0,0.0,367,946,1,576,False,0.125,5,6,8,3,3,3,1,2,0
1973,0,2021-08-21T11:00:00Z,False,0,5/4/2022 0:00,Minor,0.0,0.0,1.0,1.0,1241,1783,1,2759,True,0.125,5,15,0,3,3,5,1,2,0
1974,0,2021-08-21T09:00:00Z,False,0,4/20/2022 0:00,?,0.0,0.0,0.0,0.0,367,942,1,576,False,0.125,5,15,0,3,3,5,1,2,0
1975,0,2021-08-21T08:53:00Z,False,0,8/12/2022 0:00,Fatal,2.0,0.0,0.0,2.0,19,429,1,226,False,0.125,5,15,0,3,3,4,1,2,1
1976,1,2021-08-21T04:00:00Z,False,0,?,?,?,?,?,?,45,510,1,576,False,,0,0,12,0,0,3,0,3,0
1977,0,2021-08-20T23:00:00Z,False,0,2/8/2022 0:00,?,0.0,0.0,0.0,0.0,996,1727,6,576,False,0.125,5,15,0,3,3,5,1,2,0
1978,0,2021-08-20T14:40:00Z,False,0,3/22/2023 0:00,Fatal,1.0,0.0,0.0,1.0,1097,2072,1,576,False,0.125,8,15,0,1,3,3,1,2,1
1979,0,2021-08-20T12:36:00Z,False,0,9/29/2023 0:00,Fatal,1.0,0.0,0.0,1.0,857,1934,1,679,False,0.125,5,4,0,1,3,4,1,2,1
1980,0,2021-08-20T10:13:00Z,False,0,7/26/2023 0:00,Fatal,2.0,0.0,0.0,2.0,896,1658,1,600,False,0.125,5,15,0,1,3,4,1,2,1
1981,1,2021-08-20T04:00:00Z,False,0,?,?,?,?,?,?,179,356,1,576,False,,0,0,12,4,0,11,0,3,0
1982,0,2021-08-20T03:40:00Z,False,0,11/16/2021 0:00,?,0.0,0.0,0.0,0.0,996,1727,6,576,False,0.125,0,15,0,1,3,6,1,2,0
1983,0,2021-08-19T18:55:00Z,False,0,2/8/2022 0:00,?,0.0,0.0,0.0,0.0,896,1570,1,326,False,0.125,5,15,0,3,3,11,1,2,0
1984,0,2021-08-19T08:05:00Z,False,0,11/16/2021 0:00,?,0.0,0.0,0.0,0.0,250,60,1,704,False,0.125,5,15,0,3,3,5,1,2,0
1985,0,2021-08-19T04:00:00Z,False,0,?,?,0.0,0.0,0.0,0.0,433,753,6,576,False,,0,0,13,4,0,10,0,3,0
1986,0,2021-08-18T18:50:00Z,False,0,7/26/2023 0:00,?,0.0,0.0,0.0,0.0,622,182,6,515,True,0.125,5,15,0,3,3,4,1,2,0
1987,0,2021-08-18T09:27:00Z,False,0,5/25/2022 0:00,?,0.0,0.0,0.0,0.0,1009,1053,6,576,True,0.125,5,15,0,3,3,5,1,2,0
1988,0,2021-08-18T07:57:00Z,False,0,5/25/2022 0:00,?,0.0,0.0,0.0,0.0,250,75,1,1818,False,0.125,5,13,0,3,3,10,1,2,0
1989,0,2021-08-18T04:00:00Z,False,0,?,Fatal,1.0,0.0,0.0,1.0,108,1223,1,576,True,,0,0,13,1,0,3,0,3,1
1990,0,2021-08-17T17:15:00Z,False,0,12/14/2022 0:00,?,0.0,0.0,0.0,0.0,382,917,1,1577,False,0.25,5,13,0,3,3,3,1,2,0
1991,0,2021-08-17T01:10:00Z,False,0,?,Fatal,1.0,0.0,0.0,1.0,998,342,1,923,False,,0,0,15,1,0,13,0,3,1
1992,0,2021-08-16T20:32:00Z,False,0,9/27/2023 0:00,Serious,0.0,1.0,1.0,2.0,896,1594,1,2177,False,0.125,5,13,0,3,3,3,1,2,0
1993,0,2021-08-16T15:15:00Z,False,0,3/22/2023 0:00,?,0.0,0.0,0.0,0.0,1126,1041,1,576,False,0.125,5,15,0,3,3,5,1,2,0
1994,0,2021-08-16T14:52:00Z,False,0,4/26/2023 0:00,?,0.0,0.0,0.0,0.0,250,154,1,576,False,0.125,8,0,8,3,1,3,1,2,0
1995,0,2021-08-15T18:47:00Z,False,0,2/24/2023 0:00,Fatal,3.0,0.0,0.0,3.0,250,105,1,576,False,0.125,5,15,0,1,3,6,1,2,1
1996,0,2021-08-15T18:41:00Z,False,0,5/17/2022 0:00,?,0.0,0.0,0.0,0.0,1052,1903,4,2781,False,0.0,0,13,0,3,3,5,1,2,0
1997,0,2021-08-15T17:00:00Z,False,0,1/19/2023 0:00,Minor,0.0,0.0,1.0,1.0,250,32,1,576,False,0.125,5,15,0,3,3,3,1,2,0
1998,0,2021-08-15T16:30:00Z,False,0,6/8/2023 0:00,Serious,0.0,1.0,0.0,1.0,496,2002,1,576,True,0.125,5,15,0,3,3,4,1,2,0
1999,0,2021-08-15T15:00:00Z,False,0,?,?,?,?,?,?,250,1530,1,576,False,0.125,0,0,13,3,0,3,0,3,0
2000,0,2021-08-15T14:57:00Z,False,0,2/24/2023 0:00,?,0.0,0.0,0.0,0.0,250,86,1,586,False,0.125,5,15,0,3,3,5,1,2,0
2001,0,2021-08-14T19:45:00Z,False,0,4/20/2022 0:00,Serious,0.0,1.0,2.0,3.0,896,1562,1,576,False,0.125,5,15,0,3,3,4,1,2,0
2002,0,2021-08-14T13:30:00Z,False,0,3/29/2023 0:00,?,0.0,0.0,0.0,0.0,568,1219,1,2680,True,0.125,5,15,0,3,3,6,1,2,0
2003,0,2021-08-14T10:30:00Z,False,0,12/20/2022 0:00,Serious,0.0,1.0,0.0,1.0,994,1722,6,576,False,0.125,5,13,0,3,3,1,1,2,0
2004,1,2021-08-14T04:00:00Z,False,0,?,?,?,?,?,?,45,221,1,576,False,,0,0,12,2,0,5,0,3,0
2005,0,2021-08-13T18:30:00Z,False,0,10/20/2021 0:00,?,0.0,0.0,0.0,0.0,250,28,1,1308,False,0.125,5,15,0,3,3,11,1,2,0
2006,0,2021-08-13T15:55:00Z,False,0,8/23/2023 0:00,?,0.0,0.0,0.0,0.0,250,94,1,2602,False,0.125,5,13,0,3,3,5,1,2,0
2007,0,2021-08-13T11:32:00Z,False,0,?,?,0.0,0.0,0.0,0.0,157,459,1,576,False,,0,0,13,3,0,3,0,3,0
2008,1,2021-08-12T20:10:00Z,False,0,?,?,0.0,0.0,0.0,0.0,1133,1944,1,576,False,,0,0,13,4,0,5,0,3,0
2009,0,2021-08-12T19:00:00Z,False,0,9/20/2021 0:00,?,0.0,0.0,0.0,0.0,896,1594,1,2718,False,0.125,5,15,0,3,3,4,1,2,0
2010,0,2021-08-12T15:30:00Z,False,0,4/20/2022 0:00,?,0.0,0.0,0.0,0.0,896,1570,1,576,False,0.125,5,15,0,3,3,10,1,2,0
2011,0,2021-08-12T14:43:00Z,False,0,1/19/2023 0:00,?,0.0,0.0,0.0,0.0,857,2028,1,2261,False,0.125,5,15,0,3,3,5,1,2,0
2012,0,2021-08-12T14:30:00Z,False,0,5/4/2022 0:00,Minor,0.0,0.0,1.0,1.0,274,1267,1,2089,True,0.125,5,15,0,3,3,5,1,2,0
2013,0,2021-08-12T14:15:00Z,False,0,?,Minor,0.0,0.0,1.0,1.0,250,45,1,576,False,0.125,0,0,12,3,0,6,0,3,0
2014,0,2021-08-12T11:00:00Z,False,0,3/16/2023 0:00,?,0.0,0.0,0.0,0.0,157,415,1,595,False,0.125,5,15,0,3,3,4,1,2,0
2015,0,2021-08-12T10:42:00Z,False,0,?,?,0.0,0.0,0.0,0.0,896,1613,1,576,False,0.25,0,0,13,3,0,3,0,3,0
2016,0,2021-08-12T10:30:00Z,False,0,2/8/2022 0:00,?,0.0,0.0,0.0,0.0,312,1692,1,2537,False,0.125,5,15,0,3,3,5,1,2,0
2017,0,2021-08-12T04:00:00Z,False,0,?,?,0.0,0.0,0.0,0.0,1024,1212,1,576,False,,0,0,13,3,0,5,0,3,0
2018,0,2021-08-11T19:56:00Z,False,0,7/19/2022 0:00,?,0.0,0.0,0.0,0.0,775,1412,1,1653,False,0.375,6,0,4,3,3,5,1,2,0
2019,0,2021-08-11T18:57:00Z,False,0,?,Minor,0.0,0.0,1.0,1.0,39,658,1,576,False,,0,0,13,3,0,13,0,3,0
2020,0,2021-08-11T10:00:00Z,False,0,12/20/2022 0:00,?,0.0,0.0,0.0,0.0,250,43,1,87,False,0.125,5,15,0,3,3,4,1,2,0
2021,0,2021-08-11T09:00:00Z,False,0,9/20/2023 0:00,Serious,0.0,3.0,0.0,3.0,250,278,1,1364,False,0.25,8,6,0,3,3,2,1,2,0
2022,0,2021-08-11T06:40:00Z,False,0,3/1/2023 0:00,Minor,0.0,0.0,1.0,1.0,996,1727,6,2303,False,0.125,5,15,0,3,3,4,1,2,0
2023,0,2021-08-10T20:15:00Z,False,0,2/8/2022 0:00,Minor,0.0,0.0,2.0,2.0,1154,2003,7,576,False,0.125,5,15,0,3,3,6,1,2,0
2024,0,2021-08-10T15:45:00Z,False,0,4/5/2023 0:00,Serious,0.0,1.0,0.0,1.0,250,160,1,939,False,0.125,5,15,0,3,3,1,1,2,0
2025,1,2021-08-10T12:37:00Z,False,0,?,?,0.0,0.0,0.0,0.0,45,516,1,1779,False,,0,6,6,0,0,3,0,3,0
2026,0,2021-08-10T09:40:00Z,False,0,5/25/2022 0:00,?,0.0,0.0,0.0,0.0,166,27,1,373,False,0.125,5,15,0,3,3,1,1,2,0
2027,0,2021-08-10T08:15:00Z,False,0,2/18/2022 0:00,Minor,0.0,0.0,1.0,1.0,1081,932,11,2849,False,0.125,5,15,0,3,3,5,1,2,0
2028,0,2021-08-10T07:40:00Z,False,0,1/25/2023 0:00,Fatal,1.0,0.0,0.0,1.0,999,1832,1,576,False,0.125,8,1,9,3,3,6,1,2,1
2029,0,2021-08-09T20:50:00Z,False,0,?,?,0.0,0.0,0.0,0.0,250,45,1,2444,False,0.125,0,15,13,3,3,3,0,3,0
2030,0,2021-08-09T20:30:00Z,False,0,12/20/2022 0:00,Minor,0.0,0.0,2.0,2.0,896,1565,1,622,False,0.125,5,15,0,3,3,4,1,2,0
2031,0,2021-08-09T18:00:00Z,False,0,8/12/2022 0:00,Minor,0.0,0.0,1.0,1.0,941,32,1,1648,True,0.125,5,15,0,3,3,13,1,2,0
2032,0,2021-08-09T16:56:00Z,False,0,6/8/2023 0:00,Fatal,2.0,0.0,0.0,2.0,908,22,1,576,True,0.125,5,15,0,3,3,6,1,2,1
2033,0,2021-08-09T16:40:00Z,False,0,?,?,0.0,0.0,0.0,0.0,250,60,1,1069,False,,0,0,13,4,0,5,0,3,0
2034,0,2021-08-09T13:35:00Z,False,0,12/7/2022 0:00,?,0.0,0.0,0.0,0.0,379,921,1,576,False,0.25,5,13,0,3,3,12,1,2,0
2035,0,2021-08-09T11:15:00Z,False,0,9/27/2023 0:00,Fatal,1.0,0.0,0.0,1.0,250,161,1,302,False,0.125,5,15,0,1,3,4,1,2,1
2036,0,2021-08-09T10:30:00Z,False,0,11/16/2021 0:00,?,0.0,0.0,0.0,0.0,250,60,1,576,False,0.125,5,15,0,3,3,3,1,2,0
2037,0,2021-08-08T15:40:00Z,False,0,10/19/2021 0:00,?,0.0,0.0,0.0,0.0,896,1632,1,408,False,0.25,5,13,0,3,3,5,1,2,0
2038,0,2021-08-07T18:00:00Z,False,0,8/30/2023 0:00,Fatal,2.0,0.0,0.0,2.0,1009,1055,6,576,True,0.125,5,15,0,1,3,6,1,2,1
2039,0,2021-08-07T17:40:00Z,False,0,3/22/2023 0:00,Fatal,3.0,0.0,0.0,3.0,811,1389,1,1182,False,0.125,5,15,0,1,1,1,1,2,1
2040,0,2021-08-07T14:25:00Z,False,0,3/25/2022 0:00,?,0.0,0.0,0.0,0.0,766,1267,1,761,True,0.125,5,15,0,3,3,5,1,2,0
2041,0,2021-08-07T11:15:00Z,False,0,1/19/2023 0:00,?,0.0,0.0,0.0,0.0,1005,1729,5,2609,True,0.125,5,11,0,3,3,4,1,2,0
2042,1,2021-08-07T10:57:00Z,False,0,?,?,0.0,0.0,0.0,0.0,998,342,1,576,False,,0,0,12,0,0,3,0,3,0
2043,0,2021-08-07T10:50:00Z,False,0,5/17/2022 0:00,?,0.0,0.0,0.0,0.0,157,1074,1,2192,False,0.125,5,15,0,3,3,5,1,2,0
2044,0,2021-08-07T10:30:00Z,False,0,2/18/2022 0:00,?,0.0,0.0,0.0,0.0,250,60,1,1431,False,0.125,5,13,0,3,3,6,1,2,0
2045,0,2021-08-06T16:20:00Z,False,0,8/23/2023 0:00,?,0.0,0.0,0.0,0.0,304,812,1,2298,False,0.125,5,15,0,3,3,4,1,2,0
2046,0,2021-08-06T12:24:00Z,False,0,?,Fatal,2.0,0.0,0.0,2.0,276,1227,1,576,False,,0,0,13,1,0,3,0,3,1
2047,0,2021-08-06T11:15:00Z,False,0,5/25/2022 0:00,?,0.0,0.0,0.0,0.0,250,60,1,2656,False,0.125,5,13,0,3,3,10,1,2,0
2048,0,2021-08-06T11:00:00Z,False,0,9/20/2021 0:00,Minor,0.0,0.0,2.0,2.0,250,58,1,34,False,0.125,5,15,0,3,3,4,1,2,0
2049,1,2021-08-06T09:30:00Z,False,0,?,?,?,?,?,?,45,512,1,576,False,,0,0,6,0,0,4,0,3,0
2050,0,2021-08-06T08:48:00Z,False,0,10/19/2021 0:00,?,0.0,0.0,0.0,0.0,40,642,1,576,False,0.125,8,1,9,3,3,6,1,2,0
2051,0,2021-08-06T04:00:00Z,False,0,?,Serious,0.0,1.0,0.0,1.0,1266,2222,1,576,False,,0,0,13,1,0,3,0,3,0
2052,0,2021-08-05T20:30:00Z,False,0,12/7/2022 0:00,?,0.0,0.0,0.0,0.0,896,1242,1,576,False,0.125,5,15,0,3,3,3,1,2,0
2053,0,2021-08-05T12:15:00Z,False,0,4/20/2022 0:00,?,0.0,0.0,0.0,0.0,56,1956,1,620,False,0.125,5,15,0,3,3,4,1,2,0
2054,0,2021-08-05T10:50:00Z,False,0,9/21/2022 0:00,Fatal,6.0,0.0,0.0,6.0,367,943,1,576,False,0.125,5,0,8,1,1,3,1,2,1
2055,0,2021-08-04T17:10:00Z,False,0,9/20/2021 0:00,Serious,0.0,1.0,0.0,0.0,896,1243,1,576,False,0.125,5,15,0,0,3,10,1,2,0
2056,0,2021-08-04T15:20:00Z,False,0,3/29/2023 0:00,Fatal,2.0,0.0,0.0,2.0,857,2030,1,1877,False,0.125,5,15,0,1,3,6,1,2,1
2057,0,2021-08-04T15:20:00Z,False,0,1/19/2023 0:00,Minor,0.0,0.0,1.0,1.0,40,644,1,576,False,0.125,8,1,9,3,3,10,1,2,0
2058,0,2021-08-04T14:30:00Z,False,0,8/12/2022 0:00,Serious,0.0,1.0,0.0,1.0,160,142,6,576,False,0.125,9,1,9,3,3,6,1,2,0
2059,0,2021-08-04T10:51:00Z,False,0,?,Fatal,2.0,0.0,0.0,2.0,1179,1517,1,576,False,0.125,0,13,13,3,0,6,0,3,1
2060,0,2021-08-04T10:25:00Z,False,0,4/20/2022 0:00,Serious,0.0,1.0,0.0,1.0,40,640,1,733,False,0.125,8,1,9,3,3,6,1,2,0
2061,0,2021-08-04T08:15:00Z,False,0,11/16/2021 0:00,Minor,0.0,0.0,1.0,1.0,994,1725,6,576,False,0.125,5,1,9,3,3,6,1,2,0
2062,0,2021-08-03T20:00:00Z,False,0,?,?,0.0,0.0,0.0,0.0,250,225,1,576,False,0.25,0,22,13,0,0,3,0,3,0
2063,0,2021-08-03T14:30:00Z,False,0,6/22/2022 0:00,Minor,0.0,0.0,1.0,1.0,715,1319,1,576,False,0.125,5,15,0,3,3,10,1,2,0
2064,0,2021-08-03T11:30:00Z,False,0,1/19/2023 0:00,Minor,0.0,0.0,2.0,2.0,250,60,1,1455,False,0.125,5,15,0,3,3,11,1,2,0
2065,0,2021-08-03T11:15:00Z,False,0,12/14/2022 0:00,?,0.0,0.0,0.0,0.0,896,1601,1,1497,False,0.125,5,13,0,3,3,5,1,2,0
2066,0,2021-08-03T07:15:00Z,False,0,2/8/2022 0:00,?,0.0,0.0,0.0,0.0,250,65,1,2690,False,0.125,5,13,0,3,3,11,1,2,0
2067,0,2021-08-02T15:54:00Z,False,0,2/24/2023 0:00,Serious,0.0,2.0,0.0,2.0,336,1474,1,576,True,0.125,5,15,0,3,3,4,1,2,0
2068,0,2021-08-02T14:58:00Z,False,0,2/2/2023 0:00,?,0.0,0.0,0.0,0.0,1123,7,1,627,False,0.125,5,15,0,3,3,4,1,2,0
2069,0,2021-08-02T12:59:00Z,False,0,9/27/2023 0:00,Minor,0.0,0.0,3.0,3.0,250,60,1,2056,False,0.125,5,13,0,3,3,10,1,2,0
2070,0,2021-08-02T09:30:00Z,False,0,4/19/2023 0:00,?,0.0,0.0,0.0,0.0,896,1594,1,576,False,0.125,5,15,0,3,3,3,1,2,0
2071,0,2021-08-02T08:45:00Z,False,0,5/17/2022 0:00,?,0.0,0.0,0.0,0.0,250,165,1,2538,False,0.125,5,15,0,3,3,5,1,2,0
2072,0,2021-08-01T16:45:00Z,False,0,4/20/2022 0:00,Minor,0.0,0.0,3.0,3.0,250,2119,1,576,False,0.125,5,14,8,3,3,10,1,2,0
2073,0,2021-08-01T14:20:00Z,False,0,?,?,0.0,0.0,0.0,0.0,998,341,1,2549,False,,0,0,13,3,0,5,0,3,0
2074,0,2021-08-01T14:10:00Z,False,0,?,?,?,?,?,?,250,32,1,576,False,0.125,0,0,13,4,2,3,0,3,0
2075,0,2021-08-01T12:51:00Z,False,0,9/7/2023 0:00,Fatal,4.0,0.0,0.0,4.0,995,1728,6,576,False,0.125,9,15,0,1,3,3,1,2,1
2076,0,2021-08-01T08:00:00Z,False,0,10/20/2021 0:00,?,0.0,0.0,0.0,0.0,1241,1780,1,1419,True,0.125,5,15,0,3,3,1,1,2,0
2077,0,2021-07-31T18:26:00Z,False,0,?,?,0.0,0.0,0.0,0.0,250,97,1,576,False,,0,0,13,3,0,6,0,3,0
2078,0,2021-07-31T18:18:00Z,False,0,5/17/2022 0:00,?,0.0,0.0,0.0,0.0,250,60,1,1983,False,0.125,5,13,0,3,3,10,1,2,0
2079,0,2021-07-31T12:58:00Z,False,0,2/18/2022 0:00,Serious,0.0,1.0,0.0,1.0,728,1309,4,264,False,0.0,0,13,0,2,3,5,1,2,0
2080,0,2021-07-31T11:30:00Z,False,0,4/26/2023 0:00,Fatal,1.0,1.0,0.0,2.0,896,1242,1,1402,False,0.125,5,13,0,3,3,4,1,2,1
2081,0,2021-07-31T10:07:00Z,False,0,3/22/2023 0:00,?,0.0,0.0,0.0,0.0,250,102,1,1124,False,0.125,5,15,0,3,3,5,1,2,0
2082,0,2021-07-31T09:53:00Z,False,0,7/26/2023 0:00,Serious,0.0,1.0,0.0,1.0,733,966,1,22,False,0.125,5,12,0,3,3,4,1,2,0
2083,0,2021-07-31T09:30:00Z,False,0,2/8/2022 0:00,Serious,0.0,1.0,0.0,1.0,996,1727,6,576,False,0.125,5,1,9,3,3,6,1,2,0
2084,0,2021-07-31T08:30:00Z,False,0,?,?,0.0,0.0,0.0,0.0,896,1672,1,576,False,,0,0,13,2,0,5,0,3,0
2085,1,2021-07-31T04:00:00Z,False,0,?,?,?,?,?,?,179,356,1,576,False,,0,0,12,0,0,4,0,3,0
2086,0,2021-07-30T16:25:00Z,False,0,6/8/2023 0:00,Serious,0.0,1.0,0.0,1.0,426,187,6,576,False,0.125,5,15,0,1,3,3,1,2,0
2087,0,2021-07-30T14:50:00Z,False,0,?,?,0.0,0.0,0.0,0.0,160,142,6,576,False,,0,0,13,4,0,3,0,3,0
2088,0,2021-07-30T14:40:00Z,False,0,9/14/2023 0:00,Serious,0.0,1.0,0.0,1.0,619,1186,4,2696,False,0.125,7,15,0,3,3,10,1,2,0
2089,0,2021-07-30T14:23:00Z,False,0,6/8/2023 0:00,?,0.0,0.0,0.0,0.0,1053,1119,1,576,False,0.125,8,1,9,3,3,2,1,2,0
2090,1,2021-07-30T12:15:00Z,False,0,?,?,0.0,0.0,0.0,0.0,145,1754,1,576,False,0.5,0,0,12,0,0,10,0,3,0
2091,0,2021-07-30T12:00:00Z,False,0,2/8/2022 0:00,Serious,0.0,1.0,0.0,1.0,995,1728,6,576,False,0.125,9,1,9,3,3,6,1,2,0
2092,0,2021-07-30T11:31:00Z,False,0,5/25/2022 0:00,?,0.0,0.0,0.0,0.0,251,49,1,260,False,0.125,5,15,0,3,3,5,1,2,0
2093,0,2021-07-30T11:15:00Z,False,0,2/8/2022 0:00,Serious,0.0,1.0,0.0,1.0,40,650,1,576,False,0.125,8,1,9,1,3,6,1,2,0
2094,0,2021-07-30T10:40:00Z,False,0,5/17/2022 0:00,?,0.0,0.0,0.0,0.0,157,1278,1,2055,False,0.125,5,15,0,3,3,5,1,2,0
2095,0,2021-07-30T10:00:00Z,False,0,11/16/2021 0:00,Minor,0.0,0.0,2.0,2.0,1282,1942,1,2181,False,0.125,5,15,0,3,3,5,1,2,0
2096,0,2021-07-30T09:24:00Z,False,0,2/24/2023 0:00,Fatal,2.0,0.0,0.0,2.0,250,32,1,751,False,0.125,5,15,0,3,3,6,1,2,1
2097,0,2021-07-29T14:28:00Z,False,0,7/26/2023 0:00,Serious,0.0,3.0,0.0,3.0,1015,1490,1,500,False,0.125,5,15,0,3,3,4,1,2,0
2098,0,2021-07-29T12:30:00Z,False,0,8/12/2022 0:00,Minor,0.0,0.0,1.0,1.0,1123,1263,1,576,False,0.125,5,15,0,3,3,3,1,2,0
2099,1,2021-07-29T05:00:00Z,False,0,?,?,?,?,?,?,179,369,1,576,False,0.25,0,0,4,0,0,1,0,3,0
2100,0,2021-07-28T13:35:00Z,False,0,?,Fatal,4.0,0.0,0.0,4.0,116,2201,1,576,False,0.125,0,0,15,1,3,6,0,3,1
2101,0,2021-07-28T11:30:00Z,False,0,9/29/2021 0:00,Minor,0.0,0.0,1.0,1.0,60,2063,5,825,True,0.125,5,13,0,3,3,5,1,2,0
2102,0,2021-07-28T11:30:00Z,False,0,9/20/2021 0:00,?,0.0,0.0,0.0,0.0,426,1060,6,2724,False,0.125,5,15,0,3,3,6,1,2,0
2103,0,2021-07-28T10:00:00Z,False,0,3/25/2022 0:00,?,0.0,0.0,0.0,0.0,857,647,1,592,False,0.125,5,13,0,3,3,5,1,2,0
2104,0,2021-07-28T09:15:00Z,False,0,?,?,0.0,0.0,0.0,0.0,250,142,1,576,False,,0,0,13,3,0,3,0,3,0
2105,0,2021-07-28T09:00:00Z,False,0,12/6/2022 0:00,?,0.0,0.0,0.0,0.0,706,1331,1,2767,False,0.125,5,9,0,1,3,3,1,2,0
2106,0,2021-07-28T08:20:00Z,False,0,6/28/2023 0:00,Minor,0.0,0.0,2.0,2.0,179,710,1,576,False,0.125,5,15,0,3,3,3,1,2,0
2107,0,2021-07-28T04:00:00Z,False,0,?,Fatal,1.0,1.0,0.0,2.0,471,1096,1,576,False,0.125,0,0,13,4,0,5,0,3,1
2108,1,2021-07-28T04:00:00Z,False,0,?,?,0.0,0.0,0.0,0.0,179,380,1,576,False,,0,0,12,0,0,10,0,3,0
2109,0,2021-07-27T19:30:00Z,False,0,5/4/2022 0:00,?,0.0,0.0,0.0,0.0,812,1388,1,727,False,0.125,5,15,0,3,3,10,1,2,0
2110,0,2021-07-27T19:00:00Z,False,0,7/6/2023 0:00,Serious,0.0,1.0,1.0,2.0,1204,2111,11,576,True,0.125,5,15,0,3,3,5,1,2,0
2111,0,2021-07-27T17:42:00Z,False,0,5/17/2022 0:00,?,0.0,0.0,0.0,0.0,250,60,1,1233,False,0.125,5,13,0,3,3,11,1,2,0
2112,0,2021-07-27T11:05:00Z,False,0,6/14/2023 0:00,?,0.0,0.0,0.0,0.0,1097,2074,1,1829,False,0.125,8,15,0,3,3,5,1,2,0
2113,0,2021-07-27T10:30:00Z,False,0,9/29/2021 0:00,Serious,0.0,1.0,0.0,1.0,1116,1987,1,2276,True,0.125,5,15,0,3,3,1,1,2,0
2114,0,2021-07-27T10:00:00Z,False,0,9/29/2021 0:00,?,0.0,0.0,0.0,0.0,342,819,1,402,False,0.125,5,15,0,3,3,5,1,2,0
2115,0,2021-07-27T08:45:00Z,False,0,3/25/2022 0:00,?,0.0,0.0,0.0,0.0,250,2042,1,1589,False,0.125,0,15,0,3,3,4,1,2,0
2116,0,2021-07-27T08:30:00Z,False,0,12/6/2022 0:00,?,0.0,0.0,0.0,0.0,250,97,1,2286,False,0.125,5,6,0,3,3,9,1,2,0
2117,0,2021-07-27T07:14:00Z,False,0,2/24/2023 0:00,Fatal,1.0,1.0,0.0,2.0,224,1359,1,2380,True,0.125,5,13,0,3,3,5,1,2,1
2118,0,2021-07-26T13:20:00Z,False,0,4/12/2023 0:00,Fatal,2.0,0.0,0.0,2.0,250,73,1,576,False,0.125,5,13,0,3,3,3,1,2,1
2119,0,2021-07-26T13:18:00Z,False,0,8/10/2023 0:00,Fatal,6.0,0.0,0.0,6.0,183,848,1,2678,False,0.25,6,15,0,1,3,1,1,2,1
2120,0,2021-07-26T11:15:00Z,False,0,?,Fatal,1.0,0.0,0.0,1.0,250,154,1,576,False,,0,0,12,3,0,1,0,3,1
2121,0,2021-07-26T09:00:00Z,False,0,6/22/2023 0:00,Serious,0.0,1.0,0.0,1.0,250,28,1,1891,False,0.125,5,15,0,3,3,4,1,2,0
2122,1,2021-07-25T20:14:00Z,False,0,?,?,0.0,0.0,0.0,0.0,781,1420,6,576,False,,0,0,13,0,0,3,0,3,0
2123,0,2021-07-25T19:07:00Z,False,0,?,Minor,0.0,0.0,3.0,3.0,250,142,1,576,False,0.125,0,0,13,3,0,3,0,3,0
2124,0,2021-07-25T15:38:00Z,False,0,2/8/2022 0:00,Minor,0.0,0.0,1.0,1.0,199,1115,4,576,False,0.0,0,13,0,3,3,3,1,2,0
2125,0,2021-07-25T14:35:00Z,False,0,9/20/2021 0:00,Minor,0.0,0.0,1.0,1.0,250,72,1,1714,False,0.125,5,15,0,3,3,1,1,2,0
2126,0,2021-07-25T13:44:00Z,False,0,11/16/2021 0:00,Minor,0.0,0.0,2.0,2.0,1123,7,1,786,False,0.125,5,15,0,3,3,5,1,2,0
2127,0,2021-07-25T13:16:00Z,False,0,5/17/2022 0:00,Serious,0.0,2.0,0.0,2.0,1241,1780,1,2806,True,0.125,5,15,0,3,3,5,1,2,0
2128,0,2021-07-25T11:00:00Z,False,0,5/25/2022 0:00,?,0.0,0.0,0.0,0.0,250,28,1,2046,False,0.125,5,13,0,3,3,5,1,2,0
2129,0,2021-07-25T07:45:00Z,False,0,9/27/2023 0:00,Fatal,1.0,0.0,0.0,1.0,40,649,1,576,False,0.125,8,1,9,3,3,10,1,2,1
2130,0,2021-07-25T04:00:00Z,False,0,?,Serious,0.0,1.0,1.0,2.0,179,356,1,576,False,,0,0,12,0,0,1,0,3,0
2131,0,2021-07-24T18:30:00Z,False,0,7/12/2022 0:00,?,0.0,0.0,0.0,0.0,250,37,1,576,False,0.125,5,15,0,3,3,1,1,2,0
2132,0,2021-07-24T13:00:00Z,False,0,5/25/2022 0:00,?,0.0,0.0,0.0,0.0,250,227,1,1673,False,0.25,5,15,0,3,3,10,1,2,0
2133,0,2021-07-24T11:52:00Z,False,0,7/6/2022 0:00,Fatal,1.0,0.0,0.0,1.0,1077,1929,1,1862,False,0.125,8,15,0,3,3,4,1,2,1
2134,0,2021-07-24T10:15:00Z,False,0,2/8/2022 0:00,?,0.0,0.0,0.0,0.0,693,1297,1,298,True,0.125,5,15,0,3,3,5,1,2,0
2135,0,2021-07-24T09:30:00Z,False,0,2/8/2022 0:00,?,0.0,0.0,0.0,0.0,896,1242,1,2607,False,0.125,5,15,0,3,3,10,1,2,0
2136,0,2021-07-24T07:15:00Z,False,0,1/19/2023 0:00,Serious,0.0,1.0,0.0,1.0,896,1648,1,208,False,0.125,5,15,0,3,3,10,1,2,0
2137,0,2021-07-23T20:45:00Z,False,0,2/24/2023 0:00,Minor,0.0,0.0,1.0,1.0,250,96,1,61,False,0.125,5,15,0,3,3,3,1,2,0
2138,0,2021-07-23T18:30:00Z,False,0,6/22/2023 0:00,?,0.0,0.0,0.0,0.0,250,32,1,678,False,0.125,5,15,0,3,3,3,1,2,0
2139,0,2021-07-23T15:20:00Z,False,0,12/6/2022 0:00,Minor,0.0,0.0,2.0,2.0,19,429,1,134,False,0.125,5,13,0,3,3,4,1,2,0
2140,0,2021-07-23T15:10:00Z,False,0,1/27/2022 0:00,?,0.0,0.0,0.0,0.0,896,1562,1,1781,False,0.125,5,15,0,3,3,6,1,2,0
2141,0,2021-07-23T13:45:00Z,False,0,8/12/2022 0:00,?,0.0,0.0,0.0,0.0,408,1775,1,2181,True,0.125,5,15,0,3,3,11,1,2,0
2142,0,2021-07-23T10:50:00Z,False,0,5/17/2022 0:00,?,0.0,0.0,0.0,0.0,293,1522,1,861,False,0.25,5,13,0,3,3,5,1,2,0
2143,1,2021-07-23T10:00:00Z,False,0,?,?,0.0,0.0,0.0,0.0,896,1666,1,576,False,0.25,0,0,12,2,0,4,0,3,0
2144,1,2021-07-23T09:55:00Z,False,0,?,?,0.0,0.0,0.0,0.0,421,1037,1,576,False,,0,0,12,0,0,10,0,3,0
2145,0,2021-07-23T07:45:00Z,False,0,9/21/2022 0:00,Minor,0.0,0.0,2.0,2.0,157,231,1,2023,False,0.125,5,15,0,3,3,1,1,2,0
2146,0,2021-07-22T19:00:00Z,False,0,9/20/2021 0:00,?,0.0,0.0,0.0,0.0,179,984,1,975,False,0.125,5,15,0,3,3,1,1,2,0
2147,0,2021-07-22T17:45:00Z,False,0,?,?,0.0,0.0,0.0,0.0,250,60,1,576,False,,0,0,6,3,0,3,0,3,0
2148,0,2021-07-22T09:45:00Z,False,0,3/25/2022 0:00,?,0.0,0.0,0.0,0.0,250,28,1,479,False,0.125,0,15,0,3,3,13,1,2,0
2149,0,2021-07-22T08:54:00Z,False,0,7/19/2022 0:00,Serious,0.0,1.0,0.0,1.0,4,467,0,576,True,,0,0,10,0,0,0,0,0,0
2150,0,2021-07-21T21:10:00Z,False,0,2/18/2022 0:00,?,0.0,0.0,0.0,0.0,811,1386,1,1880,False,0.125,5,15,0,3,3,3,1,2,0
2151,0,2021-07-21T20:15:00Z,False,0,5/17/2022 0:00,?,0.0,0.0,0.0,0.0,250,60,1,739,False,0.125,5,15,0,3,3,11,1,2,0
2152,0,2021-07-21T18:00:00Z,False,0,9/20/2021 0:00,?,0.0,0.0,0.0,0.0,896,1632,1,543,False,0.25,5,15,0,3,3,1,1,2,0
2153,0,2021-07-21T16:44:00Z,False,0,7/6/2023 0:00,?,0.0,0.0,0.0,0.0,246,1973,1,576,True,0.125,5,15,0,3,3,3,1,2,0
2154,0,2021-07-21T16:04:00Z,False,0,5/25/2022 0:00,?,0.0,0.0,0.0,0.0,250,317,1,2327,False,0.25,6,7,0,3,3,5,1,2,0
2155,0,2021-07-21T12:11:00Z,False,0,9/20/2021 0:00,?,0.0,0.0,0.0,0.0,830,1769,1,1445,True,0.125,5,15,0,3,3,5,1,2,0
2156,0,2021-07-21T08:00:00Z,False,0,?,?,?,?,?,?,179,523,1,2158,False,,0,0,6,2,0,11,0,3,0
2157,0,2021-07-20T17:20:00Z,False,0,2/8/2022 0:00,Minor,0.0,0.0,1.0,1.0,996,1727,6,576,False,0.125,5,1,9,3,3,6,1,2,0
2158,0,2021-07-20T17:00:00Z,False,0,2/8/2022 0:00,?,0.0,0.0,0.0,0.0,250,68,1,2798,False,0.125,5,13,0,3,3,10,1,2,0
2159,0,2021-07-20T13:30:00Z,False,0,3/25/2022 0:00,?,0.0,0.0,0.0,0.0,994,1725,6,576,False,0.125,5,1,9,3,3,6,1,2,0
2160,1,2021-07-20T12:16:00Z,False,0,?,?,?,?,?,?,179,389,1,2768,False,0.5,0,6,4,2,0,4,0,3,0
2161,0,2021-07-20T12:15:00Z,False,0,?,Fatal,2.0,0.0,0.0,2.0,896,1660,1,576,False,0.125,0,0,13,3,0,6,0,3,1
2162,0,2021-07-20T06:20:00Z,False,0,?,?,0.0,0.0,0.0,0.0,1078,1851,6,576,False,,0,0,13,3,0,5,0,3,0
2163,0,2021-07-19T19:40:00Z,False,0,2/18/2022 0:00,?,0.0,0.0,0.0,0.0,1205,1567,1,576,True,0.125,5,15,0,3,3,11,1,2,0
2164,0,2021-07-19T18:48:00Z,False,0,6/8/2023 0:00,Fatal,2.0,0.0,0.0,2.0,996,1727,6,576,False,0.125,5,15,0,1,1,3,1,2,1
2165,0,2021-07-19T18:30:00Z,False,0,2/18/2022 0:00,?,0.0,0.0,0.0,0.0,250,87,1,576,False,0.125,5,15,0,3,3,10,1,2,0
2166,0,2021-07-19T16:00:00Z,False,0,9/20/2023 0:00,Fatal,1.0,0.0,0.0,1.0,993,1725,6,576,False,0.125,5,1,9,1,3,6,1,2,1
2167,0,2021-07-19T14:10:00Z,False,0,8/16/2023 0:00,?,0.0,0.0,0.0,0.0,542,1119,1,790,False,0.125,8,1,9,3,3,4,1,2,0
2168,0,2021-07-19T13:02:00Z,False,0,5/17/2022 0:00,?,0.0,0.0,0.0,0.0,250,60,1,2361,False,0.125,5,15,0,3,3,5,1,2,0
2169,0,2021-07-19T11:45:00Z,False,0,2/8/2022 0:00,?,0.0,0.0,0.0,0.0,367,941,1,576,False,0.125,5,14,8,3,3,3,1,2,0
2170,0,2021-07-18T16:38:00Z,False,0,?,Fatal,1.0,1.0,0.0,2.0,157,790,1,1950,False,,0,0,12,1,0,5,0,3,1
2171,0,2021-07-18T14:15:00Z,False,0,?,Fatal,1.0,0.0,0.0,1.0,811,1381,1,1040,False,,0,0,13,1,0,13,0,3,1
2172,0,2021-07-18T10:55:00Z,False,0,2/18/2022 0:00,Minor,0.0,0.0,3.0,3.0,429,273,1,356,False,0.125,5,15,0,3,3,10,1,2,0
2173,0,2021-07-18T10:30:00Z,False,0,5/25/2022 0:00,?,0.0,0.0,0.0,0.0,896,1576,1,2723,False,0.125,5,15,0,3,3,5,1,2,0
2174,0,2021-07-18T08:50:00Z,False,0,11/1/2022 0:00,Serious,0.0,1.0,1.0,2.0,157,233,1,1804,False,0.125,5,15,0,3,3,4,1,2,0
2175,0,2021-07-17T20:40:00Z,False,0,8/12/2022 0:00,Fatal,1.0,0.0,0.0,1.0,739,450,1,576,False,0.125,5,15,0,1,3,6,1,2,1
2176,0,2021-07-17T16:10:00Z,False,0,1/19/2023 0:00,Serious,0.0,2.0,0.0,2.0,504,2231,1,576,True,0.125,5,15,0,3,3,4,1,2,0
2177,0,2021-07-17T07:45:00Z,False,0,?,Fatal,4.0,0.0,0.0,4.0,896,1660,1,576,False,,0,0,13,1,0,3,0,3,1
2178,0,2021-07-16T20:30:00Z,False,0,?,Fatal,2.0,0.0,0.0,2.0,250,32,1,576,False,,0,0,13,3,0,6,0,3,1
2179,0,2021-07-16T15:29:00Z,False,0,9/7/2023 0:00,Minor,0.0,0.0,1.0,1.0,250,1530,1,2334,False,0.125,5,6,0,3,3,5,1,2,0
2180,0,2021-07-16T12:30:00Z,False,0,12/6/2022 0:00,Minor,0.0,0.0,2.0,2.0,250,60,1,576,False,0.125,5,15,0,3,3,10,1,2,0
2181,0,2021-07-16T12:20:00Z,False,0,7/26/2023 0:00,Serious,0.0,1.0,1.0,2.0,996,1727,6,576,False,0.125,5,1,9,3,3,6,1,2,0
2182,0,2021-07-16T12:20:00Z,False,0,2/8/2022 0:00,?,0.0,0.0,0.0,0.0,896,1569,1,2298,False,0.125,5,15,0,3,3,5,1,2,0
2183,0,2021-07-16T10:00:00Z,False,0,?,Fatal,1.0,1.0,0.0,2.0,1179,1523,1,576,False,,0,0,13,1,0,1,0,3,1
2184,0,2021-07-16T08:40:00Z,False,0,9/27/2023 0:00,Fatal,3.0,0.0,0.0,3.0,157,2145,1,218,False,0.125,5,15,0,1,3,5,1,2,1
2185,1,2021-07-16T04:00:00Z,False,0,?,?,?,?,?,?,179,424,1,576,False,0.25,0,0,4,2,0,9,0,3,0
2186,0,2021-07-15T21:35:00Z,False,0,?,?,?,?,?,?,250,1526,1,576,False,,0,0,13,3,0,10,0,3,0
2187,0,2021-07-15T19:45:00Z,False,0,7/6/2023 0:00,Fatal,1.0,0.0,1.0,2.0,233,1,2,576,False,0.0,0,14,0,3,3,5,1,2,1
2188,0,2021-07-15T17:00:00Z,False,0,9/20/2021 0:00,?,0.0,0.0,0.0,0.0,19,429,1,2338,False,0.125,5,13,0,3,3,5,1,2,0
2189,0,2021-07-15T16:00:00Z,False,0,5/17/2022 0:00,?,0.0,0.0,0.0,0.0,59,620,4,264,False,0.0,0,15,0,3,3,10,1,2,0
2190,0,2021-07-15T14:55:00Z,False,0,?,?,?,?,?,?,1078,1854,6,576,False,,0,0,15,4,0,13,0,3,0
2191,0,2021-07-15T11:54:00Z,False,0,9/27/2023 0:00,Fatal,4.0,0.0,0.0,4.0,811,1387,1,940,False,0.125,5,15,0,1,3,10,1,2,1
2192,0,2021-07-15T11:29:00Z,False,0,8/23/2023 0:00,?,0.0,0.0,0.0,0.0,896,1582,1,1117,False,0.25,5,13,0,3,3,6,1,2,0
2193,0,2021-07-15T11:10:00Z,False,0,2/8/2022 0:00,?,0.0,0.0,0.0,0.0,39,655,1,459,False,0.125,8,1,9,3,3,10,1,2,0
2194,0,2021-07-15T10:00:00Z,False,0,6/22/2023 0:00,Serious,0.0,1.0,0.0,1.0,368,939,1,2662,False,0.125,5,15,0,3,3,4,1,2,0
2195,0,2021-07-15T09:50:00Z,False,0,5/10/2023 0:00,Serious,0.0,1.0,1.0,2.0,1241,1780,1,2315,True,0.125,5,15,0,3,3,1,1,2,0
2196,0,2021-07-14T12:38:00Z,False,0,12/7/2022 0:00,Fatal,2.0,0.0,0.0,2.0,896,1600,1,576,False,0.125,5,15,0,1,1,3,1,2,1
2197,0,2021-07-14T12:33:00Z,False,0,?,?,0.0,0.0,0.0,0.0,250,154,1,576,False,,0,0,13,3,0,5,0,3,0
2198,0,2021-07-13T16:54:00Z,False,0,1/19/2023 0:00,?,0.0,0.0,0.0,0.0,40,635,1,576,False,0.125,8,1,9,3,3,6,1,2,0
2199,0,2021-07-13T10:56:00Z,False,0,4/26/2023 0:00,Minor,0.0,0.0,2.0,2.0,250,489,1,576,False,0.125,5,15,0,3,3,3,1,2,0
2200,0,2021-07-13T10:42:00Z,False,0,3/29/2023 0:00,Fatal,2.0,0.0,0.0,2.0,250,277,1,1995,False,0.25,5,15,0,1,1,4,1,2,1
2201,0,2021-07-12T08:05:00Z,False,0,3/29/2023 0:00,Fatal,1.0,0.0,0.0,1.0,920,1380,1,449,False,0.125,8,1,9,1,3,6,1,2,1
2202,0,2021-07-11T18:04:00Z,False,0,?,?,?,?,?,?,160,268,6,576,False,,0,0,15,3,0,3,0,3,0
2203,1,2021-07-11T16:40:00Z,False,0,?,?,?,?,?,?,45,502,1,1087,False,,0,0,6,0,0,5,0,3,0
2204,0,2021-07-11T15:00:00Z,False,0,12/17/2021 0:00,?,0.0,0.0,0.0,0.0,673,1254,1,51,False,0.125,5,15,0,3,3,5,1,2,0
2205,0,2021-07-11T12:30:00Z,False,0,11/4/2022 0:00,?,0.0,0.0,0.0,0.0,250,57,1,576,False,0.125,5,15,0,3,3,5,1,2,0
2206,0,2021-07-11T10:00:00Z,False,0,2/8/2022 0:00,?,0.0,0.0,0.0,0.0,157,1075,1,2298,False,0.125,5,15,0,3,3,5,1,2,0
2207,0,2021-07-11T09:15:00Z,False,0,11/1/2022 0:00,?,0.0,0.0,0.0,0.0,250,65,1,502,False,0.125,5,15,0,3,3,3,1,2,0
2208,0,2021-07-11T07:45:00Z,False,0,9/22/2021 0:00,?,0.0,0.0,0.0,0.0,39,658,1,576,False,0.125,8,1,9,3,3,6,1,2,0
2209,0,2021-07-10T20:10:00Z,False,0,8/30/2023 0:00,?,0.0,0.0,0.0,0.0,250,32,1,84,False,0.125,5,13,0,3,3,4,1,2,0
2210,0,2021-07-10T17:30:00Z,False,0,6/8/2023 0:00,Fatal,1.0,0.0,1.0,2.0,147,964,1,2298,False,0.125,5,15,0,3,3,1,1,2,1
2211,0,2021-07-10T14:45:00Z,False,0,?,Fatal,1.0,0.0,1.0,2.0,680,2110,1,2298,False,,0,0,13,3,0,10,0,3,1
2212,0,2021-07-10T12:54:00Z,False,0,8/23/2023 0:00,Fatal,2.0,0.0,0.0,2.0,157,790,1,576,False,0.25,8,10,14,1,3,3,1,2,1
2213,0,2021-07-10T12:17:00Z,False,0,11/16/2021 0:00,?,0.0,0.0,0.0,0.0,250,75,1,2115,False,0.125,5,15,0,3,3,5,1,2,0
2214,0,2021-07-10T08:45:00Z,False,0,9/14/2023 0:00,Minor,0.0,0.0,4.0,4.0,250,277,1,1804,False,0.25,5,15,0,3,3,10,1,2,0
2215,0,2021-07-10T07:30:00Z,False,0,6/14/2023 0:00,Serious,0.0,1.0,3.0,4.0,157,537,1,845,False,0.125,5,15,0,3,3,10,1,2,0
2216,0,2021-07-09T20:51:00Z,False,0,8/16/2023 0:00,Fatal,2.0,0.0,0.0,2.0,863,1481,11,576,True,0.125,5,15,0,3,3,6,1,2,1
2217,1,2021-07-09T11:52:00Z,False,0,?,?,0.0,0.0,0.0,0.0,379,1210,1,576,False,,0,0,13,2,0,13,0,3,0
2218,0,2021-07-09T11:00:00Z,False,0,11/16/2021 0:00,?,0.0,0.0,0.0,0.0,160,150,6,576,False,0.125,9,1,9,3,3,6,1,2,0
2219,0,2021-07-09T10:10:00Z,False,0,2/18/2022 0:00,?,0.0,0.0,0.0,0.0,250,2041,1,1998,False,0.125,5,0,8,3,3,5,1,2,0
2220,0,2021-07-09T06:40:00Z,False,0,12/17/2021 0:00,?,0.0,0.0,0.0,0.0,367,944,1,1547,False,0.125,5,16,0,3,3,10,1,2,0
2221,0,2021-07-08T18:25:00Z,False,0,10/20/2021 0:00,?,0.0,0.0,0.0,0.0,358,1775,1,1357,False,0.125,5,15,0,2,3,11,1,2,0
2222,0,2021-07-08T07:05:00Z,False,0,?,Fatal,3.0,0.0,0.0,3.0,391,929,1,576,False,0.25,0,11,13,1,0,3,0,3,1
2223,0,2021-07-08T04:00:00Z,False,0,?,?,?,?,?,?,250,60,1,576,False,,0,0,13,1,0,1,0,3,0
2224,0,2021-07-08T04:00:00Z,False,0,?,Fatal,9.0,0.0,0.0,9.0,364,953,1,2182,False,,0,0,13,1,0,13,0,3,1
2225,0,2021-07-07T16:45:00Z,False,0,6/28/2023 0:00,?,0.0,0.0,0.0,0.0,160,167,6,576,False,0.25,9,10,7,3,3,6,1,2,0
2226,1,2021-07-07T16:35:00Z,False,0,?,?,0.0,0.0,0.0,0.0,179,356,1,576,False,0.25,0,0,12,0,0,3,0,3,0
2227,0,2021-07-07T15:00:00Z,False,0,2/8/2022 0:00,?,0.0,0.0,0.0,0.0,771,1370,1,1781,False,0.125,5,15,0,3,3,1,1,2,0
2228,0,2021-07-07T14:00:00Z,False,0,5/17/2022 0:00,?,0.0,0.0,0.0,0.0,896,1660,1,357,False,0.125,5,13,0,3,3,1,1,2,0
2229,0,2021-07-07T11:30:00Z,False,0,11/16/2021 0:00,?,0.0,0.0,0.0,0.0,1057,819,1,489,False,0.125,5,15,0,3,3,5,1,2,0
2230,0,2021-07-07T09:31:00Z,False,0,2/18/2022 0:00,?,0.0,0.0,0.0,0.0,896,1594,1,1309,False,0.125,5,13,0,3,3,5,1,2,0
2231,0,2021-07-07T07:22:00Z,False,0,12/17/2021 0:00,Minor,0.0,0.0,1.0,1.0,431,805,1,1330,True,0.125,5,15,0,3,3,5,1,2,0
2232,0,2021-07-06T19:54:00Z,False,0,11/16/2021 0:00,?,0.0,0.0,0.0,0.0,40,644,1,787,False,0.125,0,1,9,3,3,6,1,2,0
2233,0,2021-07-06T15:40:00Z,False,0,7/5/2022 0:00,?,0.0,0.0,0.0,0.0,944,1295,1,2799,False,0.125,8,6,0,3,3,5,1,2,0
2234,0,2021-07-06T15:07:00Z,False,0,9/14/2023 0:00,?,0.0,0.0,0.0,0.0,896,1678,1,1979,False,0.125,8,15,0,3,3,4,1,2,0
2235,1,2021-07-06T15:00:00Z,False,0,?,?,0.0,0.0,0.0,0.0,179,356,1,576,False,0.25,0,0,12,0,0,3,0,3,0
2236,0,2021-07-06T14:45:00Z,False,0,9/20/2023 0:00,?,0.0,0.0,0.0,0.0,1193,2029,1,1410,True,0.125,5,15,0,3,3,4,1,2,0
2237,0,2021-07-06T14:30:00Z,False,0,9/22/2021 0:00,?,0.0,0.0,0.0,0.0,1183,2036,1,2591,False,0.125,5,15,0,3,3,5,1,2,0
2238,0,2021-07-06T07:30:00Z,False,0,?,Serious,0.0,3.0,0.0,3.0,993,1725,6,576,False,,0,0,13,4,0,4,0,3,0
2239,0,2021-07-05T22:45:00Z,False,0,12/17/2021 0:00,?,0.0,0.0,0.0,0.0,250,116,1,2298,False,0.125,5,15,0,3,3,10,1,2,0
2240,0,2021-07-05T15:10:00Z,False,0,9/22/2021 0:00,?,0.0,0.0,0.0,0.0,250,493,1,2298,False,0.125,5,15,0,3,3,5,1,2,0
2241,0,2021-07-05T14:45:00Z,False,0,?,Fatal,2.0,0.0,0.0,2.0,626,12,1,2027,False,0.25,0,0,15,1,0,10,0,3,1
2242,0,2021-07-05T12:00:00Z,False,0,12/17/2021 0:00,?,0.0,0.0,0.0,0.0,19,20,1,686,False,0.125,5,15,0,3,3,9,1,2,0
2243,0,2021-07-05T11:00:00Z,False,0,2/8/2022 0:00,Minor,0.0,0.0,1.0,1.0,544,554,1,1861,False,0.125,5,15,0,3,3,4,1,2,0
2244,0,2021-07-04T20:41:00Z,False,0,1/6/2022 0:00,Serious,0.0,1.0,0.0,1.0,45,525,1,576,False,0.25,6,0,4,0,2,3,1,2,0
2245,0,2021-07-04T19:47:00Z,False,0,11/16/2021 0:00,Serious,0.0,1.0,0.0,1.0,942,840,9,576,True,0.125,5,15,0,3,3,13,1,2,0
2246,0,2021-07-04T17:22:00Z,False,0,9/7/2023 0:00,Fatal,1.0,0.0,0.0,1.0,497,1106,1,1450,False,0.125,5,15,0,1,3,3,1,2,1
2247,0,2021-07-04T14:30:00Z,False,0,9/20/2021 0:00,?,0.0,0.0,0.0,0.0,250,100,1,2401,False,0.125,5,15,0,3,3,5,1,2,0
2248,0,2021-07-04T12:52:00Z,False,0,5/24/2023 0:00,?,0.0,0.0,0.0,0.0,1241,1783,1,2289,True,0.125,5,15,0,1,3,4,1,2,0
2249,0,2021-07-04T12:30:00Z,False,0,12/17/2021 0:00,Serious,0.0,1.0,1.0,2.0,254,441,1,576,False,0.125,5,15,0,3,3,5,1,2,0
2250,0,2021-07-04T11:00:00Z,False,0,?,?,0.0,0.0,0.0,0.0,179,545,1,576,False,0.125,0,15,15,3,0,3,0,3,0
2251,0,2021-07-04T08:35:00Z,False,0,11/16/2021 0:00,?,0.0,0.0,0.0,0.0,250,90,1,2138,False,0.125,5,15,0,3,3,11,1,2,0
2252,0,2021-07-04T08:12:00Z,False,0,9/20/2021 0:00,?,0.0,0.0,0.0,0.0,250,95,1,1807,False,0.125,5,15,0,3,3,5,1,2,0
2253,1,2021-07-04T05:03:00Z,False,0,?,?,?,?,?,?,179,416,1,1910,False,,0,0,6,0,0,5,0,3,0
2254,0,2021-07-03T23:00:00Z,False,0,12/17/2021 0:00,?,0.0,0.0,0.0,0.0,896,1570,1,617,False,0.125,5,15,0,3,3,10,1,2,0
2255,0,2021-07-03T19:30:00Z,False,0,10/20/2021 0:00,?,0.0,0.0,0.0,0.0,1136,1891,1,576,True,0.125,5,15,0,1,3,13,1,2,0
2256,0,2021-07-03T18:38:00Z,False,0,1/19/2023 0:00,Fatal,2.0,0.0,0.0,2.0,579,1136,1,576,False,0.125,5,15,0,1,3,3,1,2,1
2257,0,2021-07-03T12:30:00Z,False,0,8/12/2022 0:00,?,0.0,0.0,0.0,0.0,896,1597,1,2637,False,0.125,5,15,0,3,3,10,1,2,0
2258,0,2021-07-03T11:00:00Z,False,0,12/17/2021 0:00,?,0.0,0.0,0.0,0.0,250,493,1,1368,False,0.125,5,15,0,3,3,5,1,2,0
2259,0,2021-07-02T17:00:00Z,False,0,?,Fatal,6.0,0.0,0.0,6.0,896,1621,1,2007,False,0.125,0,0,13,1,3,3,0,3,1
2260,0,2021-07-02T07:10:00Z,False,0,5/17/2022 0:00,?,0.0,0.0,0.0,0.0,250,262,1,1248,False,0.25,5,0,8,3,3,10,1,2,0
2261,0,2021-07-02T04:00:00Z,False,0,6/15/2023 0:00,Serious,0.0,1.0,1.0,2.0,179,358,1,2248,False,0.25,7,0,4,1,3,4,1,2,0
2262,1,2021-07-02T04:00:00Z,False,0,?,?,0.0,0.0,0.0,?,250,391,1,576,False,,0,0,15,2,0,11,0,3,0
2263,0,2021-07-02T02:25:00Z,False,0,6/8/2023 0:00,Fatal,2.0,0.0,0.0,2.0,157,230,1,593,False,0.125,5,15,0,1,1,3,1,2,1
2264,0,2021-07-01T19:40:00Z,False,0,?,?,0.0,0.0,0.0,0.0,811,1386,1,576,False,,0,0,13,3,0,5,0,3,0
2265,0,2021-07-01T19:08:00Z,False,0,11/1/2022 0:00,Minor,0.0,0.0,1.0,1.0,896,570,1,576,False,0.25,5,15,0,3,3,1,1,2,0
2266,0,2021-07-01T14:45:00Z,False,0,12/17/2021 0:00,?,0.0,0.0,0.0,0.0,896,1570,1,2298,False,0.125,5,13,0,3,3,5,1,2,0
2267,0,2021-07-01T14:00:00Z,False,0,2/2/2023 0:00,Serious,0.0,4.0,0.0,4.0,250,59,1,241,False,0.125,5,15,0,1,3,9,1,2,0
2268,0,2021-07-01T13:00:00Z,False,0,2/18/2022 0:00,?,0.0,0.0,0.0,0.0,250,32,1,576,False,0.125,5,15,0,3,3,3,1,2,0
2269,0,2021-07-01T11:49:00Z,False,0,2/24/2023 0:00,Fatal,2.0,0.0,0.0,2.0,250,75,1,1638,False,0.125,5,15,0,3,3,3,1,2,1
2270,0,2021-07-01T07:55:00Z,False,0,8/12/2022 0:00,Fatal,2.0,0.0,0.0,2.0,270,1959,1,1860,False,0.125,5,15,0,1,3,1,1,2,1
2271,0,2021-06-30T20:45:00Z,False,0,9/20/2021 0:00,?,0.0,0.0,0.0,0.0,266,472,1,2298,False,0.125,5,15,0,3,3,6,1,2,0
2272,0,2021-06-30T19:20:00Z,False,0,12/17/2021 0:00,?,0.0,0.0,0.0,0.0,250,95,1,576,False,0.125,5,15,0,3,3,5,1,2,0
2273,0,2021-06-30T18:00:00Z,False,0,1/19/2023 0:00,?,0.0,0.0,0.0,0.0,19,46,1,561,False,0.125,5,13,0,3,3,1,1,2,0
2274,0,2021-06-30T12:20:00Z,False,0,10/20/2021 0:00,Serious,0.0,2.0,0.0,2.0,250,32,1,145,False,0.125,5,15,0,3,3,5,1,2,0
2275,0,2021-06-30T04:50:00Z,False,0,8/30/2023 0:00,Fatal,1.0,0.0,0.0,1.0,446,1189,1,2298,False,0.125,5,15,0,3,1,10,1,2,1
2276,0,2021-06-29T14:27:00Z,False,0,9/7/2023 0:00,Fatal,2.0,0.0,0.0,2.0,250,45,1,2480,False,0.125,5,13,0,1,3,1,1,2,1
2277,0,2021-06-29T13:47:00Z,False,0,9/7/2023 0:00,Minor,0.0,0.0,3.0,3.0,160,142,6,2350,False,0.125,9,13,0,3,3,2,1,2,0
2278,0,2021-06-29T11:35:00Z,False,0,10/20/2021 0:00,?,0.0,0.0,0.0,0.0,1284,1325,1,1716,True,0.125,5,15,0,3,3,5,1,2,0
2279,0,2021-06-29T11:30:00Z,False,0,8/20/2021 0:00,?,0.0,0.0,0.0,0.0,1151,594,6,568,False,0.125,5,3,0,3,3,10,1,2,0
2280,0,2021-06-29T08:20:00Z,False,0,9/20/2021 0:00,?,0.0,0.0,0.0,0.0,157,460,1,2767,False,0.25,5,13,0,3,3,5,1,2,0
2281,0,2021-06-29T00:30:00Z,False,0,?,Fatal,1.0,0.0,0.0,1.0,160,166,6,576,False,,0,0,12,1,0,6,0,3,1
2282,0,2021-06-28T19:30:00Z,False,0,2/18/2022 0:00,Serious,0.0,1.0,0.0,1.0,474,876,1,368,False,0.125,5,13,0,2,3,13,1,2,0
2283,0,2021-06-28T19:30:00Z,False,0,9/22/2021 0:00,?,0.0,0.0,0.0,0.0,542,1119,1,576,False,0.125,8,1,9,3,3,6,1,2,0
2284,0,2021-06-28T18:30:00Z,False,0,2/18/2022 0:00,Serious,0.0,2.0,0.0,2.0,250,32,1,576,False,0.125,5,13,0,3,3,4,1,2,0
2285,1,2021-06-28T17:20:00Z,False,0,?,?,?,?,?,?,179,356,1,576,False,,0,0,6,0,0,4,0,3,0
2286,0,2021-06-28T16:48:00Z,False,0,9/22/2021 0:00,Minor,0.0,0.0,1.0,1.0,896,1600,1,576,False,0.125,5,13,0,3,3,6,1,2,0
2287,0,2021-06-28T15:30:00Z,False,0,11/4/2022 0:00,?,0.0,0.0,0.0,0.0,896,1242,1,576,False,0.125,5,15,0,3,3,13,1,2,0
2288,0,2021-06-28T14:00:00Z,False,0,1/25/2023 0:00,?,0.0,0.0,0.0,0.0,283,1323,1,352,False,0.125,0,15,0,3,3,10,1,2,0
2289,0,2021-06-28T13:20:00Z,False,0,5/17/2022 0:00,Minor,0.0,0.0,1.0,1.0,160,291,6,2298,False,0.125,5,15,0,3,3,6,1,2,0
2290,0,2021-06-28T10:45:00Z,False,0,9/20/2021 0:00,?,0.0,0.0,0.0,0.0,811,1381,1,1888,False,0.125,5,15,0,3,3,5,1,2,0
2291,0,2021-06-28T10:30:00Z,False,0,2/24/2023 0:00,?,0.0,0.0,0.0,0.0,714,819,1,343,True,0.125,5,11,0,3,3,4,1,2,0
2292,0,2021-06-27T17:00:00Z,False,0,12/17/2021 0:00,?,0.0,0.0,0.0,0.0,250,493,1,618,False,0.125,5,6,0,3,3,10,1,2,0
2293,1,2021-06-27T16:12:00Z,False,0,?,?,?,?,?,?,179,356,1,576,False,,0,0,12,4,0,4,0,3,0
2294,0,2021-06-27T15:10:00Z,False,0,?,?,0.0,0.0,0.0,0.0,993,1725,6,576,False,,0,0,15,3,0,5,0,3,0
2295,0,2021-06-27T11:43:00Z,False,0,5/17/2022 0:00,?,0.0,0.0,0.0,0.0,995,1728,6,576,False,0.125,9,1,9,3,3,6,1,2,0
2296,0,2021-06-27T11:15:00Z,False,0,2/24/2023 0:00,Minor,0.0,0.0,1.0,1.0,811,1386,1,551,False,0.125,5,15,0,3,3,4,1,2,0
2297,0,2021-06-27T10:20:00Z,False,0,9/29/2021 0:00,Minor,0.0,0.0,2.0,2.0,306,1916,1,576,False,0.125,5,15,0,3,3,6,1,2,0
2298,0,2021-06-27T09:46:00Z,False,0,?,Minor,0.0,0.0,2.0,2.0,250,45,1,576,False,,0,0,13,4,0,13,0,3,0
2299,0,2021-06-27T08:28:00Z,False,0,11/16/2021 0:00,Serious,0.0,2.0,0.0,2.0,1123,9,1,102,False,0.125,5,15,0,1,3,5,1,2,0
2300,0,2021-06-26T20:39:00Z,False,0,8/19/2022 0:00,Fatal,1.0,0.0,0.0,1.0,465,1890,1,576,False,0.125,5,15,0,3,3,6,1,2,1
2301,0,2021-06-26T17:15:00Z,False,0,9/20/2021 0:00,?,0.0,0.0,0.0,0.0,250,102,1,2298,False,0.125,5,15,0,3,3,10,1,2,0
2302,0,2021-06-26T13:30:00Z,False,0,10/19/2021 0:00,?,0.0,0.0,0.0,0.0,377,2227,1,2103,False,0.125,5,15,0,3,3,4,1,2,0
2303,0,2021-06-26T07:45:00Z,False,0,?,?,0.0,0.0,0.0,0.0,313,1132,6,576,False,,0,0,15,3,0,3,0,3,0
2304,0,2021-06-26T07:07:00Z,False,0,8/16/2023 0:00,Fatal,5.0,0.0,0.0,5.0,236,1499,2,576,False,0.0,0,14,0,1,3,1,1,2,1
2305,0,2021-06-25T20:31:00Z,False,0,7/20/2022 0:00,Serious,0.0,1.0,8.0,9.0,45,525,1,2001,False,0.25,0,0,4,0,3,3,1,2,0
2306,0,2021-06-25T16:50:00Z,False,0,8/30/2023 0:00,Fatal,1.0,0.0,0.0,1.0,502,1505,6,576,False,0.125,9,1,9,3,3,6,1,2,1
2307,0,2021-06-25T16:00:00Z,False,0,5/17/2022 0:00,?,0.0,0.0,0.0,0.0,250,77,1,1978,False,0.125,5,15,0,3,3,5,1,2,0
2308,0,2021-06-25T14:30:00Z,False,0,12/17/2021 0:00,?,0.0,0.0,0.0,0.0,13,299,1,285,False,0.25,5,7,0,3,3,5,1,2,0
2309,0,2021-06-25T13:45:00Z,False,0,10/20/2021 0:00,?,0.0,0.0,0.0,0.0,1074,1879,1,1734,False,0.25,8,13,0,3,3,5,1,2,0
2310,0,2021-06-25T10:00:00Z,False,0,10/19/2022 0:00,?,0.0,0.0,0.0,0.0,896,1594,1,574,False,0.125,5,15,0,3,3,4,1,2,0
2311,0,2021-06-25T08:00:00Z,False,0,?,?,0.0,0.0,0.0,0.0,250,154,1,576,False,,0,21,12,3,0,4,0,3,0
2312,0,2021-06-24T18:45:00Z,False,0,8/20/2021 0:00,?,0.0,0.0,0.0,0.0,896,1600,1,1590,False,0.125,5,13,0,3,3,5,1,2,0
2313,0,2021-06-24T17:14:00Z,False,0,8/12/2022 0:00,Fatal,2.0,0.0,0.0,2.0,69,550,1,893,False,0.125,5,15,0,1,3,3,1,2,1
2314,0,2021-06-24T13:17:00Z,False,0,9/29/2021 0:00,?,0.0,0.0,0.0,0.0,896,1556,1,2576,False,0.125,5,15,0,3,3,5,1,2,0
2315,0,2021-06-24T11:15:00Z,False,0,7/6/2023 0:00,Serious,0.0,1.0,0.0,1.0,896,1599,1,1117,False,0.125,5,13,0,1,3,1,1,2,0
2316,0,2021-06-24T08:30:00Z,False,0,5/25/2022 0:00,?,0.0,0.0,0.0,0.0,42,2212,11,920,False,0.125,5,13,0,3,3,5,1,2,0
2317,0,2021-06-23T17:20:00Z,False,0,?,?,0.0,0.0,0.0,0.0,546,1175,1,1839,False,,0,0,13,3,0,5,0,3,0
2318,0,2021-06-23T17:20:00Z,False,0,5/17/2022 0:00,?,0.0,0.0,0.0,0.0,19,21,1,1276,False,0.125,5,15,0,3,3,5,1,2,0
2319,0,2021-06-23T14:30:00Z,False,0,?,?,?,?,?,?,250,32,1,576,False,,0,0,0,1,0,0,0,3,0
2320,0,2021-06-23T10:15:00Z,False,0,8/12/2022 0:00,?,0.0,0.0,0.0,0.0,1253,1880,1,59,True,0.125,5,15,0,3,3,10,1,2,0
2321,0,2021-06-22T23:55:00Z,False,0,10/20/2021 0:00,?,0.0,0.0,0.0,0.0,250,2036,1,652,False,0.125,5,19,14,3,3,11,1,2,0
2322,0,2021-06-22T14:30:00Z,False,0,9/20/2021 0:00,Serious,0.0,2.0,0.0,2.0,896,1603,1,1719,False,0.125,5,15,0,1,3,5,1,2,0
2323,0,2021-06-22T12:05:00Z,False,0,?,Serious,0.0,1.0,0.0,1.0,896,1622,1,576,False,,0,0,13,1,0,1,0,3,0
2324,0,2021-06-22T09:55:00Z,False,0,?,?,0.0,0.0,0.0,0.0,157,237,1,576,False,,0,0,13,3,0,3,0,3,0
2325,0,2021-06-21T21:45:00Z,False,0,10/19/2021 0:00,?,0.0,0.0,0.0,0.0,160,267,6,2763,False,0.125,9,13,0,3,3,5,1,2,0
2326,0,2021-06-21T19:13:00Z,False,0,9/29/2021 0:00,?,0.0,0.0,0.0,0.0,157,1192,1,836,False,0.125,5,15,0,3,3,5,1,2,0
2327,0,2021-06-21T19:08:00Z,False,0,9/20/2021 0:00,?,0.0,0.0,0.0,0.0,181,1915,1,1888,True,0.125,5,15,0,3,3,1,1,2,0
2328,0,2021-06-21T16:15:00Z,False,0,10/13/2022 0:00,Minor,0.0,0.0,1.0,1.0,106,1837,1,576,False,0.125,8,1,9,3,3,6,1,2,0
2329,0,2021-06-21T13:30:00Z,False,0,5/25/2022 0:00,Serious,0.0,2.0,0.0,2.0,250,111,1,294,False,0.125,5,15,0,1,3,4,1,2,0
2330,0,2021-06-21T11:58:00Z,False,0,?,Minor,0.0,0.0,1.0,1.0,896,1672,1,576,False,,0,0,13,3,0,5,0,3,0
2331,1,2021-06-21T11:00:00Z,False,0,?,?,?,?,?,?,179,427,1,576,False,,0,0,6,0,0,4,0,3,0
2332,0,2021-06-21T09:30:00Z,False,0,6/22/2023 0:00,Fatal,1.0,0.0,0.0,1.0,269,1959,1,576,False,0.125,5,15,0,3,3,3,1,2,1
2333,0,2021-06-20T16:30:00Z,False,0,12/17/2021 0:00,Minor,0.0,0.0,1.0,1.0,1052,1900,4,576,False,0.0,0,15,0,3,3,1,1,2,0
2334,0,2021-06-20T15:16:00Z,False,0,9/20/2021 0:00,Minor,0.0,0.0,1.0,1.0,603,1159,4,576,False,0.0,0,15,0,3,3,3,1,2,0
2335,0,2021-06-20T15:00:00Z,False,0,11/16/2021 0:00,?,0.0,0.0,0.0,0.0,811,1387,1,212,False,0.125,5,15,0,3,3,10,1,2,0
2336,0,2021-06-20T14:47:00Z,False,0,?,Fatal,2.0,0.0,0.0,2.0,857,2050,1,576,False,0.125,0,0,13,3,0,13,0,3,1
2337,0,2021-06-20T14:40:00Z,False,0,9/27/2023 0:00,Fatal,1.0,0.0,0.0,1.0,896,1579,1,2170,False,0.125,5,15,0,1,3,1,1,2,1
2338,0,2021-06-20T14:30:00Z,False,0,10/20/2021 0:00,?,0.0,0.0,0.0,0.0,266,472,1,2141,False,0.125,5,15,0,3,3,10,1,2,0
2339,0,2021-06-20T13:37:00Z,False,0,12/17/2021 0:00,Serious,0.0,1.0,0.0,1.0,40,642,1,576,False,0.125,8,1,9,3,3,6,1,2,0
2340,0,2021-06-20T12:38:00Z,False,0,5/17/2022 0:00,?,0.0,0.0,0.0,0.0,771,1397,1,642,False,0.125,5,15,0,3,3,5,1,2,0
2341,0,2021-06-20T12:30:00Z,False,0,10/19/2021 0:00,?,0.0,0.0,0.0,0.0,250,60,1,144,False,0.125,5,15,0,3,3,5,1,2,0
2342,0,2021-06-20T12:10:00Z,False,0,12/17/2021 0:00,?,0.0,0.0,0.0,0.0,896,1591,1,223,False,0.125,5,12,0,3,3,5,1,2,0
2343,0,2021-06-20T09:00:00Z,False,0,2/7/2023 0:00,Fatal,1.0,1.0,0.0,2.0,711,1998,1,576,True,0.125,0,15,0,3,3,10,1,2,1
2344,0,2021-06-20T07:00:00Z,False,0,8/16/2023 0:00,?,0.0,0.0,0.0,0.0,541,1130,1,576,False,0.125,8,1,9,3,3,3,1,2,0
2345,0,2021-06-19T11:05:00Z,False,0,?,Fatal,1.0,0.0,0.0,1.0,157,2145,1,1794,False,0.125,0,15,13,1,3,4,0,3,1
2346,0,2021-06-18T20:30:00Z,False,0,10/13/2022 0:00,?,0.0,0.0,0.0,0.0,250,215,1,2258,False,0.25,5,6,8,3,3,5,1,2,0
2347,0,2021-06-18T18:32:00Z,False,0,2/24/2023 0:00,Serious,0.0,1.0,1.0,2.0,250,60,1,576,False,0.125,5,13,0,3,3,4,1,2,0
2348,0,2021-06-18T13:57:00Z,False,0,8/12/2022 0:00,Fatal,1.0,0.0,0.0,1.0,270,1958,1,921,False,0.125,5,15,0,3,3,1,1,2,1
2349,0,2021-06-18T13:30:00Z,False,0,?,?,0.0,0.0,0.0,0.0,250,118,1,576,False,0.125,0,0,13,3,0,4,0,3,0
2350,0,2021-06-18T12:20:00Z,False,0,9/20/2021 0:00,?,0.0,0.0,0.0,0.0,270,1959,1,1405,False,0.125,5,15,0,3,3,5,1,2,0
2351,0,2021-06-18T11:06:00Z,False,0,4/19/2023 0:00,Fatal,2.0,0.0,0.0,2.0,250,32,1,576,False,0.125,5,13,0,1,3,6,1,2,1
2352,0,2021-06-18T08:45:00Z,False,0,6/8/2023 0:00,Serious,0.0,2.0,0.0,2.0,778,242,6,576,False,0.125,9,8,7,3,3,6,1,2,0
2353,0,2021-06-18T06:51:00Z,False,0,?,Minor,0.0,0.0,2.0,?,179,424,1,576,False,0.25,0,0,6,2,0,9,0,3,0
2354,0,2021-06-17T22:53:00Z,False,0,2/7/2023 0:00,Fatal,2.0,0.0,0.0,2.0,896,1594,1,576,False,0.125,5,15,0,3,3,3,1,2,1
2355,0,2021-06-17T22:44:00Z,False,0,?,Fatal,1.0,0.0,0.0,1.0,993,1725,6,576,False,0.125,0,0,6,3,0,13,0,3,1
2356,0,2021-06-17T20:22:00Z,False,0,3/1/2023 0:00,Fatal,1.0,0.0,0.0,1.0,40,639,1,576,False,0.125,8,16,0,1,3,6,1,2,1
2357,0,2021-06-17T18:00:00Z,False,0,5/17/2022 0:00,?,0.0,0.0,0.0,0.0,250,77,1,854,False,0.125,5,13,0,3,3,10,1,2,0
2358,0,2021-06-17T11:35:00Z,False,0,5/17/2022 0:00,Minor,0.0,0.0,1.0,1.0,1052,1899,4,1444,False,0.0,0,13,0,3,3,1,1,2,0
2359,0,2021-06-17T11:15:00Z,False,0,5/17/2022 0:00,Serious,0.0,1.0,0.0,1.0,166,452,1,109,False,0.125,5,15,0,3,3,5,1,2,0
2360,0,2021-06-17T09:10:00Z,False,0,12/17/2021 0:00,?,0.0,0.0,0.0,0.0,250,45,1,576,False,0.125,5,15,0,3,3,3,1,2,0
2361,0,2021-06-17T08:30:00Z,False,0,10/19/2021 0:00,?,0.0,0.0,0.0,0.0,1275,666,1,964,False,0.125,5,15,0,3,3,5,1,2,0
2362,0,2021-06-16T19:05:00Z,False,0,9/14/2022 0:00,Minor,0.0,0.0,1.0,1.0,157,2115,1,1288,False,0.25,5,6,8,3,3,9,1,2,0
2363,0,2021-06-16T17:30:00Z,False,0,1/19/2023 0:00,?,0.0,0.0,0.0,0.0,94,808,5,576,True,0.125,5,15,0,3,3,3,1,2,0
2364,0,2021-06-16T13:45:00Z,False,0,8/12/2022 0:00,Fatal,2.0,0.0,0.0,2.0,81,1330,1,647,True,0.125,8,15,0,1,3,1,1,2,1
2365,0,2021-06-16T09:25:00Z,False,0,10/19/2021 0:00,Minor,0.0,0.0,2.0,2.0,19,20,1,254,False,0.125,5,15,0,3,3,5,1,2,0
2366,0,2021-06-16T07:30:00Z,False,0,8/12/2022 0:00,?,0.0,0.0,0.0,0.0,1198,1777,1,2620,True,0.125,5,15,0,3,3,6,1,2,0
2367,0,2021-06-16T04:00:00Z,False,0,?,?,0.0,0.0,0.0,0.0,179,356,1,576,False,,0,0,12,4,0,11,0,3,0
2368,0,2021-06-15T19:25:00Z,False,0,10/19/2021 0:00,?,0.0,0.0,0.0,0.0,896,1594,1,465,False,0.125,5,13,0,3,3,5,1,2,0
2369,0,2021-06-15T17:00:00Z,False,0,8/20/2021 0:00,?,0.0,0.0,0.0,0.0,160,2132,6,576,False,0.125,9,10,14,1,3,5,1,2,0
2370,0,2021-06-15T16:32:00Z,False,0,5/3/2023 0:00,Fatal,1.0,0.0,0.0,1.0,121,304,1,576,False,0.125,8,6,9,1,3,6,1,2,1
2371,0,2021-06-15T10:45:00Z,False,0,12/7/2022 0:00,Fatal,1.0,1.0,0.0,2.0,270,1958,1,2678,False,0.125,5,13,0,3,3,4,1,2,1
2372,0,2021-06-15T10:31:00Z,False,0,9/7/2023 0:00,Fatal,1.0,0.0,0.0,1.0,1241,1780,1,1004,True,0.125,5,15,0,3,3,3,1,2,1
2373,0,2021-06-15T08:20:00Z,False,0,9/29/2023 0:00,Fatal,1.0,1.0,0.0,2.0,294,2109,1,1011,True,0.125,5,15,0,1,3,10,1,2,1
2374,0,2021-06-14T14:50:00Z,False,0,9/20/2021 0:00,Minor,0.0,0.0,1.0,1.0,896,1607,1,900,False,0.125,5,15,0,3,3,10,1,2,0
2375,0,2021-06-14T12:30:00Z,False,0,3/1/2023 0:00,Minor,0.0,0.0,2.0,2.0,379,918,1,2089,False,0.125,5,13,0,3,3,9,1,2,0
2376,0,2021-06-14T10:54:00Z,False,0,5/17/2022 0:00,?,0.0,0.0,0.0,0.0,996,1727,6,166,False,0.125,5,13,0,3,3,5,1,2,0
2377,0,2021-06-14T08:52:00Z,False,0,9/27/2023 0:00,Minor,0.0,0.0,1.0,1.0,250,96,1,576,False,0.125,5,15,0,3,3,4,1,2,0
2378,0,2021-06-14T08:30:00Z,False,0,11/16/2021 0:00,Minor,0.0,0.0,2.0,2.0,533,193,1,355,False,0.125,5,15,0,3,3,5,1,2,0
2379,0,2021-06-14T07:00:00Z,False,0,9/20/2023 0:00,Minor,0.0,0.0,1.0,1.0,250,2045,1,1867,False,0.125,5,15,0,3,3,6,1,2,0
2380,0,2021-06-13T23:55:00Z,False,0,8/12/2022 0:00,Fatal,1.0,5.0,0.0,6.0,896,1621,1,353,False,0.125,5,15,0,3,3,1,1,2,1
2381,0,2021-06-13T17:00:00Z,False,0,9/22/2021 0:00,?,0.0,0.0,0.0,0.0,250,75,1,1300,False,0.125,5,13,0,3,3,5,1,2,0
2382,0,2021-06-13T15:30:00Z,False,0,5/17/2022 0:00,Serious,0.0,1.0,0.0,1.0,1052,1903,4,2765,False,0.0,0,13,0,0,3,5,1,2,0
2383,0,2021-06-13T15:15:00Z,False,0,?,?,0.0,0.0,0.0,0.0,716,238,1,576,False,,0,0,13,3,0,3,0,3,0
2384,0,2021-06-13T13:30:00Z,False,0,6/8/2023 0:00,?,0.0,0.0,0.0,0.0,179,710,1,215,False,0.125,5,15,0,3,3,3,1,2,0
2385,0,2021-06-13T08:30:00Z,False,0,9/29/2021 0:00,?,0.0,0.0,0.0,0.0,166,451,1,576,False,0.125,5,15,0,3,3,5,1,2,0
2386,0,2021-06-12T09:45:00Z,False,0,10/19/2021 0:00,?,0.0,0.0,0.0,0.0,250,60,1,576,False,0.125,5,15,0,3,3,5,1,2,0
2387,0,2021-06-12T08:50:00Z,False,0,12/17/2021 0:00,?,0.0,0.0,0.0,0.0,896,1596,1,2840,False,0.125,5,15,0,3,3,5,1,2,0
2388,0,2021-06-12T04:00:00Z,False,0,?,Serious,0.0,4.0,0.0,4.0,993,1725,6,576,False,,0,0,13,3,0,4,0,3,0
2389,0,2021-06-11T17:00:00Z,False,0,8/20/2021 0:00,?,0.0,0.0,0.0,0.0,250,59,1,2310,False,0.125,5,15,0,3,3,10,1,2,0
2390,0,2021-06-11T10:40:00Z,False,0,?,?,0.0,0.0,0.0,0.0,804,1455,1,1770,False,,0,0,13,3,0,5,0,3,0
2391,1,2021-06-11T04:00:00Z,False,0,?,?,?,?,?,?,179,416,1,576,False,,0,0,12,0,0,10,0,3,0
2392,0,2021-06-10T20:58:00Z,False,0,2/24/2023 0:00,?,0.0,0.0,0.0,0.0,250,77,1,576,False,0.125,0,15,0,3,3,3,1,2,0
2393,0,2021-06-10T20:28:00Z,False,0,7/16/2021 0:00,Serious,0.0,1.0,0.0,1.0,250,39,1,2298,False,0.125,5,15,0,3,3,10,1,2,0
2394,0,2021-06-10T19:10:00Z,False,0,12/17/2021 0:00,?,0.0,0.0,0.0,0.0,896,1668,1,576,False,0.125,5,13,0,3,3,3,1,2,0
2395,1,2021-06-10T17:45:00Z,False,0,9/7/2023 0:00,?,0.0,0.0,0.0,0.0,179,1032,1,2409,False,0.25,6,0,4,0,3,1,1,2,0
2396,0,2021-06-10T15:15:00Z,False,0,8/16/2023 0:00,?,0.0,0.0,0.0,0.0,996,1727,6,650,False,0.125,5,15,0,3,3,10,1,2,0
2397,0,2021-06-10T10:08:00Z,False,0,8/20/2021 0:00,?,0.0,0.0,0.0,0.0,250,77,1,576,False,0.125,5,3,0,3,3,6,1,2,0
2398,0,2021-06-09T21:00:00Z,False,0,12/17/2021 0:00,Minor,0.0,0.0,1.0,1.0,896,1594,1,991,False,0.125,5,13,0,3,3,4,1,2,0
2399,0,2021-06-08T16:00:00Z,False,0,3/16/2023 0:00,Minor,0.0,0.0,1.0,1.0,503,2238,1,151,True,0.125,5,15,0,3,3,1,1,2,0
2400,0,2021-06-08T04:00:00Z,False,0,?,Fatal,4.0,0.0,0.0,4.0,250,206,1,576,False,,0,0,13,3,0,3,0,3,1
2401,0,2021-06-07T23:24:00Z,False,0,?,?,?,?,?,?,160,168,6,576,False,,0,0,12,3,0,6,0,3,0
2402,0,2021-06-07T14:20:00Z,False,0,8/16/2023 0:00,Fatal,1.0,0.0,0.0,1.0,1241,1780,1,2288,True,0.125,5,15,0,1,3,10,1,2,1
2403,0,2021-06-07T09:30:00Z,False,0,?,Serious,0.0,2.0,1.0,3.0,179,356,1,576,False,,0,0,6,0,0,3,0,3,0
2404,1,2021-06-07T04:00:00Z,False,0,?,?,0.0,0.0,0.0,0.0,993,1725,6,576,False,,0,0,15,0,0,6,0,3,0
2405,0,2021-06-06T17:01:00Z,False,0,5/17/2022 0:00,Serious,0.0,1.0,0.0,1.0,896,1588,1,2066,False,0.125,5,15,0,3,3,4,1,2,0
2406,0,2021-06-06T12:49:00Z,False,0,8/12/2022 0:00,Fatal,1.0,0.0,0.0,1.0,1052,1900,4,2065,False,0.0,0,15,0,3,3,4,1,2,1
2407,0,2021-06-06T10:20:00Z,False,0,8/12/2022 0:00,Fatal,2.0,0.0,0.0,2.0,381,911,1,576,False,0.125,5,13,0,1,3,6,1,2,1
2408,1,2021-06-06T07:35:00Z,False,0,?,?,?,?,?,?,250,45,1,576,False,,0,0,13,0,0,3,0,3,0
2409,0,2021-06-05T21:30:00Z,False,0,9/29/2021 0:00,?,0.0,0.0,0.0,0.0,250,493,1,2815,False,0.125,5,15,0,3,3,5,1,2,0
2410,0,2021-06-05T16:00:00Z,False,0,12/17/2021 0:00,Minor,0.0,0.0,1.0,1.0,692,2230,1,576,True,0.125,5,15,0,3,3,3,1,2,0
2411,0,2021-06-05T16:00:00Z,False,0,1/26/2022 0:00,?,0.0,0.0,0.0,0.0,1052,1903,4,2475,False,0.0,0,15,0,3,3,5,1,2,0
2412,0,2021-06-05T16:00:00Z,False,0,9/29/2021 0:00,?,0.0,0.0,0.0,0.0,896,1585,1,1639,False,0.125,5,15,0,3,3,5,1,2,0
2413,0,2021-06-05T15:55:00Z,False,0,6/22/2022 0:00,?,0.0,0.0,0.0,0.0,645,1234,1,1724,False,0.125,5,15,0,3,3,5,1,2,0
2414,0,2021-06-05T15:40:00Z,False,0,?,?,0.0,0.0,0.0,0.0,157,790,1,576,False,,0,0,13,3,0,5,0,3,0
2415,0,2021-06-05T13:50:00Z,False,0,9/22/2021 0:00,?,0.0,0.0,0.0,0.0,250,23,1,2063,False,0.125,5,15,0,3,3,5,1,2,0
2416,0,2021-06-05T13:46:00Z,False,0,7/16/2021 0:00,Minor,0.0,0.0,1.0,1.0,250,28,1,685,False,0.125,5,15,0,3,3,5,1,2,0
2417,0,2021-06-05T13:00:00Z,False,0,9/22/2021 0:00,?,0.0,0.0,0.0,0.0,645,1236,1,2062,False,0.125,5,13,0,3,3,5,1,2,0
2418,0,2021-06-04T18:45:00Z,False,0,10/19/2021 0:00,Minor,0.0,0.0,1.0,1.0,1241,1787,1,576,True,0.125,5,15,0,3,3,4,1,2,0
2419,0,2021-06-04T18:30:00Z,False,0,9/14/2022 0:00,Minor,0.0,0.0,2.0,2.0,896,1660,1,293,False,0.125,5,15,0,3,3,4,1,2,0
2420,0,2021-06-04T16:25:00Z,False,0,9/14/2022 0:00,Minor,0.0,0.0,1.0,1.0,40,644,1,576,False,0.125,8,1,9,3,3,10,1,2,0
2421,0,2021-06-04T15:50:00Z,False,0,3/1/2023 0:00,?,0.0,0.0,0.0,0.0,601,1193,1,2383,False,0.25,7,16,0,3,3,5,1,2,0
2422,0,2021-06-04T09:54:00Z,False,0,9/7/2023 0:00,?,0.0,0.0,0.0,0.0,250,317,1,664,False,0.25,7,6,0,3,3,5,1,2,0
2423,0,2021-06-04T07:40:00Z,False,0,?,Minor,0.0,0.0,1.0,1.0,39,652,1,576,False,0.125,0,0,9,3,0,4,0,3,0
2424,0,2021-06-03T12:15:00Z,False,0,10/19/2021 0:00,?,0.0,0.0,0.0,0.0,1054,2080,6,1944,False,0.125,5,15,0,3,3,1,1,2,0
2425,1,2021-06-03T11:15:00Z,False,0,?,?,0.0,0.0,0.0,0.0,250,87,1,576,False,,0,0,13,2,0,5,0,3,0
2426,0,2021-06-02T20:50:00Z,False,0,8/19/2022 0:00,?,0.0,0.0,0.0,0.0,896,1599,1,2500,False,0.125,5,13,0,3,3,5,1,2,0
2427,0,2021-06-02T20:00:00Z,False,0,8/19/2022 0:00,?,0.0,0.0,0.0,0.0,157,121,1,965,False,0.25,8,6,8,3,3,5,1,2,0
2428,0,2021-06-02T10:05:00Z,False,0,8/20/2021 0:00,?,0.0,0.0,0.0,0.0,771,1365,1,69,False,0.125,5,15,0,3,3,11,1,2,0
2429,0,2021-06-02T08:00:00Z,False,0,6/14/2023 0:00,?,0.0,0.0,0.0,0.0,250,66,1,576,False,0.125,5,15,0,3,3,3,1,2,0
2430,0,2021-06-01T19:00:00Z,False,0,9/21/2022 0:00,?,0.0,0.0,0.0,0.0,942,840,1,576,True,0.125,0,15,0,3,3,10,1,2,0
2431,0,2021-06-01T17:20:00Z,False,0,2/24/2023 0:00,Fatal,1.0,1.0,0.0,2.0,157,504,1,576,False,0.125,5,13,0,3,3,6,1,2,1
2432,0,2021-05-31T17:10:00Z,False,0,?,Fatal,2.0,0.0,0.0,2.0,250,60,1,576,False,,0,0,13,1,0,3,0,3,1
2433,0,2021-05-31T14:00:00Z,False,0,10/19/2021 0:00,?,0.0,0.0,0.0,0.0,728,1309,4,2199,False,0.0,0,13,0,3,3,5,1,2,0
2434,0,2021-05-31T08:34:00Z,False,0,10/19/2021 0:00,?,0.0,0.0,0.0,0.0,250,97,1,901,False,0.125,5,13,0,3,3,5,1,2,0
2435,0,2021-05-30T17:20:00Z,False,0,8/15/2023 0:00,?,0.0,0.0,0.0,0.0,896,1580,1,531,False,0.125,5,15,0,3,3,4,1,2,0
2436,0,2021-05-30T15:40:00Z,False,0,?,?,0.0,0.0,0.0,0.0,93,664,1,576,False,0.25,0,0,12,2,0,11,0,3,0
2437,0,2021-05-30T14:30:00Z,False,0,?,Fatal,1.0,0.0,0.0,1.0,250,119,1,576,False,,0,0,9,3,0,6,0,3,1
2438,0,2021-05-30T13:30:00Z,False,0,?,?,0.0,0.0,0.0,0.0,160,267,6,576,False,,0,0,13,3,0,11,0,3,0
2439,0,2021-05-30T13:15:00Z,False,0,12/17/2021 0:00,Minor,0.0,0.0,1.0,1.0,250,1720,1,1909,False,0.125,5,13,0,3,3,5,1,2,0
2440,0,2021-05-30T09:55:00Z,False,0,8/19/2022 0:00,Minor,0.0,0.0,1.0,1.0,896,1248,1,281,False,0.125,5,15,0,3,3,10,1,2,0
2441,0,2021-05-29T14:51:00Z,False,0,12/7/2022 0:00,Fatal,1.0,1.0,0.0,2.0,921,1702,1,1854,False,0.125,5,15,0,3,3,5,1,2,1
2442,0,2021-05-29T13:12:00Z,False,0,8/12/2022 0:00,Minor,0.0,0.0,2.0,2.0,250,107,1,576,False,0.125,5,15,0,3,1,3,1,2,0
2443,0,2021-05-29T12:47:00Z,False,0,9/27/2023 0:00,Serious,0.0,2.0,0.0,2.0,896,1585,1,147,False,0.125,5,15,0,3,3,3,1,2,0
2444,0,2021-05-29T11:50:00Z,False,0,5/4/2022 0:00,Minor,0.0,0.0,2.0,2.0,773,2242,1,2817,False,0.125,5,15,0,3,3,1,1,2,0
2445,0,2021-05-29T11:45:00Z,False,0,8/20/2021 0:00,?,0.0,0.0,0.0,0.0,250,28,1,576,False,0.125,5,15,0,3,3,5,1,2,0
2446,0,2021-05-29T11:06:00Z,False,0,12/7/2022 0:00,Serious,0.0,2.0,0.0,2.0,1124,1153,1,1510,True,0.125,5,15,0,3,3,5,1,2,0
2447,0,2021-05-29T11:00:00Z,False,0,12/7/2022 0:00,?,0.0,0.0,0.0,0.0,771,1371,1,230,False,0.125,5,15,0,3,3,1,1,2,0
2448,0,2021-05-29T10:55:00Z,False,0,3/22/2023 0:00,Fatal,7.0,0.0,0.0,7.0,250,303,1,576,False,0.25,6,15,0,1,1,4,1,2,1
2449,0,2021-05-29T10:00:00Z,False,0,1/19/2023 0:00,Fatal,2.0,0.0,0.0,2.0,1183,77,1,576,False,0.125,5,13,0,1,3,3,1,2,1
2450,0,2021-05-29T09:15:00Z,False,0,9/20/2021 0:00,Minor,0.0,0.0,1.0,1.0,896,1621,1,1225,False,0.125,5,15,0,3,3,4,1,2,0
2451,0,2021-05-28T14:35:00Z,False,0,?,?,0.0,0.0,0.0,0.0,250,227,1,576,False,,0,0,13,3,0,5,0,3,0
2452,0,2021-05-28T12:40:00Z,False,0,2/21/2022 0:00,?,0.0,0.0,0.0,0.0,179,368,1,968,False,0.25,6,0,4,3,3,11,1,2,0
2453,1,2021-05-28T11:35:00Z,False,0,?,?,?,?,?,?,179,1522,1,576,False,,0,13,13,0,0,3,0,3,0
2454,0,2021-05-28T10:48:00Z,False,0,8/12/2022 0:00,Fatal,2.0,0.0,0.0,2.0,716,1044,1,576,True,0.125,8,15,0,1,3,3,1,2,1
2455,0,2021-05-28T10:30:00Z,False,0,12/14/2022 0:00,Serious,0.0,1.0,1.0,2.0,933,682,1,576,False,0.125,5,13,0,3,3,3,1,2,0
2456,0,2021-05-28T10:00:00Z,False,0,9/20/2021 0:00,Minor,0.0,0.0,1.0,1.0,157,536,1,1433,False,0.125,5,15,0,3,3,10,1,2,0
2457,0,2021-05-28T09:00:00Z,False,0,12/17/2021 0:00,?,0.0,0.0,0.0,0.0,896,1570,1,576,False,0.125,5,15,0,3,2,10,1,2,0
2458,0,2021-05-28T08:30:00Z,False,0,9/20/2021 0:00,Serious,0.0,1.0,0.0,1.0,732,456,2,576,False,0.0,0,15,0,0,2,5,1,2,0
2459,0,2021-05-28T08:08:00Z,False,0,?,Serious,0.0,1.0,0.0,1.0,179,404,1,576,False,,0,0,12,0,0,4,0,3,0
2460,1,2021-05-28T04:00:00Z,False,0,?,?,0.0,0.0,0.0,0.0,896,1676,1,576,False,,0,0,13,2,0,0,0,3,0
2461,0,2021-05-27T18:35:00Z,False,0,6/8/2023 0:00,Fatal,1.0,0.0,0.0,1.0,764,995,1,2488,True,0.125,5,15,0,1,3,4,1,2,1
2462,0,2021-05-27T18:25:00Z,False,0,8/12/2022 0:00,Serious,0.0,1.0,0.0,1.0,887,2165,1,2500,True,0.125,5,15,0,3,3,10,1,2,0
2463,0,2021-05-27T18:06:00Z,False,0,10/19/2021 0:00,?,0.0,0.0,0.0,0.0,39,657,1,2298,False,0.125,8,1,9,3,3,10,1,2,0
2464,1,2021-05-27T13:24:00Z,False,0,?,?,0.0,0.0,0.0,0.0,45,516,1,576,False,,0,0,4,4,0,0,0,3,0
2465,0,2021-05-27T11:30:00Z,False,0,12/17/2021 0:00,?,0.0,0.0,0.0,0.0,250,2096,1,2274,False,0.125,5,15,0,3,3,5,1,2,0
2466,1,2021-05-27T11:23:00Z,False,0,?,?,?,?,?,?,179,356,1,716,False,,0,0,6,2,0,3,0,3,0
2467,0,2021-05-27T07:50:00Z,False,0,8/16/2023 0:00,Serious,0.0,1.0,0.0,1.0,541,1130,1,1558,False,0.125,8,1,9,3,3,10,1,2,0
2468,0,2021-05-26T17:30:00Z,False,0,12/17/2021 0:00,?,0.0,0.0,0.0,0.0,166,441,1,578,False,0.125,5,15,0,3,3,5,1,2,0
2469,0,2021-05-26T16:55:00Z,False,0,9/20/2021 0:00,?,0.0,0.0,0.0,0.0,794,133,1,2005,False,0.125,5,15,0,3,3,5,1,2,0
2470,0,2021-05-26T14:30:00Z,False,0,12/7/2022 0:00,Minor,0.0,0.0,2.0,2.0,179,545,1,111,False,0.125,5,15,0,3,3,4,1,2,0
2471,0,2021-05-26T12:09:00Z,False,0,?,Fatal,1.0,0.0,0.0,1.0,993,1721,6,576,False,,0,0,15,3,0,3,0,3,1
2472,0,2021-05-25T18:50:00Z,False,0,9/20/2021 0:00,?,0.0,0.0,0.0,0.0,251,49,1,2744,False,0.125,5,13,0,3,3,5,1,2,0
2473,0,2021-05-25T17:47:00Z,False,0,4/19/2023 0:00,Fatal,4.0,0.0,0.0,4.0,173,2133,6,1750,False,0.25,9,11,0,1,3,6,1,2,1
2474,0,2021-05-25T07:30:00Z,False,0,6/8/2023 0:00,Fatal,1.0,0.0,0.0,1.0,550,553,1,576,False,0.125,5,13,0,1,3,3,1,2,1
2475,0,2021-05-24T14:17:00Z,False,0,9/29/2023 0:00,Fatal,1.0,0.0,0.0,1.0,351,1426,1,1841,False,0.125,7,20,14,1,3,1,1,2,1
2476,0,2021-05-24T14:00:00Z,False,0,9/29/2021 0:00,Minor,0.0,0.0,1.0,1.0,739,448,1,439,False,0.125,5,15,0,3,3,10,1,2,0
2477,0,2021-05-24T13:30:00Z,False,0,8/30/2023 0:00,Fatal,1.0,0.0,0.0,1.0,822,1775,1,576,True,0.125,5,15,0,1,3,3,1,2,1
2478,0,2021-05-24T10:45:00Z,False,0,10/19/2021 0:00,?,0.0,0.0,0.0,0.0,170,2105,1,1804,True,0.125,5,15,0,3,3,5,1,2,0
2479,0,2021-05-23T18:30:00Z,False,0,9/20/2021 0:00,?,0.0,0.0,0.0,0.0,896,1600,1,2044,False,0.125,5,15,0,3,3,4,1,2,0
2480,0,2021-05-23T14:47:00Z,False,0,9/7/2023 0:00,Fatal,1.0,0.0,0.0,1.0,1170,1265,1,576,True,0.125,7,15,0,1,3,6,1,2,1
2481,0,2021-05-23T13:20:00Z,False,0,?,Fatal,1.0,0.0,0.0,1.0,250,1067,1,576,False,,0,0,13,1,0,13,0,3,1
2482,0,2021-05-23T09:00:00Z,False,0,9/20/2021 0:00,?,0.0,0.0,0.0,0.0,250,58,1,427,False,0.125,5,15,0,3,3,5,1,2,0
2483,0,2021-05-22T19:18:00Z,False,0,9/20/2021 0:00,?,0.0,0.0,0.0,0.0,179,545,1,576,False,0.125,5,15,0,3,3,3,1,2,0
2484,0,2021-05-22T18:30:00Z,False,0,8/19/2022 0:00,Serious,0.0,1.0,0.0,1.0,367,943,1,576,False,0.125,5,15,0,2,3,5,1,2,0
2485,0,2021-05-22T17:42:00Z,False,0,6/8/2023 0:00,Fatal,2.0,0.0,0.0,2.0,472,877,1,17,False,0.125,5,15,0,1,3,6,1,2,1
2486,0,2021-05-22T13:40:00Z,False,0,7/16/2021 0:00,Minor,0.0,0.0,1.0,1.0,250,60,1,1911,False,0.125,5,13,0,3,3,5,1,2,0
2487,0,2021-05-21T18:14:00Z,False,0,8/12/2022 0:00,Fatal,1.0,0.0,0.0,1.0,896,1619,1,2039,False,0.25,5,15,0,1,3,9,1,2,1
2488,0,2021-05-21T12:30:00Z,False,0,1/6/2022 0:00,?,0.0,0.0,0.0,0.0,179,365,1,1635,False,0.25,6,0,4,2,3,11,1,2,0
2489,0,2021-05-21T12:23:00Z,False,0,8/20/2021 0:00,?,0.0,0.0,0.0,0.0,250,2100,1,2252,False,0.125,5,15,0,3,3,5,1,2,0
2490,0,2021-05-21T10:41:00Z,False,0,?,?,0.0,0.0,0.0,0.0,896,1674,1,576,False,,0,0,13,3,0,13,0,3,0
2491,0,2021-05-21T04:00:00Z,False,0,?,?,?,?,?,?,157,704,1,576,False,,0,0,11,3,0,0,0,3,0
2492,0,2021-05-20T19:45:00Z,False,0,7/16/2021 0:00,Minor,0.0,0.0,1.0,1.0,896,1594,1,1414,False,0.125,5,13,0,3,3,10,1,2,0
2493,0,2021-05-20T16:00:00Z,False,0,5/17/2022 0:00,Minor,0.0,0.0,1.0,1.0,894,707,4,264,False,0.0,0,15,0,3,3,1,1,2,0
2494,0,2021-05-20T13:00:00Z,False,0,9/20/2021 0:00,Minor,0.0,0.0,1.0,1.0,990,1253,1,576,False,0.125,5,15,0,3,3,9,1,2,0
2495,1,2021-05-20T11:45:00Z,False,0,?,?,?,?,?,?,179,356,1,576,False,,0,0,12,3,0,9,0,3,0
2496,0,2021-05-20T10:30:00Z,False,0,6/28/2023 0:00,Serious,0.0,1.0,0.0,1.0,774,1155,1,1124,True,0.125,5,15,0,1,3,1,1,2,0
2497,0,2021-05-20T09:30:00Z,False,0,6/22/2023 0:00,Serious,0.0,2.0,0.0,2.0,812,1388,1,576,False,0.125,5,15,0,3,3,3,1,2,0
2498,0,2021-05-19T11:00:00Z,False,0,2/18/2022 0:00,Minor,0.0,0.0,1.0,1.0,250,2041,1,2046,False,0.125,5,3,0,3,3,5,1,2,0
2499,0,2021-05-19T04:00:00Z,False,0,?,Minor,0.0,0.0,4.0,4.0,250,156,1,576,False,0.125,0,0,13,3,0,1,0,3,0
2500,0,2021-05-18T17:10:00Z,False,0,?,?,?,?,?,?,250,60,1,576,False,,0,0,13,3,0,1,0,3,0
2501,0,2021-05-18T16:40:00Z,False,0,9/20/2021 0:00,?,0.0,0.0,0.0,0.0,250,111,1,1909,False,0.125,0,14,0,3,3,1,1,2,0
2502,0,2021-05-18T14:30:00Z,False,0,12/6/2022 0:00,Fatal,1.0,0.0,0.0,1.0,160,1508,6,576,False,0.125,9,1,9,1,3,6,1,2,1
2503,0,2021-05-18T14:20:00Z,False,0,?,?,0.0,0.0,0.0,0.0,896,1659,1,576,False,0.125,0,1,12,1,0,6,0,3,0
2504,0,2021-05-18T14:00:00Z,False,0,9/20/2021 0:00,Minor,0.0,0.0,1.0,1.0,609,1771,1,800,True,0.125,5,15,0,3,3,10,1,2,0
2505,0,2021-05-18T13:25:00Z,False,0,8/19/2022 0:00,Fatal,1.0,0.0,0.0,1.0,40,641,1,576,False,0.125,9,1,9,3,3,6,1,2,1
2506,0,2021-05-17T20:00:00Z,False,0,2/2/2023 0:00,Minor,0.0,0.0,1.0,1.0,474,876,1,2314,False,0.125,5,13,0,1,3,1,1,2,0
2507,0,2021-05-17T18:46:00Z,False,0,?,Fatal,2.0,0.0,2.0,4.0,993,1728,6,576,False,,0,0,13,1,0,3,0,3,1
2508,0,2021-05-17T18:15:00Z,False,0,9/20/2021 0:00,?,0.0,0.0,0.0,0.0,529,860,1,576,True,0.125,5,15,0,3,3,6,1,2,0
2509,0,2021-05-17T14:30:00Z,False,0,9/20/2021 0:00,?,0.0,0.0,0.0,0.0,1109,296,1,2288,False,0.125,5,15,0,3,3,5,1,2,0
2510,0,2021-05-17T14:15:00Z,False,0,7/16/2021 0:00,?,0.0,0.0,0.0,0.0,896,1660,1,321,False,0.125,5,15,0,3,3,5,1,2,0
2511,0,2021-05-17T13:08:00Z,False,0,8/16/2023 0:00,Fatal,1.0,0.0,0.0,1.0,250,97,1,576,False,0.125,5,3,0,1,3,3,1,2,1
2512,0,2021-05-17T12:00:00Z,False,0,?,?,0.0,0.0,0.0,0.0,1280,331,1,576,False,0.125,0,1,12,3,0,6,0,3,0
2513,0,2021-05-16T13:00:00Z,False,0,8/20/2021 0:00,Serious,0.0,1.0,1.0,2.0,625,1229,4,364,False,0.0,4,13,0,3,3,4,1,2,0
2514,0,2021-05-16T11:45:00Z,False,0,?,?,0.0,0.0,0.0,0.0,250,60,1,576,False,,0,0,13,3,0,5,0,3,0
2515,0,2021-05-15T21:15:00Z,False,0,8/19/2022 0:00,?,0.0,0.0,0.0,0.0,270,1959,1,576,False,0.125,5,15,0,3,1,3,1,2,0
2516,0,2021-05-15T20:00:00Z,False,0,9/20/2021 0:00,?,0.0,0.0,0.0,0.0,381,910,1,147,False,0.125,5,15,0,3,3,5,1,2,0
2517,0,2021-05-15T16:47:00Z,False,0,8/30/2023 0:00,?,0.0,0.0,0.0,0.0,1317,2244,1,1408,True,0.125,5,15,0,3,3,4,1,2,0
2518,0,2021-05-15T15:45:00Z,False,0,12/6/2022 0:00,Serious,0.0,2.0,0.0,2.0,250,156,1,576,False,0.125,5,15,0,3,3,3,1,2,0
2519,0,2021-05-15T15:20:00Z,False,0,?,Serious,0.0,1.0,1.0,2.0,250,97,1,576,False,,0,0,13,3,0,3,0,3,0
2520,0,2021-05-15T14:10:00Z,False,0,9/20/2021 0:00,?,0.0,0.0,0.0,0.0,896,1608,1,1367,False,0.125,5,13,0,3,3,4,1,2,0
2521,0,2021-05-15T11:00:00Z,False,0,8/20/2021 0:00,?,0.0,0.0,0.0,0.0,250,32,1,79,False,0.125,5,15,0,3,3,6,1,2,0
2522,0,2021-05-15T11:00:00Z,False,0,?,Serious,0.0,2.0,0.0,2.0,896,1674,1,1038,False,,0,13,13,3,0,13,0,3,0
2523,0,2021-05-15T08:50:00Z,False,0,10/19/2021 0:00,?,0.0,0.0,0.0,0.0,70,451,1,576,False,0.125,5,15,0,3,3,5,1,2,0
2524,0,2021-05-14T15:00:00Z,False,0,8/19/2022 0:00,?,0.0,0.0,0.0,0.0,157,536,1,2256,False,0.125,5,15,0,3,3,3,1,2,0
2525,0,2021-05-14T11:34:00Z,False,0,8/20/2021 0:00,Minor,0.0,0.0,2.0,2.0,250,60,1,948,False,0.125,5,13,0,3,3,5,1,2,0
2526,0,2021-05-13T20:25:00Z,False,0,?,?,0.0,0.0,0.0,0.0,250,206,1,2460,False,0.25,0,0,13,3,0,1,0,3,0
2527,0,2021-05-13T17:50:00Z,False,0,8/20/2021 0:00,?,0.0,0.0,0.0,0.0,250,60,1,1487,False,0.125,5,13,0,3,3,1,1,2,0
2528,0,2021-05-13T11:17:00Z,False,0,8/19/2022 0:00,Serious,0.0,3.0,1.0,4.0,157,698,1,1817,False,0.125,5,15,0,3,3,4,1,2,0
2529,0,2021-05-13T10:00:00Z,False,0,12/17/2021 0:00,?,0.0,0.0,0.0,0.0,896,1568,1,576,False,0.125,5,15,0,3,3,10,1,2,0
2530,1,2021-05-13T09:20:00Z,False,0,?,?,?,?,?,?,179,356,1,576,False,0.25,0,0,4,0,0,3,0,3,0
2531,0,2021-05-13T01:45:00Z,False,0,10/19/2021 0:00,?,0.0,0.0,0.0,0.0,250,1720,1,2687,False,0.125,5,15,0,3,3,5,1,2,0
2532,0,2021-05-12T18:07:00Z,False,0,2/18/2022 0:00,?,0.0,0.0,0.0,0.0,876,2156,1,1983,True,0.125,5,15,0,3,3,5,1,2,0
2533,0,2021-05-12T17:45:00Z,False,0,9/22/2021 0:00,?,0.0,0.0,0.0,0.0,250,60,1,36,False,0.125,5,13,0,3,3,5,1,2,0
2534,0,2021-05-12T15:30:00Z,False,0,1/19/2023 0:00,?,0.0,0.0,0.0,0.0,24,608,6,1668,False,0.125,9,13,14,1,3,6,1,2,0
2535,0,2021-05-12T14:50:00Z,False,0,9/20/2021 0:00,?,0.0,0.0,0.0,0.0,550,554,1,488,False,0.125,5,15,0,3,3,10,1,2,0
2536,0,2021-05-12T14:00:00Z,False,0,9/20/2021 0:00,?,0.0,0.0,0.0,0.0,293,1524,1,2678,False,0.125,5,15,0,3,3,5,1,2,0
2537,0,2021-05-12T13:15:00Z,False,0,10/20/2021 0:00,?,0.0,0.0,0.0,0.0,896,1558,1,1102,False,0.125,5,15,0,3,3,5,1,2,0
2538,0,2021-05-12T13:00:00Z,False,0,7/16/2021 0:00,?,0.0,0.0,0.0,0.0,1092,969,1,1591,True,0.125,5,15,0,3,3,5,1,2,0
2539,0,2021-05-12T12:41:00Z,False,0,7/16/2021 0:00,?,0.0,0.0,0.0,0.0,1244,2161,1,836,True,0.125,5,15,0,3,3,5,1,2,0
2540,0,2021-05-12T10:30:00Z,False,0,6/8/2023 0:00,Serious,0.0,1.0,0.0,1.0,542,1120,1,576,False,0.125,8,1,9,3,3,4,1,2,0
2541,0,2021-05-12T10:23:00Z,False,0,3/29/2023 0:00,?,0.0,0.0,0.0,0.0,1138,1861,1,647,False,0.25,5,16,0,3,3,1,1,2,0
2542,0,2021-05-11T21:25:00Z,False,0,?,?,0.0,0.0,0.0,0.0,250,97,1,576,False,,0,0,13,4,0,5,0,3,0
2543,0,2021-05-11T15:00:00Z,False,0,8/15/2023 0:00,Minor,0.0,0.0,2.0,2.0,157,784,1,2368,False,0.125,5,15,0,3,3,3,1,2,0
2544,0,2021-05-11T11:15:00Z,False,0,8/20/2021 0:00,?,0.0,0.0,0.0,0.0,896,1568,1,883,False,0.125,5,13,0,3,3,5,1,2,0
2545,1,2021-05-11T04:00:00Z,False,0,?,?,0.0,0.0,0.0,0.0,179,416,1,576,False,,0,0,12,2,0,4,0,3,0
2546,0,2021-05-10T20:10:00Z,False,0,9/20/2021 0:00,Serious,0.0,1.0,0.0,1.0,250,75,1,2200,False,0.125,5,14,0,3,3,1,1,2,0
2547,0,2021-05-10T18:00:00Z,False,0,8/20/2021 0:00,?,0.0,0.0,0.0,0.0,392,1271,1,782,True,0.125,5,15,0,3,3,1,1,2,0
2548,0,2021-05-10T15:00:00Z,False,0,12/17/2021 0:00,?,0.0,0.0,0.0,0.0,896,1568,1,576,False,0.125,5,15,0,3,3,3,1,2,0
2549,0,2021-05-10T13:20:00Z,False,0,7/16/2021 0:00,?,0.0,0.0,0.0,0.0,982,2132,6,576,False,0.125,9,1,9,3,3,9,1,2,0
2550,0,2021-05-10T09:21:00Z,False,0,9/20/2021 0:00,?,0.0,0.0,0.0,0.0,963,695,1,2735,False,0.25,5,15,0,2,3,11,1,2,0
2551,0,2021-05-09T15:57:00Z,False,0,?,?,?,?,?,?,250,60,1,1033,False,,0,0,13,3,0,5,0,3,0
2552,0,2021-05-09T14:40:00Z,False,0,12/6/2022 0:00,?,0.0,0.0,0.0,0.0,426,1062,6,576,False,0.125,5,14,0,3,3,3,1,2,0
2553,0,2021-05-09T14:20:00Z,False,0,9/20/2021 0:00,?,0.0,0.0,0.0,0.0,968,1748,1,1919,True,0.125,5,15,0,3,3,5,1,2,0
2554,0,2021-05-08T12:30:00Z,False,0,8/20/2021 0:00,?,0.0,0.0,0.0,0.0,250,112,1,2424,False,0.125,5,15,0,3,3,5,1,2,0
2555,0,2021-05-08T12:20:00Z,False,0,?,Fatal,2.0,0.0,0.0,2.0,745,131,1,1843,False,,0,0,13,3,0,1,0,3,1
2556,0,2021-05-08T12:15:00Z,False,0,?,?,0.0,0.0,0.0,0.0,993,1725,6,576,False,0.125,0,0,12,3,0,3,0,3,0
2557,0,2021-05-08T11:46:00Z,False,0,5/4/2022 0:00,?,0.0,0.0,0.0,0.0,250,76,1,2656,False,0.125,5,13,0,3,3,5,1,2,0
2558,0,2021-05-08T10:27:00Z,False,0,8/20/2021 0:00,?,0.0,0.0,0.0,0.0,250,73,1,2380,False,0.125,5,13,0,3,3,5,1,2,0
2559,0,2021-05-08T09:07:00Z,False,0,?,?,?,?,?,?,250,2051,1,1821,False,,0,0,6,3,0,5,0,3,0
2560,0,2021-05-08T08:00:00Z,False,0,?,Fatal,1.0,0.0,0.0,1.0,1169,1751,1,1758,False,,0,0,15,4,0,13,0,3,1
2561,0,2021-05-07T16:05:00Z,False,0,8/20/2021 0:00,?,0.0,0.0,0.0,0.0,250,95,1,683,False,0.125,5,15,0,3,3,5,1,2,0
2562,0,2021-05-07T13:00:00Z,False,0,12/17/2021 0:00,?,0.0,0.0,0.0,0.0,896,1570,1,820,False,0.125,5,15,0,3,3,10,1,2,0
2563,0,2021-05-07T12:00:00Z,False,0,?,Fatal,1.0,0.0,0.0,1.0,993,1725,6,576,False,,0,0,13,1,0,13,0,3,1
2564,0,2021-05-07T04:00:00Z,False,0,?,?,0.0,0.0,0.0,0.0,250,1068,1,576,False,,0,0,12,3,0,3,0,3,0
2565,0,2021-05-06T20:35:00Z,False,0,?,?,?,?,?,?,250,156,1,576,False,,0,0,13,1,0,6,0,3,0
2566,0,2021-05-06T17:07:00Z,False,0,8/12/2022 0:00,?,0.0,0.0,0.0,0.0,896,1599,1,1000,False,0.125,5,13,0,3,3,9,1,2,0
2567,0,2021-05-06T15:20:00Z,False,0,5/10/2023 0:00,Fatal,1.0,1.0,0.0,2.0,1213,679,1,2842,False,0.25,5,15,0,3,3,3,1,2,1
2568,0,2021-05-06T14:10:00Z,False,0,10/20/2021 0:00,?,0.0,0.0,0.0,0.0,250,95,1,783,False,0.125,5,15,0,3,3,10,1,2,0
2569,0,2021-05-06T13:30:00Z,False,0,9/20/2021 0:00,?,0.0,0.0,0.0,0.0,777,244,6,576,False,0.125,9,8,7,3,3,10,1,2,0
2570,0,2021-05-06T12:45:00Z,False,0,12/17/2021 0:00,?,0.0,0.0,0.0,0.0,896,1580,1,624,False,0.125,5,15,0,3,3,5,1,2,0
2571,0,2021-05-06T10:45:00Z,False,0,8/19/2022 0:00,Serious,0.0,1.0,0.0,0.0,387,1475,10,576,False,0.5,0,14,3,2,3,13,1,2,0
2572,0,2021-05-05T15:30:00Z,False,0,8/20/2021 0:00,?,0.0,0.0,0.0,0.0,250,72,1,1862,False,0.125,0,13,0,3,3,11,1,2,0
2573,0,2021-05-05T14:32:00Z,False,0,?,?,?,?,?,?,767,1402,1,576,False,,0,0,13,3,0,5,0,3,0
2574,0,2021-05-05T10:33:00Z,False,0,8/15/2023 0:00,?,0.0,0.0,0.0,0.0,634,1173,1,272,False,0.25,6,7,0,3,3,5,1,2,0
2575,0,2021-05-05T09:00:00Z,False,0,8/20/2021 0:00,?,0.0,0.0,0.0,0.0,782,244,6,1198,False,0.25,9,13,0,3,3,1,1,2,0
2576,0,2021-05-04T23:01:00Z,False,0,9/20/2023 0:00,Fatal,4.0,0.0,2.0,3.0,804,1456,1,1336,False,0.25,8,15,0,1,1,1,1,2,1
2577,1,2021-05-04T13:25:00Z,False,0,?,?,?,?,?,?,45,527,1,1598,False,,0,0,6,0,0,3,0,3,0
2578,1,2021-05-04T11:30:00Z,False,0,?,?,?,?,?,?,364,955,1,576,False,,0,0,12,0,0,1,0,3,0
2579,0,2021-05-03T11:48:00Z,False,0,?,Fatal,2.0,0.0,0.0,2.0,993,1721,6,576,False,,0,0,13,3,0,3,0,3,1
2580,0,2021-05-03T11:36:00Z,False,0,9/22/2021 0:00,Minor,0.0,0.0,1.0,1.0,643,1233,1,2150,False,0.125,5,13,0,3,3,5,1,2,0
2581,0,2021-05-03T10:55:00Z,False,0,9/20/2021 0:00,Minor,0.0,0.0,1.0,1.0,250,82,1,2298,False,0.125,5,15,0,3,3,5,1,2,0
2582,0,2021-05-02T16:38:00Z,False,0,9/20/2021 0:00,?,0.0,0.0,0.0,0.0,250,77,1,2011,False,0.125,5,15,0,3,3,1,1,2,0
2583,0,2021-05-02T16:15:00Z,False,0,?,?,0.0,0.0,0.0,0.0,914,2132,6,576,False,0.125,0,0,15,3,0,6,0,3,0
2584,0,2021-05-02T15:52:00Z,False,0,7/20/2022 0:00,Fatal,1.0,0.0,0.0,1.0,250,2046,1,1425,False,0.125,5,15,0,1,3,5,1,2,1
2585,0,2021-05-02T15:45:00Z,False,0,8/20/2021 0:00,Minor,0.0,0.0,1.0,1.0,250,60,1,2086,False,0.125,5,15,0,3,3,10,1,2,0
2586,0,2021-05-02T15:00:00Z,False,0,?,?,0.0,0.0,0.0,0.0,896,1674,1,576,False,,0,0,13,3,0,6,0,3,0
2587,0,2021-05-02T14:00:00Z,False,0,11/16/2021 0:00,?,0.0,0.0,0.0,0.0,250,32,1,389,False,0.125,5,15,0,3,3,5,1,2,0
2588,0,2021-05-02T13:18:00Z,False,0,1/19/2023 0:00,Fatal,1.0,0.0,0.0,1.0,994,1725,6,576,False,0.125,5,1,9,3,3,6,1,2,1
2589,0,2021-05-02T08:15:00Z,False,0,8/20/2021 0:00,Serious,0.0,1.0,0.0,1.0,1230,1486,2,576,False,0.0,0,14,0,2,3,5,1,2,0
2590,0,2021-05-02T08:00:00Z,False,0,8/20/2021 0:00,?,0.0,0.0,0.0,0.0,250,493,1,970,False,0.125,5,15,0,3,3,5,1,2,0
2591,0,2021-05-01T22:30:00Z,False,0,?,Fatal,4.0,1.0,0.0,5.0,160,142,6,576,False,,0,0,12,3,0,13,0,3,1
2592,0,2021-05-01T20:39:00Z,False,0,9/22/2021 0:00,?,0.0,0.0,0.0,0.0,250,314,1,1504,False,0.25,6,15,0,3,3,10,1,2,0
2593,0,2021-05-01T14:28:00Z,False,0,5/10/2023 0:00,Fatal,1.0,1.0,0.0,2.0,157,536,1,1730,False,0.125,5,15,0,1,3,1,1,2,1
2594,0,2021-05-01T12:20:00Z,False,0,?,?,0.0,0.0,0.0,0.0,414,312,1,576,False,,0,0,13,3,0,6,0,3,0
2595,0,2021-05-01T11:20:00Z,False,0,12/17/2021 0:00,Minor,0.0,0.0,1.0,1.0,250,73,1,1813,False,0.125,5,15,0,3,3,5,1,2,0
2596,0,2021-05-01T09:25:00Z,False,0,7/20/2022 0:00,Minor,0.0,0.0,2.0,2.0,157,175,1,1395,False,0.125,5,15,0,3,3,4,1,2,0
2597,0,2021-04-30T17:29:00Z,False,0,8/20/2021 0:00,?,0.0,0.0,0.0,0.0,896,1599,1,1424,False,0.125,5,15,0,3,3,5,1,2,0
2598,0,2021-04-29T17:25:00Z,False,0,?,?,0.0,0.0,0.0,0.0,993,1725,6,576,False,,0,0,0,3,0,5,0,3,0
2599,0,2021-04-29T16:20:00Z,False,0,10/19/2021 0:00,?,0.0,0.0,0.0,0.0,896,1614,1,916,False,0.25,5,15,0,3,3,1,1,2,0
2600,1,2021-04-29T15:07:00Z,False,0,9/22/2023 0:00,?,0.0,0.0,0.0,0.0,45,513,1,2253,False,0.25,6,15,0,0,3,10,1,2,0
2601,0,2021-04-29T12:17:00Z,False,0,9/22/2021 0:00,Serious,0.0,1.0,0.0,1.0,811,1384,1,2063,False,0.125,5,15,0,3,3,10,1,2,0
2602,0,2021-04-29T10:52:00Z,False,0,4/26/2023 0:00,Serious,0.0,1.0,1.0,2.0,896,1599,1,576,False,0.125,5,15,0,3,3,3,1,2,0
2603,0,2021-04-29T09:56:00Z,False,0,?,Fatal,6.0,0.0,0.0,6.0,896,1621,1,1946,False,0.125,0,0,13,3,0,10,0,3,1
2604,0,2021-04-28T15:30:00Z,False,0,9/20/2021 0:00,?,0.0,0.0,0.0,0.0,896,1600,1,2774,False,0.125,5,15,0,3,3,5,1,2,0
2605,0,2021-04-28T13:24:00Z,False,0,8/30/2023 0:00,Fatal,1.0,2.0,0.0,3.0,163,279,6,576,False,0.25,9,3,0,1,3,6,1,2,1
2606,0,2021-04-28T12:30:00Z,False,0,12/6/2022 0:00,?,0.0,0.0,0.0,0.0,250,40,1,576,False,0.125,5,15,0,3,3,3,1,2,0
2607,1,2021-04-28T11:20:00Z,False,0,?,?,0.0,0.0,0.0,0.0,250,32,1,576,False,0.125,0,13,13,0,0,3,0,3,0
2608,0,2021-04-28T09:00:00Z,False,0,2/24/2023 0:00,Fatal,3.0,0.0,0.0,3.0,157,784,1,1211,False,0.125,5,15,0,1,3,10,1,2,1
2609,0,2021-04-27T16:04:00Z,False,0,?,?,0.0,0.0,0.0,0.0,811,1389,1,576,False,0.125,0,0,6,3,0,5,0,3,0
2610,0,2021-04-27T15:45:00Z,False,0,8/20/2021 0:00,?,0.0,0.0,0.0,0.0,380,912,1,745,False,0.25,5,13,0,3,3,5,1,2,0
2611,0,2021-04-26T17:20:00Z,False,0,?,Fatal,4.0,0.0,0.0,4.0,250,60,1,576,False,,0,0,0,1,0,3,0,3,1
2612,0,2021-04-26T17:11:00Z,False,0,1/19/2023 0:00,Fatal,1.0,1.0,0.0,2.0,896,1242,1,1836,False,0.125,5,15,0,3,3,13,1,2,1
2613,0,2021-04-26T15:26:00Z,False,0,9/20/2021 0:00,?,0.0,0.0,0.0,0.0,250,264,1,1403,False,0.25,0,13,0,3,3,1,1,2,0
2614,0,2021-04-26T13:46:00Z,False,0,7/16/2021 0:00,?,0.0,0.0,0.0,0.0,179,542,1,582,False,0.125,5,15,0,3,3,5,1,2,0
2615,0,2021-04-26T08:45:00Z,False,0,10/19/2021 0:00,?,0.0,0.0,0.0,0.0,1183,155,1,576,False,0.125,8,7,0,3,3,6,1,2,0
2616,0,2021-04-26T08:35:00Z,False,0,?,?,0.0,0.0,0.0,0.0,270,1959,1,1070,False,0.125,0,0,13,3,0,5,0,3,0
2617,0,2021-04-25T18:28:00Z,False,0,11/4/2022 0:00,?,0.0,0.0,0.0,0.0,250,28,1,709,False,0.125,5,15,0,3,3,1,1,2,0
2618,0,2021-04-25T15:27:00Z,False,0,?,Fatal,1.0,0.0,0.0,1.0,250,97,1,576,False,,0,0,12,1,0,10,0,3,1
2619,0,2021-04-25T13:30:00Z,False,0,?,Serious,0.0,1.0,0.0,1.0,250,97,1,576,False,0.125,0,0,13,3,0,3,0,3,0
2620,0,2021-04-25T11:03:00Z,False,0,2/24/2023 0:00,Serious,0.0,2.0,0.0,2.0,793,1923,1,576,True,0.125,5,15,0,3,3,6,1,2,0
2621,0,2021-04-25T08:30:00Z,False,0,11/16/2021 0:00,Minor,0.0,0.0,2.0,2.0,250,106,1,2472,False,0.125,5,15,0,3,3,5,1,2,0
2622,0,2021-04-25T07:42:00Z,False,0,8/19/2022 0:00,Fatal,1.0,0.0,0.0,1.0,23,509,1,2342,False,0.125,5,15,0,1,1,4,1,2,1
2623,0,2021-04-24T20:00:00Z,False,0,10/19/2021 0:00,?,0.0,0.0,0.0,0.0,250,28,1,576,False,0.125,5,15,0,3,3,5,1,2,0
2624,1,2021-04-24T16:30:00Z,False,0,?,?,0.0,0.0,0.0,0.0,179,356,1,576,False,,0,0,6,0,0,4,0,3,0
2625,0,2021-04-24T16:00:00Z,False,0,1/26/2022 0:00,?,0.0,0.0,0.0,0.0,250,71,1,1137,False,0.125,5,13,0,3,3,5,1,2,0
2626,0,2021-04-24T15:30:00Z,False,0,7/16/2021 0:00,?,0.0,0.0,0.0,0.0,250,213,1,2682,False,0.25,5,15,0,3,3,5,1,2,0
2627,0,2021-04-24T13:12:00Z,False,0,7/20/2022 0:00,Fatal,1.0,2.0,0.0,3.0,270,1959,1,2317,False,0.125,5,15,0,1,3,1,1,2,1
2628,0,2021-04-23T18:25:00Z,False,0,?,Fatal,1.0,0.0,0.0,1.0,33,488,6,576,False,0.125,0,0,13,3,0,13,0,3,1
2629,0,2021-04-23T17:01:00Z,False,0,9/14/2022 0:00,Fatal,4.0,0.0,0.0,4.0,896,1642,1,576,False,0.125,5,15,0,3,1,3,1,2,1
2630,0,2021-04-23T15:19:00Z,False,0,9/27/2023 0:00,Fatal,2.0,0.0,0.0,2.0,1138,1859,1,1459,False,0.25,8,15,0,1,3,6,1,2,1
2631,0,2021-04-23T13:03:00Z,False,0,7/16/2021 0:00,?,0.0,0.0,0.0,0.0,841,821,1,1224,True,0.125,5,13,0,3,3,5,1,2,0
2632,0,2021-04-23T09:52:00Z,False,0,?,Fatal,1.0,0.0,0.0,1.0,1241,1784,1,576,False,,0,0,15,1,0,3,0,3,1
2633,0,2021-04-22T21:04:00Z,False,0,2/24/2023 0:00,Fatal,1.0,0.0,0.0,1.0,994,1725,6,576,False,0.125,5,15,0,1,2,3,1,2,1
2634,0,2021-04-22T15:00:00Z,False,0,?,?,0.0,0.0,0.0,0.0,1163,1432,1,1057,False,,0,0,6,3,0,5,0,3,0
2635,0,2021-04-22T14:15:00Z,False,0,7/16/2021 0:00,?,0.0,0.0,0.0,0.0,896,1660,1,1177,False,0.125,5,13,0,3,3,10,1,2,0
2636,0,2021-04-22T12:45:00Z,False,0,10/6/2022 0:00,Serious,0.0,1.0,0.0,1.0,1043,2177,4,2442,False,0.0,0,15,0,3,3,6,1,2,0
2637,0,2021-04-22T10:04:00Z,False,0,10/13/2022 0:00,Minor,0.0,0.0,1.0,1.0,474,877,1,576,False,0.125,5,13,0,3,3,3,1,2,0
2638,0,2021-04-22T07:40:00Z,False,0,8/20/2021 0:00,?,0.0,0.0,0.0,0.0,250,264,1,576,False,0.25,5,16,0,3,3,3,1,2,0
2639,0,2021-04-21T17:15:00Z,False,0,2/8/2022 0:00,?,0.0,0.0,0.0,0.0,796,1888,1,1203,True,0.125,0,15,0,3,3,10,1,2,0
2640,0,2021-04-21T15:13:00Z,False,0,7/20/2022 0:00,Fatal,1.0,1.0,0.0,2.0,284,760,1,150,False,0.125,5,13,0,3,3,4,1,2,1
2641,0,2021-04-21T14:10:00Z,False,0,6/8/2023 0:00,Minor,0.0,0.0,1.0,1.0,283,1323,1,2664,False,0.125,5,15,0,3,3,4,1,2,0
2642,0,2021-04-21T11:00:00Z,False,0,9/29/2021 0:00,?,0.0,0.0,0.0,0.0,250,87,1,576,False,0.125,5,15,0,3,3,1,1,2,0
2643,0,2021-04-21T05:58:00Z,False,0,?,Fatal,1.0,0.0,1.0,2.0,1078,1852,0,576,False,,0,0,10,0,0,13,0,0,1
2644,0,2021-04-20T20:52:00Z,False,0,7/20/2022 0:00,Fatal,2.0,0.0,0.0,2.0,896,1612,1,576,False,0.125,5,15,0,1,1,3,1,2,1
2645,0,2021-04-20T16:55:00Z,False,0,?,Fatal,1.0,1.0,0.0,2.0,723,229,1,2419,False,,0,0,0,3,0,5,0,3,1
2646,0,2021-04-20T15:13:00Z,False,0,7/20/2022 0:00,?,0.0,0.0,0.0,0.0,250,109,1,576,False,0.125,5,16,0,3,3,3,1,2,0
2647,0,2021-04-20T11:50:00Z,False,0,9/20/2021 0:00,?,0.0,0.0,0.0,0.0,361,764,1,580,False,0.125,5,15,0,3,3,10,1,2,0
2648,0,2021-04-20T08:30:00Z,False,0,9/20/2021 0:00,Serious,0.0,1.0,0.0,1.0,469,1087,2,576,False,0.0,0,14,0,0,3,5,1,2,0
2649,0,2021-04-19T15:40:00Z,False,0,?,?,0.0,0.0,0.0,0.0,379,501,1,1756,False,,0,0,6,2,0,6,0,3,0
2650,0,2021-04-19T14:50:00Z,False,0,8/20/2021 0:00,?,0.0,0.0,0.0,0.0,550,554,1,2611,False,0.125,5,15,0,3,3,5,1,2,0
2651,0,2021-04-19T13:46:00Z,False,0,9/7/2023 0:00,Fatal,1.0,0.0,0.0,1.0,250,228,1,1280,False,0.25,5,11,0,1,3,3,1,2,1
2652,0,2021-04-18T20:31:00Z,False,0,?,?,0.0,0.0,0.0,0.0,723,179,1,1961,False,,0,0,13,4,3,5,0,3,0
2653,0,2021-04-18T19:45:00Z,False,0,10/20/2021 0:00,?,0.0,0.0,0.0,0.0,250,59,1,315,False,0.125,5,15,0,3,3,4,1,2,0
2654,0,2021-04-18T11:30:00Z,False,0,10/19/2021 0:00,?,0.0,0.0,0.0,0.0,896,1570,1,571,False,0.125,5,15,0,3,3,5,1,2,0
2655,0,2021-04-17T19:50:00Z,False,0,8/17/2022 0:00,Minor,0.0,0.0,2.0,2.0,896,1663,1,2652,False,0.125,5,13,0,3,3,1,1,2,0
2656,0,2021-04-17T17:15:00Z,False,0,10/15/2021 0:00,?,0.0,0.0,0.0,0.0,250,77,1,2777,False,0.125,5,13,0,3,3,1,1,2,0
2657,0,2021-04-17T14:00:00Z,False,0,9/20/2021 0:00,?,0.0,0.0,0.0,0.0,1192,1839,1,1382,False,0.125,8,1,9,3,3,10,1,2,0
2658,0,2021-04-17T13:40:00Z,False,0,8/20/2021 0:00,?,0.0,0.0,0.0,0.0,250,32,1,837,False,0.125,5,15,0,3,3,3,1,2,0
2659,0,2021-04-17T12:05:00Z,False,0,9/20/2021 0:00,?,0.0,0.0,0.0,0.0,194,2064,5,883,True,0.125,5,15,0,3,3,5,1,2,0
2660,0,2021-04-17T10:48:00Z,False,0,1/19/2023 0:00,Fatal,2.0,0.0,0.0,2.0,956,1821,1,417,True,0.125,5,11,0,3,3,6,1,2,1
2661,0,2021-04-16T21:42:00Z,False,0,?,Fatal,1.0,1.0,0.0,2.0,896,1618,1,2028,False,0.25,0,15,0,3,3,4,0,3,1
2662,0,2021-04-16T20:30:00Z,False,0,7/20/2022 0:00,?,0.0,0.0,0.0,0.0,250,493,1,2187,False,0.125,5,15,0,3,3,4,1,2,0
2663,0,2021-04-16T11:15:00Z,False,0,?,?,0.0,0.0,0.0,0.0,250,314,1,1075,False,,0,0,13,0,0,3,0,3,0
2664,0,2021-04-16T11:10:00Z,False,0,6/14/2022 0:00,?,0.0,0.0,0.0,0.0,592,763,1,2166,True,0.125,5,15,0,3,3,5,1,2,0
2665,0,2021-04-16T10:10:00Z,False,0,10/19/2021 0:00,?,0.0,0.0,0.0,0.0,157,777,1,1553,False,0.25,8,6,8,3,3,5,1,2,0
2666,0,2021-04-15T19:48:00Z,False,0,1/31/2023 0:00,Fatal,2.0,0.0,0.0,2.0,250,28,1,866,False,0.125,5,15,0,3,3,6,1,2,1
2667,0,2021-04-15T16:05:00Z,False,0,4/19/2023 0:00,?,0.0,0.0,0.0,0.0,250,495,1,576,False,0.125,5,15,0,3,3,4,1,2,0
2668,0,2021-04-15T14:35:00Z,False,0,?,?,0.0,0.0,0.0,0.0,896,1237,1,1078,False,,0,0,15,1,0,5,0,3,0
2669,0,2021-04-15T13:58:00Z,False,0,9/20/2021 0:00,Minor,0.0,0.0,1.0,1.0,1241,1779,1,2748,False,0.125,5,15,0,3,3,1,1,2,0
2670,0,2021-04-15T12:41:00Z,False,0,?,?,0.0,0.0,0.0,0.0,157,907,1,576,False,,0,0,13,3,0,5,0,3,0
2671,0,2021-04-15T12:00:00Z,False,0,10/19/2021 0:00,?,0.0,0.0,0.0,0.0,250,493,1,1988,False,0.125,5,15,0,3,3,5,1,2,0
2672,0,2021-04-15T10:30:00Z,False,0,8/17/2022 0:00,?,0.0,0.0,0.0,0.0,509,236,1,886,False,0.25,6,16,0,3,1,5,1,2,0
2673,0,2021-04-15T10:00:00Z,False,0,9/20/2021 0:00,?,0.0,0.0,0.0,0.0,896,1581,1,2202,False,0.125,5,15,0,3,3,5,1,2,0
2674,0,2021-04-14T18:30:00Z,False,0,9/20/2021 0:00,?,0.0,0.0,0.0,0.0,896,1655,1,2293,False,0.125,5,15,0,3,3,11,1,2,0
2675,0,2021-04-14T16:40:00Z,False,0,9/20/2021 0:00,?,0.0,0.0,0.0,0.0,250,73,1,743,False,0.125,5,13,0,3,3,5,1,2,0
2676,0,2021-04-13T12:10:00Z,False,0,?,?,0.0,0.0,0.0,0.0,39,652,1,576,False,0.125,0,1,12,1,3,6,0,3,0
2677,0,2021-04-13T08:52:00Z,False,0,3/30/2022 0:00,Fatal,1.0,0.0,0.0,1.0,250,495,1,576,False,0.125,5,1,0,1,3,6,1,2,1
2678,0,2021-04-13T04:00:00Z,False,0,?,Fatal,2.0,0.0,0.0,2.0,250,60,1,576,False,,0,0,13,1,0,13,0,3,1
2679,1,2021-04-13T02:11:00Z,False,0,?,?,?,?,?,?,179,416,1,1956,False,,0,0,4,0,0,10,0,3,0
2680,0,2021-04-12T19:20:00Z,False,0,6/8/2023 0:00,Serious,0.0,1.0,1.0,2.0,896,1594,1,2484,False,0.125,5,15,0,3,3,1,1,2,0
2681,0,2021-04-11T20:40:00Z,False,0,9/20/2021 0:00,Minor,0.0,0.0,2.0,2.0,896,1600,1,2587,False,0.125,5,15,0,3,3,5,1,2,0
2682,0,2021-04-11T16:15:00Z,False,0,10/20/2021 0:00,?,0.0,0.0,0.0,0.0,250,105,1,576,False,0.125,5,15,0,3,3,3,1,2,0
2683,0,2021-04-11T09:15:00Z,False,0,7/16/2021 0:00,?,0.0,0.0,0.0,0.0,896,1626,1,2668,False,0.125,5,15,0,3,3,5,1,2,0
2684,0,2021-04-10T13:30:00Z,False,0,10/20/2021 0:00,?,0.0,0.0,0.0,0.0,250,43,1,46,False,0.125,5,15,0,3,3,4,1,2,0
2685,0,2021-04-10T12:20:00Z,False,0,8/20/2021 0:00,?,0.0,0.0,0.0,0.0,1010,1209,1,741,False,0.125,5,15,0,3,3,5,1,2,0
2686,0,2021-04-09T20:58:00Z,False,0,1/6/2022 0:00,?,0.0,0.0,0.0,0.0,1242,1773,1,715,False,0.125,0,6,0,3,3,3,1,2,0
2687,0,2021-04-09T18:45:00Z,False,0,?,?,0.0,0.0,0.0,0.0,160,142,6,576,False,0.125,0,0,12,3,0,3,0,3,0
2688,0,2021-04-09T11:15:00Z,False,0,8/20/2021 0:00,?,0.0,0.0,0.0,0.0,896,1625,1,482,False,0.125,5,6,0,3,3,10,1,2,0
2689,0,2021-04-09T10:12:00Z,False,0,8/16/2023 0:00,?,0.0,0.0,0.0,0.0,433,1000,6,576,False,0.125,9,15,0,3,3,3,1,2,0
2690,1,2021-04-09T05:17:00Z,False,0,?,?,0.0,0.0,0.0,0.0,145,661,1,1461,False,0.25,0,0,12,0,0,1,0,3,0
2691,0,2021-04-08T12:30:00Z,False,0,?,?,?,?,?,?,993,1725,6,576,False,,0,0,13,3,0,6,0,3,0
2692,0,2021-04-08T04:00:00Z,False,0,?,?,0.0,0.0,0.0,0.0,896,1660,1,1090,False,,0,0,13,2,0,1,0,3,0
2693,0,2021-04-07T14:08:00Z,False,0,2/24/2023 0:00,Fatal,1.0,1.0,0.0,2.0,250,85,1,2057,False,0.125,5,15,0,1,3,10,1,2,1
2694,0,2021-04-07T10:15:00Z,False,0,9/22/2021 0:00,?,0.0,0.0,0.0,0.0,896,1601,1,19,False,0.125,5,14,0,3,3,4,1,2,0
2695,0,2021-04-07T10:00:00Z,False,0,8/20/2021 0:00,?,0.0,0.0,0.0,0.0,250,58,1,576,False,0.125,5,15,0,3,3,5,1,2,0
2696,0,2021-04-06T15:00:00Z,False,0,4/19/2023 0:00,?,0.0,0.0,0.0,0.0,480,765,1,2176,True,0.125,5,13,0,3,3,10,1,2,0
2697,0,2021-04-06T14:00:00Z,False,0,11/16/2021 0:00,?,0.0,0.0,0.0,0.0,250,65,1,201,False,0.125,5,15,0,3,3,5,1,2,0
2698,0,2021-04-06T13:20:00Z,False,0,9/20/2021 0:00,?,0.0,0.0,0.0,0.0,250,77,1,2137,False,0.125,5,13,0,3,3,5,1,2,0
2699,0,2021-04-06T11:30:00Z,False,0,5/24/2023 0:00,Serious,0.0,1.0,0.0,1.0,157,536,1,2839,False,0.125,5,15,0,3,3,3,1,2,0
2700,0,2021-04-05T19:39:00Z,False,0,10/13/2022 0:00,Fatal,1.0,0.0,0.0,1.0,441,1750,11,576,False,0.125,5,15,0,3,3,6,1,2,1
2701,0,2021-04-05T17:00:00Z,False,0,9/14/2022 0:00,?,0.0,0.0,0.0,0.0,994,1725,6,576,False,0.125,5,15,0,3,3,5,1,2,0
2702,0,2021-04-05T16:00:00Z,False,0,9/20/2021 0:00,Minor,0.0,0.0,1.0,1.0,771,1446,1,576,False,0.125,5,15,0,3,3,5,1,2,0
2703,0,2021-04-05T09:50:00Z,False,0,7/20/2022 0:00,Serious,0.0,2.0,0.0,2.0,896,1584,1,1883,False,0.25,5,13,0,3,3,10,1,2,0
2704,0,2021-04-04T18:30:00Z,False,0,8/20/2021 0:00,Serious,0.0,1.0,1.0,2.0,403,131,7,576,False,0.125,5,15,0,3,3,6,1,2,0
2705,0,2021-04-04T16:30:00Z,False,0,11/16/2021 0:00,Minor,0.0,0.0,1.0,1.0,925,1704,1,2298,False,0.125,5,15,0,3,3,1,1,2,0
2706,0,2021-04-03T17:35:00Z,False,0,7/20/2022 0:00,Fatal,1.0,0.0,0.0,1.0,760,1103,1,576,False,0.125,5,15,0,3,3,6,1,2,1
2707,0,2021-04-03T16:30:00Z,False,0,5/3/2023 0:00,Serious,0.0,1.0,0.0,1.0,995,1728,6,372,False,0.125,9,15,0,3,3,5,1,2,0
2708,0,2021-04-03T13:15:00Z,False,0,1/31/2023 0:00,?,0.0,0.0,0.0,0.0,250,155,1,597,False,0.125,8,6,8,3,1,13,1,2,0
2709,0,2021-04-03T12:48:00Z,False,0,2/24/2023 0:00,?,0.0,0.0,0.0,0.0,811,1384,1,841,False,0.125,5,15,0,3,3,10,1,2,0
2710,0,2021-04-03T12:27:00Z,False,0,?,?,0.0,0.0,0.0,0.0,956,1844,1,1755,False,,0,0,13,3,0,9,0,3,0
2711,0,2021-04-03T11:22:00Z,False,0,9/20/2021 0:00,Minor,0.0,0.0,1.0,1.0,250,60,1,2607,False,0.125,5,15,0,3,3,5,1,2,0
2712,0,2021-04-03T11:13:00Z,False,0,8/20/2021 0:00,Minor,0.0,0.0,1.0,1.0,250,87,1,2892,False,0.125,5,15,0,3,3,5,1,2,0
2713,0,2021-04-03T07:30:00Z,False,0,9/20/2023 0:00,?,0.0,0.0,0.0,0.0,157,703,1,2622,False,0.125,5,15,0,3,3,4,1,2,0
2714,0,2021-04-02T21:30:00Z,False,0,?,Minor,0.0,0.0,1.0,1.0,896,1677,1,576,False,,0,0,15,3,0,13,0,3,0
2715,1,2021-04-02T17:55:00Z,False,0,?,?,0.0,0.0,0.0,0.0,896,1632,1,1994,False,,0,0,6,4,3,10,0,3,0
2716,0,2021-04-02T12:35:00Z,False,0,8/20/2021 0:00,?,0.0,0.0,0.0,0.0,250,87,1,100,False,0.125,5,15,0,3,3,5,1,2,0
2717,1,2021-04-02T11:30:00Z,False,0,?,?,?,?,?,?,179,356,1,1803,False,,0,0,6,4,0,13,0,3,0
2718,0,2021-04-01T17:16:00Z,False,0,?,Fatal,1.0,0.0,0.0,1.0,250,97,1,576,False,,0,0,13,3,0,4,0,3,1
2719,0,2021-04-01T16:00:00Z,False,0,8/16/2022 0:00,?,0.0,0.0,0.0,0.0,896,1594,1,263,False,0.125,5,15,0,3,3,1,1,2,0
2720,0,2021-04-01T12:30:00Z,False,0,8/20/2021 0:00,?,0.0,0.0,0.0,0.0,250,97,1,676,False,0.125,5,15,0,3,3,11,1,2,0
2721,0,2021-04-01T09:45:00Z,False,0,?,?,?,?,?,?,39,653,0,576,False,,0,0,10,0,0,3,0,0,0
2722,1,2021-04-01T00:10:00Z,False,0,?,?,0.0,0.0,0.0,0.0,896,1663,1,576,False,0.125,0,0,13,2,0,5,0,3,0
2723,0,2021-03-31T15:30:00Z,False,0,8/20/2021 0:00,?,0.0,0.0,0.0,0.0,106,1835,1,576,False,0.125,8,1,9,1,3,10,1,2,0
2724,0,2021-03-31T12:13:00Z,False,0,9/22/2021 0:00,Serious,0.0,1.0,0.0,1.0,250,60,1,838,False,0.125,5,13,0,3,3,5,1,2,0
2725,0,2021-03-30T21:10:00Z,False,0,?,Fatal,2.0,0.0,0.0,2.0,250,2038,1,576,False,,0,0,6,4,0,13,0,3,1
2726,0,2021-03-30T17:10:00Z,False,0,?,?,0.0,0.0,0.0,0.0,250,32,1,576,False,,0,0,13,3,0,13,0,3,0
2727,0,2021-03-30T14:32:00Z,False,0,8/20/2021 0:00,?,0.0,0.0,0.0,0.0,250,42,1,576,False,0.125,5,15,0,3,3,3,1,2,0
2728,0,2021-03-30T13:45:00Z,False,0,?,?,?,?,?,?,1034,51,6,576,False,,0,0,13,3,0,5,0,3,0
2729,0,2021-03-30T10:57:00Z,False,0,4/26/2023 0:00,Serious,0.0,1.0,0.0,1.0,644,1236,1,576,False,0.125,5,15,0,3,3,3,1,2,0
2730,0,2021-03-29T18:00:00Z,False,0,6/8/2023 0:00,Fatal,1.0,0.0,0.0,1.0,101,472,1,576,False,0.125,5,15,0,3,3,6,1,2,1
2731,0,2021-03-29T15:47:00Z,False,0,1/31/2023 0:00,Minor,0.0,0.0,2.0,2.0,896,1594,1,576,False,0.125,5,15,0,3,3,3,1,2,0
2732,0,2021-03-29T12:00:00Z,False,0,9/20/2021 0:00,?,0.0,0.0,0.0,0.0,739,448,1,65,False,0.125,5,15,0,3,3,9,1,2,0
2733,0,2021-03-28T18:00:00Z,False,0,1/6/2022 0:00,Serious,0.0,1.0,3.0,4.0,421,1015,1,576,False,0.25,6,0,4,0,2,1,1,2,0
2734,0,2021-03-28T16:00:00Z,False,0,8/26/2022 0:00,Minor,0.0,0.0,1.0,1.0,896,1572,1,1781,False,0.125,5,15,0,3,3,1,1,2,0
2735,0,2021-03-28T14:28:00Z,False,0,3/29/2023 0:00,?,0.0,0.0,0.0,0.0,270,1959,1,576,False,0.125,5,15,0,3,3,3,1,2,0
2736,0,2021-03-28T14:00:00Z,False,0,9/20/2021 0:00,?,0.0,0.0,0.0,0.0,293,1518,1,2835,False,0.125,5,15,0,3,3,10,1,2,0
2737,0,2021-03-28T12:00:00Z,False,0,1/31/2023 0:00,?,0.0,0.0,0.0,0.0,771,1465,1,2163,False,0.125,5,15,0,3,3,5,1,2,0
2738,0,2021-03-27T19:20:00Z,False,0,?,Fatal,7.0,0.0,0.0,7.0,250,259,1,1953,False,,0,0,13,4,0,13,0,3,1
2739,0,2021-03-27T18:36:00Z,False,0,9/27/2023 0:00,Fatal,5.0,1.0,0.0,6.0,127,609,6,576,False,0.125,9,14,8,3,3,5,1,2,1
2740,0,2021-03-27T17:45:00Z,False,0,9/20/2021 0:00,?,0.0,0.0,0.0,0.0,100,472,1,2138,False,0.125,5,15,0,3,3,5,1,2,0
2741,0,2021-03-27T17:25:00Z,False,0,8/20/2021 0:00,Minor,0.0,0.0,1.0,1.0,160,1503,6,576,False,0.125,9,15,0,3,3,5,1,2,0
2742,0,2021-03-27T16:10:00Z,False,0,9/20/2021 0:00,?,0.0,0.0,0.0,0.0,76,582,1,2115,False,0.125,5,15,0,3,3,5,1,2,0
2743,0,2021-03-27T16:00:00Z,False,0,7/20/2022 0:00,?,0.0,0.0,0.0,0.0,896,1242,1,576,False,0.125,5,15,0,3,3,1,1,2,0
2744,0,2021-03-27T12:45:00Z,False,0,8/20/2021 0:00,?,0.0,0.0,0.0,0.0,250,112,1,1201,False,0.125,5,15,0,3,3,5,1,2,0
2745,0,2021-03-27T12:30:00Z,False,0,9/29/2021 0:00,?,0.0,0.0,0.0,0.0,811,1387,1,1516,False,0.125,5,15,0,3,3,5,1,2,0
2746,0,2021-03-27T12:30:00Z,False,0,?,?,0.0,0.0,0.0,0.0,157,465,1,1058,False,,0,0,13,4,0,5,0,3,0
2747,0,2021-03-27T11:43:00Z,False,0,8/20/2021 0:00,?,0.0,0.0,0.0,0.0,270,1958,1,384,False,0.125,5,15,0,3,3,5,1,2,0
2748,0,2021-03-27T10:05:00Z,False,0,?,?,?,?,?,?,880,1536,1,576,False,,0,0,13,3,0,3,0,3,0
2749,1,2021-03-27T03:15:00Z,False,0,?,?,0.0,0.0,0.0,0.0,179,356,1,576,False,,0,0,6,2,0,10,0,3,0
2750,1,2021-03-26T20:40:00Z,False,0,?,?,0.0,0.0,0.0,0.0,45,516,1,2559,False,,0,0,6,2,0,3,0,3,0
2751,0,2021-03-26T16:30:00Z,False,0,8/20/2021 0:00,Serious,0.0,1.0,0.0,1.0,166,78,1,1094,False,0.125,5,15,0,3,3,4,1,2,0
2752,0,2021-03-26T16:24:00Z,False,0,?,?,0.0,0.0,0.0,0.0,157,130,1,576,False,,0,0,15,1,0,2,0,3,0
2753,0,2021-03-26T16:00:00Z,False,0,8/20/2021 0:00,?,0.0,0.0,0.0,0.0,381,919,1,2763,False,0.125,5,13,0,3,3,5,1,2,0
2754,0,2021-03-26T15:27:00Z,False,0,8/16/2022 0:00,Serious,0.0,2.0,0.0,2.0,157,229,1,2855,False,0.125,5,13,0,3,3,1,1,2,0
2755,0,2021-03-26T15:15:00Z,False,0,8/19/2022 0:00,Serious,0.0,2.0,2.0,4.0,996,1727,6,576,False,0.125,5,3,0,3,3,6,1,2,0
2756,1,2021-03-26T10:40:00Z,False,0,5/27/2022 0:00,?,0.0,0.0,0.0,0.0,183,850,1,809,False,0.25,6,0,4,2,3,4,1,2,0
2757,0,2021-03-26T08:45:00Z,False,0,9/20/2021 0:00,?,0.0,0.0,0.0,0.0,250,42,1,2041,False,0.125,5,15,0,3,3,5,1,2,0
2758,0,2021-03-25T12:30:00Z,False,0,9/20/2021 0:00,?,0.0,0.0,0.0,0.0,605,241,6,576,False,0.125,9,8,7,3,3,6,1,2,0
2759,1,2021-03-24T22:43:00Z,False,0,?,?,?,?,?,?,179,400,1,576,False,0.25,0,0,4,0,0,5,0,3,0
2760,1,2021-03-24T19:49:00Z,False,0,?,?,?,?,?,?,3,1086,1,576,False,,0,0,12,0,0,11,0,3,0
2761,0,2021-03-24T16:00:00Z,False,0,9/20/2021 0:00,?,0.0,0.0,0.0,0.0,896,1621,1,769,False,0.125,5,15,0,3,3,11,1,2,0
2762,0,2021-03-24T12:19:00Z,False,0,8/20/2021 0:00,?,0.0,0.0,0.0,0.0,250,153,1,1828,False,0.125,5,15,0,3,3,5,1,2,0
2763,0,2021-03-24T00:21:00Z,False,0,4/19/2023 0:00,Serious,0.0,2.0,0.0,2.0,811,1383,1,1240,False,0.125,5,15,0,3,3,3,1,2,0
2764,0,2021-03-23T09:00:00Z,False,0,9/21/2022 0:00,Minor,0.0,0.0,1.0,1.0,250,77,1,2206,False,0.125,5,15,0,3,3,10,1,2,0
2765,1,2021-03-23T04:00:00Z,False,0,?,Serious,0.0,4.0,2.0,6.0,24,607,6,576,False,,0,0,13,3,0,3,0,3,0
2766,0,2021-03-22T17:00:00Z,False,0,7/5/2022 0:00,?,0.0,0.0,0.0,0.0,1159,2195,1,1004,True,0.125,5,15,0,3,3,10,1,2,0
2767,0,2021-03-22T16:00:00Z,False,0,8/20/2021 0:00,?,0.0,0.0,0.0,0.0,250,2055,1,2082,False,0.25,5,15,0,3,3,5,1,2,0
2768,0,2021-03-22T12:30:00Z,False,0,8/16/2022 0:00,?,0.0,0.0,0.0,0.0,896,1613,1,576,False,0.25,5,15,0,3,3,3,1,2,0
2769,1,2021-03-22T01:50:00Z,False,0,?,?,0.0,0.0,0.0,0.0,179,380,1,2159,False,,0,0,6,2,0,3,0,3,0
2770,0,2021-03-21T08:35:00Z,False,0,8/20/2021 0:00,?,0.0,0.0,0.0,0.0,896,1600,1,2167,False,0.125,5,15,0,3,3,10,1,2,0
2771,0,2021-03-20T22:17:00Z,False,0,?,?,0.0,0.0,0.0,0.0,179,356,1,576,False,,0,0,12,1,0,5,0,3,0
2772,0,2021-03-20T15:30:00Z,False,0,10/19/2021 0:00,Minor,0.0,0.0,1.0,1.0,250,493,1,1167,False,0.125,5,15,0,3,3,5,1,2,0
2773,0,2021-03-20T09:25:00Z,False,0,8/20/2021 0:00,?,0.0,0.0,0.0,0.0,234,2224,2,576,False,0.0,0,15,0,3,3,1,1,2,0
2774,0,2021-03-20T07:04:00Z,False,0,?,Fatal,2.0,0.0,0.0,2.0,250,154,1,576,False,,0,0,13,1,0,3,0,3,1
2775,0,2021-03-19T16:15:00Z,False,0,8/20/2021 0:00,?,0.0,0.0,0.0,0.0,157,536,1,2673,False,0.125,5,6,0,3,3,5,1,2,0
2776,0,2021-03-19T09:00:00Z,False,0,?,?,0.0,0.0,0.0,0.0,250,60,1,576,False,,0,0,13,3,0,13,0,3,0
2777,0,2021-03-19T04:00:00Z,False,0,?,Fatal,4.0,0.0,0.0,4.0,160,142,6,576,False,,0,0,15,4,0,3,0,3,1
2778,0,2021-03-18T16:15:00Z,False,0,12/6/2022 0:00,?,0.0,0.0,0.0,0.0,250,107,1,2767,False,0.125,5,15,0,3,3,1,1,2,0
2779,0,2021-03-18T14:27:00Z,False,0,9/21/2022 0:00,?,0.0,0.0,0.0,0.0,360,1330,1,576,False,0.125,8,15,0,3,3,3,1,2,0
2780,0,2021-03-18T12:53:00Z,False,0,8/20/2021 0:00,?,0.0,0.0,0.0,0.0,250,156,1,1886,False,0.125,5,15,0,3,3,3,1,2,0
2781,1,2021-03-18T04:00:00Z,False,0,?,?,?,?,?,?,775,926,1,576,False,,0,0,12,0,0,9,0,3,0
2782,0,2021-03-18T00:30:00Z,False,0,10/19/2021 0:00,?,0.0,0.0,0.0,0.0,157,694,1,2695,False,0.125,5,15,0,3,3,4,1,2,0
2783,0,2021-03-17T16:00:00Z,False,0,?,?,?,?,?,?,250,118,1,576,False,,0,0,6,4,0,13,0,3,0
2784,0,2021-03-17T15:26:00Z,False,0,8/20/2021 0:00,?,0.0,0.0,0.0,0.0,250,60,1,836,False,0.125,5,20,14,3,3,10,1,2,0
2785,0,2021-03-17T12:45:00Z,False,0,9/20/2021 0:00,?,0.0,0.0,0.0,0.0,896,1570,1,570,False,0.125,5,15,0,3,3,5,1,2,0
2786,0,2021-03-17T12:00:00Z,False,0,?,?,?,?,?,?,250,60,1,576,False,,0,0,13,4,0,3,0,3,0
2787,0,2021-03-17T11:55:00Z,False,0,9/20/2021 0:00,?,0.0,0.0,0.0,0.0,198,2225,1,2298,False,0.125,5,15,0,3,3,5,1,2,0
2788,0,2021-03-17T10:55:00Z,False,0,8/20/2021 0:00,?,0.0,0.0,0.0,0.0,896,1558,1,1081,False,0.125,5,15,0,3,3,5,1,2,0
2789,0,2021-03-17T10:00:00Z,False,0,?,Fatal,1.0,2.0,0.0,3.0,993,1725,6,576,False,,0,0,13,1,0,13,0,3,1
2790,0,2021-03-16T16:00:00Z,False,0,9/20/2021 0:00,Minor,0.0,0.0,1.0,1.0,896,1660,1,92,False,0.125,5,15,0,3,3,5,1,2,0
2791,1,2021-03-16T14:45:00Z,False,0,?,?,?,?,?,?,179,356,1,576,False,,0,0,12,0,0,1,0,3,0
2792,0,2021-03-16T13:19:00Z,False,0,1/6/2022 0:00,Serious,0.0,1.0,0.0,1.0,183,850,1,1621,False,0.25,6,0,4,0,3,9,1,2,0
2793,0,2021-03-16T12:52:00Z,False,0,6/8/2023 0:00,Serious,0.0,1.0,0.0,1.0,1045,1425,4,442,False,0.0,0,15,0,3,3,10,1,2,0
2794,0,2021-03-16T10:40:00Z,False,0,8/20/2021 0:00,?,0.0,0.0,0.0,0.0,896,1599,1,1229,False,0.125,5,13,0,3,3,5,1,2,0
2795,0,2021-03-16T07:45:00Z,False,0,9/20/2021 0:00,Minor,0.0,0.0,2.0,2.0,160,142,6,576,False,0.125,9,15,0,3,3,6,1,2,0
2796,0,2021-03-16T04:00:00Z,False,0,?,?,?,?,?,?,250,45,1,576,False,,0,0,13,3,0,3,0,3,0
2797,1,2021-03-15T15:55:00Z,False,0,?,?,?,?,?,?,179,380,1,576,False,,0,0,12,0,0,11,0,3,0
2798,0,2021-03-15T15:14:00Z,False,0,6/14/2023 0:00,Minor,0.0,0.0,1.0,1.0,1097,1443,1,576,False,0.125,5,15,0,3,3,3,1,2,0
2799,0,2021-03-15T15:00:00Z,False,0,1/6/2022 0:00,Serious,0.0,1.0,0.0,1.0,179,418,1,1567,False,0.25,6,0,4,0,3,1,1,2,0
2800,0,2021-03-15T14:58:00Z,False,0,2/24/2023 0:00,Fatal,3.0,1.0,0.0,2.0,157,705,1,1398,False,0.125,5,15,0,1,3,4,1,2,1
2801,0,2021-03-15T10:30:00Z,False,0,4/5/2023 0:00,?,0.0,0.0,0.0,0.0,250,2046,1,2707,False,0.125,5,15,0,3,3,5,1,2,0
2802,0,2021-03-15T09:40:00Z,False,0,11/4/2022 0:00,?,0.0,0.0,0.0,0.0,40,644,1,2298,False,0.125,8,1,9,2,3,6,1,2,0
2803,0,2021-03-15T09:26:00Z,False,0,?,?,?,?,?,?,993,1725,6,576,False,,0,0,13,3,0,3,0,3,0
2804,0,2021-03-14T14:00:00Z,False,0,8/20/2021 0:00,?,0.0,0.0,0.0,0.0,898,1556,1,2317,False,0.125,5,15,0,3,3,5,1,2,0
2805,0,2021-03-13T14:55:00Z,False,0,9/20/2021 0:00,Minor,0.0,0.0,1.0,1.0,160,145,6,576,False,0.125,9,1,9,3,3,6,1,2,0
2806,0,2021-03-13T14:00:00Z,False,0,?,Minor,0.0,0.0,4.0,4.0,996,1727,6,1802,False,0.125,0,15,13,3,0,4,0,3,0
2807,0,2021-03-13T09:05:00Z,False,0,8/20/2021 0:00,Minor,0.0,0.0,1.0,1.0,250,39,1,576,False,0.125,5,15,0,3,3,10,1,2,0
2808,1,2021-03-13T05:00:00Z,False,0,?,?,0.0,0.0,0.0,0.0,617,1193,1,576,False,,0,0,13,2,0,5,0,3,0
2809,0,2021-03-12T17:45:00Z,False,0,10/19/2021 0:00,?,0.0,0.0,0.0,0.0,250,155,1,2758,False,0.125,8,6,8,3,3,11,1,2,0
2810,0,2021-03-12T17:30:00Z,False,0,10/19/2021 0:00,?,0.0,0.0,0.0,0.0,896,1573,1,576,False,0.125,5,15,0,3,3,6,1,2,0
2811,0,2021-03-12T13:10:00Z,False,0,9/29/2021 0:00,?,0.0,0.0,0.0,0.0,896,1579,1,2171,False,0.125,5,15,0,3,3,5,1,2,0
2812,0,2021-03-11T20:53:00Z,False,0,3/1/2023 0:00,?,0.0,0.0,0.0,0.0,250,275,1,103,False,0.25,5,15,0,3,3,10,1,2,0
2813,0,2021-03-11T16:30:00Z,False,0,9/20/2021 0:00,?,0.0,0.0,0.0,0.0,100,477,1,2037,False,0.125,5,15,0,3,3,5,1,2,0
2814,0,2021-03-11T15:00:00Z,False,0,9/20/2021 0:00,Serious,0.0,1.0,0.0,1.0,304,812,1,576,False,0.125,5,15,0,3,3,10,1,2,0
2815,1,2021-03-11T01:35:00Z,False,0,?,?,?,?,?,?,45,510,1,576,False,,0,0,12,2,0,10,0,3,0
2816,0,2021-03-10T03:30:00Z,False,0,9/14/2022 0:00,Minor,0.0,0.0,1.0,1.0,157,462,1,814,False,0.25,5,15,0,3,3,9,1,2,0
2817,0,2021-03-09T16:39:00Z,False,0,8/20/2021 0:00,?,0.0,0.0,0.0,0.0,995,1728,6,576,False,0.125,9,15,0,3,3,5,1,2,0
2818,0,2021-03-09T13:45:00Z,False,0,9/22/2021 0:00,?,0.0,0.0,0.0,0.0,157,2000,1,673,False,0.125,5,13,0,3,3,5,1,2,0
2819,0,2021-03-09T13:15:00Z,False,0,7/26/2023 0:00,?,0.0,0.0,0.0,0.0,250,57,1,576,False,0.125,5,15,0,3,3,5,1,2,0
2820,0,2021-03-07T18:30:00Z,False,0,9/20/2021 0:00,?,0.0,0.0,0.0,0.0,886,1694,1,2319,True,0.125,5,15,0,3,3,5,1,2,0
2821,0,2021-03-07T14:20:00Z,False,0,8/20/2021 0:00,?,0.0,0.0,0.0,0.0,250,493,1,2290,False,0.125,5,15,0,3,3,5,1,2,0
2822,0,2021-03-07T13:58:00Z,False,0,8/20/2021 0:00,?,0.0,0.0,0.0,0.0,896,1629,1,282,False,0.125,5,15,0,3,3,5,1,2,0
2823,0,2021-03-07T10:52:00Z,False,0,9/20/2021 0:00,Minor,0.0,0.0,1.0,1.0,250,120,1,862,False,0.125,5,15,0,3,3,5,1,2,0
2824,0,2021-03-06T13:55:00Z,False,0,12/17/2021 0:00,?,0.0,0.0,0.0,0.0,896,1576,1,1988,False,0.125,5,15,0,3,3,10,1,2,0
2825,0,2021-03-06T13:17:00Z,False,0,8/16/2022 0:00,Fatal,1.0,1.0,0.0,2.0,157,229,1,576,False,0.125,5,15,0,3,3,3,1,2,1
2826,0,2021-03-06T10:58:00Z,False,0,8/20/2021 0:00,?,0.0,0.0,0.0,0.0,23,502,1,1224,False,0.125,5,15,0,3,3,5,1,2,0
2827,0,2021-03-06T07:10:00Z,False,0,7/19/2022 0:00,Fatal,1.0,0.0,0.0,1.0,99,475,1,576,False,0.125,5,15,0,1,3,3,1,2,1
2828,0,2021-03-05T18:45:00Z,False,0,?,Minor,0.0,0.0,2.0,2.0,160,166,6,576,False,,0,0,15,3,0,13,0,3,0
2829,0,2021-03-05T17:00:00Z,False,0,8/20/2021 0:00,Minor,0.0,0.0,1.0,1.0,910,2085,1,1350,True,0.125,5,15,0,3,3,5,1,2,0
2830,0,2021-03-05T16:50:00Z,False,0,?,?,0.0,0.0,0.0,0.0,250,97,1,576,False,,0,0,13,3,0,3,0,3,0
2831,0,2021-03-05T15:06:00Z,False,0,?,Fatal,2.0,0.0,0.0,2.0,896,1599,1,576,False,0.125,0,15,0,1,2,13,0,3,1
2832,0,2021-03-05T11:10:00Z,False,0,7/20/2022 0:00,Serious,0.0,1.0,1.0,2.0,12,1228,1,576,False,0.125,6,13,0,1,3,6,1,2,0
2833,0,2021-03-05T10:15:00Z,False,0,8/20/2021 0:00,?,0.0,0.0,0.0,0.0,40,639,1,576,False,0.125,8,1,9,3,3,6,1,2,0
2834,0,2021-03-04T17:10:00Z,False,0,8/20/2021 0:00,?,0.0,0.0,0.0,0.0,1245,1731,1,1365,False,0.125,5,13,0,3,3,5,1,2,0
2835,0,2021-03-04T16:10:00Z,False,0,1/19/2023 0:00,Fatal,1.0,0.0,0.0,1.0,157,784,1,85,False,0.125,5,15,0,3,3,4,1,2,1
2836,1,2021-03-04T16:02:00Z,False,0,?,?,?,?,?,?,320,32,1,2509,False,,0,13,0,3,0,5,0,3,0
2837,0,2021-03-04T16:00:00Z,False,0,12/6/2022 0:00,?,0.0,0.0,0.0,0.0,250,493,1,576,False,0.125,5,15,0,3,3,9,1,2,0
2838,0,2021-03-03T21:35:00Z,False,0,?,?,0.0,0.0,0.0,0.0,896,1618,1,576,False,0.25,0,0,13,3,0,6,0,3,0
2839,1,2021-03-03T19:13:00Z,False,0,?,?,0.0,0.0,0.0,0.0,250,303,1,2741,False,,0,0,12,2,0,10,0,3,0
2840,0,2021-03-03T18:45:00Z,False,0,1/19/2023 0:00,Serious,0.0,1.0,1.0,2.0,250,66,1,450,False,0.125,5,15,0,3,3,1,1,2,0
2841,0,2021-03-03T18:30:00Z,False,0,10/19/2021 0:00,?,0.0,0.0,0.0,0.0,1175,722,1,576,False,0.125,5,15,0,3,3,11,1,2,0
2842,1,2021-03-03T18:00:00Z,False,0,?,?,0.0,0.0,0.0,0.0,611,257,1,1174,False,,0,0,15,4,0,5,0,3,0
2843,0,2021-03-03T16:15:00Z,False,0,8/20/2021 0:00,?,0.0,0.0,0.0,0.0,157,175,1,2374,False,0.125,5,15,0,3,3,5,1,2,0
2844,0,2021-03-03T14:16:00Z,False,0,?,Fatal,1.0,0.0,0.0,1.0,1303,2202,1,576,False,,0,0,13,3,0,4,0,3,1
2845,0,2021-03-03T13:20:00Z,False,0,9/21/2022 0:00,?,0.0,0.0,0.0,0.0,250,40,1,576,False,0.125,5,13,0,3,3,3,1,2,0
2846,0,2021-03-02T16:45:00Z,False,0,1/19/2023 0:00,?,0.0,0.0,0.0,0.0,250,156,1,1933,False,0.125,5,15,0,3,3,3,1,2,0
2847,0,2021-03-02T16:40:00Z,False,0,?,?,0.0,0.0,0.0,0.0,896,1613,1,576,False,0.25,0,0,13,3,0,1,0,3,0
2848,0,2021-03-02T16:39:00Z,False,0,9/14/2022 0:00,Fatal,1.0,0.0,0.0,1.0,995,1728,6,576,False,0.125,9,15,0,1,2,3,1,2,1
2849,1,2021-03-02T12:00:00Z,False,0,?,?,0.0,0.0,0.0,0.0,127,612,6,576,False,,0,0,15,0,0,6,0,3,0
2850,0,2021-03-02T08:47:00Z,False,0,1/31/2023 0:00,?,0.0,0.0,0.0,0.0,250,1530,1,2095,False,0.125,5,15,0,3,3,5,1,2,0
2851,0,2021-03-01T18:00:00Z,False,0,1/6/2022 0:00,?,0.0,0.0,0.0,0.0,160,591,10,576,False,0.5,1,0,14,3,3,3,1,2,0
2852,0,2021-03-01T05:00:00Z,False,0,?,Fatal,5.0,0.0,0.0,5.0,157,701,1,576,False,,0,0,15,3,0,13,0,3,1
2853,0,2021-02-28T22:30:00Z,False,0,?,?,?,?,?,?,896,1659,1,576,False,,0,0,13,4,0,13,0,3,0
2854,0,2021-02-28T17:05:00Z,False,0,8/20/2021 0:00,Serious,0.0,1.0,0.0,1.0,896,1240,1,203,False,0.125,5,15,0,3,3,1,1,2,0
2855,0,2021-02-28T16:56:00Z,False,0,10/19/2021 0:00,?,0.0,0.0,0.0,0.0,250,2120,1,524,False,0.125,5,0,8,3,3,5,1,2,0
2856,0,2021-02-28T13:30:00Z,False,0,12/20/2022 0:00,Fatal,1.0,1.0,0.0,2.0,739,449,1,1187,False,0.125,5,15,0,3,3,4,1,2,1
2857,0,2021-02-28T12:15:00Z,False,0,10/20/2021 0:00,?,0.0,0.0,0.0,0.0,896,1556,1,664,False,0.125,5,15,0,3,3,5,1,2,0
2858,0,2021-02-27T18:00:00Z,False,0,?,Fatal,1.0,1.0,0.0,2.0,993,1721,6,576,True,0.125,0,0,15,3,0,6,0,3,1
2859,0,2021-02-27T16:15:00Z,False,0,9/20/2021 0:00,?,0.0,0.0,0.0,0.0,892,734,1,233,True,0.125,5,15,0,3,3,5,1,2,0
2860,0,2021-02-27T12:16:00Z,False,0,1/31/2023 0:00,Minor,0.0,0.0,1.0,1.0,250,36,1,680,False,0.125,5,16,0,3,3,1,1,2,0
2861,0,2021-02-27T11:30:00Z,False,0,8/19/2022 0:00,?,0.0,0.0,0.0,0.0,896,1582,1,2181,False,0.25,5,13,0,3,3,5,1,2,0
2862,0,2021-02-27T11:00:00Z,False,0,8/20/2021 0:00,?,0.0,0.0,0.0,0.0,514,2229,1,2847,True,0.125,5,15,0,3,3,5,1,2,0
2863,1,2021-02-27T01:35:00Z,False,0,?,?,0.0,0.0,0.0,0.0,179,407,1,576,False,0.25,0,0,12,0,0,3,0,3,0
2864,0,2021-02-26T19:11:00Z,False,0,3/22/2023 0:00,Fatal,3.0,0.0,0.0,3.0,250,1720,1,1315,False,0.125,5,15,0,1,1,4,1,2,1
2865,0,2021-02-26T18:15:00Z,False,0,10/19/2021 0:00,Serious,0.0,1.0,1.0,2.0,381,910,1,576,False,0.125,5,13,0,3,3,1,1,2,0
2866,0,2021-02-26T16:40:00Z,False,0,10/13/2022 0:00,?,0.0,0.0,0.0,0.0,994,1725,6,576,False,0.125,5,14,0,3,3,6,1,2,0
2867,0,2021-02-26T16:30:00Z,False,0,8/20/2021 0:00,?,0.0,0.0,0.0,0.0,605,239,6,576,False,0.125,9,3,0,3,3,6,1,2,0
2868,0,2021-02-26T15:45:00Z,False,0,3/1/2023 0:00,?,0.0,0.0,0.0,0.0,250,60,1,1805,False,0.125,0,13,0,3,3,3,1,2,0
2869,0,2021-02-26T13:05:00Z,False,0,9/20/2021 0:00,?,0.0,0.0,0.0,0.0,157,1135,1,2690,False,0.125,5,15,0,3,3,5,1,2,0
2870,0,2021-02-25T17:30:00Z,False,0,8/20/2021 0:00,Serious,0.0,1.0,0.0,1.0,946,1469,1,576,True,0.125,5,15,0,3,3,1,1,2,0
2871,0,2021-02-25T12:26:00Z,False,0,9/7/2023 0:00,Serious,0.0,2.0,0.0,2.0,351,1427,1,2215,False,0.125,7,20,14,3,3,10,1,2,0
2872,0,2021-02-24T23:59:00Z,False,0,9/20/2021 0:00,?,0.0,0.0,0.0,0.0,433,1002,6,2376,False,0.125,9,0,8,3,3,5,1,2,0
2873,1,2021-02-24T20:30:00Z,False,0,?,?,0.0,0.0,0.0,0.0,755,1856,1,576,False,,0,0,13,2,0,3,0,3,0
2874,0,2021-02-24T17:00:00Z,False,0,9/21/2022 0:00,Minor,0.0,0.0,2.0,2.0,250,103,1,576,False,0.125,5,15,0,3,3,9,1,2,0
2875,0,2021-02-24T15:00:00Z,False,0,10/15/2021 0:00,Minor,0.0,0.0,1.0,1.0,250,62,1,2089,False,0.125,5,15,0,3,3,3,1,2,0
2876,0,2021-02-24T14:18:00Z,False,0,?,?,?,?,?,?,250,86,1,576,False,,0,0,15,3,0,3,0,3,0
2877,0,2021-02-24T12:04:00Z,False,0,8/15/2023 0:00,Fatal,1.0,0.0,0.0,1.0,1111,1326,1,576,True,0.125,5,15,0,3,3,3,1,2,1
2878,0,2021-02-24T11:50:00Z,False,0,9/20/2021 0:00,?,0.0,0.0,0.0,0.0,131,551,1,2497,False,0.125,5,15,0,3,3,4,1,2,0
2879,0,2021-02-24T10:46:00Z,False,0,8/20/2021 0:00,Serious,0.0,1.0,1.0,2.0,1206,1780,1,475,True,0.125,5,15,0,3,3,5,1,2,0
2880,0,2021-02-23T17:45:00Z,False,0,8/16/2022 0:00,?,0.0,0.0,0.0,0.0,811,1385,1,1855,False,0.125,5,15,0,3,3,4,1,2,0
2881,0,2021-02-23T05:00:00Z,False,0,?,?,0.0,0.0,0.0,0.0,993,1728,6,576,False,,0,0,6,3,0,6,0,3,0
2882,0,2021-02-22T18:56:00Z,False,0,6/22/2023 0:00,Fatal,1.0,0.0,0.0,1.0,1241,1783,1,1875,True,0.125,5,15,0,3,3,4,1,2,1
2883,0,2021-02-22T15:00:00Z,False,0,8/20/2021 0:00,Minor,0.0,0.0,3.0,3.0,160,1503,6,576,False,0.125,9,18,14,3,3,6,1,2,0
2884,0,2021-02-22T12:45:00Z,False,0,2/24/2023 0:00,Minor,0.0,0.0,1.0,1.0,250,275,1,2194,False,0.25,5,7,0,3,1,5,1,2,0
2885,0,2021-02-22T12:00:00Z,False,0,1/19/2023 0:00,?,0.0,0.0,0.0,0.0,898,1679,1,1931,False,0.125,5,15,0,3,3,5,1,2,0
2886,0,2021-02-22T10:57:00Z,False,0,8/20/2021 0:00,?,0.0,0.0,0.0,0.0,896,1601,1,1229,False,0.125,5,13,0,3,3,5,1,2,0
2887,0,2021-02-21T12:50:00Z,False,0,?,?,0.0,0.0,0.0,0.0,250,60,1,1166,False,,0,0,15,3,0,1,0,3,0
2888,0,2021-02-21T12:10:00Z,False,0,8/20/2021 0:00,?,0.0,0.0,0.0,0.0,381,919,1,2744,False,0.125,5,15,0,3,3,5,1,2,0
2889,0,2021-02-20T22:00:00Z,False,0,?,Minor,0.0,0.0,1.0,1.0,896,1660,1,2599,False,,0,0,13,3,0,4,0,3,0
2890,0,2021-02-20T18:48:00Z,False,0,2/24/2023 0:00,Fatal,2.0,0.0,0.0,2.0,896,1671,1,863,False,0.125,5,15,0,1,3,1,1,2,1
2891,0,2021-02-20T18:00:00Z,False,0,2/2/2023 0:00,?,0.0,0.0,0.0,0.0,250,1529,1,755,False,0.125,5,15,0,3,3,5,1,2,0
2892,1,2021-02-20T16:13:00Z,False,0,?,?,?,?,?,?,179,380,1,1073,False,,0,0,12,2,0,4,0,3,0
2893,0,2021-02-20T15:55:00Z,False,0,?,Fatal,3.0,1.0,0.0,4.0,896,1594,1,2000,False,0.125,0,0,13,1,0,1,0,3,1
2894,1,2021-02-20T14:09:00Z,False,0,9/7/2023 0:00,?,0.0,0.0,0.0,0.0,179,417,1,576,False,0.25,6,0,4,2,3,4,1,2,0
2895,0,2021-02-20T14:00:00Z,False,0,?,Minor,0.0,0.0,3.0,3.0,896,1594,1,576,False,0.125,0,0,13,3,0,10,0,3,0
2896,0,2021-02-20T12:23:00Z,False,0,?,?,0.0,0.0,0.0,0.0,179,356,1,576,False,,0,0,12,3,0,11,0,3,0
2897,0,2021-02-19T12:58:00Z,False,0,6/14/2023 0:00,Fatal,1.0,0.0,1.0,1.0,896,1621,1,576,False,0.125,5,15,0,3,3,3,1,2,1
2898,0,2021-02-18T20:05:00Z,False,0,9/14/2022 0:00,?,0.0,0.0,0.0,0.0,723,313,1,1497,False,0.25,6,16,8,3,3,5,1,2,0
2899,0,2021-02-18T18:30:00Z,False,0,12/6/2022 0:00,?,0.0,0.0,0.0,0.0,100,479,1,96,False,0.125,5,15,0,3,3,5,1,2,0
2900,0,2021-02-17T22:30:00Z,False,0,7/19/2022 0:00,?,0.0,0.0,0.0,0.0,157,693,1,576,False,0.25,8,6,0,3,3,3,1,2,0
2901,0,2021-02-17T10:45:00Z,False,0,1/19/2023 0:00,?,0.0,0.0,0.0,0.0,250,38,1,234,False,0.125,5,13,0,3,3,1,1,2,0
2902,0,2021-02-17T06:00:00Z,False,0,?,?,0.0,0.0,0.0,0.0,160,142,6,576,False,,0,0,15,3,0,3,0,3,0
2903,0,2021-02-16T11:30:00Z,False,0,9/20/2021 0:00,?,0.0,0.0,0.0,0.0,341,816,1,2298,True,0.125,5,15,0,3,3,10,1,2,0
2904,0,2021-02-16T10:17:00Z,False,0,2/24/2023 0:00,Fatal,2.0,0.0,0.0,2.0,1260,2190,1,576,False,0.25,5,9,0,3,3,4,1,2,1
2905,0,2021-02-15T16:14:00Z,False,0,1/19/2023 0:00,Fatal,4.0,0.0,0.0,4.0,160,142,6,576,False,0.125,9,3,0,1,3,6,1,2,1
2906,0,2021-02-13T18:20:00Z,False,0,?,Minor,0.0,0.0,1.0,1.0,157,536,1,2498,False,0.125,0,15,13,3,0,3,0,3,0
2907,0,2021-02-13T17:27:00Z,False,0,4/19/2023 0:00,Fatal,1.0,0.0,0.0,1.0,898,1679,1,576,False,0.125,5,15,0,1,3,3,1,2,1
2908,0,2021-02-13T14:00:00Z,False,0,10/19/2021 0:00,Minor,0.0,0.0,2.0,2.0,771,1372,1,576,False,0.125,5,15,0,3,3,5,1,2,0
2909,0,2021-02-13T12:50:00Z,False,0,6/8/2023 0:00,?,0.0,0.0,0.0,0.0,350,1082,1,2034,False,0.375,6,15,0,3,3,10,1,2,0
2910,0,2021-02-13T12:11:00Z,False,0,7/16/2021 0:00,?,0.0,0.0,0.0,0.0,35,672,6,685,False,0.125,9,0,8,3,3,3,1,2,0
2911,1,2021-02-13T06:48:00Z,False,0,?,?,?,?,?,?,179,394,1,576,False,,0,0,6,2,0,4,0,3,0
2912,0,2021-02-12T17:00:00Z,False,0,?,?,0.0,0.0,0.0,0.0,896,1673,1,576,False,0.125,0,1,9,3,0,6,0,3,0
2913,0,2021-02-12T16:00:00Z,False,0,8/20/2021 0:00,?,0.0,0.0,0.0,0.0,250,72,1,542,False,0.125,5,13,0,3,3,10,1,2,0
2914,0,2021-02-11T19:30:00Z,False,0,?,Fatal,3.0,0.0,0.0,3.0,250,97,1,576,False,,0,0,13,1,0,6,0,3,1
2915,0,2021-02-11T18:45:00Z,False,0,?,?,?,?,?,?,993,1721,6,576,False,,0,0,13,3,0,3,0,3,0
2916,0,2021-02-11T18:35:00Z,False,0,?,Fatal,2.0,0.0,0.0,2.0,99,499,1,576,False,0.125,0,0,13,1,0,13,0,3,1
2917,1,2021-02-10T21:20:00Z,False,0,?,?,0.0,0.0,0.0,0.0,250,97,1,576,False,,0,0,13,2,0,3,0,3,0
2918,0,2021-02-10T19:30:00Z,False,0,8/20/2021 0:00,Minor,0.0,0.0,1.0,1.0,896,1565,1,33,False,0.125,5,15,0,3,3,1,1,2,0
2919,0,2021-02-09T18:30:00Z,False,0,7/19/2022 0:00,?,0.0,0.0,0.0,0.0,13,1832,1,309,False,0.125,5,1,9,3,3,9,1,2,0
2920,0,2021-02-09T17:30:00Z,False,0,?,Fatal,2.0,1.0,2.0,5.0,160,145,6,576,False,,0,0,13,1,0,13,0,3,1
2921,0,2021-02-09T15:53:00Z,False,0,1/19/2023 0:00,Minor,0.0,0.0,1.0,1.0,1241,1783,1,576,True,0.125,5,11,0,3,3,3,1,2,0
2922,0,2021-02-08T16:30:00Z,False,0,9/20/2021 0:00,?,0.0,0.0,0.0,0.0,781,239,6,1198,False,0.125,9,13,0,3,3,2,1,2,0
2923,0,2021-02-08T15:42:00Z,False,0,7/19/2022 0:00,Fatal,2.0,0.0,0.0,2.0,250,86,1,576,False,0.125,5,15,0,1,1,3,1,2,1
2924,0,2021-02-08T12:15:00Z,False,0,8/20/2021 0:00,?,0.0,0.0,0.0,0.0,250,60,1,2161,False,0.125,5,13,0,3,3,5,1,2,0
2925,0,2021-02-08T09:30:00Z,False,0,7/19/2022 0:00,Serious,0.0,1.0,0.0,1.0,45,516,1,576,False,,0,0,4,0,3,3,1,2,0
2926,0,2021-02-08T09:30:00Z,False,0,9/29/2021 0:00,?,0.0,0.0,0.0,0.0,771,1369,1,2291,False,0.125,5,15,0,3,3,10,1,2,0
2927,0,2021-02-07T19:44:00Z,False,0,12/6/2022 0:00,?,0.0,0.0,0.0,0.0,6,1330,1,576,True,0.125,8,15,0,3,3,3,1,2,0
2928,0,2021-02-07T17:47:00Z,False,0,6/14/2023 0:00,Fatal,2.0,0.0,0.0,2.0,250,282,1,721,False,0.25,8,15,0,1,1,1,1,2,1
2929,0,2021-02-07T17:15:00Z,False,0,7/19/2022 0:00,Minor,0.0,0.0,1.0,1.0,1175,719,1,576,False,0.125,5,15,0,3,3,3,1,2,0
2930,0,2021-02-07T16:00:00Z,False,0,8/20/2021 0:00,?,0.0,0.0,0.0,0.0,250,77,1,1419,False,0.125,5,13,0,3,3,5,1,2,0
2931,0,2021-02-07T15:00:00Z,False,0,8/19/2022 0:00,?,0.0,0.0,0.0,0.0,896,1640,1,2328,False,0.25,5,13,0,3,3,5,1,2,0
2932,1,2021-02-07T05:00:00Z,False,0,?,?,0.0,0.0,0.0,0.0,179,416,1,576,False,,0,0,12,0,0,9,0,3,0
2933,1,2021-02-06T09:18:00Z,False,0,?,?,?,?,?,?,179,356,1,576,False,,0,0,15,2,0,13,0,3,0
2934,0,2021-02-05T15:00:00Z,False,0,9/21/2022 0:00,Serious,0.0,1.0,1.0,2.0,605,1507,6,576,False,0.125,9,17,14,3,3,6,1,2,0
2935,0,2021-02-05T14:00:00Z,False,0,9/20/2021 0:00,?,0.0,0.0,0.0,0.0,642,1941,1,1704,False,0.125,5,15,0,3,3,5,1,2,0
2936,0,2021-02-05T13:00:00Z,False,0,2/7/2023 0:00,?,0.0,0.0,0.0,0.0,275,1337,1,1826,False,0.125,5,15,0,3,3,10,1,2,0
2937,0,2021-02-05T12:40:00Z,False,0,?,Fatal,1.0,0.0,0.0,1.0,250,97,1,576,False,,0,0,15,1,0,13,0,3,1
2938,0,2021-02-04T13:50:00Z,False,0,12/6/2022 0:00,?,0.0,0.0,0.0,0.0,250,32,1,1672,False,0.125,5,5,0,3,3,1,1,2,0
2939,0,2021-02-04T11:51:00Z,False,0,7/19/2022 0:00,Fatal,2.0,0.0,0.0,2.0,250,116,1,576,False,0.125,5,6,8,3,3,3,1,2,1
2940,0,2021-02-04T10:36:00Z,False,0,?,?,?,?,?,?,39,655,1,576,False,,0,0,13,3,0,3,0,3,0
2941,0,2021-02-04T01:15:00Z,False,0,2/3/2023 0:00,?,0.0,0.0,0.0,0.0,160,142,6,576,False,0.125,9,14,0,3,3,6,1,2,0
2942,0,2021-02-03T16:30:00Z,False,0,9/20/2021 0:00,?,0.0,0.0,0.0,0.0,896,1244,1,934,False,0.125,5,15,0,3,3,6,1,2,0
2943,1,2021-02-03T05:00:00Z,False,0,?,?,0.0,0.0,0.0,0.0,993,170,6,576,False,,0,0,13,2,0,3,0,3,0
2944,1,2021-02-03T05:00:00Z,False,0,?,?,0.0,0.0,0.0,0.0,1214,77,1,576,False,,0,0,15,4,0,1,0,3,0
2945,0,2021-02-02T18:44:00Z,False,0,8/16/2022 0:00,Fatal,2.0,0.0,0.0,2.0,250,112,1,576,False,0.125,5,13,0,1,3,6,1,2,1
2946,0,2021-02-02T17:55:00Z,False,0,11/1/2022 0:00,Serious,0.0,2.0,1.0,3.0,896,1677,1,2176,False,0.125,5,15,0,3,3,1,1,2,0
2947,0,2021-02-02T16:32:00Z,False,0,?,?,?,?,?,?,250,228,1,576,False,0.25,0,0,13,3,0,5,0,3,0
2948,0,2021-02-02T13:15:00Z,False,0,?,Fatal,1.0,0.0,0.0,1.0,250,97,1,2548,False,0.125,0,0,13,3,0,3,0,3,1
2949,0,2021-02-02T11:55:00Z,False,0,?,?,?,?,?,?,993,1721,6,576,False,,0,0,13,3,0,4,0,3,0
2950,0,2021-02-01T16:00:00Z,False,0,?,?,0.0,0.0,0.0,0.0,1009,1045,6,576,False,,0,0,13,3,0,5,0,3,0
2951,0,2021-02-01T05:00:00Z,False,0,?,?,0.0,0.0,0.0,0.0,250,118,1,576,False,,0,1,13,3,0,10,0,3,0
2952,0,2021-02-01T05:00:00Z,False,0,?,?,0.0,0.0,0.0,0.0,179,380,1,2346,False,,0,0,12,3,0,0,0,3,0
2953,0,2021-01-31T22:00:00Z,False,0,?,Fatal,1.0,0.0,0.0,1.0,250,2035,1,576,False,0.125,0,0,15,3,0,3,0,3,1
2954,0,2021-01-31T15:20:00Z,False,0,8/16/2022 0:00,Serious,0.0,3.0,0.0,3.0,250,60,1,2344,False,0.125,5,15,0,1,3,6,1,2,0
2955,0,2021-01-31T12:44:00Z,False,0,4/5/2023 0:00,Minor,0.0,0.0,2.0,2.0,250,2034,1,829,False,0.125,5,13,0,3,3,3,1,2,0
2956,0,2021-01-30T20:57:00Z,False,0,?,?,0.0,0.0,0.0,0.0,250,308,1,1019,False,0.25,0,0,13,3,0,5,0,3,0
2957,0,2021-01-30T10:45:00Z,False,0,8/20/2021 0:00,?,0.0,0.0,0.0,0.0,995,1728,6,2298,False,0.125,9,15,0,3,3,10,1,2,0
2958,1,2021-01-29T19:49:00Z,False,0,12/20/2021 0:00,?,?,?,?,?,179,412,1,576,False,0.25,6,0,6,2,2,4,1,2,0
2959,0,2021-01-29T17:25:00Z,False,0,9/22/2021 0:00,?,0.0,0.0,0.0,0.0,250,60,1,318,False,0.125,0,13,0,3,3,5,1,2,0
2960,0,2021-01-29T15:35:00Z,False,0,8/20/2021 0:00,Serious,0.0,1.0,1.0,2.0,985,2163,1,1190,True,0.125,5,13,0,3,3,5,1,2,0
2961,0,2021-01-28T19:50:00Z,False,0,?,?,0.0,0.0,0.0,0.0,250,270,1,1951,False,,0,0,15,3,0,5,0,3,0
2962,0,2021-01-28T17:10:00Z,False,0,9/22/2021 0:00,?,0.0,0.0,0.0,0.0,157,198,1,997,False,0.25,8,13,0,3,3,10,1,2,0
2963,0,2021-01-28T11:45:00Z,False,0,8/20/2021 0:00,?,0.0,0.0,0.0,0.0,250,75,1,1870,False,0.125,5,15,0,3,3,5,1,2,0
2964,0,2021-01-27T20:30:00Z,False,0,?,Minor,0.0,0.0,1.0,1.0,250,32,1,576,False,,0,0,13,3,0,3,0,3,0
2965,0,2021-01-27T14:40:00Z,False,0,?,Serious,0.0,1.0,0.0,1.0,160,166,6,576,False,0.25,0,0,12,3,0,3,0,3,0
2966,1,2021-01-27T05:00:00Z,False,0,?,?,0.0,0.0,0.0,0.0,179,356,1,2880,False,,0,0,12,0,0,1,0,3,0
2967,0,2021-01-26T18:15:00Z,False,0,8/20/2021 0:00,?,0.0,0.0,0.0,0.0,993,1721,6,1805,False,0.125,5,13,0,3,3,5,1,2,0
2968,0,2021-01-26T17:40:00Z,False,0,4/5/2023 0:00,Fatal,1.0,0.0,0.0,1.0,250,58,1,576,False,0.125,5,15,0,3,3,3,1,2,1
2969,0,2021-01-26T16:30:00Z,False,0,7/19/2022 0:00,Serious,0.0,1.0,0.0,1.0,1324,327,1,253,True,0.125,5,15,0,3,3,4,1,2,0
2970,1,2021-01-26T10:30:00Z,False,0,?,?,?,?,?,?,179,356,1,576,False,,0,0,12,0,0,11,0,3,0
2971,1,2021-01-26T05:00:00Z,False,0,?,?,0.0,0.0,0.0,0.0,179,380,1,1598,False,0.5,0,0,12,0,0,3,0,3,0
2972,1,2021-01-25T13:40:00Z,False,0,?,?,?,?,?,?,179,356,1,576,False,,0,0,12,0,0,3,0,3,0
2973,0,2021-01-25T05:00:00Z,False,0,?,Minor,0.0,0.0,1.0,1.0,993,1725,6,576,False,,0,0,13,3,0,10,0,3,0
2974,0,2021-01-24T21:00:00Z,False,0,1/31/2023 0:00,Fatal,1.0,0.0,0.0,1.0,896,1599,1,1805,False,0.125,5,15,0,3,3,3,1,2,1
2975,0,2021-01-24T18:28:00Z,False,0,9/29/2021 0:00,?,0.0,0.0,0.0,0.0,896,1562,1,1988,False,0.125,5,13,0,3,3,5,1,2,0
2976,0,2021-01-24T11:30:00Z,False,0,?,Fatal,6.0,0.0,0.0,6.0,157,458,1,2598,False,,0,15,13,3,0,10,0,3,1
2977,0,2021-01-24T11:00:00Z,False,0,9/20/2021 0:00,?,0.0,0.0,0.0,0.0,613,2023,1,534,True,0.125,5,15,0,3,3,5,1,2,0
2978,0,2021-01-23T20:48:00Z,False,0,?,?,0.0,0.0,0.0,0.0,240,853,1,1955,False,,0,0,12,3,0,5,0,3,0
2979,0,2021-01-23T16:45:00Z,False,0,8/20/2021 0:00,?,0.0,0.0,0.0,0.0,250,97,1,2325,False,0.125,5,15,0,3,3,5,1,2,0
2980,0,2021-01-23T15:55:00Z,False,0,12/14/2022 0:00,?,0.0,0.0,0.0,0.0,250,2116,1,576,False,0.125,5,1,12,3,3,6,1,2,0
2981,0,2021-01-23T15:30:00Z,False,0,8/20/2021 0:00,Minor,0.0,0.0,1.0,1.0,99,485,1,2089,False,0.125,5,15,0,3,3,5,1,2,0
2982,0,2021-01-23T10:08:00Z,False,0,2/7/2023 0:00,Fatal,1.0,0.0,0.0,1.0,86,423,2,576,False,0.0,0,15,0,0,3,5,1,2,1
2983,0,2021-01-22T17:15:00Z,False,0,8/20/2021 0:00,?,0.0,0.0,0.0,0.0,896,1623,1,576,False,0.125,5,13,0,3,3,3,1,2,0
2984,0,2021-01-22T15:00:00Z,False,0,?,Fatal,1.0,0.0,0.0,1.0,39,654,1,576,False,0.125,0,1,9,3,0,13,0,3,1
2985,0,2021-01-22T15:00:00Z,False,0,7/16/2021 0:00,?,0.0,0.0,0.0,0.0,778,324,6,576,False,0.125,9,8,7,3,3,5,1,2,0
2986,0,2021-01-22T10:30:00Z,False,0,9/20/2021 0:00,?,0.0,0.0,0.0,0.0,778,242,6,0,False,0.125,9,15,0,3,3,6,1,2,0
2987,0,2021-01-21T13:00:00Z,False,0,8/16/2022 0:00,Minor,0.0,0.0,2.0,2.0,1019,1378,1,172,False,,5,15,0,1,3,3,1,2,0
2988,0,2021-01-21T12:35:00Z,False,0,?,Fatal,5.0,0.0,0.0,5.0,160,280,6,576,False,,0,0,12,1,0,3,0,3,1
2989,0,2021-01-21T12:30:00Z,False,0,?,Fatal,4.0,0.0,0.0,4.0,781,242,6,576,False,0.125,0,0,13,3,0,0,0,3,1
2990,0,2021-01-21T10:45:00Z,False,0,11/1/2022 0:00,Serious,0.0,1.0,0.0,1.0,936,890,1,576,True,0.125,5,15,0,3,3,1,1,2,0
2991,0,2021-01-19T18:23:00Z,False,0,?,Fatal,1.0,0.0,0.0,1.0,160,142,6,576,False,,0,0,15,1,0,10,0,3,1
2992,0,2021-01-19T15:56:00Z,False,0,?,Serious,0.0,1.0,0.0,1.0,250,259,1,576,False,0.25,0,0,13,3,0,3,0,3,0
2993,0,2021-01-19T15:35:00Z,False,0,8/16/2022 0:00,Fatal,1.0,0.0,0.0,1.0,40,650,1,576,False,0.125,8,1,9,3,3,6,1,2,1
2994,1,2021-01-19T13:50:00Z,False,0,?,?,?,?,?,?,179,154,1,576,False,,0,0,14,0,0,1,0,3,0
2995,0,2021-01-19T13:30:00Z,False,0,8/20/2021 0:00,Minor,0.0,0.0,1.0,1.0,896,1660,1,2665,False,0.125,5,13,0,3,3,10,1,2,0
2996,0,2021-01-19T11:55:00Z,False,0,4/19/2023 0:00,?,0.0,0.0,0.0,0.0,131,556,1,1503,False,0.125,5,13,0,3,3,3,1,2,0
2997,0,2021-01-19T03:37:00Z,False,0,?,?,?,?,?,?,179,356,1,576,False,,0,0,12,3,0,5,0,3,0
2998,0,2021-01-17T13:20:00Z,False,0,11/1/2022 0:00,?,0.0,0.0,0.0,0.0,250,86,1,576,False,0.125,5,15,0,3,3,3,1,2,0
2999,0,2021-01-17T10:30:00Z,False,0,8/20/2021 0:00,?,0.0,0.0,0.0,0.0,896,1660,1,576,False,0.125,5,13,0,3,3,6,1,2,0
3000,0,2021-01-17T09:04:00Z,False,0,?,Serious,0.0,1.0,0.0,1.0,179,416,1,576,False,,0,0,12,0,0,3,0,3,0
3001,0,2021-01-16T15:00:00Z,False,0,9/20/2021 0:00,Minor,0.0,0.0,1.0,1.0,298,734,1,576,True,0.125,5,15,0,3,3,5,1,2,0
3002,0,2021-01-15T12:16:00Z,False,0,3/16/2023 0:00,?,0.0,0.0,0.0,0.0,1195,1970,1,1398,False,0.125,5,15,0,3,3,4,1,2,0
3003,0,2021-01-14T14:00:00Z,False,0,9/20/2021 0:00,?,0.0,0.0,0.0,0.0,250,66,1,1629,False,0.125,5,15,0,3,3,5,1,2,0
3004,0,2021-01-13T22:00:00Z,False,0,7/16/2021 0:00,Serious,0.0,1.0,0.0,1.0,157,198,1,576,False,0.25,8,0,8,0,3,3,1,2,0
3005,0,2021-01-13T14:50:00Z,False,0,8/16/2022 0:00,?,0.0,0.0,0.0,0.0,605,184,6,2560,False,0.125,5,13,0,3,3,5,1,2,0
3006,0,2021-01-13T14:19:00Z,False,0,2/2/2023 0:00,?,0.0,0.0,0.0,0.0,443,988,1,2260,False,0.125,5,15,0,3,3,1,1,2,0
3007,0,2021-01-13T11:33:00Z,False,0,7/26/2023 0:00,Fatal,1.0,0.0,0.0,1.0,157,1073,1,909,False,0.125,5,15,0,1,1,1,1,2,1
3008,0,2021-01-12T17:58:00Z,False,0,7/19/2022 0:00,?,0.0,0.0,0.0,0.0,896,1626,1,518,False,0.125,5,15,0,3,1,1,1,2,0
3009,0,2021-01-12T17:15:00Z,False,0,8/20/2021 0:00,?,0.0,0.0,0.0,0.0,591,2136,6,2298,False,0.125,5,15,0,3,3,6,1,2,0
3010,0,2021-01-12T16:00:00Z,False,0,8/20/2021 0:00,?,0.0,0.0,0.0,0.0,157,1532,1,798,False,0.125,5,15,0,3,3,5,1,2,0
3011,0,2021-01-12T13:50:00Z,False,0,?,?,0.0,0.0,0.0,0.0,1097,2068,1,576,False,,0,0,13,2,0,11,0,3,0
3012,0,2021-01-12T08:15:00Z,False,0,?,Serious,0.0,1.0,0.0,1.0,250,156,1,576,False,0.125,0,0,13,3,0,3,0,3,0
3013,0,2021-01-11T13:30:00Z,False,0,3/29/2023 0:00,Fatal,1.0,0.0,0.0,1.0,700,1089,1,181,False,0.125,5,15,0,3,3,1,1,2,1
3014,0,2021-01-10T14:01:00Z,False,0,8/12/2022 0:00,Serious,0.0,1.0,0.0,1.0,250,276,1,1233,False,0.25,5,15,0,3,3,4,1,2,0
3015,1,2021-01-09T20:10:00Z,False,0,?,?,0.0,0.0,0.0,0.0,250,2116,1,576,False,,0,0,13,0,0,4,0,3,0
3016,0,2021-01-09T15:50:00Z,False,0,8/20/2021 0:00,?,0.0,0.0,0.0,0.0,40,640,1,2298,False,0.125,0,1,9,3,3,10,1,2,0
3017,0,2021-01-09T15:40:00Z,False,0,?,Fatal,62.0,0.0,0.0,62.0,179,356,1,840,False,,0,0,12,1,0,3,0,3,1
3018,0,2021-01-09T14:37:00Z,False,0,8/12/2022 0:00,Fatal,1.0,0.0,0.0,1.0,250,316,1,576,False,0.25,6,15,0,1,3,3,1,2,1
3019,0,2021-01-09T13:30:00Z,False,0,9/20/2021 0:00,?,0.0,0.0,0.0,0.0,605,241,6,2398,False,0.125,9,16,0,3,3,5,1,2,0
3020,0,2021-01-09T11:00:00Z,False,0,9/6/2022 0:00,?,0.0,0.0,0.0,0.0,994,1727,6,2612,False,0.125,5,14,0,3,3,4,1,2,0
3021,0,2021-01-09T09:43:00Z,False,0,?,?,0.0,0.0,0.0,0.0,250,45,1,576,False,,0,0,13,3,0,5,0,3,0
3022,0,2021-01-08T19:20:00Z,False,0,?,Fatal,1.0,0.0,0.0,1.0,250,2051,1,576,False,,0,0,13,1,0,3,0,3,1
3023,0,2021-01-08T15:00:00Z,False,0,9/20/2021 0:00,Minor,0.0,0.0,1.0,1.0,250,59,1,2828,False,0.125,5,13,0,3,3,5,1,2,0
3024,1,2021-01-06T20:20:00Z,False,0,?,?,0.0,0.0,0.0,0.0,179,356,1,576,False,,0,0,12,0,0,1,0,3,0
3025,0,2021-01-06T14:50:00Z,False,0,?,Fatal,2.0,0.0,0.0,2.0,993,1725,6,576,False,,0,0,13,1,0,3,0,3,1
3026,0,2021-01-04T12:40:00Z,False,0,8/20/2021 0:00,?,0.0,0.0,0.0,0.0,843,1792,1,562,True,0.125,5,15,0,3,3,10,1,2,0
3027,0,2021-01-04T10:33:00Z,False,0,7/19/2022 0:00,Fatal,2.0,0.0,0.0,2.0,579,1138,1,576,False,0.25,5,6,0,1,3,3,1,2,1
3028,1,2021-01-04T01:35:00Z,False,0,?,?,?,?,?,?,179,425,1,576,False,0.25,0,0,12,0,0,5,0,3,0
3029,0,2021-01-03T12:18:00Z,False,0,12/20/2022 0:00,?,0.0,0.0,0.0,0.0,405,910,1,1660,False,0.125,5,13,0,3,3,11,1,2,0
3030,0,2021-01-02T17:15:00Z,False,0,9/20/2021 0:00,?,0.0,0.0,0.0,0.0,443,988,1,2537,False,0.125,5,15,0,3,3,5,1,2,0
3031,0,2021-01-02T16:41:00Z,False,0,6/8/2023 0:00,Fatal,3.0,0.0,0.0,3.0,896,1587,1,2866,False,0.125,5,15,0,1,1,1,1,2,1
3032,0,2021-01-02T15:30:00Z,False,0,4/5/2023 0:00,?,0.0,0.0,0.0,0.0,250,1530,1,876,False,0.125,5,15,0,3,3,4,1,2,0
3033,0,2021-01-02T04:00:00Z,False,0,?,Fatal,4.0,0.0,0.0,4.0,993,1725,6,576,False,,0,0,13,1,0,13,0,3,1
3034,0,2021-01-01T14:15:00Z,False,0,9/20/2021 0:00,Minor,0.0,0.0,1.0,1.0,160,287,6,1526,False,0.125,5,13,0,3,3,11,1,2,0
3035,0,2021-01-01T11:00:00Z,False,0,?,Minor,0.0,0.0,2.0,2.0,993,1728,6,576,False,0.125,0,0,13,3,0,13,0,3,0
3036,0,2022-12-31T21:00:00Z,False,0,?,?,?,?,?,?,39,658,1,576,False,,0,10,12,1,3,0,0,3,0
3037,0,2022-12-31T17:39:00Z,False,0,12/19/2024 0:00,Fatal,1.0,0.0,0.0,0.0,423,1032,1,1916,False,0.25,6,0,4,2,3,9,1,2,1
3038,0,2022-12-31T15:00:00Z,False,0,?,Fatal,2.0,0.0,0.0,2.0,254,441,1,576,False,,0,0,13,3,0,4,0,3,1
3039,0,2022-12-30T17:00:00Z,False,0,1/2/2025 0:00,?,0.0,0.0,0.0,0.0,485,867,1,2282,True,0.125,5,15,0,1,3,11,1,2,0
3040,0,2022-12-30T05:00:00Z,False,0,?,Fatal,2.0,0.0,0.0,2.0,182,853,1,576,False,0.25,0,0,13,1,0,3,0,3,1
3041,1,2022-12-29T20:15:00Z,False,0,?,?,0.0,0.0,0.0,0.0,250,391,1,2517,False,0.25,0,6,0,0,0,5,0,3,0
3042,0,2022-12-29T15:29:00Z,False,0,5/2/2024 0:00,Minor,0.0,0.0,1.0,1.0,896,1658,1,605,False,0.125,5,15,0,3,3,3,1,2,0
3043,0,2022-12-29T05:00:00Z,False,0,1/16/2025 0:00,Fatal,4.0,0.0,0.0,4.0,160,267,6,2298,False,0.125,9,0,8,3,3,10,1,2,1
3044,0,2022-12-28T13:30:00Z,False,0,6/15/2023 0:00,?,0.0,0.0,0.0,0.0,250,111,1,452,False,0.125,5,15,0,3,3,5,1,2,0
3045,0,2022-12-28T12:40:00Z,False,0,?,Fatal,1.0,3.0,0.0,4.0,1097,2070,1,576,False,0.125,0,0,13,1,0,5,0,3,1
3046,0,2022-12-27T20:29:00Z,False,0,4/20/2023 0:00,?,0.0,0.0,0.0,0.0,422,1017,1,1354,False,0.25,2,15,0,3,3,5,1,2,0
3047,2,2022-12-27T19:15:00Z,False,0,?,?,?,?,?,?,179,356,1,576,False,,0,0,12,0,0,3,0,3,0
3048,0,2022-12-27T18:35:00Z,False,0,2/26/2025 0:00,Serious,0.0,6.0,1.0,7.0,47,997,6,775,False,0.125,9,0,8,3,3,11,1,2,0
3049,0,2022-12-27T05:00:00Z,False,0,?,Fatal,1.0,1.0,0.0,2.0,250,209,1,576,False,0.25,0,0,13,4,0,3,0,3,1
3050,0,2022-12-27T05:00:00Z,False,0,1/26/2023 0:00,?,0.0,0.0,0.0,0.0,857,1677,1,2657,False,0.125,5,15,0,2,3,11,1,2,0
3051,0,2022-12-26T22:35:00Z,False,0,6/15/2023 0:00,Minor,0.0,0.0,1.0,1.0,250,83,1,1209,False,0.125,5,15,0,3,3,4,1,2,0
3052,1,2022-12-26T20:37:00Z,False,0,?,?,0.0,0.0,0.0,0.0,179,356,1,1339,False,,0,0,15,2,0,10,0,3,0
3053,0,2022-12-26T18:45:00Z,False,0,6/20/2024 0:00,?,0.0,0.0,0.0,0.0,250,165,1,305,False,0.125,5,15,0,3,3,5,1,2,0
3054,0,2022-12-26T16:53:00Z,False,0,?,Fatal,2.0,0.0,0.0,2.0,151,1158,1,576,False,0.125,0,16,13,1,0,1,0,3,1
3055,0,2022-12-26T15:30:00Z,False,0,2/9/2023 0:00,?,0.0,0.0,0.0,0.0,1175,741,1,408,False,0.125,5,13,0,3,3,5,1,2,0
3056,0,2022-12-26T14:35:00Z,False,0,6/15/2023 0:00,?,0.0,0.0,0.0,0.0,166,436,1,475,False,0.125,5,15,0,3,3,5,1,2,0
3057,0,2022-12-26T14:00:00Z,False,0,3/30/2023 0:00,?,0.0,0.0,0.0,0.0,250,40,1,2482,False,0.125,5,15,0,3,3,10,1,2,0
3058,0,2022-12-26T13:50:00Z,False,0,1/25/2023 0:00,?,0.0,0.0,0.0,0.0,70,451,1,2218,False,0.125,5,15,0,3,3,5,1,2,0
3059,0,2022-12-26T12:22:00Z,False,0,5/2/2024 0:00,Minor,0.0,0.0,1.0,1.0,896,1597,1,642,False,0.125,5,15,0,3,3,4,1,2,0
3060,0,2022-12-26T12:00:00Z,False,0,?,Serious,0.0,1.0,0.0,1.0,179,356,1,1027,False,0.25,0,0,12,0,0,9,0,3,0
3061,1,2022-12-26T06:43:00Z,False,0,?,?,0.0,0.0,0.0,0.0,179,356,1,1339,False,0.25,0,0,15,2,0,10,0,3,0
3062,0,2022-12-25T17:52:00Z,False,0,?,Fatal,2.0,0.0,0.0,2.0,250,165,1,576,False,,0,0,15,1,0,13,0,3,1
3063,1,2022-12-24T21:56:00Z,False,0,?,?,?,?,?,?,45,516,1,1952,False,0.25,0,22,12,2,0,10,0,3,0
3064,0,2022-12-24T18:53:00Z,False,0,1/16/2025 0:00,Serious,0.0,1.0,0.0,1.0,157,2147,1,1855,False,0.125,5,15,0,3,3,4,1,2,0
3065,0,2022-12-24T05:00:00Z,False,0,4/20/2023 0:00,Serious,0.0,1.0,0.0,1.0,547,1150,1,576,False,0.25,6,0,8,0,3,3,1,2,0
3066,1,2022-12-22T20:07:00Z,False,0,?,?,0.0,0.0,0.0,0.0,159,136,1,726,False,,0,0,13,3,0,3,0,3,0
3067,0,2022-12-22T17:18:00Z,False,0,1/29/2025 0:00,Fatal,1.0,0.0,1.0,2.0,250,33,1,2537,False,0.125,5,15,0,3,3,3,1,2,1
3068,0,2022-12-22T08:20:00Z,False,0,?,Fatal,1.0,0.0,0.0,1.0,39,655,1,576,False,,0,0,12,3,0,4,0,3,1
3069,0,2022-12-22T05:00:00Z,False,0,?,Fatal,2.0,0.0,0.0,2.0,215,269,6,576,False,,0,0,6,4,0,13,0,3,1
3070,0,2022-12-21T21:54:00Z,False,0,6/22/2023 0:00,?,0.0,0.0,0.0,0.0,564,554,1,650,False,0.125,5,13,0,3,1,4,1,2,0
3071,0,2022-12-21T16:47:00Z,False,0,6/22/2023 0:00,Minor,0.0,0.0,1.0,1.0,250,65,1,576,False,0.125,5,15,0,3,3,3,1,2,0
3072,1,2022-12-20T19:43:00Z,False,0,?,?,?,?,?,?,250,310,1,1839,False,,0,0,15,4,0,3,0,3,0
3073,0,2022-12-20T17:10:00Z,False,0,?,?,0.0,0.0,0.0,0.0,811,1390,1,576,False,0.125,0,0,13,3,0,5,0,3,0
3074,0,2022-12-19T21:15:00Z,False,0,4/20/2023 0:00,?,0.0,0.0,0.0,0.0,250,38,1,2271,False,0.125,5,15,0,3,3,5,1,2,0
3075,0,2022-12-19T17:05:00Z,False,0,3/28/2024 0:00,?,0.0,0.0,0.0,0.0,157,536,1,1384,False,0.125,5,15,0,3,3,1,1,2,0
3076,0,2022-12-19T05:00:00Z,False,0,3/2/2023 0:00,Minor,0.0,0.0,1.0,1.0,140,886,6,1014,True,0.125,5,15,0,3,3,10,1,2,0
3077,1,2022-12-18T16:51:00Z,False,0,8/10/2023 0:00,?,0.0,0.0,0.0,0.0,179,416,1,576,False,0.25,7,0,4,0,1,3,1,2,0
3078,0,2022-12-18T16:30:00Z,False,0,6/23/2023 0:00,Minor,0.0,0.0,1.0,1.0,1241,1780,1,599,False,0.125,5,15,0,3,3,5,1,2,0
3079,0,2022-12-18T16:25:00Z,False,0,1/25/2023 0:00,?,0.0,0.0,0.0,0.0,896,1660,1,1012,False,0.125,5,15,0,3,3,5,1,2,0
3080,0,2022-12-18T12:07:00Z,False,0,12/12/2024 0:00,Serious,0.0,4.0,21.0,24.0,45,528,1,576,False,0.25,6,0,4,2,3,3,1,2,0
3081,0,2022-12-18T05:00:00Z,False,0,?,Serious,0.0,1.0,0.0,1.0,179,369,1,576,False,0.25,0,0,4,0,0,3,0,3,0
3082,0,2022-12-17T13:00:00Z,False,0,4/27/2023 0:00,Minor,0.0,0.0,1.0,1.0,1011,1151,1,803,True,0.125,5,15,0,3,3,10,1,2,0
3083,0,2022-12-17T05:00:00Z,False,0,?,?,0.0,0.0,0.0,0.0,1190,1832,6,576,False,,0,0,13,3,0,10,0,3,0
3084,0,2022-12-16T17:15:00Z,False,0,3/28/2024 0:00,Minor,0.0,0.0,1.0,1.0,250,1719,1,739,False,0.125,5,15,0,3,3,5,1,2,0
3085,0,2022-12-15T23:14:00Z,False,0,9/18/2024 0:00,Fatal,3.0,0.0,0.0,3.0,963,791,1,576,False,0.25,8,16,0,3,3,3,1,2,1
3086,0,2022-12-15T22:45:00Z,False,0,3/30/2023 0:00,?,0.0,0.0,0.0,0.0,19,335,1,1570,False,0.125,5,15,0,3,3,9,1,2,0
3087,0,2022-12-15T16:20:00Z,False,0,10/3/2024 0:00,?,0.0,0.0,0.0,0.0,250,215,1,1760,False,0.25,5,15,0,3,3,5,1,2,0
3088,0,2022-12-15T14:05:00Z,False,0,11/7/2023 0:00,Serious,0.0,1.0,1.0,2.0,157,415,1,2247,False,0.125,5,15,0,3,3,10,1,2,0
3089,0,2022-12-15T12:56:00Z,False,0,3/2/2023 0:00,?,0.0,0.0,0.0,0.0,250,71,1,991,False,0.125,5,13,0,2,3,11,1,2,0
3090,0,2022-12-15T10:15:00Z,False,0,4/18/2024 0:00,Minor,0.0,0.0,3.0,3.0,160,143,6,576,False,0.125,9,6,8,3,3,10,1,2,0
3091,0,2022-12-14T16:15:00Z,False,0,?,Fatal,1.0,1.0,0.0,2.0,896,1556,1,576,False,0.125,0,15,13,1,0,1,0,3,1
3092,0,2022-12-14T12:45:00Z,False,0,6/15/2023 0:00,?,0.0,0.0,0.0,0.0,270,1959,1,2490,False,0.125,5,15,0,3,3,5,1,2,0
3093,0,2022-12-13T21:00:00Z,False,0,3/2/2023 0:00,?,0.0,0.0,0.0,0.0,250,282,1,1622,False,0.25,8,16,0,3,3,9,1,2,0
3094,0,2022-12-13T12:55:00Z,False,0,6/15/2023 0:00,?,0.0,0.0,0.0,0.0,896,1637,1,2325,False,0.125,5,15,0,3,3,1,1,2,0
3095,0,2022-12-13T12:06:00Z,False,0,3/2/2023 0:00,?,0.0,0.0,0.0,0.0,896,1675,1,1630,False,0.25,8,6,12,3,1,5,1,2,0
3096,0,2022-12-13T11:25:00Z,False,0,2/20/2025 0:00,Fatal,1.0,0.0,0.0,1.0,811,1383,1,635,False,0.125,5,16,0,3,1,3,1,2,1
3097,0,2022-12-12T22:05:00Z,False,0,4/18/2024 0:00,Serious,0.0,2.0,0.0,2.0,812,1388,1,1517,False,0.125,5,15,0,3,1,1,1,2,0
3098,0,2022-12-12T19:35:00Z,False,0,2/9/2023 0:00,?,0.0,0.0,0.0,0.0,47,997,6,576,False,0.125,9,6,8,3,3,3,1,2,0
3099,0,2022-12-12T15:50:00Z,False,0,2/23/2023 0:00,?,0.0,0.0,0.0,0.0,250,60,1,972,False,0.125,5,13,0,3,3,9,1,2,0
3100,0,2022-12-11T17:45:00Z,False,0,?,Fatal,1.0,0.0,0.0,1.0,996,1727,6,1082,False,0.125,0,0,13,1,0,13,0,3,1
3101,0,2022-12-11T16:17:00Z,False,0,6/15/2023 0:00,?,0.0,0.0,0.0,0.0,433,1001,6,1636,False,0.125,9,13,0,3,3,5,1,2,0
3102,0,2022-12-11T14:20:00Z,False,0,6/6/2023 0:00,?,0.0,0.0,0.0,0.0,994,1722,6,576,False,0.125,5,13,0,3,3,2,1,2,0
3103,0,2022-12-10T17:30:00Z,False,0,6/15/2023 0:00,?,0.0,0.0,0.0,0.0,250,201,1,1050,False,0.125,5,15,0,3,3,5,1,2,0
3104,0,2022-12-10T13:10:00Z,False,0,5/4/2023 0:00,?,0.0,0.0,0.0,0.0,250,72,1,1649,False,0.125,5,13,0,3,3,5,1,2,0
3105,0,2022-12-09T23:00:00Z,False,0,2/23/2023 0:00,Minor,0.0,0.0,1.0,1.0,896,1639,1,350,False,0.25,5,15,0,3,3,3,1,2,0
3106,0,2022-12-09T13:05:00Z,False,0,2/9/2023 0:00,?,0.0,0.0,0.0,0.0,85,1104,1,1551,False,0.125,5,15,0,3,3,5,1,2,0
3107,0,2022-12-08T20:30:00Z,False,0,?,?,?,?,?,?,250,118,1,576,False,,0,1,12,3,0,10,0,3,0
3108,0,2022-12-08T20:10:00Z,False,0,10/3/2024 0:00,?,0.0,0.0,0.0,0.0,157,536,1,576,False,0.125,5,15,0,3,3,3,1,2,0
3109,0,2022-12-08T16:00:00Z,False,0,4/6/2023 0:00,?,0.0,0.0,0.0,0.0,896,1580,1,2882,False,0.125,5,13,0,3,3,5,1,2,0
3110,0,2022-12-08T15:50:00Z,False,0,10/30/2024 0:00,?,0.0,0.0,0.0,0.0,250,2095,1,693,False,0.125,5,16,0,3,3,1,1,2,0
3111,0,2022-12-08T14:11:00Z,False,0,5/17/2024 0:00,Serious,0.0,1.0,3.0,4.0,179,409,1,576,False,0.25,6,0,4,0,3,3,1,2,0
3112,0,2022-12-08T13:15:00Z,False,0,1/25/2023 0:00,?,0.0,0.0,0.0,0.0,605,241,6,576,False,0.125,9,14,0,3,3,5,1,2,0
3113,0,2022-12-07T18:42:00Z,False,0,3/15/2023 0:00,Minor,0.0,0.0,1.0,1.0,433,996,6,576,False,0.125,9,14,8,3,3,1,1,2,0
3114,0,2022-12-07T15:15:00Z,False,0,5/4/2023 0:00,?,0.0,0.0,0.0,0.0,160,143,6,2859,False,0.125,9,13,0,3,3,5,1,2,0
3115,0,2022-12-06T11:30:00Z,False,0,5/4/2023 0:00,?,0.0,0.0,0.0,0.0,999,1835,1,309,False,0.125,8,1,9,3,3,6,1,2,0
3116,0,2022-12-05T23:16:00Z,False,0,11/7/2024 0:00,Fatal,3.0,0.0,0.0,3.0,157,1074,1,2321,False,0.125,5,15,0,1,3,4,1,2,1
3117,0,2022-12-05T19:28:00Z,False,0,3/28/2024 0:00,Minor,0.0,0.0,2.0,2.0,869,1377,1,117,False,0.125,5,15,0,3,3,5,1,2,0
3118,0,2022-12-05T19:20:00Z,False,0,?,Minor,0.0,0.0,1.0,1.0,896,1659,1,2431,False,0.125,0,13,13,3,0,1,0,3,0
3119,0,2022-12-05T16:29:00Z,False,0,?,?,?,?,?,?,179,356,1,1030,False,,0,0,12,3,0,5,0,3,0
3120,2,2022-12-05T16:29:00Z,False,0,?,?,?,?,?,?,179,356,1,1030,False,,0,0,6,0,0,5,0,3,0
3121,0,2022-12-05T14:40:00Z,False,0,11/7/2024 0:00,Fatal,1.0,0.0,0.0,1.0,425,1029,1,904,False,0.125,5,15,0,1,3,1,1,2,1
3122,0,2022-12-05T12:52:00Z,False,0,6/6/2023 0:00,Minor,0.0,0.0,2.0,2.0,654,1283,1,333,True,0.125,5,9,0,3,3,5,1,2,0
3123,1,2022-12-05T05:00:00Z,False,0,?,?,0.0,0.0,0.0,0.0,179,367,1,576,False,,0,0,6,0,0,3,0,3,0
3124,0,2022-12-04T22:56:00Z,False,0,10/30/2024 0:00,Fatal,2.0,0.0,0.0,2.0,250,157,1,893,False,0.125,5,15,0,1,1,4,1,2,1
3125,0,2022-12-04T13:35:00Z,False,0,11/26/2024 0:00,Fatal,1.0,0.0,0.0,1.0,1008,808,5,777,False,0.125,5,15,0,3,3,4,1,2,1
3126,0,2022-12-04T12:15:00Z,False,0,1/9/2023 0:00,?,0.0,0.0,0.0,0.0,250,493,1,1195,False,0.125,5,15,0,3,3,10,1,2,0
3127,0,2022-12-03T21:38:00Z,False,0,11/21/2024 0:00,Fatal,3.0,0.0,0.0,3.0,896,1660,1,1709,False,0.125,5,15,0,3,3,4,1,2,1
3128,0,2022-12-03T18:11:00Z,False,0,3/12/2024 0:00,Serious,0.0,1.0,0.0,1.0,421,1035,1,576,False,0.25,6,0,4,0,3,1,1,2,0
3129,0,2022-12-03T18:09:00Z,False,0,3/2/2023 0:00,Minor,0.0,0.0,3.0,3.0,1123,9,1,576,False,0.125,5,15,0,3,3,6,1,2,0
3130,0,2022-12-03T16:50:00Z,False,0,7/27/2023 0:00,?,0.0,0.0,0.0,0.0,254,441,1,1781,False,0.125,5,15,0,3,3,10,1,2,0
3131,0,2022-12-03T13:00:00Z,False,0,2/9/2023 0:00,?,0.0,0.0,0.0,0.0,100,477,1,576,False,0.125,5,15,0,3,3,6,1,2,0
3132,1,2022-12-02T20:17:00Z,False,0,?,?,0.0,0.0,0.0,0.0,45,514,1,576,False,0.25,0,0,12,0,0,3,0,3,0
3133,0,2022-12-02T17:04:00Z,False,0,12/5/2024 0:00,Fatal,1.0,1.0,0.0,2.0,811,1387,1,382,False,0.125,5,15,0,3,3,1,1,2,1
3134,0,2022-12-01T23:08:00Z,False,0,6/6/2023 0:00,?,0.0,0.0,0.0,0.0,723,229,1,2014,False,0.25,6,16,0,3,3,5,1,2,0
3135,0,2022-12-01T15:11:00Z,False,0,?,?,0.0,0.0,0.0,0.0,157,461,1,576,False,,0,0,15,1,0,13,0,3,0
3136,1,2022-12-01T05:00:00Z,False,0,?,?,?,?,?,?,45,527,1,576,False,,0,0,12,0,0,3,0,3,0
3137,2,2022-11-30T22:30:00Z,False,0,?,?,?,?,?,?,179,416,1,576,False,,0,0,12,2,0,3,0,3,0
3138,0,2022-11-30T13:00:00Z,False,0,12/5/2024 0:00,Fatal,2.0,0.0,0.0,2.0,536,1343,1,2666,True,0.125,5,15,0,3,3,1,1,2,1
3139,0,2022-11-30T09:35:00Z,False,0,5/2/2024 0:00,?,0.0,0.0,0.0,0.0,507,237,1,2243,False,0.25,7,17,0,3,3,10,1,2,0
3140,1,2022-11-30T05:00:00Z,False,0,?,?,0.0,0.0,0.0,?,179,356,1,2870,False,0.25,0,0,12,4,0,10,0,3,0
3141,0,2022-11-30T01:00:00Z,False,0,10/16/2023 0:00,Serious,0.0,1.0,1.0,2.0,179,356,1,576,False,0.25,6,0,4,0,3,3,1,2,0
3142,0,2022-11-29T21:10:00Z,False,0,4/10/2024 0:00,Minor,0.0,0.0,2.0,2.0,724,283,1,776,False,0.25,6,6,0,3,1,5,1,2,0
3143,0,2022-11-29T19:40:00Z,False,0,?,Fatal,1.0,0.0,0.0,1.0,1009,2250,6,576,False,,0,0,13,1,0,3,0,3,1
3144,0,2022-11-28T10:20:00Z,False,0,8/21/2024 0:00,Fatal,2.0,0.0,0.0,2.0,250,57,1,1262,False,0.125,5,15,0,1,3,1,1,2,1
3145,0,2022-11-27T21:10:00Z,False,0,?,Fatal,2.0,0.0,0.0,2.0,993,1728,6,576,False,,0,0,13,1,0,10,0,3,1
3146,0,2022-11-27T19:29:00Z,False,0,6/20/2024 0:00,Serious,0.0,2.0,0.0,2.0,811,1387,1,1263,False,0.125,5,15,0,3,1,1,1,2,0
3147,0,2022-11-27T16:30:00Z,False,0,4/18/2024 0:00,?,0.0,0.0,0.0,0.0,250,156,1,590,False,0.125,5,15,0,3,3,5,1,2,0
3148,0,2022-11-27T16:30:00Z,False,0,6/6/2023 0:00,Minor,0.0,0.0,1.0,1.0,925,2204,1,2298,False,0.125,5,15,0,3,3,4,1,2,0
3149,0,2022-11-27T16:15:00Z,False,0,1/9/2023 0:00,?,0.0,0.0,0.0,0.0,1013,1359,1,576,True,0.125,5,15,0,3,3,5,1,2,0
3150,0,2022-11-27T15:45:00Z,False,0,6/20/2024 0:00,Minor,0.0,0.0,2.0,2.0,250,83,1,576,False,0.125,5,15,0,3,3,3,1,2,0
3151,0,2022-11-27T13:43:00Z,False,0,1/9/2023 0:00,?,0.0,0.0,0.0,0.0,270,1960,1,1299,False,0.125,5,15,0,3,3,5,1,2,0
3152,0,2022-11-27T13:30:00Z,False,0,1/31/2024 0:00,?,0.0,0.0,0.0,0.0,263,1757,6,2648,False,0.125,5,13,0,3,3,6,1,2,0
3153,0,2022-11-27T05:00:00Z,False,0,?,Fatal,5.0,0.0,0.0,5.0,319,1811,0,576,False,,0,0,10,0,0,6,0,0,1
3154,0,2022-11-27T05:00:00Z,False,0,3/30/2023 0:00,?,0.0,0.0,0.0,0.0,896,1594,1,1988,False,0.125,5,13,0,3,3,5,1,2,0
3155,0,2022-11-26T13:26:00Z,False,0,6/6/2023 0:00,Serious,0.0,1.0,0.0,1.0,349,1394,6,1261,False,0.125,5,15,0,3,3,4,1,2,0
3156,0,2022-11-26T12:00:00Z,False,0,2/9/2023 0:00,?,0.0,0.0,0.0,0.0,292,1689,11,576,False,0.125,5,15,0,3,3,3,1,2,0
3157,1,2022-11-26T05:00:00Z,False,0,?,?,0.0,0.0,0.0,0.0,179,367,1,576,False,,0,0,6,0,0,5,0,3,0
3158,0,2022-11-25T18:15:00Z,False,0,12/5/2024 0:00,Fatal,1.0,0.0,0.0,1.0,442,991,1,72,False,0.125,5,15,0,3,3,1,1,2,1
3159,1,2022-11-25T13:25:00Z,False,0,?,?,0.0,0.0,0.0,0.0,179,356,1,2874,False,,0,0,12,0,0,5,0,3,0
3160,0,2022-11-25T10:00:00Z,False,0,2/20/2025 0:00,?,0.0,0.0,0.0,0.0,270,1896,1,1980,False,0.125,6,16,0,3,1,4,1,2,0
3161,0,2022-11-24T12:00:00Z,False,0,6/22/2023 0:00,?,0.0,0.0,0.0,0.0,250,98,1,576,False,0.125,0,15,0,3,3,6,1,2,0
3162,1,2022-11-24T09:45:00Z,False,0,?,?,0.0,0.0,0.0,0.0,179,356,1,576,False,,0,0,12,0,0,10,0,3,0
3163,0,2022-11-23T15:07:00Z,False,0,4/20/2023 0:00,?,0.0,0.0,0.0,0.0,605,245,6,985,False,0.125,9,14,0,3,3,2,1,2,0
3164,0,2022-11-22T20:24:00Z,False,0,11/26/2024 0:00,Fatal,1.0,0.0,0.0,1.0,499,2208,1,751,True,0.125,5,15,0,1,3,3,1,2,1
3165,0,2022-11-22T19:57:00Z,False,0,12/5/2024 0:00,?,0.0,0.0,0.0,0.0,1078,2133,6,2456,False,0.25,9,13,0,3,3,10,1,2,0
3166,0,2022-11-22T18:45:00Z,False,0,1/18/2023 0:00,Minor,0.0,0.0,1.0,1.0,1060,1179,5,576,True,0.125,5,15,0,3,3,6,1,2,0
3167,0,2022-11-22T14:48:00Z,False,0,3/15/2023 0:00,?,0.0,0.0,0.0,0.0,157,130,1,576,False,0.25,8,15,0,3,3,3,1,2,0
3168,0,2022-11-22T13:57:00Z,False,0,5/2/2024 0:00,Fatal,2.0,0.0,0.0,2.0,994,1725,6,576,False,0.125,5,3,0,3,3,6,1,2,1
3169,0,2022-11-22T11:45:00Z,False,0,6/6/2023 0:00,?,0.0,0.0,0.0,0.0,1183,60,1,818,False,0.125,5,13,0,3,3,5,1,2,0
3170,1,2022-11-22T05:50:00Z,False,0,?,?,0.0,0.0,0.0,0.0,353,1083,1,1961,False,0.25,0,0,15,2,0,11,0,3,0
3171,1,2022-11-21T20:50:00Z,False,0,?,?,0.0,0.0,0.0,0.0,179,356,1,576,False,,0,0,12,0,0,3,0,3,0
3172,0,2022-11-21T20:05:00Z,False,0,5/2/2024 0:00,Serious,0.0,1.0,0.0,1.0,896,1660,1,1345,False,0.125,5,13,0,3,3,1,1,2,0
3173,0,2022-11-21T17:15:00Z,False,0,?,Fatal,8.0,0.0,0.0,8.0,896,1618,1,2512,False,,0,0,12,1,0,4,0,3,1
3174,0,2022-11-21T17:00:00Z,False,0,?,?,0.0,0.0,0.0,0.0,250,1528,1,576,False,0.125,0,0,13,0,0,5,0,3,0
3175,1,2022-11-21T08:53:00Z,False,0,?,?,0.0,0.0,0.0,0.0,250,340,1,2156,False,,0,0,13,0,0,11,0,3,0
3176,0,2022-11-20T22:30:00Z,False,0,?,?,0.0,0.0,0.0,0.0,179,356,1,1767,False,,0,0,12,3,0,8,0,3,0
3177,0,2022-11-20T15:00:00Z,False,0,3/20/2024 0:00,Minor,0.0,0.0,2.0,2.0,250,42,1,576,False,0.125,5,15,0,3,3,3,1,2,0
3178,0,2022-11-20T13:49:00Z,False,0,3/28/2024 0:00,Serious,0.0,1.0,0.0,1.0,896,1594,1,2575,False,0.125,5,15,0,3,3,11,1,2,0
3179,0,2022-11-20T13:40:00Z,False,0,10/5/2023 0:00,?,0.0,0.0,0.0,0.0,250,152,1,576,False,0.125,5,6,8,3,3,3,1,2,0
3180,0,2022-11-19T22:51:00Z,False,0,10/16/2023 0:00,?,0.0,0.0,0.0,0.0,45,516,1,576,False,0.25,6,0,4,3,3,3,1,2,0
3181,0,2022-11-19T20:09:00Z,False,0,?,Serious,0.0,1.0,0.0,1.0,993,1725,6,576,False,,0,0,13,3,0,6,0,3,0
3182,0,2022-11-19T18:00:00Z,False,0,6/15/2023 0:00,?,0.0,0.0,0.0,0.0,160,267,6,658,False,0.125,9,16,8,3,3,6,1,2,0
3183,0,2022-11-19T13:10:00Z,False,0,3/6/2024 0:00,Fatal,2.0,0.0,0.0,2.0,896,1613,1,1458,False,0.25,5,15,0,3,3,6,1,2,1
3184,0,2022-11-18T20:00:00Z,False,0,?,Fatal,1.0,0.0,0.0,1.0,39,655,1,576,False,,0,0,12,3,0,6,0,3,1
3185,1,2022-11-18T18:47:00Z,False,0,?,?,?,?,?,?,45,516,1,576,False,,0,0,12,0,0,1,0,3,0
3186,0,2022-11-18T17:11:00Z,False,0,?,Fatal,2.0,1.0,0.0,?,45,516,1,2559,False,0.25,0,0,12,3,0,10,0,3,1
3187,0,2022-11-18T17:10:00Z,False,0,12/5/2024 0:00,Fatal,1.0,0.0,0.0,1.0,250,277,1,576,False,0.25,5,16,0,1,3,3,1,2,1
3188,0,2022-11-18T17:05:00Z,False,0,3/30/2023 0:00,?,0.0,0.0,0.0,0.0,250,261,1,576,False,0.25,5,0,8,3,3,3,1,2,0
3189,0,2022-11-18T12:27:00Z,False,0,12/5/2024 0:00,?,0.0,0.0,0.0,0.0,994,71,6,2767,False,0.125,5,13,0,2,3,5,1,2,0
3190,0,2022-11-18T12:19:00Z,False,0,1/16/2025 0:00,Fatal,4.0,0.0,0.0,4.0,1183,155,1,576,False,0.125,8,11,0,3,3,6,1,2,1
3191,0,2022-11-18T09:45:00Z,False,0,10/30/2024 0:00,?,0.0,0.0,0.0,0.0,896,1601,1,1345,False,0.125,5,13,0,3,3,9,1,2,0
3192,1,2022-11-17T17:40:00Z,False,0,?,?,0.0,0.0,0.0,?,157,121,1,2872,False,,0,0,12,2,0,11,0,3,0
3193,0,2022-11-16T16:53:00Z,False,0,?,?,0.0,0.0,0.0,0.0,270,1959,1,576,False,0.125,0,0,13,3,0,3,0,3,0
3194,0,2022-11-16T00:15:00Z,False,0,1/9/2023 0:00,?,0.0,0.0,0.0,0.0,601,1193,1,1688,False,0.25,7,15,0,3,3,10,1,2,0
3195,0,2022-11-15T17:30:00Z,False,0,4/25/2024 0:00,Fatal,1.0,0.0,0.0,1.0,376,933,1,248,True,0.125,5,15,0,3,3,10,1,2,1
3196,0,2022-11-15T17:00:00Z,False,0,1/29/2025 0:00,Minor,0.0,0.0,2.0,2.0,461,1863,1,2736,False,0.25,8,6,8,3,1,1,1,2,0
3197,1,2022-11-15T16:03:00Z,False,0,?,?,0.0,0.0,0.0,0.0,157,130,1,576,False,,0,0,13,4,0,3,0,3,0
3198,0,2022-11-15T15:53:00Z,False,0,2/23/2023 0:00,Serious,0.0,1.0,0.0,1.0,250,87,1,2399,False,0.125,5,15,0,3,3,3,1,2,0
3199,0,2022-11-14T19:00:00Z,False,0,8/10/2023 0:00,?,0.0,0.0,0.0,0.0,896,1660,1,1785,False,0.125,5,13,0,3,3,4,1,2,0
3200,0,2022-11-14T18:32:00Z,False,0,?,Fatal,1.0,0.0,0.0,1.0,993,1721,6,576,False,,0,0,0,3,0,13,0,3,1
3201,0,2022-11-14T15:30:00Z,False,0,1/22/2025 0:00,?,0.0,0.0,0.0,0.0,82,588,1,576,False,0.125,5,17,14,3,3,3,1,2,0
3202,0,2022-11-14T13:34:00Z,False,0,12/18/2024 0:00,?,0.0,0.0,0.0,0.0,896,1570,1,576,False,0.125,5,3,0,3,3,6,1,2,0
3203,0,2022-11-14T10:47:00Z,False,0,6/6/2023 0:00,?,0.0,0.0,0.0,0.0,896,1668,1,2306,False,0.125,5,15,0,3,3,5,1,2,0
3204,2,2022-11-14T05:00:00Z,False,0,?,?,0.0,0.0,0.0,?,179,356,1,2573,False,,0,0,12,0,0,11,0,3,0
3205,0,2022-11-13T17:45:00Z,False,0,6/6/2023 0:00,?,0.0,0.0,0.0,0.0,250,211,1,1254,False,0.25,5,15,0,3,3,5,1,2,0
3206,0,2022-11-13T17:27:00Z,False,0,1/9/2023 0:00,?,0.0,0.0,0.0,0.0,250,45,1,2340,False,0.125,5,13,0,3,3,5,1,2,0
3207,0,2022-11-13T11:50:00Z,False,0,6/22/2023 0:00,?,0.0,0.0,0.0,0.0,250,45,1,576,False,0.125,5,13,0,3,3,3,1,2,0
3208,2,2022-11-13T03:58:00Z,False,0,?,?,0.0,0.0,0.0,0.0,391,929,1,2811,False,0.25,0,3,12,2,0,5,0,3,0
3209,0,2022-11-12T19:26:00Z,False,0,4/20/2023 0:00,?,0.0,0.0,0.0,0.0,250,60,1,2146,False,0.125,5,13,0,3,3,4,1,2,0
3210,0,2022-11-12T15:22:00Z,True,0,12/13/2024 0:00,Fatal,6.0,0.0,0.0,6.0,179,1534,1,2318,False,0.5,5,4,0,1,3,6,1,2,1
3211,0,2022-11-11T17:00:00Z,False,0,1/9/2023 0:00,Minor,0.0,0.0,1.0,1.0,70,451,1,576,False,0.125,5,15,0,3,3,10,1,2,0
3212,2,2022-11-11T14:15:00Z,False,0,?,?,0.0,0.0,0.0,0.0,179,385,1,576,False,0.5,0,0,12,4,0,3,0,3,0
3213,0,2022-11-11T14:07:00Z,False,0,5/16/2024 0:00,Serious,0.0,1.0,0.0,1.0,250,38,1,576,False,0.125,5,15,0,3,3,3,1,2,0
3214,0,2022-11-11T05:00:00Z,False,0,1/25/2023 0:00,?,0.0,0.0,0.0,0.0,996,1721,6,1493,False,0.125,5,13,0,3,3,6,1,2,0
3215,1,2022-11-10T23:11:00Z,False,0,?,Minor,0.0,0.0,1.0,1.0,1039,227,1,576,False,,0,0,12,2,0,10,0,3,0
3216,0,2022-11-10T18:15:00Z,False,0,6/6/2023 0:00,Serious,0.0,1.0,0.0,1.0,250,80,1,1743,False,0.125,5,15,0,1,3,1,1,2,0
3217,0,2022-11-10T13:40:00Z,False,0,11/14/2024 0:00,Fatal,1.0,0.0,0.0,1.0,896,1565,1,576,False,0.125,5,15,0,3,3,3,1,2,1
3218,0,2022-11-10T05:00:00Z,False,0,4/20/2023 0:00,Serious,0.0,1.0,0.0,1.0,179,366,1,576,False,0.25,6,0,4,0,3,3,1,2,0
3219,0,2022-11-09T13:30:00Z,False,0,12/20/2022 0:00,?,0.0,0.0,0.0,0.0,739,449,1,1713,False,0.125,5,15,0,3,3,5,1,2,0
3220,0,2022-11-09T13:25:00Z,False,0,3/2/2023 0:00,Serious,0.0,1.0,0.0,1.0,896,1594,1,584,False,0.125,5,13,0,0,3,9,1,2,0
3221,0,2022-11-09T12:48:00Z,False,0,3/15/2023 0:00,?,0.0,0.0,0.0,0.0,820,2159,1,647,True,0.125,5,15,0,3,3,4,1,2,0
3222,0,2022-11-09T11:34:00Z,False,0,3/28/2024 0:00,Fatal,2.0,0.0,0.0,2.0,896,1678,1,1738,False,0.125,8,6,0,1,1,1,1,2,1
3223,1,2022-11-08T19:47:00Z,False,0,?,?,?,?,?,?,179,356,1,576,False,,0,0,12,0,0,3,0,3,0
3224,0,2022-11-07T17:35:00Z,False,0,1/18/2023 0:00,?,0.0,0.0,0.0,0.0,903,2179,1,908,False,0.125,5,15,0,3,3,3,1,2,0
3225,1,2022-11-07T00:11:00Z,False,0,?,?,?,?,?,?,179,356,1,576,False,,0,0,12,2,0,5,0,3,0
3226,0,2022-11-06T23:45:00Z,False,0,4/10/2024 0:00,Serious,0.0,1.0,0.0,1.0,157,976,1,663,False,0.25,8,16,0,1,1,1,1,2,0
3227,0,2022-11-06T15:30:00Z,False,0,2/23/2023 0:00,?,0.0,0.0,0.0,0.0,250,112,1,519,False,0.125,5,15,0,3,3,10,1,2,0
3228,0,2022-11-05T14:51:00Z,False,0,6/6/2023 0:00,Minor,0.0,0.0,2.0,2.0,157,690,1,1233,False,0.25,5,6,0,3,3,1,1,2,0
3229,0,2022-11-05T13:00:00Z,False,0,5/16/2024 0:00,Fatal,1.0,0.0,0.0,1.0,270,1958,1,2034,False,0.125,5,13,0,3,3,1,1,2,1
3230,0,2022-11-05T09:21:00Z,False,0,3/20/2024 0:00,?,0.0,0.0,0.0,0.0,250,1718,1,576,False,0.125,5,15,0,3,3,3,1,2,0
3231,0,2022-11-05T09:20:00Z,False,0,?,Fatal,7.0,0.0,0.0,7.0,32,487,6,576,False,,0,0,12,1,0,3,0,3,1
3232,0,2022-11-05T09:12:00Z,False,0,2/9/2023 0:00,?,0.0,0.0,0.0,0.0,896,1601,1,1381,False,0.125,5,13,0,3,3,5,1,2,0
3233,0,2022-11-05T09:11:00Z,False,0,11/14/2024 0:00,Fatal,2.0,0.0,0.0,2.0,43,1048,11,1342,False,0.125,5,13,0,3,3,6,1,2,1
3234,0,2022-11-04T18:15:00Z,False,0,9/18/2024 0:00,?,0.0,0.0,0.0,0.0,69,550,1,2565,False,0.125,5,11,0,3,3,3,1,2,0
3235,0,2022-11-04T16:00:00Z,False,0,4/18/2024 0:00,?,0.0,0.0,0.0,0.0,608,1185,1,1505,True,0.125,5,15,0,3,3,3,1,2,0
3236,1,2022-11-04T15:35:00Z,False,0,?,?,?,?,?,?,1039,227,1,576,False,,0,0,12,2,0,10,0,3,0
3237,0,2022-11-03T20:15:00Z,False,0,11/7/2024 0:00,?,0.0,0.0,0.0,0.0,413,992,1,1198,False,0.25,6,16,0,3,3,5,1,2,0
3238,0,2022-11-03T19:55:00Z,False,0,4/25/2024 0:00,?,0.0,0.0,0.0,0.0,157,462,1,605,False,0.25,5,6,0,3,3,3,1,2,0
3239,0,2022-11-03T15:40:00Z,False,0,?,?,?,?,?,?,157,223,1,2597,False,,0,0,13,3,0,13,0,3,0
3240,0,2022-11-03T14:51:00Z,False,0,?,Fatal,2.0,0.0,0.0,2.0,896,1668,1,1063,False,,0,0,13,1,0,3,0,3,1
3241,0,2022-11-03T11:15:00Z,False,0,?,Fatal,1.0,1.0,0.0,2.0,160,2126,6,576,False,0.125,0,8,12,3,3,6,0,3,1
3242,0,2022-11-03T11:09:00Z,False,0,4/25/2024 0:00,Fatal,1.0,0.0,0.0,1.0,157,536,1,1415,False,0.125,5,15,0,1,1,1,1,2,1
3243,0,2022-11-02T22:40:00Z,False,0,6/16/2023 0:00,Serious,0.0,1.0,0.0,1.0,45,512,1,576,False,0.25,6,0,4,0,3,3,1,2,0
3244,0,2022-11-02T20:48:00Z,False,0,9/5/2024 0:00,Minor,0.0,0.0,2.0,2.0,160,142,6,1308,False,0.125,9,6,0,3,3,4,1,2,0
3245,0,2022-11-02T18:26:00Z,False,0,6/6/2023 0:00,Minor,0.0,0.0,1.0,1.0,1049,764,1,2630,True,0.125,5,15,0,3,3,3,1,2,0
3246,0,2022-11-02T18:07:00Z,False,0,2/23/2023 0:00,?,0.0,0.0,0.0,0.0,896,1593,1,958,False,0.125,5,15,0,3,3,1,1,2,0
3247,0,2022-11-02T17:15:00Z,False,0,1/25/2023 0:00,?,0.0,0.0,0.0,0.0,771,1400,1,1703,False,0.125,5,15,0,3,3,5,1,2,0
3248,0,2022-11-02T13:52:00Z,False,0,2/23/2023 0:00,Serious,0.0,1.0,1.0,2.0,250,60,1,1294,False,0.125,5,15,0,3,3,1,1,2,0
3249,0,2022-11-02T10:33:00Z,False,0,2/23/2023 0:00,?,0.0,0.0,0.0,0.0,250,58,1,2684,False,0.125,5,15,0,3,3,5,1,2,0
3250,1,2022-11-02T04:00:00Z,False,0,?,?,0.0,0.0,0.0,0.0,179,397,1,576,False,0.25,0,0,4,2,0,9,0,3,0
3251,0,2022-11-01T18:36:00Z,False,0,?,?,?,?,?,?,726,670,6,576,False,,0,0,6,3,0,4,0,3,0
3252,0,2022-11-01T04:00:00Z,False,0,?,Fatal,2.0,1.0,0.0,3.0,45,607,6,576,False,,0,0,13,3,0,13,0,3,1
3253,0,2022-10-31T14:04:00Z,False,0,8/29/2024 0:00,Fatal,2.0,0.0,0.0,2.0,578,1138,1,2233,False,0.25,5,15,0,1,1,1,1,2,1
3254,1,2022-10-30T20:10:00Z,False,0,?,?,0.0,0.0,0.0,0.0,179,356,1,576,False,,0,0,12,0,0,5,0,3,0
3255,0,2022-10-30T14:58:00Z,False,0,6/28/2023 0:00,Serious,0.0,1.0,2.0,3.0,896,1625,1,576,False,0.125,5,15,0,3,1,13,1,2,0
3256,0,2022-10-29T16:30:00Z,False,0,?,?,0.0,0.0,0.0,0.0,250,97,1,2489,False,,0,0,13,3,0,1,0,3,0
3257,0,2022-10-29T15:52:00Z,False,0,4/10/2024 0:00,Fatal,2.0,0.0,0.0,2.0,154,1703,1,576,True,0.125,5,15,0,3,3,3,1,2,1
3258,0,2022-10-29T12:40:00Z,False,0,12/20/2022 0:00,Minor,0.0,0.0,1.0,1.0,1114,1442,1,1051,True,0.125,5,4,0,3,3,9,1,2,0
3259,0,2022-10-28T19:00:00Z,False,0,3/2/2023 0:00,?,0.0,0.0,0.0,0.0,1241,1777,1,2356,True,0.125,5,15,0,3,3,5,1,2,0
3260,1,2022-10-28T17:18:00Z,False,0,?,?,?,?,?,?,45,516,1,576,False,,0,0,12,0,0,10,0,3,0
3261,0,2022-10-28T17:00:00Z,False,0,2/23/2023 0:00,Minor,0.0,0.0,1.0,1.0,166,442,1,198,False,0.125,5,15,0,3,3,5,1,2,0
3262,0,2022-10-28T13:43:00Z,False,0,4/18/2024 0:00,Fatal,1.0,0.0,0.0,1.0,1317,839,1,411,True,0.125,5,15,0,3,3,1,1,2,1
3263,0,2022-10-28T13:00:00Z,False,0,2/23/2023 0:00,Minor,0.0,0.0,1.0,1.0,896,1587,1,909,False,0.125,5,15,0,3,3,5,1,2,0
3264,1,2022-10-27T23:35:00Z,False,0,?,?,0.0,0.0,0.0,0.0,179,418,1,576,False,0.25,0,0,6,2,0,10,0,3,0
3265,0,2022-10-27T21:07:00Z,False,0,3/20/2024 0:00,?,0.0,0.0,0.0,0.0,250,2041,1,1247,False,0.125,5,7,0,3,3,1,1,2,0
3266,0,2022-10-27T16:09:00Z,False,0,6/5/2024 0:00,Minor,0.0,0.0,1.0,1.0,1183,77,1,18,False,0.125,5,13,0,3,3,5,1,2,0
3267,0,2022-10-27T16:00:00Z,False,0,11/29/2023 0:00,?,0.0,0.0,0.0,0.0,993,1725,6,576,False,0.125,5,15,0,3,3,3,1,2,0
3268,0,2022-10-27T15:15:00Z,False,0,6/6/2023 0:00,Minor,0.0,0.0,1.0,1.0,250,71,1,47,False,0.125,5,15,0,3,3,5,1,2,0
3269,1,2022-10-27T14:22:00Z,False,0,?,?,?,?,?,?,183,726,1,576,False,0.25,0,0,15,2,0,5,0,3,0
3270,1,2022-10-27T03:03:00Z,False,0,?,?,0.0,0.0,0.0,0.0,179,356,1,576,False,,0,0,12,0,0,3,0,3,0
3271,0,2022-10-26T18:11:00Z,False,0,9/11/2024 0:00,Fatal,1.0,2.0,0.0,3.0,160,267,6,2286,False,0.125,9,14,8,1,3,3,1,2,1
3272,0,2022-10-26T17:56:00Z,False,0,10/5/2023 0:00,?,0.0,0.0,0.0,0.0,896,1581,1,576,False,0.125,5,13,0,3,3,4,1,2,0
3273,0,2022-10-26T16:50:00Z,False,0,1/25/2023 0:00,?,0.0,0.0,0.0,0.0,179,545,1,1625,False,0.125,5,15,0,3,3,5,1,2,0
3274,0,2022-10-26T16:27:00Z,False,0,1/9/2023 0:00,?,0.0,0.0,0.0,0.0,896,1581,1,576,False,0.125,5,15,0,3,3,3,1,2,0
3275,0,2022-10-26T14:04:00Z,False,0,1/9/2023 0:00,?,0.0,0.0,0.0,0.0,250,37,1,576,False,0.125,5,15,0,3,3,3,1,2,0
3276,1,2022-10-25T23:10:00Z,False,0,?,?,?,?,?,?,179,356,1,576,False,,0,0,12,0,0,1,0,3,0
3277,0,2022-10-25T19:00:00Z,False,0,10/30/2024 0:00,Fatal,1.0,0.0,0.0,1.0,125,1047,11,670,False,0.125,5,22,0,3,3,13,1,2,1
3278,1,2022-10-25T17:20:00Z,False,0,?,?,?,?,?,?,179,416,1,576,False,,0,0,12,0,0,3,0,3,0
3279,1,2022-10-24T21:11:00Z,False,0,?,?,?,?,?,?,179,356,1,576,False,,0,0,12,0,0,1,0,3,0
3280,1,2022-10-24T20:50:00Z,False,0,?,?,?,?,?,?,1039,227,1,576,False,,0,0,12,0,0,1,0,3,0
3281,0,2022-10-24T10:20:00Z,False,0,6/6/2023 0:00,?,0.0,0.0,0.0,0.0,254,437,1,1282,False,0.125,5,15,0,3,3,1,1,2,0
3282,0,2022-10-23T18:05:00Z,False,0,8/14/2024 0:00,?,0.0,0.0,0.0,0.0,270,1959,1,1224,False,0.125,5,15,0,3,3,5,1,2,0
3283,0,2022-10-23T18:00:00Z,False,0,4/10/2024 0:00,?,0.0,0.0,0.0,0.0,896,1603,1,2553,False,0.125,5,15,0,3,3,4,1,2,0
3284,0,2022-10-23T17:10:00Z,False,0,11/7/2024 0:00,Minor,0.0,0.0,1.0,1.0,896,1630,1,1805,False,0.125,5,15,0,3,3,4,1,2,0
3285,0,2022-10-23T16:02:00Z,False,0,?,?,0.0,0.0,0.0,0.0,45,527,1,2348,False,,0,0,12,3,0,5,0,3,0
3286,0,2022-10-23T15:50:00Z,False,0,?,Fatal,1.0,0.0,0.0,1.0,250,32,1,2407,False,0.125,0,15,13,1,2,0,0,3,1
3287,0,2022-10-23T15:12:00Z,False,0,6/20/2024 0:00,Serious,0.0,2.0,0.0,2.0,978,2020,1,576,True,0.125,5,15,0,3,3,3,1,2,0
3288,0,2022-10-23T14:00:00Z,False,0,3/28/2024 0:00,?,0.0,0.0,0.0,0.0,1146,1352,1,2382,True,0.125,5,15,0,3,3,3,1,2,0
3289,0,2022-10-22T22:15:00Z,False,0,?,?,?,?,?,?,896,1665,1,576,False,,0,0,13,4,0,3,0,3,0
3290,0,2022-10-22T19:17:00Z,False,0,12/5/2024 0:00,?,0.0,0.0,0.0,0.0,157,2146,1,576,False,0.125,5,15,0,3,3,1,1,2,0
3291,0,2022-10-22T15:20:00Z,False,0,1/31/2024 0:00,?,0.0,0.0,0.0,0.0,250,492,1,2644,False,0.125,5,15,0,3,3,3,1,2,0
3292,1,2022-10-22T01:52:00Z,False,0,?,?,?,?,?,?,179,356,1,1292,False,,0,0,12,0,0,13,0,3,0
3293,0,2022-10-21T19:45:00Z,False,0,5/30/2024 0:00,Fatal,2.0,0.0,0.0,2.0,157,508,1,1049,False,0.125,5,15,0,1,3,10,1,2,1
3294,0,2022-10-21T17:45:00Z,False,0,1/18/2023 0:00,Minor,0.0,0.0,1.0,1.0,250,60,1,2058,False,0.125,5,13,0,3,3,5,1,2,0
3295,0,2022-10-21T15:30:00Z,False,0,10/3/2024 0:00,Fatal,1.0,0.0,0.0,1.0,1242,1765,1,576,True,0.125,5,15,0,3,3,3,1,2,1
3296,1,2022-10-21T11:25:00Z,False,0,?,?,?,?,?,?,179,356,1,949,False,0.25,0,0,12,2,0,5,0,3,0
3297,0,2022-10-21T11:00:00Z,False,0,6/6/2023 0:00,?,0.0,0.0,0.0,0.0,250,97,1,566,False,0.125,5,14,0,3,3,10,1,2,0
3298,1,2022-10-20T18:18:00Z,False,0,?,?,0.0,0.0,0.0,0.0,421,1020,1,576,False,,0,0,12,2,0,5,0,3,0
3299,0,2022-10-20T13:58:00Z,False,0,5/2/2024 0:00,Serious,0.0,1.0,1.0,2.0,157,2147,1,2154,False,0.125,5,15,0,1,3,5,1,2,0
3300,0,2022-10-20T11:10:00Z,False,0,5/2/2024 0:00,?,0.0,0.0,0.0,0.0,250,28,1,1008,False,0.125,5,15,0,3,3,10,1,2,0
3301,0,2022-10-19T14:50:00Z,False,0,?,Serious,0.0,2.0,0.0,2.0,160,267,6,576,False,,0,0,13,3,0,2,0,3,0
3302,0,2022-10-19T11:15:00Z,False,0,?,Fatal,1.0,0.0,0.0,1.0,1190,1839,1,576,False,,0,0,13,3,0,13,0,3,1
3303,1,2022-10-19T03:20:00Z,False,0,?,?,?,?,?,?,179,356,1,576,False,,0,0,12,0,0,1,0,3,0
3304,0,2022-10-18T21:31:00Z,False,0,?,Fatal,2.0,1.0,0.0,3.0,250,2037,1,576,False,,0,0,12,1,0,5,0,3,1
3305,0,2022-10-18T12:36:00Z,False,0,?,Fatal,7.0,0.0,0.0,7.0,160,267,6,576,False,,0,0,13,1,0,13,0,3,1
3306,0,2022-10-18T12:05:00Z,False,0,10/26/2023 0:00,?,0.0,0.0,0.0,0.0,250,58,1,1130,False,0.125,5,6,0,3,3,10,1,2,0
3307,0,2022-10-18T08:41:00Z,False,0,6/26/2024 0:00,Fatal,1.0,0.0,0.0,1.0,896,1622,1,576,False,0.125,5,15,0,1,3,3,1,2,1
3308,0,2022-10-18T08:40:00Z,False,0,10/23/2024 0:00,Serious,0.0,1.0,0.0,1.0,250,86,1,1198,False,0.125,5,15,0,3,3,1,1,2,0
3309,0,2022-10-18T08:09:00Z,False,0,5/30/2024 0:00,Fatal,2.0,0.0,0.0,2.0,157,976,1,2257,False,0.25,8,16,0,3,3,1,1,2,1
3310,1,2022-10-18T04:00:00Z,False,0,?,?,0.0,0.0,0.0,0.0,250,60,1,576,False,,0,0,13,0,0,5,0,3,0
3311,0,2022-10-17T12:40:00Z,False,0,1/2/2025 0:00,Fatal,2.0,0.0,0.0,2.0,883,566,1,1230,True,0.125,5,11,0,3,3,1,1,2,1
3312,0,2022-10-17T04:00:00Z,False,0,?,Serious,0.0,1.0,0.0,1.0,811,1387,1,576,False,,0,0,13,1,0,13,0,3,0
3313,0,2022-10-16T23:45:00Z,False,0,12/5/2024 0:00,Fatal,1.0,0.0,0.0,1.0,250,77,1,2630,False,0.125,5,15,0,0,3,9,1,2,1
3314,0,2022-10-16T17:00:00Z,False,0,?,Fatal,1.0,2.0,5.0,7.0,269,1896,1,2518,False,0.25,0,0,13,3,3,10,0,3,1
3315,0,2022-10-16T15:27:00Z,False,0,3/28/2024 0:00,Fatal,1.0,0.0,0.0,1.0,896,1621,1,576,False,0.125,5,16,0,3,1,3,1,2,1
3316,0,2022-10-16T10:20:00Z,False,0,6/6/2023 0:00,Serious,0.0,1.0,0.0,1.0,700,1091,1,576,True,0.125,5,15,0,3,3,4,1,2,0
3317,0,2022-10-15T20:10:00Z,False,0,1/18/2023 0:00,?,0.0,0.0,0.0,0.0,269,1959,1,852,False,0.125,5,6,0,3,3,5,1,2,0
3318,0,2022-10-15T16:00:00Z,False,0,1/9/2023 0:00,?,0.0,0.0,0.0,0.0,916,1995,1,576,True,0.125,5,15,0,3,3,10,1,2,0
3319,0,2022-10-15T15:48:00Z,False,0,11/26/2024 0:00,?,0.0,0.0,0.0,0.0,381,914,1,2318,False,0.25,5,15,0,3,3,1,1,2,0
3320,0,2022-10-15T15:33:00Z,False,0,1/9/2023 0:00,?,0.0,0.0,0.0,0.0,179,545,1,2115,False,0.125,5,15,0,3,3,5,1,2,0
3321,0,2022-10-15T13:00:00Z,False,0,9/8/2023 0:00,?,0.0,0.0,0.0,0.0,896,1613,1,2380,False,0.25,5,15,0,3,3,1,1,2,0
3322,0,2022-10-15T10:02:00Z,False,0,1/26/2023 0:00,?,0.0,0.0,0.0,0.0,21,503,1,1658,False,0.125,5,11,0,3,3,5,1,2,0
3323,0,2022-10-15T09:30:00Z,False,0,5/16/2024 0:00,?,0.0,0.0,0.0,0.0,811,1385,1,1721,False,0.125,5,15,0,3,3,10,1,2,0
3324,1,2022-10-15T04:00:00Z,False,0,?,?,0.0,0.0,0.0,0.0,160,142,6,576,False,,0,0,13,0,0,11,0,3,0
3325,0,2022-10-15T02:00:00Z,False,0,2/23/2023 0:00,?,0.0,0.0,0.0,0.0,250,73,1,1093,False,0.125,5,13,0,3,3,11,1,2,0
3326,0,2022-10-14T20:05:00Z,False,0,1/9/2023 0:00,?,0.0,0.0,0.0,0.0,896,1245,1,576,False,0.125,5,15,0,3,3,5,1,2,0
3327,0,2022-10-14T18:11:00Z,False,0,6/6/2023 0:00,Minor,0.0,0.0,1.0,1.0,994,1725,6,948,False,0.125,5,9,0,3,3,5,1,2,0
3328,0,2022-10-14T17:30:00Z,False,0,6/6/2023 0:00,?,0.0,0.0,0.0,0.0,779,1953,1,576,True,0.125,5,15,0,3,3,3,1,2,0
3329,0,2022-10-14T17:00:00Z,False,0,6/6/2023 0:00,?,0.0,0.0,0.0,0.0,896,1593,1,1916,False,0.125,5,13,0,3,3,5,1,2,0
3330,1,2022-10-14T16:20:00Z,False,0,?,?,0.0,0.0,0.0,0.0,250,261,1,2507,False,0.25,0,0,12,0,0,1,0,3,0
3331,0,2022-10-14T16:15:00Z,False,0,6/6/2023 0:00,?,0.0,0.0,0.0,0.0,602,935,1,211,False,0.125,5,15,0,3,3,5,1,2,0
3332,0,2022-10-14T15:43:00Z,False,0,8/16/2023 0:00,?,0.0,0.0,0.0,0.0,952,1708,1,1733,True,0.125,5,9,0,3,3,3,1,2,0
3333,1,2022-10-14T14:18:00Z,False,0,?,?,?,?,?,?,179,427,1,576,False,0.25,0,0,6,2,0,3,0,3,0
3334,0,2022-10-14T11:27:00Z,False,0,6/6/2023 0:00,?,0.0,0.0,0.0,0.0,550,553,1,972,False,0.125,5,13,0,3,3,5,1,2,0
3335,0,2022-10-13T18:00:00Z,False,0,6/6/2023 0:00,?,0.0,0.0,0.0,0.0,13,4,1,2850,False,0.125,5,15,0,3,3,10,1,2,0
3336,0,2022-10-13T16:00:00Z,False,0,12/20/2022 0:00,?,0.0,0.0,0.0,0.0,157,690,1,113,False,0.25,5,15,0,3,3,11,1,2,0
3337,0,2022-10-13T10:30:00Z,False,0,8/31/2023 0:00,?,0.0,0.0,0.0,0.0,250,206,1,481,False,0.25,5,9,8,3,1,3,1,2,0
3338,0,2022-10-13T04:00:00Z,False,0,?,Fatal,1.0,0.0,0.0,1.0,250,60,1,576,False,,0,0,13,3,0,5,0,3,1
3339,0,2022-10-12T16:12:00Z,False,0,3/20/2024 0:00,Minor,0.0,0.0,1.0,1.0,896,1622,1,1513,False,0.125,5,15,0,3,3,1,1,2,0
3340,0,2022-10-12T13:55:00Z,False,0,10/5/2023 0:00,?,0.0,0.0,0.0,0.0,601,1193,1,731,False,0.25,6,6,8,3,3,5,1,2,0
3341,0,2022-10-11T12:00:00Z,False,0,1/26/2023 0:00,Serious,0.0,1.0,0.0,1.0,937,1706,1,1696,True,0.125,5,15,0,3,3,4,1,2,0
3342,0,2022-10-11T11:37:00Z,False,0,1/18/2023 0:00,?,0.0,0.0,0.0,0.0,896,1593,1,1976,False,0.125,5,13,0,3,3,5,1,2,0
3343,0,2022-10-10T17:45:00Z,False,0,5/2/2024 0:00,?,0.0,0.0,0.0,0.0,250,2045,1,680,False,0.125,5,15,0,3,3,5,1,2,0
3344,0,2022-10-09T18:55:00Z,False,0,2/23/2023 0:00,Minor,0.0,0.0,1.0,1.0,1106,2062,1,501,True,0.125,5,15,0,3,3,5,1,2,0
3345,1,2022-10-09T17:30:00Z,False,0,?,?,0.0,0.0,0.0,0.0,723,283,1,576,False,,0,0,13,2,0,5,0,3,0
3346,0,2022-10-09T12:44:00Z,False,0,2/23/2023 0:00,Minor,0.0,0.0,1.0,1.0,771,1462,1,576,False,0.125,5,15,0,3,3,10,1,2,0
3347,0,2022-10-09T12:20:00Z,False,0,6/6/2023 0:00,Minor,0.0,0.0,1.0,1.0,1312,1755,1,2298,True,0.125,5,15,0,3,3,6,1,2,0
3348,0,2022-10-08T19:56:00Z,False,0,12/20/2022 0:00,?,0.0,0.0,0.0,0.0,250,86,1,1870,False,0.125,5,15,0,3,3,1,1,2,0
3349,0,2022-10-08T19:02:00Z,False,0,4/25/2024 0:00,Serious,0.0,4.0,0.0,4.0,165,305,6,576,False,0.125,9,15,0,3,3,1,1,2,0
3350,0,2022-10-08T17:10:00Z,False,0,1/26/2023 0:00,?,0.0,0.0,0.0,0.0,250,71,1,774,False,0.125,5,15,0,3,3,5,1,2,0
3351,0,2022-10-08T16:43:00Z,False,0,?,?,0.0,0.0,0.0,0.0,433,607,6,576,False,,0,0,13,3,0,13,0,3,0
3352,0,2022-10-08T15:00:00Z,False,0,1/9/2023 0:00,?,0.0,0.0,0.0,0.0,250,59,1,2748,False,0.125,5,15,0,3,3,5,1,2,0
3353,0,2022-10-08T11:00:00Z,False,0,1/26/2023 0:00,Serious,0.0,1.0,1.0,2.0,163,305,6,576,False,0.125,9,15,0,3,3,5,1,2,0
3354,0,2022-10-08T10:50:00Z,False,0,5/30/2024 0:00,?,0.0,0.0,0.0,0.0,1044,957,4,2766,False,0.0,0,15,0,3,3,3,1,2,0
3355,0,2022-10-07T17:30:00Z,False,0,4/20/2023 0:00,?,0.0,0.0,0.0,0.0,1326,824,1,576,True,0.125,5,15,0,3,3,3,1,2,0
3356,0,2022-10-07T15:04:00Z,False,0,6/6/2023 0:00,Serious,0.0,1.0,0.0,1.0,534,1770,1,2308,True,0.125,5,15,0,3,3,1,1,2,0
3357,0,2022-10-07T11:21:00Z,False,0,1/26/2023 0:00,Serious,0.0,1.0,0.0,1.0,27,1842,2,576,False,,0,15,0,2,3,5,1,2,0
3358,0,2022-10-06T18:15:00Z,False,0,12/20/2022 0:00,?,0.0,0.0,0.0,0.0,250,32,1,2298,False,0.125,5,15,0,3,3,5,1,2,0
3359,0,2022-10-06T17:21:00Z,False,0,10/30/2024 0:00,Minor,0.0,0.0,1.0,1.0,1172,1113,1,1309,True,0.125,5,15,0,3,3,1,1,2,0
3360,0,2022-10-06T16:07:00Z,False,0,4/10/2024 0:00,Fatal,1.0,2.0,0.0,3.0,250,60,1,2243,False,0.125,5,13,0,3,3,4,1,2,1
3361,0,2022-10-06T13:30:00Z,False,0,12/20/2022 0:00,?,0.0,0.0,0.0,0.0,1277,2200,1,1876,True,0.125,5,15,0,3,3,5,1,2,0
3362,0,2022-10-06T13:29:00Z,False,0,9/18/2024 0:00,Fatal,1.0,0.0,0.0,1.0,1061,1363,1,576,True,0.125,5,15,0,3,3,6,1,2,1
3363,1,2022-10-06T13:00:00Z,False,0,?,?,0.0,0.0,0.0,?,179,356,1,1392,False,0.25,0,0,12,2,0,5,0,3,0
3364,0,2022-10-06T04:00:00Z,False,0,?,Fatal,1.0,0.0,0.0,1.0,160,142,6,576,False,,0,0,13,1,0,13,0,3,1
3365,1,2022-10-06T01:11:00Z,False,0,?,?,?,?,?,?,179,356,1,576,False,,0,0,12,2,0,5,0,3,0
3366,1,2022-10-05T19:59:00Z,False,0,10/3/2024 0:00,?,0.0,0.0,0.0,0.0,183,849,1,953,False,0.25,6,0,4,2,3,5,1,2,0
3367,0,2022-10-05T18:58:00Z,False,0,10/10/2023 0:00,Fatal,1.0,0.0,0.0,1.0,250,493,1,619,False,0.125,5,15,0,0,3,11,1,2,1
3368,0,2022-10-05T14:56:00Z,False,0,6/12/2024 0:00,Fatal,2.0,0.0,0.0,2.0,157,536,1,701,False,0.125,5,6,0,1,1,1,1,2,1
3369,0,2022-10-05T12:30:00Z,False,0,1/18/2023 0:00,Minor,0.0,0.0,1.0,1.0,19,431,1,143,False,0.125,5,13,0,3,3,5,1,2,0
3370,0,2022-10-05T12:30:00Z,False,0,1/9/2023 0:00,?,0.0,0.0,0.0,0.0,963,536,1,1587,False,0.125,5,15,0,3,3,5,1,2,0
3371,0,2022-10-04T20:04:00Z,False,0,12/20/2022 0:00,?,0.0,0.0,0.0,0.0,250,1308,1,408,False,0.125,5,15,0,3,3,5,1,2,0
3372,0,2022-10-04T13:55:00Z,False,0,6/6/2023 0:00,?,0.0,0.0,0.0,0.0,896,1613,1,576,False,0.25,5,15,0,3,3,3,1,2,0
3373,0,2022-10-04T13:38:00Z,False,0,10/3/2024 0:00,Fatal,1.0,0.0,0.0,1.0,289,1460,1,576,True,0.125,5,15,0,1,3,3,1,2,1
3374,0,2022-10-04T12:50:00Z,False,0,2/23/2023 0:00,?,0.0,0.0,0.0,0.0,250,85,1,197,False,0.125,5,15,0,3,3,5,1,2,0
3375,0,2022-10-04T12:30:00Z,False,0,1/9/2023 0:00,?,0.0,0.0,0.0,0.0,301,1107,1,2387,False,0.125,5,15,0,3,3,5,1,2,0
3376,0,2022-10-04T07:45:00Z,False,0,6/6/2023 0:00,?,0.0,0.0,0.0,0.0,250,60,1,2473,False,0.125,5,13,0,3,3,5,1,2,0
3377,0,2022-10-03T18:40:00Z,False,0,4/18/2024 0:00,?,0.0,0.0,0.0,0.0,423,1018,1,576,False,0.25,6,6,0,3,3,4,1,2,0
3378,0,2022-10-03T17:45:00Z,False,0,1/26/2023 0:00,Minor,0.0,0.0,1.0,1.0,1176,1069,1,127,False,0.125,5,15,0,3,3,4,1,2,0
3379,0,2022-10-03T11:02:00Z,False,0,?,Fatal,1.0,0.0,0.0,1.0,250,142,1,576,False,,0,0,13,4,0,13,0,3,1
3380,1,2022-10-03T06:15:00Z,False,0,?,?,0.0,0.0,0.0,0.0,179,356,1,576,False,,0,0,12,0,0,3,0,3,0
3381,0,2022-10-03T05:00:00Z,False,0,?,Minor,0.0,0.0,1.0,1.0,179,356,1,576,False,0.25,0,0,12,0,0,3,0,3,0
3382,0,2022-10-03T04:00:00Z,False,0,?,Minor,0.0,0.0,2.0,2.0,894,752,1,576,False,,0,0,13,3,0,3,0,3,0
3383,1,2022-10-03T04:00:00Z,False,0,?,?,?,?,?,?,179,416,1,576,False,,0,0,12,0,0,4,0,3,0
3384,0,2022-10-02T21:00:00Z,False,0,4/25/2024 0:00,Minor,0.0,0.0,1.0,1.0,250,100,1,576,False,0.125,5,15,0,3,3,3,1,2,0
3385,0,2022-10-02T18:45:00Z,False,0,12/15/2022 0:00,?,0.0,0.0,0.0,0.0,254,442,1,983,False,0.125,5,15,0,3,3,5,1,2,0
3386,0,2022-10-02T17:00:00Z,False,0,8/23/2023 0:00,?,0.0,0.0,0.0,0.0,896,1556,1,915,False,0.125,5,6,0,3,3,1,1,2,0
3387,0,2022-10-02T13:48:00Z,False,0,4/20/2023 0:00,?,0.0,0.0,0.0,0.0,250,28,1,747,False,0.125,5,15,0,3,3,5,1,2,0
3388,0,2022-10-02T12:48:00Z,False,0,?,Fatal,1.0,3.0,0.0,4.0,250,60,1,1967,False,,0,0,13,1,0,10,0,3,1
3389,0,2022-10-02T11:30:00Z,False,0,5/11/2023 0:00,Serious,0.0,1.0,0.0,1.0,19,429,1,832,False,0.125,5,15,0,3,3,10,1,2,0
3390,0,2022-10-02T10:00:00Z,False,0,10/3/2024 0:00,Fatal,1.0,0.0,0.0,1.0,1055,1984,1,576,False,0.125,5,15,0,3,3,6,1,2,1
3391,0,2022-10-02T04:00:00Z,False,0,?,Fatal,2.0,0.0,0.0,2.0,993,1721,6,576,False,,0,0,13,1,0,13,0,3,1
3392,0,2022-10-02T00:17:00Z,False,0,11/14/2024 0:00,Fatal,3.0,0.0,2.0,3.0,250,77,1,974,False,0.125,5,15,0,3,1,4,1,2,1
3393,0,2022-10-01T18:04:00Z,False,0,?,Fatal,3.0,2.0,0.0,5.0,47,1408,6,576,False,,0,0,11,3,0,6,0,3,1
3394,1,2022-10-01T17:08:00Z,False,0,?,?,0.0,0.0,0.0,0.0,179,416,1,2366,False,,0,0,12,2,0,10,0,3,0
3395,0,2022-10-01T15:00:00Z,False,0,1/26/2023 0:00,?,0.0,0.0,0.0,0.0,1059,817,1,868,True,0.125,5,15,0,3,3,5,1,2,0
3396,0,2022-10-01T14:11:00Z,False,0,?,?,0.0,0.0,0.0,0.0,179,356,1,1769,False,,0,0,12,3,0,5,0,3,0
3397,0,2022-10-01T13:15:00Z,False,0,1/26/2023 0:00,?,0.0,0.0,0.0,0.0,342,819,1,2371,True,0.125,5,15,0,3,3,5,1,2,0
3398,0,2022-10-01T10:55:00Z,False,0,9/26/2024 0:00,Serious,0.0,2.0,0.0,2.0,160,145,6,576,False,0.125,9,14,0,3,3,6,1,2,0
3399,0,2022-10-01T06:43:00Z,False,0,4/25/2024 0:00,?,0.0,0.0,0.0,0.0,160,294,6,576,False,0.125,5,15,0,3,3,3,1,2,0
3400,0,2022-09-30T19:03:00Z,False,0,9/8/2023 0:00,?,0.0,0.0,0.0,0.0,1072,1093,1,576,True,0.125,5,15,0,1,3,10,1,2,0
3401,0,2022-09-30T18:50:00Z,False,0,1/9/2023 0:00,Minor,0.0,0.0,1.0,1.0,770,1254,1,1009,False,0.125,5,15,0,3,3,11,1,2,0
3402,0,2022-09-30T15:08:00Z,False,0,?,Fatal,3.0,0.0,0.0,3.0,269,1959,1,576,False,,0,0,13,1,0,1,0,3,1
3403,0,2022-09-30T14:10:00Z,False,0,9/11/2024 0:00,?,0.0,0.0,0.0,0.0,994,1725,6,576,False,0.125,5,13,0,3,3,5,1,2,0
3404,0,2022-09-29T19:25:00Z,False,0,?,Fatal,2.0,0.0,0.0,2.0,993,1725,6,576,False,,0,0,13,1,0,13,0,3,1
3405,0,2022-09-29T15:07:00Z,False,0,1/18/2023 0:00,?,0.0,0.0,0.0,0.0,1046,622,4,343,False,0.0,0,15,0,3,3,6,1,2,0
3406,0,2022-09-29T11:30:00Z,False,0,4/20/2023 0:00,Serious,0.0,1.0,0.0,1.0,179,356,1,576,False,0.25,6,0,4,0,3,3,1,2,0
3407,0,2022-09-29T11:00:00Z,False,0,1/9/2023 0:00,?,0.0,0.0,0.0,0.0,90,801,1,576,False,0.125,5,15,0,3,3,5,1,2,0
3408,0,2022-09-29T10:15:00Z,False,0,5/11/2023 0:00,Minor,0.0,0.0,1.0,1.0,994,1715,6,1498,False,0.125,5,13,0,3,3,6,1,2,0
3409,0,2022-09-28T20:00:00Z,False,0,12/20/2022 0:00,?,0.0,0.0,0.0,0.0,896,1600,1,1695,False,0.125,5,15,0,3,3,5,1,2,0
3410,0,2022-09-28T17:00:00Z,False,0,5/11/2023 0:00,Minor,0.0,0.0,2.0,2.0,250,28,1,17,False,0.125,5,13,0,3,3,4,1,2,0
3411,0,2022-09-28T17:00:00Z,False,0,9/8/2023 0:00,?,0.0,0.0,0.0,0.0,270,1958,1,384,False,0.125,5,13,0,3,3,5,1,2,0
3412,0,2022-09-28T15:50:00Z,False,0,10/20/2023 0:00,?,0.0,0.0,0.0,0.0,250,71,1,2025,False,0.125,5,15,0,3,3,5,1,2,0
3413,0,2022-09-28T14:40:00Z,False,0,6/5/2024 0:00,Fatal,1.0,1.0,0.0,2.0,896,1594,1,2856,False,0.125,5,13,0,1,3,4,1,2,1
3414,0,2022-09-28T10:00:00Z,False,0,5/14/2024 0:00,Fatal,1.0,0.0,0.0,1.0,544,554,1,437,True,0.125,5,15,0,1,3,5,1,2,1
3415,0,2022-09-28T04:00:00Z,False,0,?,?,0.0,0.0,0.0,0.0,179,394,1,1066,False,,0,0,12,0,0,11,0,3,0
3416,0,2022-09-27T16:15:00Z,False,0,10/20/2023 0:00,?,0.0,0.0,0.0,0.0,250,314,1,2302,False,0.25,6,15,0,3,3,5,1,2,0
3417,0,2022-09-27T15:58:00Z,False,0,7/10/2024 0:00,?,0.0,0.0,0.0,0.0,1245,1731,1,1275,False,0.125,5,15,0,3,3,10,1,2,0
3418,0,2022-09-27T11:15:00Z,False,0,3/20/2024 0:00,Fatal,1.0,0.0,0.0,1.0,53,572,5,576,True,0.125,5,11,0,1,3,3,1,2,1
3419,0,2022-09-27T11:00:00Z,False,0,?,?,0.0,0.0,0.0,0.0,896,1565,0,576,False,,0,13,0,0,0,13,2,0,0
3420,0,2022-09-27T08:45:00Z,False,0,1/9/2023 0:00,?,0.0,0.0,0.0,0.0,250,94,1,1382,False,0.125,5,15,0,3,3,5,1,2,0
3421,0,2022-09-26T23:00:00Z,False,0,5/11/2023 0:00,?,0.0,0.0,0.0,0.0,896,1608,1,861,False,0.125,5,13,0,3,3,5,1,2,0
3422,0,2022-09-26T16:30:00Z,False,0,1/9/2023 0:00,?,0.0,0.0,0.0,0.0,250,71,1,569,False,0.125,5,15,0,3,3,5,1,2,0
3423,0,2022-09-26T14:39:00Z,False,0,12/20/2022 0:00,?,0.0,0.0,0.0,0.0,250,87,1,2863,False,0.125,5,15,0,3,3,5,1,2,0
3424,0,2022-09-26T10:00:00Z,False,0,1/30/2024 0:00,?,0.0,0.0,0.0,0.0,250,270,1,603,False,0.25,5,15,0,3,3,5,1,2,0
3425,0,2022-09-26T09:10:00Z,False,0,1/9/2023 0:00,Minor,0.0,0.0,2.0,2.0,994,1722,6,576,False,0.125,5,13,0,3,3,2,1,2,0
3426,1,2022-09-25T22:15:00Z,False,0,?,?,0.0,0.0,0.0,0.0,179,356,1,576,False,,0,0,12,3,0,5,0,3,0
3427,0,2022-09-25T19:19:00Z,False,0,5/11/2023 0:00,?,0.0,0.0,0.0,0.0,896,1680,1,2336,False,0.25,5,15,0,3,3,5,1,2,0
3428,0,2022-09-25T15:30:00Z,False,0,1/26/2023 0:00,?,0.0,0.0,0.0,0.0,250,42,1,576,False,0.125,5,15,0,3,3,6,1,2,0
3429,0,2022-09-25T15:11:00Z,False,0,12/15/2022 0:00,Minor,0.0,0.0,1.0,1.0,590,2085,1,2324,True,0.125,5,15,0,3,3,5,1,2,0
3430,0,2022-09-25T14:00:00Z,False,0,2/28/2024 0:00,Fatal,1.0,0.0,0.0,1.0,250,88,1,576,False,0.125,5,15,0,3,3,10,1,2,1
3431,0,2022-09-25T10:30:00Z,False,0,2/23/2023 0:00,Minor,0.0,0.0,1.0,1.0,574,1701,1,1719,True,0.125,5,15,0,3,3,5,1,2,0
3432,0,2022-09-24T20:00:00Z,False,0,?,Fatal,1.0,0.0,0.0,1.0,323,1223,1,576,False,,0,0,13,1,0,3,0,3,1
3433,0,2022-09-24T19:11:00Z,False,0,9/11/2024 0:00,?,0.0,0.0,0.0,0.0,4,467,0,576,True,,0,0,10,0,0,0,0,0,0
3434,0,2022-09-24T13:45:00Z,False,0,5/11/2023 0:00,Serious,0.0,1.0,0.0,1.0,1175,720,1,937,False,0.125,5,15,0,3,3,4,1,2,0
3435,0,2022-09-24T09:20:00Z,False,0,12/15/2022 0:00,Serious,0.0,1.0,1.0,2.0,375,2207,7,155,False,0.125,5,15,0,3,3,10,1,2,0
3436,0,2022-09-24T01:40:00Z,False,0,?,Minor,0.0,0.0,3.0,3.0,179,356,1,576,False,,0,0,12,4,0,5,0,3,0
3437,0,2022-09-23T18:11:00Z,False,0,?,Fatal,2.0,0.0,0.0,2.0,1304,2013,1,576,False,,0,0,13,3,0,13,0,3,1
3438,0,2022-09-23T12:00:00Z,False,0,12/15/2022 0:00,?,0.0,0.0,0.0,0.0,896,1570,1,2089,False,0.125,5,14,0,3,3,11,1,2,0
3439,2,2022-09-23T09:15:00Z,False,0,?,?,?,?,?,?,93,664,1,576,False,0.25,0,0,6,0,0,3,0,3,0
3440,0,2022-09-22T21:30:00Z,False,0,12/20/2022 0:00,Minor,0.0,0.0,1.0,1.0,896,1611,1,2715,False,0.125,5,13,0,3,3,1,1,2,0
3441,0,2022-09-22T16:30:00Z,False,0,8/15/2023 0:00,?,0.0,0.0,0.0,0.0,278,19,1,576,False,0.125,5,15,0,3,3,6,1,2,0
3442,0,2022-09-22T16:10:00Z,False,0,?,?,0.0,0.0,0.0,0.0,896,1674,1,576,False,,0,0,13,3,0,5,0,3,0
3443,0,2022-09-22T15:39:00Z,False,0,5/2/2024 0:00,Fatal,1.0,0.0,0.0,1.0,896,1594,1,576,False,0.125,5,15,0,1,1,3,1,2,1
3444,0,2022-09-22T14:57:00Z,False,0,?,?,0.0,0.0,0.0,0.0,250,779,1,576,False,,0,0,13,3,0,11,0,3,0
3445,1,2022-09-22T13:00:00Z,False,0,9/19/2024 0:00,?,0.0,0.0,0.0,0.0,45,528,1,576,False,0.25,6,0,4,0,3,3,1,2,0
3446,0,2022-09-22T08:00:00Z,False,0,1/31/2024 0:00,?,0.0,0.0,0.0,0.0,1317,824,1,1850,True,0.125,5,15,0,3,3,10,1,2,0
3447,0,2022-09-21T17:11:00Z,False,0,?,Fatal,1.0,0.0,0.0,1.0,421,1027,1,576,False,,0,0,13,1,0,3,0,3,1
3448,0,2022-09-21T16:20:00Z,False,0,5/11/2023 0:00,?,0.0,0.0,0.0,0.0,250,87,1,2191,False,0.125,5,6,0,3,3,5,1,2,0
3449,0,2022-09-21T11:00:00Z,False,0,7/10/2024 0:00,Fatal,1.0,0.0,1.0,2.0,859,589,11,576,False,0.125,5,15,0,3,3,3,1,2,1
3450,0,2022-09-21T04:00:00Z,False,0,?,Fatal,1.0,0.0,0.0,1.0,784,596,1,576,False,0.125,0,15,13,1,0,6,0,3,1
3451,0,2022-09-20T11:30:00Z,False,0,12/15/2022 0:00,?,0.0,0.0,0.0,0.0,816,2226,1,444,True,0.125,5,15,0,3,3,10,1,2,0
3452,0,2022-09-20T08:09:00Z,False,0,9/11/2024 0:00,?,0.0,0.0,0.0,0.0,250,309,1,2280,False,0.25,6,6,0,1,3,5,1,2,0
3453,0,2022-09-20T04:00:00Z,False,0,?,Fatal,1.0,0.0,0.0,1.0,145,220,1,576,False,,0,0,12,1,0,10,0,3,1
3454,2,2022-09-19T18:55:00Z,False,0,?,?,?,?,?,?,157,121,1,576,False,,0,0,12,4,0,5,0,3,0
3455,0,2022-09-19T14:48:00Z,False,0,1/30/2024 0:00,Fatal,2.0,0.0,0.0,2.0,254,567,1,5,False,0.125,5,15,0,3,3,4,1,2,1
3456,1,2022-09-19T12:00:00Z,False,0,?,?,0.0,0.0,0.0,0.0,93,664,1,576,False,,0,0,12,0,0,1,0,3,0
3457,0,2022-09-19T10:38:00Z,False,0,1/9/2023 0:00,?,0.0,0.0,0.0,0.0,80,2228,1,2728,True,0.125,0,15,0,3,3,1,1,2,0
3458,1,2022-09-19T10:20:00Z,False,0,?,?,0.0,0.0,0.0,0.0,250,60,1,576,False,,0,0,13,4,0,3,0,3,0
3459,0,2022-09-19T04:00:00Z,False,0,?,Fatal,1.0,0.0,0.0,1.0,39,655,1,576,False,,0,0,13,3,0,6,0,3,1
3460,0,2022-09-18T19:30:00Z,False,0,12/15/2022 0:00,Minor,0.0,0.0,2.0,2.0,367,940,1,576,False,0.125,5,0,8,3,3,10,1,2,0
3461,0,2022-09-18T16:44:00Z,False,0,10/3/2024 0:00,Fatal,1.0,0.0,0.0,1.0,30,1310,1,2371,False,0.125,7,4,0,1,3,6,1,2,1
3462,0,2022-09-18T16:00:00Z,False,0,?,Fatal,2.0,0.0,0.0,2.0,250,60,1,576,False,,0,0,13,3,0,13,0,3,1
3463,0,2022-09-18T14:00:00Z,False,0,12/15/2022 0:00,?,0.0,0.0,0.0,0.0,896,1558,1,576,False,0.125,5,15,0,3,3,5,1,2,0
3464,0,2022-09-18T12:18:00Z,False,0,1/31/2024 0:00,?,0.0,0.0,0.0,0.0,896,1580,1,1265,False,0.125,5,13,0,3,3,1,1,2,0
3465,0,2022-09-17T19:47:00Z,False,0,10/23/2024 0:00,Fatal,2.0,0.0,0.0,2.0,1299,2087,1,1185,True,0.125,5,15,0,3,3,6,1,2,1
3466,0,2022-09-17T19:45:00Z,False,0,12/15/2022 0:00,?,0.0,0.0,0.0,0.0,1090,1795,1,119,True,0.125,5,15,0,1,3,1,1,2,0
3467,0,2022-09-17T19:00:00Z,False,0,?,Fatal,2.0,0.0,0.0,2.0,437,1043,1,576,False,,0,0,13,3,0,3,0,3,1
3468,0,2022-09-17T13:02:00Z,False,0,8/29/2024 0:00,Minor,0.0,0.0,1.0,1.0,999,351,1,1286,False,0.25,5,15,0,3,3,1,1,2,0
3469,0,2022-09-17T09:53:00Z,False,0,9/5/2024 0:00,Fatal,3.0,0.0,0.0,3.0,1099,77,1,576,True,0.125,5,13,0,1,3,3,1,2,1
3470,0,2022-09-16T17:30:00Z,False,0,5/2/2024 0:00,Minor,0.0,0.0,2.0,2.0,250,70,1,576,False,0.125,5,15,0,3,3,3,1,2,0
3471,0,2022-09-16T14:35:00Z,False,0,4/25/2024 0:00,Fatal,2.0,0.0,0.0,2.0,1201,2163,1,576,True,0.125,5,15,0,1,3,3,1,2,1
3472,0,2022-09-16T13:30:00Z,False,0,12/15/2022 0:00,Minor,0.0,0.0,1.0,1.0,896,1570,1,576,False,0.125,5,13,0,3,3,5,1,2,0
3473,0,2022-09-15T23:36:00Z,False,0,?,?,?,?,?,?,461,172,1,576,False,,0,0,13,3,0,4,0,3,0
3474,0,2022-09-15T15:42:00Z,False,0,9/26/2024 0:00,?,0.0,0.0,0.0,0.0,649,822,1,576,True,0.125,5,15,0,3,3,3,1,2,0
3475,0,2022-09-15T13:02:00Z,False,0,4/25/2024 0:00,?,0.0,0.0,0.0,0.0,157,1395,1,1367,False,0.125,5,13,0,3,3,1,1,2,0
3476,0,2022-09-15T08:50:00Z,False,0,5/11/2023 0:00,Minor,0.0,0.0,1.0,1.0,1309,2218,1,576,False,0.125,0,15,0,3,3,3,1,2,0
3477,0,2022-09-15T00:00:00Z,False,0,3/28/2024 0:00,Fatal,1.0,0.0,0.0,1.0,896,1668,1,576,False,0.125,5,15,0,1,3,3,1,2,1
3478,0,2022-09-14T16:00:00Z,False,0,?,?,?,?,?,?,896,1556,1,576,False,0.125,0,0,13,3,0,1,0,3,0
3479,0,2022-09-14T13:30:00Z,False,0,5/11/2023 0:00,Serious,0.0,1.0,0.0,1.0,705,2162,1,630,False,0.125,5,15,0,3,3,5,1,2,0
3480,0,2022-09-14T13:22:00Z,False,0,11/29/2023 0:00,Fatal,2.0,0.0,0.0,2.0,896,1609,1,576,False,0.125,5,15,0,1,3,4,1,2,1
3481,0,2022-09-14T12:40:00Z,False,0,2/7/2024 0:00,?,0.0,0.0,0.0,0.0,896,1607,1,1081,False,0.125,5,15,0,3,3,4,1,2,0
3482,0,2022-09-14T11:55:00Z,False,0,10/3/2024 0:00,Fatal,2.0,0.0,0.0,2.0,1085,1772,1,576,True,0.125,5,15,0,3,1,3,1,2,1
3483,1,2022-09-14T04:00:00Z,False,0,?,?,?,?,?,?,179,424,1,576,False,,0,0,12,0,0,3,0,3,0
3484,0,2022-09-13T19:45:00Z,False,0,3/23/2023 0:00,?,0.0,0.0,0.0,0.0,1317,836,1,2604,True,0.125,0,15,0,3,3,5,1,2,0
3485,0,2022-09-13T18:00:00Z,False,0,1/30/2024 0:00,?,0.0,0.0,0.0,0.0,1289,2160,1,576,True,0.125,5,15,0,3,3,3,1,2,0
3486,0,2022-09-13T12:32:00Z,False,0,10/5/2023 0:00,?,0.0,0.0,0.0,0.0,250,60,1,843,False,0.125,5,15,0,3,3,4,1,2,0
3487,0,2022-09-13T12:00:00Z,False,0,9/26/2024 0:00,Fatal,2.0,0.0,0.0,2.0,896,1677,1,576,False,0.125,5,15,0,3,1,3,1,2,1
3488,0,2022-09-12T15:18:00Z,False,0,8/21/2024 0:00,Fatal,1.0,1.0,0.0,2.0,905,1912,4,513,False,0.125,5,15,0,3,3,1,1,2,1
3489,0,2022-09-12T04:00:00Z,False,0,?,Fatal,1.0,0.0,0.0,1.0,39,655,1,576,False,,0,0,13,3,0,13,0,3,1
3490,0,2022-09-12T04:00:00Z,False,0,?,?,?,?,?,?,712,4,1,576,False,,0,0,6,3,0,1,0,3,0
3491,0,2022-09-11T20:00:00Z,False,0,12/20/2023 0:00,?,0.0,0.0,0.0,0.0,250,496,1,869,False,0.125,5,1,9,3,3,5,1,2,0
3492,0,2022-09-11T19:59:00Z,False,0,1/19/2023 0:00,Minor,0.0,0.0,2.0,2.0,250,71,1,576,False,0.125,5,15,0,3,3,6,1,2,0
3493,0,2022-09-11T16:50:00Z,False,0,7/18/2023 0:00,?,0.0,0.0,0.0,0.0,179,365,1,1650,False,0.25,6,0,4,2,3,11,1,2,0
3494,0,2022-09-11T14:30:00Z,False,0,5/11/2023 0:00,?,0.0,0.0,0.0,0.0,95,796,5,1505,False,0.125,5,15,0,3,3,10,1,2,0
3495,0,2022-09-11T13:17:00Z,False,0,?,Fatal,1.0,0.0,0.0,1.0,433,1001,6,576,False,0.125,0,0,15,1,0,13,0,3,1
3496,0,2022-09-10T17:00:00Z,False,0,?,?,0.0,0.0,0.0,0.0,250,152,1,576,False,,0,6,13,4,0,0,0,3,0
3497,0,2022-09-10T16:50:00Z,False,0,4/25/2024 0:00,Minor,0.0,0.0,3.0,3.0,162,149,6,751,False,0.125,9,10,0,3,3,5,1,2,0
3498,0,2022-09-10T16:30:00Z,False,0,6/28/2023 0:00,Minor,0.0,0.0,1.0,1.0,739,443,1,576,False,0.125,5,15,0,3,3,4,1,2,0
3499,0,2022-09-10T14:50:00Z,False,0,?,Fatal,1.0,0.0,5.0,6.0,250,155,1,576,False,,0,0,12,3,0,13,0,3,1
3500,0,2022-09-10T13:37:00Z,False,0,9/18/2024 0:00,Fatal,1.0,0.0,0.0,1.0,157,461,1,576,False,0.25,5,15,0,3,1,1,1,2,1
3501,0,2022-09-10T10:00:00Z,False,0,1/26/2023 0:00,?,0.0,0.0,0.0,0.0,254,437,1,78,False,0.125,5,15,0,3,3,5,1,2,0
3502,0,2022-09-09T19:45:00Z,False,0,1/30/2024 0:00,?,0.0,0.0,0.0,0.0,425,273,1,1306,False,0.125,5,15,0,3,3,4,1,2,0
3503,0,2022-09-09T18:05:00Z,False,0,12/15/2022 0:00,?,0.0,0.0,0.0,0.0,381,919,1,2767,False,0.125,5,13,0,3,3,5,1,2,0
3504,0,2022-09-09T17:41:00Z,False,0,?,Minor,0.0,0.0,2.0,2.0,250,60,1,576,False,,0,0,13,3,0,13,0,3,0
3505,0,2022-09-09T16:40:00Z,False,0,?,?,?,?,?,?,250,497,1,576,False,0.125,0,1,12,3,0,0,0,3,0
3506,0,2022-09-09T16:30:00Z,False,0,8/29/2024 0:00,?,0.0,0.0,0.0,0.0,250,2116,1,576,False,0.125,5,6,8,3,3,3,1,2,0
3507,0,2022-09-09T16:02:00Z,False,0,9/18/2024 0:00,Minor,0.0,0.0,2.0,2.0,270,1896,1,1465,False,0.125,6,15,0,3,1,1,1,2,0
3508,0,2022-09-09T15:30:00Z,False,0,12/8/2022 0:00,?,0.0,0.0,0.0,0.0,896,1568,1,576,False,0.125,5,17,14,3,3,4,1,2,0
3509,0,2022-09-09T14:14:00Z,False,0,10/3/2024 0:00,Minor,0.0,0.0,2.0,2.0,507,237,1,2102,False,0.25,6,14,14,3,3,5,1,2,0
3510,0,2022-09-09T13:15:00Z,False,0,12/15/2022 0:00,?,0.0,0.0,0.0,0.0,270,1958,1,1134,False,0.125,5,13,0,3,3,5,1,2,0
3511,0,2022-09-09T12:32:00Z,False,0,5/16/2024 0:00,?,0.0,0.0,0.0,0.0,896,1638,1,828,False,0.25,5,15,0,3,3,10,1,2,0
3512,0,2022-09-09T08:50:00Z,False,0,1/30/2024 0:00,?,0.0,0.0,0.0,0.0,896,1671,1,140,False,0.125,5,15,0,3,3,4,1,2,0
3513,0,2022-09-08T17:26:00Z,False,0,7/10/2024 0:00,Fatal,2.0,0.0,0.0,2.0,310,1705,1,2537,False,0.125,5,13,0,1,3,5,1,2,1
3514,0,2022-09-08T14:20:00Z,False,0,1/30/2024 0:00,Minor,0.0,0.0,2.0,2.0,896,1608,1,1902,False,0.125,5,13,0,3,3,1,1,2,0
3515,0,2022-09-07T16:55:00Z,False,0,9/11/2024 0:00,Minor,0.0,0.0,1.0,1.0,160,141,6,576,False,0.125,9,10,14,3,3,6,1,2,0
3516,0,2022-09-07T16:20:00Z,False,0,1/30/2024 0:00,Serious,0.0,1.0,1.0,2.0,1317,391,1,362,True,0.125,5,15,0,3,3,10,1,2,0
3517,0,2022-09-07T16:00:00Z,False,0,12/8/2022 0:00,?,0.0,0.0,0.0,0.0,250,45,1,2715,False,0.125,5,13,0,3,3,4,1,2,0
3518,0,2022-09-07T15:53:00Z,False,0,7/10/2024 0:00,?,0.0,0.0,0.0,0.0,250,391,1,1469,False,0.25,7,16,0,3,3,4,1,2,0
3519,0,2022-09-07T09:23:00Z,False,0,12/8/2022 0:00,Serious,0.0,1.0,1.0,2.0,250,2120,1,576,False,0.125,5,0,8,2,3,5,1,2,0
3520,0,2022-09-06T18:00:00Z,False,0,12/15/2022 0:00,?,0.0,0.0,0.0,0.0,896,1570,1,576,False,0.125,5,15,0,3,3,5,1,2,0
3521,0,2022-09-06T14:25:00Z,False,0,1/4/2024 0:00,Fatal,2.0,0.0,0.0,2.0,286,1184,1,2337,True,0.125,5,13,0,3,3,1,1,2,1
3522,0,2022-09-06T04:00:00Z,False,0,?,?,?,?,?,?,32,488,6,576,False,,0,0,13,3,0,13,0,3,0
3523,0,2022-09-05T18:11:00Z,False,0,5/14/2024 0:00,Fatal,2.0,0.0,0.0,2.0,250,97,1,576,False,0.125,5,15,0,1,3,3,1,2,1
3524,0,2022-09-05T17:15:00Z,False,0,10/6/2022 0:00,?,0.0,0.0,0.0,0.0,157,237,1,1705,False,0.125,5,15,0,3,3,5,1,2,0
3525,0,2022-09-05T16:55:00Z,False,0,5/11/2023 0:00,Serious,0.0,2.0,0.0,2.0,250,85,1,576,False,0.125,5,15,0,3,3,3,1,2,0
3526,0,2022-09-05T11:30:00Z,False,0,9/18/2024 0:00,Serious,0.0,2.0,0.0,2.0,204,1346,1,576,True,0.125,5,15,0,3,3,3,1,2,0
3527,0,2022-09-05T11:20:00Z,False,0,12/8/2022 0:00,Minor,0.0,0.0,1.0,1.0,250,23,1,2554,False,0.125,5,15,0,3,3,11,1,2,0
3528,0,2022-09-05T10:48:00Z,False,0,9/11/2024 0:00,Fatal,1.0,0.0,0.0,1.0,1013,2168,1,2107,True,0.125,5,15,0,3,3,1,1,2,1
3529,0,2022-09-04T21:35:00Z,False,0,7/18/2023 0:00,Serious,0.0,1.0,0.0,1.0,45,171,1,576,False,0.25,6,0,4,0,3,3,1,2,0
3530,0,2022-09-04T18:45:00Z,False,0,?,Fatal,4.0,0.0,0.0,4.0,250,315,1,576,False,,0,0,13,1,0,3,0,3,1
3531,0,2022-09-04T16:09:00Z,True,0,10/11/2023 0:00,Fatal,10.0,0.0,0.0,10.0,367,946,1,576,False,0.125,8,0,8,1,3,3,1,2,1
3532,0,2022-09-04T16:00:00Z,False,0,?,Fatal,2.0,0.0,0.0,2.0,993,1728,6,576,False,0.125,0,15,13,3,1,4,0,3,1
3533,0,2022-09-04T15:00:00Z,False,0,10/6/2022 0:00,?,0.0,0.0,0.0,0.0,250,110,1,130,False,0.125,5,12,0,3,3,11,1,2,0
3534,0,2022-09-04T09:40:00Z,False,0,4/25/2024 0:00,Fatal,2.0,0.0,0.0,2.0,157,319,1,576,False,0.25,5,13,0,3,3,6,1,2,1
3535,0,2022-09-04T08:57:00Z,False,0,8/21/2024 0:00,Serious,0.0,1.0,0.0,1.0,160,267,6,576,False,0.125,9,14,0,3,3,1,1,2,0
3536,0,2022-09-04T08:15:00Z,False,0,12/20/2022 0:00,Serious,0.0,1.0,0.0,1.0,493,1111,2,576,False,0.0,0,15,0,0,3,5,1,2,0
3537,0,2022-09-03T21:00:00Z,False,0,12/8/2022 0:00,Minor,0.0,0.0,1.0,1.0,250,94,1,615,False,0.125,5,15,0,3,3,5,1,2,0
3538,1,2022-09-03T18:58:00Z,False,0,?,?,0.0,0.0,0.0,0.0,179,356,1,576,False,,0,0,12,4,0,9,0,3,0
3539,0,2022-09-03T18:40:00Z,False,0,3/20/2024 0:00,Fatal,1.0,0.0,0.0,1.0,1009,1258,6,576,True,0.125,9,15,0,1,1,3,1,2,1
3540,0,2022-09-03T17:35:00Z,False,0,3/7/2024 0:00,?,0.0,0.0,0.0,0.0,250,60,1,1205,False,0.125,5,15,0,3,3,4,1,2,0
3541,0,2022-09-03T17:23:00Z,False,0,5/11/2023 0:00,Minor,0.0,0.0,1.0,1.0,1052,1903,4,576,False,0.0,0,15,0,3,3,6,1,2,0
3542,0,2022-09-03T16:00:00Z,False,0,9/5/2024 0:00,Serious,0.0,2.0,0.0,2.0,250,87,1,165,False,0.125,5,15,0,3,3,1,1,2,0
3543,0,2022-09-03T16:00:00Z,False,0,1/9/2023 0:00,?,0.0,0.0,0.0,0.0,61,1910,4,343,False,0.125,1,15,0,3,3,5,1,2,0
3544,0,2022-09-03T15:09:00Z,False,0,1/30/2024 0:00,?,0.0,0.0,0.0,0.0,896,1660,1,269,False,0.125,5,15,0,3,3,4,1,2,0
3545,0,2022-09-03T11:21:00Z,False,0,2/9/2023 0:00,?,0.0,0.0,0.0,0.0,157,791,1,576,False,0.25,8,22,15,3,3,6,1,2,0
3546,0,2022-09-02T22:00:00Z,False,0,11/1/2022 0:00,?,0.0,0.0,0.0,0.0,896,1570,1,2298,False,0.125,5,15,0,3,3,10,1,2,0
3547,0,2022-09-02T20:35:00Z,False,0,12/8/2022 0:00,?,0.0,0.0,0.0,0.0,1123,10,1,576,False,0.125,5,15,0,3,3,5,1,2,0
3548,0,2022-09-02T15:50:00Z,False,0,11/1/2022 0:00,Minor,0.0,0.0,2.0,2.0,1268,194,1,2130,False,0.125,5,15,0,3,3,5,1,2,0
3549,0,2022-09-02T12:00:00Z,False,0,9/5/2024 0:00,Fatal,1.0,0.0,0.0,1.0,1309,2215,1,1926,False,0.125,5,15,0,1,3,1,1,2,1
3550,0,2022-09-02T11:35:00Z,False,0,11/1/2022 0:00,?,0.0,0.0,0.0,0.0,896,1663,1,2058,False,0.125,5,15,0,3,3,1,1,2,0
3551,1,2022-09-02T10:04:00Z,False,0,?,?,?,?,?,?,179,417,1,637,False,0.25,0,0,4,0,0,10,0,3,0
3552,0,2022-09-01T22:18:00Z,False,0,4/20/2023 0:00,Serious,0.0,1.0,0.0,1.0,179,369,1,576,False,0.25,6,0,4,0,3,3,1,2,0
3553,0,2022-09-01T20:00:00Z,False,0,9/23/2022 0:00,?,0.0,0.0,0.0,0.0,19,429,1,1993,False,0.125,5,15,0,3,3,5,1,2,0
3554,0,2022-09-01T18:07:00Z,False,0,10/23/2024 0:00,Fatal,1.0,2.0,0.0,3.0,4,467,0,576,True,,0,0,10,0,0,0,0,0,1
3555,0,2022-09-01T18:00:00Z,False,0,3/22/2024 0:00,Fatal,1.0,1.0,0.0,2.0,406,912,1,2177,False,0.25,5,13,0,3,1,11,1,2,1
3556,0,2022-09-01T11:20:00Z,False,0,12/20/2022 0:00,Minor,0.0,0.0,2.0,2.0,250,1530,1,576,False,0.125,5,15,0,3,3,5,1,2,0
3557,0,2022-09-01T08:35:00Z,False,0,9/11/2024 0:00,Minor,0.0,0.0,2.0,2.0,1078,1813,6,576,False,0.25,9,8,7,3,3,10,1,2,0
3558,0,2022-08-31T20:05:00Z,False,0,?,?,0.0,0.0,0.0,0.0,160,140,6,576,False,,0,0,13,3,0,4,0,3,0
3559,0,2022-08-31T18:30:00Z,False,0,12/8/2022 0:00,Minor,0.0,0.0,2.0,2.0,266,472,1,576,False,0.125,5,15,0,3,3,5,1,2,0
3560,0,2022-08-31T17:40:00Z,False,0,7/10/2024 0:00,?,0.0,0.0,0.0,0.0,157,536,1,576,False,0.125,5,15,0,3,3,3,1,2,0
3561,0,2022-08-31T15:35:00Z,False,0,12/8/2022 0:00,?,0.0,0.0,0.0,0.0,157,784,1,1586,False,0.125,5,15,0,3,3,5,1,2,0
3562,0,2022-08-31T14:37:00Z,False,0,?,Serious,0.0,1.0,0.0,1.0,250,154,1,2157,False,0.125,0,0,13,1,0,5,0,3,0
3563,0,2022-08-31T12:15:00Z,False,0,12/15/2022 0:00,?,0.0,0.0,0.0,0.0,849,1490,1,194,False,0.125,5,15,0,3,3,5,1,2,0
3564,0,2022-08-31T11:35:00Z,False,0,5/11/2023 0:00,Minor,0.0,0.0,1.0,1.0,1135,1733,1,9,True,0.125,5,13,0,3,3,1,1,2,0
3565,0,2022-08-31T04:00:00Z,False,0,?,?,0.0,0.0,0.0,0.0,105,1832,1,576,False,,0,0,13,2,0,10,0,3,0
3566,0,2022-08-30T16:30:00Z,False,0,2/9/2023 0:00,Minor,0.0,0.0,4.0,4.0,994,1725,6,576,False,0.125,5,6,0,3,3,5,1,2,0
3567,0,2022-08-30T13:20:00Z,False,0,?,?,?,?,?,?,811,1387,1,576,False,,0,0,6,3,0,6,0,3,0
3568,0,2022-08-30T11:55:00Z,False,0,6/6/2023 0:00,Serious,0.0,1.0,2.0,3.0,250,72,1,576,False,0.125,5,13,0,3,3,3,1,2,0
3569,0,2022-08-30T11:22:00Z,False,0,?,Fatal,5.0,0.0,0.0,5.0,250,156,1,576,False,,0,0,15,1,0,10,0,3,1
3570,0,2022-08-30T10:15:00Z,False,0,8/16/2023 0:00,?,0.0,0.0,0.0,0.0,250,107,1,2694,False,0.125,5,13,0,3,3,11,1,2,0
3571,0,2022-08-30T04:00:00Z,False,0,?,?,?,?,?,?,250,155,1,576,False,,0,0,12,3,0,5,0,3,0
3572,0,2022-08-29T22:55:00Z,False,0,2/28/2024 0:00,?,0.0,0.0,0.0,0.0,782,242,6,1854,False,0.125,9,13,14,3,3,2,1,2,0
3573,0,2022-08-29T19:30:00Z,False,0,12/8/2022 0:00,?,0.0,0.0,0.0,0.0,896,1569,1,576,False,0.125,5,15,0,3,3,5,1,2,0
3574,0,2022-08-29T18:17:00Z,False,0,5/11/2023 0:00,Minor,0.0,0.0,1.0,1.0,896,1607,1,960,False,0.125,5,15,0,3,3,1,1,2,0
3575,0,2022-08-29T17:43:00Z,False,0,4/20/2023 0:00,Serious,0.0,1.0,0.0,1.0,179,354,1,576,False,0.25,6,0,4,0,3,3,1,2,0
3576,0,2022-08-29T13:50:00Z,False,0,9/26/2024 0:00,Fatal,1.0,0.0,0.0,1.0,19,429,1,1476,False,0.125,5,15,0,1,3,4,1,2,1
3577,0,2022-08-29T13:04:00Z,False,0,11/7/2023 0:00,Fatal,1.0,0.0,0.0,1.0,1125,2097,1,326,True,0.125,5,11,0,3,3,1,1,2,1
3578,0,2022-08-29T12:40:00Z,False,0,2/23/2023 0:00,?,0.0,0.0,0.0,0.0,896,1579,1,2373,False,0.125,5,13,0,3,3,1,1,2,0
3579,0,2022-08-29T06:18:00Z,False,0,?,Fatal,3.0,0.0,0.0,3.0,250,1720,1,576,False,,0,0,13,1,0,3,0,3,1
3580,0,2022-08-28T18:34:00Z,False,0,5/16/2024 0:00,Fatal,2.0,0.0,0.0,2.0,1058,1299,11,576,False,0.125,5,15,0,3,3,4,1,2,1
3581,0,2022-08-28T14:45:00Z,False,0,12/20/2023 0:00,?,0.0,0.0,0.0,0.0,250,68,1,2298,False,0.125,5,15,0,3,3,5,1,2,0
3582,0,2022-08-27T22:10:00Z,False,0,5/11/2023 0:00,?,0.0,0.0,0.0,0.0,165,305,6,2233,False,0.125,9,15,0,3,3,5,1,2,0
3583,0,2022-08-27T21:58:00Z,False,0,3/20/2024 0:00,Fatal,1.0,0.0,0.0,1.0,157,703,1,1234,False,0.125,5,15,0,1,3,5,1,2,1
3584,0,2022-08-27T14:15:00Z,False,0,2/23/2023 0:00,Minor,0.0,0.0,1.0,1.0,1046,1279,4,944,False,0.0,4,13,0,3,3,3,1,2,0
3585,0,2022-08-27T13:37:00Z,False,0,1/30/2024 0:00,Serious,0.0,1.0,0.0,1.0,250,28,1,2298,False,0.125,5,11,0,3,3,4,1,2,0
3586,0,2022-08-27T10:40:00Z,False,0,11/1/2022 0:00,Serious,0.0,1.0,1.0,2.0,179,545,1,576,False,0.125,5,15,0,3,3,6,1,2,0
3587,0,2022-08-27T10:17:00Z,False,0,12/8/2022 0:00,?,0.0,0.0,0.0,0.0,250,203,1,576,False,0.125,5,15,0,3,3,5,1,2,0
3588,0,2022-08-27T08:00:00Z,False,0,12/15/2022 0:00,?,0.0,0.0,0.0,0.0,725,802,1,580,True,0.125,5,15,0,3,3,5,1,2,0
3589,1,2022-08-27T04:00:00Z,False,0,?,?,?,?,?,?,93,663,1,576,False,0.25,0,0,12,0,0,4,0,3,0
3590,0,2022-08-26T20:30:00Z,False,0,11/3/2022 0:00,Minor,0.0,0.0,1.0,1.0,676,1649,1,1420,True,0.125,5,15,0,3,3,5,1,2,0
3591,0,2022-08-26T17:20:00Z,False,0,4/25/2024 0:00,Minor,0.0,0.0,1.0,1.0,960,1292,1,1125,True,0.125,5,15,0,3,3,4,1,2,0
3592,0,2022-08-26T13:53:00Z,False,0,5/2/2024 0:00,Serious,0.0,1.0,1.0,2.0,473,878,1,775,False,0.125,5,15,0,3,3,6,1,2,0
3593,0,2022-08-26T13:27:00Z,False,0,4/10/2024 0:00,Minor,0.0,0.0,1.0,1.0,250,45,1,2276,False,0.125,5,13,0,3,3,10,1,2,0
3594,0,2022-08-26T12:30:00Z,False,0,12/8/2022 0:00,?,0.0,0.0,0.0,0.0,994,1726,6,576,False,0.125,5,14,8,3,3,1,1,2,0
3595,0,2022-08-26T10:04:00Z,False,0,?,Fatal,1.0,0.0,0.0,1.0,908,1827,1,576,False,,0,0,13,1,0,6,0,3,1
3596,0,2022-08-25T17:48:00Z,False,0,11/1/2022 0:00,?,0.0,0.0,0.0,0.0,250,2047,1,1273,False,0.125,5,15,0,3,3,5,1,2,0
3597,0,2022-08-25T14:12:00Z,False,0,5/11/2023 0:00,?,0.0,0.0,0.0,0.0,250,60,1,1465,False,0.125,5,15,0,3,3,5,1,2,0
3598,0,2022-08-25T11:30:00Z,False,0,11/1/2022 0:00,?,0.0,0.0,0.0,0.0,40,644,1,2079,False,0.125,8,1,9,3,3,5,1,2,0
3599,0,2022-08-24T17:39:00Z,False,0,1/30/2024 0:00,Fatal,2.0,0.0,0.0,2.0,827,1466,1,576,True,0.125,5,14,0,3,3,6,1,2,1
3600,0,2022-08-24T15:30:00Z,False,0,9/23/2022 0:00,?,0.0,0.0,0.0,0.0,221,710,1,42,False,0.125,5,15,0,3,3,10,1,2,0
3601,0,2022-08-24T15:00:00Z,False,0,11/3/2022 0:00,?,0.0,0.0,0.0,0.0,250,2045,1,1522,False,0.125,5,15,0,3,3,5,1,2,0
3602,0,2022-08-24T12:18:00Z,False,0,8/15/2023 0:00,Minor,0.0,0.0,2.0,2.0,250,39,1,2761,False,0.125,5,15,0,3,3,4,1,2,0
3603,0,2022-08-24T11:40:00Z,False,0,11/3/2022 0:00,Minor,0.0,0.0,2.0,2.0,896,1660,1,57,False,0.125,5,13,0,3,3,4,1,2,0
3604,1,2022-08-24T04:27:00Z,False,0,?,?,?,?,?,?,45,516,1,576,False,,0,0,12,0,0,4,0,3,0
3605,0,2022-08-23T18:30:00Z,False,0,4/27/2023 0:00,?,0.0,0.0,0.0,0.0,999,17,1,1631,False,0.125,5,15,0,3,3,5,1,2,0
3606,0,2022-08-23T16:00:00Z,False,0,12/15/2022 0:00,?,0.0,0.0,0.0,0.0,250,87,1,2211,False,0.125,5,14,0,3,3,10,1,2,0
3607,0,2022-08-23T15:47:00Z,False,0,1/31/2024 0:00,Fatal,2.0,0.0,0.0,2.0,160,145,6,576,False,0.125,9,3,14,3,3,6,1,2,1
3608,0,2022-08-23T12:45:00Z,False,0,9/11/2024 0:00,Minor,0.0,0.0,1.0,1.0,896,1613,1,358,False,0.25,5,15,0,3,3,4,1,2,0
3609,0,2022-08-23T10:30:00Z,False,0,5/2/2024 0:00,?,0.0,0.0,0.0,0.0,254,440,1,1430,False,0.125,5,15,0,3,3,5,1,2,0
3610,0,2022-08-22T16:00:00Z,False,0,12/15/2022 0:00,?,0.0,0.0,0.0,0.0,1175,723,1,576,False,0.125,5,15,0,3,3,11,1,2,0
3611,2,2022-08-22T09:45:00Z,False,0,?,?,?,?,?,?,46,729,1,576,False,,0,0,15,2,0,4,0,3,0
3612,0,2022-08-21T15:03:00Z,False,0,4/25/2024 0:00,Fatal,2.0,0.0,0.0,2.0,647,1775,1,576,True,0.125,5,15,0,3,3,6,1,2,1
3613,0,2022-08-21T15:00:00Z,False,0,1/30/2024 0:00,?,0.0,0.0,0.0,0.0,19,429,1,442,False,0.125,5,15,0,3,3,5,1,2,0
3614,0,2022-08-21T07:35:00Z,False,0,?,?,0.0,0.0,0.0,0.0,250,60,1,576,False,,0,0,13,3,0,5,0,3,0
3615,1,2022-08-21T04:00:00Z,False,0,?,?,?,?,?,?,775,926,1,576,False,,0,0,12,0,0,10,0,3,0
3616,0,2022-08-21T00:36:00Z,False,0,8/15/2023 0:00,Fatal,1.0,0.0,0.0,1.0,250,71,1,576,False,0.125,0,15,0,4,2,13,1,2,1
3617,0,2022-08-20T20:30:00Z,False,0,9/23/2022 0:00,Serious,0.0,1.0,0.0,1.0,996,1727,6,576,False,0.125,0,15,0,3,3,2,1,2,0
3618,0,2022-08-20T19:00:00Z,False,0,4/25/2024 0:00,Minor,0.0,0.0,2.0,2.0,157,1074,1,349,False,0.125,5,15,0,3,3,4,1,2,0
3619,0,2022-08-20T14:31:00Z,False,0,8/7/2024 0:00,Fatal,1.0,0.0,0.0,1.0,1156,2078,1,1140,True,0.125,5,15,0,3,3,10,1,2,1
3620,0,2022-08-20T12:40:00Z,False,0,12/20/2023 0:00,?,0.0,0.0,0.0,0.0,250,32,1,576,False,0.125,5,13,0,3,3,3,1,2,0
3621,0,2022-08-20T10:07:00Z,False,0,2/23/2023 0:00,Minor,0.0,0.0,2.0,2.0,179,544,1,296,False,0.125,5,6,0,3,3,5,1,2,0
3622,0,2022-08-20T08:45:00Z,False,0,12/8/2022 0:00,?,0.0,0.0,0.0,0.0,250,112,1,1434,False,0.125,5,15,0,3,3,10,1,2,0
3623,0,2022-08-19T20:17:00Z,False,0,7/18/2023 0:00,Serious,0.0,1.0,0.0,1.0,179,369,1,576,False,0.25,6,0,4,0,3,3,1,2,0
3624,0,2022-08-19T19:00:00Z,False,0,1/18/2023 0:00,?,0.0,0.0,0.0,0.0,157,784,1,1508,False,0.125,5,15,0,3,3,5,1,2,0
3625,0,2022-08-19T18:01:00Z,False,0,11/1/2022 0:00,?,0.0,0.0,0.0,0.0,811,1385,1,235,False,0.125,5,15,0,3,3,5,1,2,0
3626,0,2022-08-19T18:00:00Z,False,0,8/21/2024 0:00,?,0.0,0.0,0.0,0.0,896,1594,1,2005,False,0.125,5,15,0,3,3,10,1,2,0
3627,0,2022-08-19T17:30:00Z,False,0,12/8/2022 0:00,?,0.0,0.0,0.0,0.0,462,1981,1,229,True,0.125,5,15,0,3,3,10,1,2,0
3628,0,2022-08-19T16:50:00Z,False,0,5/11/2023 0:00,?,0.0,0.0,0.0,0.0,250,97,1,576,False,0.125,5,11,0,3,3,6,1,2,0
3629,0,2022-08-19T11:05:00Z,False,0,1/4/2024 0:00,Fatal,1.0,0.0,0.0,1.0,40,644,1,576,False,0.125,8,1,9,3,3,6,1,2,1
3630,0,2022-08-19T00:30:00Z,False,0,?,?,?,?,?,?,1239,1222,10,576,False,,0,0,13,4,0,3,0,3,0
3631,0,2022-08-18T20:00:00Z,False,0,11/3/2022 0:00,?,0.0,0.0,0.0,0.0,896,1600,1,2492,False,0.125,5,15,0,3,3,5,1,2,0
3632,0,2022-08-18T15:55:00Z,False,0,3/28/2024 0:00,Fatal,3.0,0.0,0.0,3.0,250,228,1,2835,False,0.25,5,15,0,1,3,1,1,2,1
3633,0,2022-08-18T14:40:00Z,False,0,11/15/2023 0:00,Serious,0.0,1.0,0.0,1.0,1128,716,8,862,True,0.125,5,15,0,3,3,4,1,2,0
3634,0,2022-08-18T12:30:00Z,False,0,1/9/2023 0:00,?,0.0,0.0,0.0,0.0,250,86,1,1527,False,0.125,5,15,0,3,3,5,1,2,0
3635,0,2022-08-18T11:35:00Z,False,0,4/25/2024 0:00,Serious,0.0,1.0,0.0,1.0,250,122,1,2463,False,0.125,5,15,0,3,3,1,1,2,0
3636,0,2022-08-18T11:15:00Z,False,0,5/11/2023 0:00,Fatal,1.0,0.0,0.0,1.0,250,60,1,2262,False,0.125,0,15,0,1,3,6,1,2,1
3637,0,2022-08-18T09:53:00Z,False,0,7/31/2024 0:00,?,0.0,0.0,0.0,0.0,157,1074,1,768,False,0.125,5,15,0,3,3,1,1,2,0
3638,0,2022-08-17T15:35:00Z,False,0,?,?,0.0,0.0,0.0,0.0,811,1385,1,1032,False,,0,15,13,3,0,13,0,3,0
3639,0,2022-08-17T15:15:00Z,False,0,4/20/2023 0:00,?,0.0,0.0,0.0,0.0,896,1660,1,2110,False,0.125,5,13,0,3,3,5,1,2,0
3640,0,2022-08-16T15:50:00Z,False,0,10/6/2022 0:00,?,0.0,0.0,0.0,0.0,995,1728,6,576,False,0.125,9,1,9,3,3,6,1,2,0
3641,0,2022-08-16T11:30:00Z,False,0,12/8/2022 0:00,?,0.0,0.0,0.0,0.0,956,1829,1,764,True,0.125,5,15,0,3,3,5,1,2,0
3642,0,2022-08-16T09:05:00Z,False,0,5/11/2023 0:00,?,0.0,0.0,0.0,0.0,1242,1765,1,703,True,0.125,0,15,0,3,3,11,1,2,0
3643,1,2022-08-15T15:10:00Z,False,0,?,?,?,?,?,?,179,356,1,576,False,,0,0,12,0,0,4,0,3,0
3644,0,2022-08-15T11:00:00Z,False,0,2/28/2024 0:00,?,0.0,0.0,0.0,0.0,896,1593,1,162,False,0.125,5,15,0,3,3,5,1,2,0
3645,0,2022-08-15T09:15:00Z,False,0,12/8/2022 0:00,?,0.0,0.0,0.0,0.0,606,242,6,576,False,0.125,9,14,0,3,3,6,1,2,0
3646,0,2022-08-15T07:30:00Z,False,0,3/6/2024 0:00,Fatal,2.0,0.0,0.0,2.0,100,474,1,295,False,0.125,5,15,0,3,3,4,1,2,1
3647,1,2022-08-15T04:00:00Z,False,0,?,?,0.0,0.0,0.0,0.0,327,485,1,576,False,,0,0,13,0,0,4,0,3,0
3648,0,2022-08-14T22:00:00Z,False,0,5/4/2023 0:00,?,0.0,0.0,0.0,0.0,896,1594,1,668,False,0.125,5,13,0,3,3,10,1,2,0
3649,0,2022-08-14T12:40:00Z,False,0,5/11/2023 0:00,?,0.0,0.0,0.0,0.0,896,1622,1,399,False,0.125,5,15,0,3,3,1,1,2,0
3650,0,2022-08-14T12:30:00Z,False,0,9/23/2022 0:00,?,0.0,0.0,0.0,0.0,250,1308,1,45,False,0.125,5,13,0,3,3,5,1,2,0
3651,1,2022-08-14T06:00:00Z,False,0,?,?,0.0,0.0,0.0,0.0,179,356,1,2812,False,,0,0,12,2,0,5,0,3,0
3652,0,2022-08-14T01:15:00Z,False,0,?,Fatal,2.0,0.0,0.0,2.0,896,1660,1,907,False,,0,0,13,3,0,10,0,3,1
3653,0,2022-08-13T17:19:00Z,False,0,10/3/2024 0:00,Fatal,2.0,2.0,3.0,7.0,250,2040,1,576,False,0.125,5,14,0,3,3,3,1,2,1
3654,0,2022-08-13T15:00:00Z,False,0,8/21/2024 0:00,Minor,0.0,0.0,1.0,1.0,1187,2082,1,80,True,0.125,5,15,0,3,3,4,1,2,0
3655,0,2022-08-13T13:48:00Z,False,0,4/25/2024 0:00,Minor,0.0,0.0,1.0,1.0,525,740,5,612,True,0.125,5,15,0,3,3,1,1,2,0
3656,0,2022-08-13T13:31:00Z,False,0,10/5/2023 0:00,Fatal,2.0,0.0,0.0,2.0,812,1388,1,576,False,0.125,5,15,0,3,3,3,1,2,1
3657,0,2022-08-13T13:30:00Z,False,0,8/17/2023 0:00,?,0.0,0.0,0.0,0.0,628,1229,4,1566,False,0.0,0,15,0,3,3,5,1,2,0
3658,0,2022-08-13T09:08:00Z,False,0,9/23/2022 0:00,?,0.0,0.0,0.0,0.0,13,5,1,1662,False,0.125,5,15,0,3,3,10,1,2,0
3659,0,2022-08-12T16:57:00Z,False,0,11/1/2022 0:00,?,0.0,0.0,0.0,0.0,896,1587,1,1576,False,0.125,5,15,0,3,3,3,1,2,0
3660,0,2022-08-12T16:02:00Z,False,0,6/26/2024 0:00,Minor,0.0,0.0,1.0,1.0,250,87,1,576,False,0.125,5,15,0,3,3,3,1,2,0
3661,0,2022-08-11T23:58:00Z,False,0,1/4/2024 0:00,Serious,0.0,2.0,0.0,2.0,250,60,1,2099,False,0.125,5,13,0,3,3,3,1,2,0
3662,0,2022-08-11T19:05:00Z,False,0,6/12/2024 0:00,Fatal,3.0,0.0,0.0,3.0,896,1668,1,576,False,0.125,5,15,0,3,1,3,1,2,1
3663,0,2022-08-11T19:00:00Z,False,0,12/8/2022 0:00,Minor,0.0,0.0,1.0,1.0,250,1719,1,2209,False,0.125,5,16,0,3,3,5,1,2,0
3664,0,2022-08-11T18:35:00Z,False,0,5/2/2024 0:00,Minor,0.0,0.0,2.0,2.0,896,1594,1,458,False,0.125,5,15,0,3,3,4,1,2,0
3665,0,2022-08-11T12:52:00Z,False,0,6/26/2024 0:00,Fatal,1.0,0.0,0.0,1.0,896,1558,1,576,False,0.125,5,15,0,3,3,4,1,2,1
3666,0,2022-08-11T10:40:00Z,False,0,?,?,0.0,0.0,0.0,0.0,250,67,1,576,False,,0,0,13,0,0,3,0,3,0
3667,0,2022-08-10T19:23:00Z,False,0,5/11/2023 0:00,?,0.0,0.0,0.0,0.0,896,1600,1,163,False,0.125,5,15,0,3,3,5,1,2,0
3668,1,2022-08-10T17:40:00Z,False,0,?,?,?,?,?,?,182,854,1,1165,False,0.25,0,0,12,0,0,4,0,3,0
3669,0,2022-08-10T17:20:00Z,False,0,9/23/2022 0:00,Minor,0.0,0.0,1.0,1.0,996,1727,6,576,False,0.125,5,15,0,3,3,5,1,2,0
3670,0,2022-08-10T15:59:00Z,False,0,8/14/2024 0:00,Fatal,1.0,0.0,0.0,1.0,270,1959,1,576,False,0.125,5,15,0,3,1,6,1,2,1
3671,0,2022-08-10T14:20:00Z,False,0,12/8/2022 0:00,?,0.0,0.0,0.0,0.0,594,1457,1,576,True,0.125,5,15,0,3,3,5,1,2,0
3672,0,2022-08-10T13:00:00Z,False,0,12/8/2022 0:00,?,0.0,0.0,0.0,0.0,896,1570,1,1,False,0.125,5,15,0,3,3,10,1,2,0
3673,0,2022-08-10T11:30:00Z,False,0,10/19/2023 0:00,?,0.0,0.0,0.0,0.0,896,1594,1,518,False,0.125,5,15,0,3,3,10,1,2,0
3674,0,2022-08-10T10:30:00Z,False,0,3/7/2024 0:00,?,0.0,0.0,0.0,0.0,39,655,1,654,False,0.125,8,1,9,3,3,10,1,2,0
3675,0,2022-08-10T04:00:00Z,False,0,?,Fatal,1.0,1.0,0.0,2.0,993,1721,6,576,False,,0,0,13,3,0,6,0,3,1
3676,0,2022-08-09T18:09:00Z,False,0,4/18/2024 0:00,?,0.0,0.0,0.0,0.0,40,650,1,1762,False,0.125,8,10,9,3,3,10,1,2,0
3677,0,2022-08-09T17:53:00Z,False,0,?,Fatal,1.0,0.0,0.0,1.0,896,1646,1,576,False,,0,0,13,3,0,13,0,3,1
3678,0,2022-08-09T13:50:00Z,False,0,7/5/2024 0:00,Fatal,1.0,0.0,0.0,1.0,250,112,1,1521,False,0.125,5,15,0,1,3,3,1,2,1
3679,0,2022-08-09T13:31:00Z,False,0,4/25/2024 0:00,?,0.0,0.0,0.0,0.0,896,1622,1,612,False,0.125,5,15,0,3,3,1,1,2,0
3680,0,2022-08-09T13:00:00Z,False,0,9/23/2022 0:00,?,0.0,0.0,0.0,0.0,250,69,1,2249,False,0.125,5,15,0,3,3,11,1,2,0
3681,0,2022-08-09T12:06:00Z,False,0,3/20/2024 0:00,Fatal,1.0,0.0,0.0,1.0,1099,2195,1,576,True,0.125,5,15,0,1,3,3,1,2,1
3682,0,2022-08-09T11:57:00Z,False,0,9/27/2023 0:00,?,0.0,0.0,0.0,0.0,250,158,1,815,False,0.125,5,15,0,3,3,5,1,2,0
3683,0,2022-08-08T22:19:00Z,False,0,?,?,0.0,0.0,0.0,0.0,896,1632,1,576,False,,0,0,13,1,0,4,0,3,0
3684,0,2022-08-07T16:00:00Z,False,0,12/8/2022 0:00,?,0.0,0.0,0.0,0.0,250,60,1,576,False,0.125,5,15,0,3,3,4,1,2,0
3685,0,2022-08-07T15:25:00Z,False,0,4/10/2024 0:00,Fatal,1.0,0.0,0.0,1.0,405,916,1,763,False,0.125,5,15,0,2,3,9,1,2,1
3686,0,2022-08-07T13:45:00Z,False,0,12/2/2022 0:00,?,0.0,0.0,0.0,0.0,1046,623,4,513,False,0.0,4,15,0,3,3,5,1,2,0
3687,0,2022-08-07T10:35:00Z,False,0,8/30/2023 0:00,Minor,0.0,0.0,1.0,1.0,250,39,1,2067,False,0.125,5,15,0,3,3,5,1,2,0
3688,0,2022-08-07T09:49:00Z,False,0,12/2/2022 0:00,?,0.0,0.0,0.0,0.0,40,631,1,576,False,0.125,5,1,9,3,3,6,1,2,0
3689,0,2022-08-07T04:00:00Z,False,0,?,Fatal,1.0,0.0,0.0,1.0,993,1725,6,576,False,,0,0,13,3,0,13,0,3,1
3690,0,2022-08-06T22:15:00Z,False,0,7/16/2024 0:00,?,0.0,0.0,0.0,0.0,179,401,1,1524,False,0.25,6,0,4,3,3,5,1,2,0
3691,0,2022-08-06T14:25:00Z,False,0,5/4/2023 0:00,Minor,0.0,0.0,1.0,1.0,29,1697,1,565,False,0.125,5,15,0,3,3,10,1,2,0
3692,0,2022-08-06T13:37:00Z,False,0,?,?,0.0,0.0,0.0,0.0,896,1599,1,576,False,,0,0,13,3,0,4,0,3,0
3693,0,2022-08-06T13:00:00Z,False,0,11/1/2022 0:00,Serious,0.0,1.0,0.0,1.0,200,1128,4,1326,False,0.0,0,15,0,3,3,5,1,2,0
3694,0,2022-08-06T07:40:00Z,False,0,?,?,0.0,0.0,0.0,0.0,993,1721,6,576,False,,0,0,13,3,0,3,0,3,0
3695,0,2022-08-05T23:15:00Z,False,0,12/20/2023 0:00,?,0.0,0.0,0.0,0.0,896,1594,1,576,False,0.125,5,15,0,3,3,3,1,2,0
3696,0,2022-08-05T21:32:00Z,False,0,4/25/2023 0:00,?,0.0,0.0,0.0,0.0,179,416,1,2172,False,0.25,6,0,6,3,3,11,1,2,0
3697,0,2022-08-05T12:30:00Z,False,0,12/8/2022 0:00,?,0.0,0.0,0.0,0.0,250,99,1,295,False,0.125,5,15,0,3,3,6,1,2,0
3698,0,2022-08-05T12:10:00Z,False,0,2/28/2024 0:00,?,0.0,0.0,0.0,0.0,250,97,1,120,False,0.125,5,15,0,3,3,4,1,2,0
3699,0,2022-08-05T12:00:00Z,False,0,9/23/2022 0:00,?,0.0,0.0,0.0,0.0,996,1727,6,576,False,0.125,5,1,9,3,3,6,1,2,0
3700,0,2022-08-05T09:55:00Z,False,0,12/8/2022 0:00,?,0.0,0.0,0.0,0.0,896,1598,1,469,False,0.125,5,15,0,3,3,5,1,2,0
3701,0,2022-08-04T16:57:00Z,False,0,5/4/2023 0:00,?,0.0,0.0,0.0,0.0,1052,1903,4,1400,False,0.0,0,13,0,3,3,10,1,2,0
3702,0,2022-08-04T16:50:00Z,False,0,3/23/2023 0:00,Minor,0.0,0.0,1.0,1.0,250,111,1,1632,False,0.125,5,15,0,3,3,5,1,2,0
3703,0,2022-08-04T14:09:00Z,False,0,5/4/2023 0:00,Minor,0.0,0.0,1.0,1.0,250,100,1,2048,False,0.125,5,15,0,3,3,1,1,2,0
3704,0,2022-08-04T08:50:00Z,False,0,9/23/2022 0:00,?,0.0,0.0,0.0,0.0,1231,1398,2,576,False,0.125,0,15,0,3,3,3,1,2,0
3705,0,2022-08-04T04:00:00Z,False,0,?,?,0.0,0.0,0.0,0.0,896,1594,1,576,False,,0,0,13,3,0,1,0,3,0
3706,0,2022-08-03T21:00:00Z,False,0,10/6/2022 0:00,?,0.0,0.0,0.0,0.0,250,90,1,576,False,0.125,5,15,0,3,3,5,1,2,0
3707,0,2022-08-03T19:45:00Z,False,0,12/8/2022 0:00,?,0.0,0.0,0.0,0.0,49,611,6,1554,False,0.125,9,20,14,3,3,3,1,2,0
3708,0,2022-08-03T18:25:00Z,False,0,12/14/2023 0:00,Fatal,1.0,1.0,0.0,2.0,896,1242,1,49,False,0.125,5,15,0,3,3,1,1,2,1
3709,0,2022-08-03T16:45:00Z,False,0,2/9/2023 0:00,?,0.0,0.0,0.0,0.0,367,739,1,576,False,0.125,5,14,0,3,3,10,1,2,0
3710,0,2022-08-03T16:18:00Z,False,0,5/4/2023 0:00,?,0.0,0.0,0.0,0.0,19,431,1,74,False,0.125,5,15,0,3,3,5,1,2,0
3711,0,2022-08-03T13:50:00Z,False,0,5/11/2023 0:00,Serious,0.0,1.0,0.0,1.0,994,1725,6,576,False,0.125,5,15,0,3,3,5,1,2,0
3712,0,2022-08-03T13:25:00Z,False,0,6/15/2023 0:00,?,0.0,0.0,0.0,0.0,270,1958,1,767,False,0.125,5,15,0,3,3,5,1,2,0
3713,0,2022-08-03T13:00:00Z,False,0,?,Fatal,2.0,0.0,0.0,2.0,1073,1877,1,576,False,,0,0,13,1,0,1,0,3,1
3714,0,2022-08-03T11:10:00Z,False,0,4/11/2024 0:00,?,0.0,0.0,0.0,0.0,1241,1764,1,1449,True,0.125,5,11,0,3,3,6,1,2,0
3715,0,2022-08-03T09:30:00Z,False,0,9/23/2022 0:00,Minor,0.0,0.0,1.0,1.0,40,642,1,576,False,0.125,8,1,9,3,3,6,1,2,0
3716,0,2022-08-03T09:30:00Z,False,0,4/25/2024 0:00,?,0.0,0.0,0.0,0.0,410,2072,1,871,False,0.125,8,6,0,3,3,5,1,2,0
3717,0,2022-08-03T03:30:00Z,False,0,?,Minor,0.0,0.0,1.0,1.0,39,650,1,576,False,,0,0,13,3,0,4,0,3,0
3718,0,2022-08-03T02:15:00Z,False,0,?,Fatal,1.0,0.0,0.0,1.0,105,1832,1,576,False,,0,0,13,1,0,6,0,3,1
3719,0,2022-08-02T15:40:00Z,False,0,2/23/2023 0:00,?,0.0,0.0,0.0,0.0,896,1666,1,16,False,0.25,5,22,0,3,3,5,1,2,0
3720,0,2022-08-02T12:46:00Z,False,0,5/16/2024 0:00,Fatal,1.0,0.0,0.0,1.0,40,640,1,576,False,0.125,8,1,9,3,3,6,1,2,1
3721,0,2022-08-02T11:30:00Z,False,0,8/29/2024 0:00,Fatal,2.0,0.0,0.0,2.0,1091,569,1,1858,False,0.25,5,15,0,1,3,6,1,2,1
3722,0,2022-08-01T21:07:00Z,False,0,?,Fatal,1.0,1.0,0.0,2.0,896,1660,1,576,False,,0,0,13,1,0,5,0,3,1
3723,0,2022-08-01T15:20:00Z,False,0,4/25/2024 0:00,?,0.0,0.0,0.0,0.0,40,631,1,1860,False,0.125,5,1,9,1,3,6,1,2,0
3724,0,2022-08-01T12:30:00Z,False,0,3/6/2024 0:00,?,0.0,0.0,0.0,0.0,157,229,1,846,False,0.125,5,15,0,3,3,5,1,2,0
3725,0,2022-08-01T10:15:00Z,False,0,6/20/2024 0:00,Minor,0.0,0.0,1.0,1.0,162,145,6,576,False,0.125,9,1,9,3,3,6,1,2,0
3726,0,2022-08-01T07:45:00Z,False,0,2/9/2023 0:00,?,0.0,0.0,0.0,0.0,40,640,1,93,False,0.125,8,1,9,3,3,6,1,2,0
3727,0,2022-07-31T19:55:00Z,False,0,9/22/2022 0:00,?,0.0,0.0,0.0,0.0,996,1727,6,576,False,0.125,5,1,9,3,3,6,1,2,0
3728,0,2022-07-31T12:58:00Z,False,0,9/23/2022 0:00,?,0.0,0.0,0.0,0.0,250,102,1,1618,False,0.125,5,15,0,3,3,5,1,2,0
3729,0,2022-07-30T22:06:00Z,False,0,?,?,0.0,0.0,0.0,0.0,179,367,1,2784,False,,0,0,6,3,0,5,0,3,0
3730,0,2022-07-30T15:50:00Z,False,0,2/28/2024 0:00,?,0.0,0.0,0.0,0.0,250,32,1,667,False,0.125,5,13,0,3,3,3,1,2,0
3731,0,2022-07-30T15:30:00Z,False,0,4/10/2024 0:00,Serious,0.0,1.0,0.0,1.0,1183,1136,1,576,False,0.125,5,15,0,3,3,3,1,2,0
3732,0,2022-07-30T15:30:00Z,False,0,9/23/2022 0:00,?,0.0,0.0,0.0,0.0,213,229,1,365,False,0.125,5,15,0,3,3,10,1,2,0
3733,0,2022-07-30T14:00:00Z,False,0,2/28/2024 0:00,Fatal,1.0,0.0,0.0,1.0,39,655,1,576,False,0.125,8,1,9,1,3,6,1,2,1
3734,0,2022-07-30T13:00:00Z,False,0,?,?,?,?,?,?,1329,2189,10,576,False,,0,0,13,4,0,3,0,3,0
3735,0,2022-07-30T12:40:00Z,False,0,8/21/2024 0:00,Minor,0.0,0.0,1.0,1.0,739,448,1,283,False,0.125,5,15,0,3,3,4,1,2,0
3736,0,2022-07-30T11:40:00Z,False,0,5/4/2023 0:00,?,0.0,0.0,0.0,0.0,1123,7,1,864,False,0.125,5,15,0,3,3,5,1,2,0
3737,0,2022-07-30T11:30:00Z,False,0,9/22/2022 0:00,?,0.0,0.0,0.0,0.0,250,23,1,173,False,0.125,5,15,0,3,3,10,1,2,0
3738,0,2022-07-30T11:05:00Z,False,0,10/3/2024 0:00,Fatal,2.0,0.0,0.0,2.0,576,2062,5,576,True,0.125,5,13,0,3,3,6,1,2,1
3739,0,2022-07-30T10:11:00Z,False,0,1/31/2024 0:00,?,0.0,0.0,0.0,0.0,250,72,1,1804,False,0.125,5,13,0,3,3,1,1,2,0
3740,0,2022-07-30T09:00:00Z,False,0,8/23/2023 0:00,?,0.0,0.0,0.0,0.0,250,86,1,1855,False,0.125,5,15,0,3,3,1,1,2,0
3741,0,2022-07-30T06:20:00Z,False,0,9/23/2022 0:00,Serious,0.0,3.0,1.0,4.0,86,33,2,576,False,0.0,0,15,0,2,3,6,1,2,0
3742,0,2022-07-29T15:04:00Z,False,0,12/14/2023 0:00,Fatal,1.0,0.0,0.0,1.0,247,783,1,2091,False,0.25,8,21,0,3,3,1,1,2,1
3743,0,2022-07-29T15:02:00Z,False,0,10/19/2023 0:00,Serious,0.0,2.0,1.0,3.0,433,607,6,576,False,0.125,9,14,8,3,3,1,1,2,0
3744,0,2022-07-29T14:02:00Z,False,0,2/9/2023 0:00,?,0.0,0.0,0.0,0.0,630,1874,1,1129,False,0.125,5,15,0,3,3,5,1,2,0
3745,0,2022-07-29T14:00:00Z,False,0,11/1/2022 0:00,?,0.0,0.0,0.0,0.0,896,1242,1,576,False,0.125,5,15,0,3,3,10,1,2,0
3746,0,2022-07-29T07:52:00Z,False,0,1/31/2024 0:00,Serious,0.0,1.0,0.0,1.0,1099,1940,1,576,True,0.125,5,11,0,3,3,3,1,2,0
3747,0,2022-07-28T19:17:00Z,False,0,12/8/2022 0:00,?,0.0,0.0,0.0,0.0,250,59,1,2209,False,0.125,5,15,0,3,3,10,1,2,0
3748,0,2022-07-28T15:38:00Z,False,0,11/15/2023 0:00,Serious,0.0,1.0,0.0,1.0,896,1630,1,2318,False,0.125,5,15,0,3,3,3,1,2,0
3749,0,2022-07-28T14:15:00Z,False,0,10/6/2022 0:00,?,0.0,0.0,0.0,0.0,367,946,1,2226,False,0.125,8,0,8,3,3,5,1,2,0
3750,0,2022-07-28T13:15:00Z,False,0,10/13/2022 0:00,?,0.0,0.0,0.0,0.0,996,1727,6,576,False,0.125,5,1,9,3,3,6,1,2,0
3751,0,2022-07-28T13:05:00Z,False,0,12/2/2022 0:00,?,0.0,0.0,0.0,0.0,896,1570,1,576,False,0.125,5,19,14,3,3,10,1,2,0
3752,0,2022-07-28T10:20:00Z,False,0,9/22/2022 0:00,?,0.0,0.0,0.0,0.0,787,1770,1,2181,True,0.125,5,15,0,2,3,11,1,2,0
3753,0,2022-07-28T04:00:00Z,False,0,?,Fatal,2.0,1.0,0.0,3.0,993,1725,6,576,False,,0,0,13,3,0,6,0,3,1
3754,0,2022-07-28T04:00:00Z,False,0,?,?,0.0,0.0,0.0,0.0,320,73,1,576,False,,0,0,15,3,0,5,0,3,0
3755,0,2022-07-27T18:25:00Z,False,0,1/4/2024 0:00,?,0.0,0.0,0.0,0.0,250,152,1,973,False,0.125,5,0,8,3,3,3,1,2,0
3756,0,2022-07-27T18:00:00Z,False,0,12/2/2022 0:00,?,0.0,0.0,0.0,0.0,283,1323,1,1988,False,0.125,5,15,0,3,3,5,1,2,0
3757,0,2022-07-27T16:15:00Z,False,0,5/4/2023 0:00,?,0.0,0.0,0.0,0.0,501,1505,6,576,False,0.125,9,1,9,3,3,6,1,2,0
3758,0,2022-07-27T16:00:00Z,False,0,3/7/2024 0:00,?,0.0,0.0,0.0,0.0,157,784,1,2368,False,0.125,5,13,0,3,3,10,1,2,0
3759,0,2022-07-27T15:31:00Z,False,0,5/4/2023 0:00,?,0.0,0.0,0.0,0.0,250,69,1,193,False,0.125,5,15,0,3,3,5,1,2,0
3760,0,2022-07-27T14:45:00Z,False,0,1/4/2024 0:00,Minor,0.0,0.0,1.0,1.0,996,1724,6,1398,False,0.125,5,13,0,3,3,6,1,2,0
3761,0,2022-07-27T13:40:00Z,False,0,?,Serious,0.0,1.0,0.0,1.0,183,724,1,576,False,0.25,0,16,0,0,3,3,2,3,0
3762,0,2022-07-27T13:10:00Z,False,0,12/2/2022 0:00,?,0.0,0.0,0.0,0.0,896,1601,1,2034,False,0.125,5,13,0,3,3,5,1,2,0
3763,0,2022-07-27T11:00:00Z,False,0,11/3/2022 0:00,?,0.0,0.0,0.0,0.0,896,1570,1,576,False,0.125,5,15,0,3,3,1,1,2,0
3764,0,2022-07-27T10:10:00Z,False,0,10/19/2023 0:00,Serious,0.0,1.0,0.0,1.0,1,1955,1,576,True,0.125,5,15,0,3,3,3,1,2,0
3765,0,2022-07-27T10:00:00Z,False,0,7/31/2024 0:00,?,0.0,0.0,0.0,0.0,811,1384,1,1169,False,0.125,5,13,0,3,3,5,1,2,0
3766,0,2022-07-26T22:30:00Z,False,0,?,Serious,0.0,1.0,0.0,1.0,896,1659,1,576,False,,0,0,13,1,0,6,0,3,0
3767,0,2022-07-26T18:01:00Z,False,0,3/20/2024 0:00,Fatal,1.0,1.0,0.0,2.0,123,650,1,576,False,0.125,8,1,9,1,3,6,1,2,1
3768,0,2022-07-26T15:10:00Z,False,0,12/2/2022 0:00,?,0.0,0.0,0.0,0.0,771,1366,1,2298,False,0.125,5,15,0,3,3,5,1,2,0
3769,0,2022-07-26T14:30:00Z,False,0,1/30/2024 0:00,?,0.0,0.0,0.0,0.0,1053,1119,1,576,False,0.125,8,1,9,3,3,4,1,2,0
3770,0,2022-07-26T10:15:00Z,False,0,12/2/2022 0:00,Serious,0.0,2.0,4.0,6.0,364,953,1,1781,False,0.125,5,3,8,3,3,4,1,2,0
3771,0,2022-07-26T05:55:00Z,False,0,2/7/2024 0:00,Minor,0.0,0.0,3.0,3.0,433,613,6,576,False,0.25,9,14,8,3,3,1,1,2,0
3772,1,2022-07-25T14:41:00Z,False,0,?,?,0.0,0.0,0.0,0.0,45,518,1,576,False,0.25,0,0,12,0,0,3,0,3,0
3773,0,2022-07-25T10:42:00Z,False,0,5/11/2023 0:00,Serious,0.0,1.0,0.0,1.0,441,1750,11,931,False,0.125,5,15,0,3,3,1,1,2,0
3774,0,2022-07-25T09:45:00Z,False,0,12/2/2022 0:00,Minor,0.0,0.0,1.0,1.0,996,1727,6,576,False,0.125,5,13,0,3,3,2,1,2,0
3775,0,2022-07-25T09:39:00Z,False,0,4/25/2024 0:00,Fatal,2.0,0.0,0.0,2.0,595,1788,1,576,True,0.125,5,15,0,1,1,3,1,2,1
3776,0,2022-07-25T07:30:00Z,False,0,9/22/2022 0:00,?,0.0,0.0,0.0,0.0,1281,330,1,576,False,0.125,5,1,9,3,3,6,1,2,0
3777,0,2022-07-25T03:40:00Z,False,0,?,Serious,0.0,1.0,0.0,1.0,250,60,1,576,False,,0,0,13,3,0,1,0,3,0
3778,0,2022-07-24T18:50:00Z,False,0,1/9/2023 0:00,?,0.0,0.0,0.0,0.0,250,2053,1,2181,False,0.25,5,15,0,3,3,5,1,2,0
3779,0,2022-07-24T15:50:00Z,False,0,3/20/2024 0:00,Serious,0.0,3.0,0.0,3.0,157,536,1,368,False,0.125,5,15,0,3,3,4,1,2,0
3780,0,2022-07-24T15:20:00Z,False,0,12/2/2022 0:00,Minor,0.0,0.0,1.0,1.0,250,1308,1,2181,False,0.125,5,15,0,3,3,5,1,2,0
3781,1,2022-07-24T13:20:00Z,False,0,?,?,0.0,0.0,0.0,0.0,250,316,1,2411,False,0.25,0,0,15,2,0,5,0,3,0
3782,0,2022-07-23T22:25:00Z,False,0,?,Fatal,1.0,1.0,0.0,2.0,250,2045,1,1901,False,0.125,0,15,13,3,0,1,0,3,1
3783,0,2022-07-23T19:54:00Z,False,0,5/4/2023 0:00,Serious,0.0,1.0,0.0,1.0,1286,666,1,884,True,0.125,5,15,0,3,3,1,1,2,0
3784,0,2022-07-23T15:00:00Z,False,0,1/31/2024 0:00,?,0.0,0.0,0.0,0.0,1123,6,1,576,False,0.125,5,15,0,3,3,3,1,2,0
3785,0,2022-07-23T14:31:00Z,False,0,2/28/2024 0:00,Fatal,1.0,0.0,1.0,2.0,857,2028,1,1717,False,0.125,5,15,0,3,3,10,1,2,1
3786,0,2022-07-23T14:15:00Z,False,0,1/9/2023 0:00,?,0.0,0.0,0.0,0.0,1267,2221,1,2181,False,0.125,5,15,0,3,3,5,1,2,0
3787,0,2022-07-23T13:38:00Z,False,0,7/18/2024 0:00,Fatal,1.0,1.0,0.0,2.0,157,533,1,1103,False,0.125,5,15,0,3,3,3,1,2,1
3788,0,2022-07-23T11:33:00Z,False,0,9/22/2022 0:00,Minor,0.0,0.0,1.0,1.0,802,2027,1,1529,False,0.125,5,15,0,3,3,5,1,2,0
3789,0,2022-07-23T11:14:00Z,False,0,12/8/2022 0:00,?,0.0,0.0,0.0,0.0,1052,1902,4,2002,False,0.0,0,13,0,3,3,5,1,2,0
3790,0,2022-07-23T10:12:00Z,False,0,5/30/2024 0:00,Fatal,1.0,0.0,0.0,1.0,106,1837,1,576,False,0.125,8,1,9,1,3,6,1,2,1
3791,0,2022-07-22T20:11:00Z,False,0,12/14/2023 0:00,Serious,0.0,1.0,0.0,1.0,896,1623,1,2340,False,0.125,5,6,0,3,3,3,1,2,0
3792,0,2022-07-22T18:45:00Z,False,0,4/25/2024 0:00,Fatal,2.0,0.0,0.0,2.0,896,1603,1,68,False,0.125,5,15,0,1,3,6,1,2,1
3793,0,2022-07-22T18:00:00Z,False,0,?,?,0.0,0.0,0.0,0.0,993,1725,6,576,False,,0,0,13,1,0,4,0,3,0
3794,0,2022-07-22T17:47:00Z,False,0,2/7/2024 0:00,Minor,0.0,0.0,1.0,1.0,1257,1764,1,576,True,0.125,5,15,0,3,3,3,1,2,0
3795,0,2022-07-22T16:45:00Z,False,0,12/15/2022 0:00,?,0.0,0.0,0.0,0.0,1254,2144,1,2437,False,0.125,5,13,0,3,3,5,1,2,0
3796,0,2022-07-22T14:30:00Z,False,0,5/2/2024 0:00,Minor,0.0,0.0,1.0,1.0,896,1242,1,576,False,0.125,5,5,0,3,3,6,1,2,0
3797,0,2022-07-22T13:20:00Z,False,0,12/2/2022 0:00,?,0.0,0.0,0.0,0.0,250,95,1,2181,False,0.125,5,15,0,3,3,5,1,2,0
3798,0,2022-07-22T13:15:00Z,False,0,9/23/2022 0:00,?,0.0,0.0,0.0,0.0,896,1601,1,1583,False,0.125,5,15,0,3,3,11,1,2,0
3799,0,2022-07-22T13:00:00Z,False,0,12/2/2022 0:00,?,0.0,0.0,0.0,0.0,896,1558,1,2234,False,0.125,5,15,0,3,3,5,1,2,0
3800,0,2022-07-22T10:20:00Z,False,0,6/5/2024 0:00,?,0.0,0.0,0.0,0.0,996,1727,6,576,False,0.125,5,1,9,3,3,6,1,2,0
3801,0,2022-07-22T06:00:00Z,False,0,?,?,0.0,0.0,0.0,0.0,250,45,1,576,False,,0,0,15,3,0,5,0,3,0
3802,0,2022-07-21T19:30:00Z,False,0,9/23/2022 0:00,?,0.0,0.0,0.0,0.0,40,640,1,576,False,0.125,8,1,9,3,3,6,1,2,0
3803,0,2022-07-21T16:42:00Z,False,0,6/26/2024 0:00,Fatal,2.0,0.0,0.0,2.0,331,828,6,576,False,0.25,9,10,14,1,3,6,1,2,1
3804,0,2022-07-21T15:00:00Z,False,0,1/31/2024 0:00,?,0.0,0.0,0.0,0.0,160,145,6,576,False,0.125,9,1,9,3,3,6,1,2,0
3805,0,2022-07-21T12:00:00Z,False,0,12/14/2023 0:00,Minor,0.0,0.0,2.0,2.0,19,429,1,576,False,0.125,5,15,0,3,3,3,1,2,0
3806,0,2022-07-21T07:15:00Z,False,0,10/6/2022 0:00,?,0.0,0.0,0.0,0.0,106,1838,1,682,False,0.125,9,1,9,3,3,6,1,2,0
3807,0,2022-07-21T00:30:00Z,False,0,4/25/2024 0:00,?,0.0,0.0,0.0,0.0,157,980,1,576,False,0.125,5,15,0,3,3,3,1,2,0
3808,0,2022-07-20T18:45:00Z,False,0,11/15/2023 0:00,?,0.0,0.0,0.0,0.0,157,1488,1,576,False,0.125,5,15,0,3,3,1,1,2,0
3809,0,2022-07-20T12:15:00Z,False,0,9/22/2022 0:00,?,0.0,0.0,0.0,0.0,254,442,1,1596,False,0.125,5,15,0,3,3,5,1,2,0
3810,0,2022-07-20T11:30:00Z,False,0,?,Fatal,1.0,0.0,0.0,1.0,39,655,1,576,False,,0,0,13,3,0,6,0,3,1
3811,0,2022-07-20T08:15:00Z,False,0,5/2/2024 0:00,?,0.0,0.0,0.0,0.0,771,1371,1,570,False,0.125,5,15,0,3,3,1,1,2,0
3812,0,2022-07-19T22:00:00Z,False,0,7/17/2024 0:00,Serious,0.0,2.0,0.0,2.0,1317,836,1,2206,True,0.125,5,15,0,3,3,3,1,2,0
3813,0,2022-07-19T20:41:00Z,False,0,9/22/2022 0:00,?,0.0,0.0,0.0,0.0,434,998,6,2017,False,0.25,9,0,8,3,3,5,1,2,0
3814,0,2022-07-19T18:00:00Z,False,0,?,Fatal,1.0,0.0,0.0,1.0,993,1725,6,576,False,,0,0,13,1,0,13,0,3,1
3815,0,2022-07-19T13:00:00Z,False,0,12/15/2022 0:00,?,0.0,0.0,0.0,0.0,160,150,6,576,False,0.125,9,9,0,3,3,3,1,2,0
3816,0,2022-07-19T10:27:00Z,False,0,9/22/2022 0:00,?,0.0,0.0,0.0,0.0,584,795,6,892,False,0.125,5,13,0,3,3,5,1,2,0
3817,0,2022-07-19T09:39:00Z,False,0,?,?,0.0,0.0,0.0,0.0,426,1071,6,576,False,,0,0,13,3,0,3,0,3,0
3818,0,2022-07-19T08:45:00Z,False,0,?,?,0.0,0.0,0.0,0.0,250,1065,1,576,False,,0,0,13,3,0,3,0,3,0
3819,0,2022-07-18T19:30:00Z,False,0,11/3/2022 0:00,?,0.0,0.0,0.0,0.0,250,71,1,54,False,0.125,5,15,0,3,3,5,1,2,0
3820,0,2022-07-18T18:49:00Z,False,0,10/25/2023 0:00,?,0.0,0.0,0.0,0.0,160,145,6,576,False,0.125,9,1,9,3,3,10,1,2,0
3821,0,2022-07-18T16:30:00Z,False,0,12/2/2022 0:00,Minor,0.0,0.0,2.0,2.0,24,1868,6,576,False,0.125,9,15,0,3,3,6,1,2,0
3822,0,2022-07-18T14:14:00Z,False,0,?,Fatal,2.0,0.0,0.0,2.0,1232,2121,1,576,False,0.25,0,0,6,4,0,13,0,3,1
3823,0,2022-07-18T11:00:00Z,False,0,3/28/2024 0:00,?,0.0,0.0,0.0,0.0,13,11,1,1271,False,0.125,5,15,0,3,3,3,1,2,0
3824,0,2022-07-18T10:00:00Z,False,0,1/30/2024 0:00,Fatal,1.0,0.0,0.0,1.0,699,548,1,2541,True,0.125,5,15,0,1,3,10,1,2,1
3825,0,2022-07-18T08:04:00Z,False,0,11/15/2023 0:00,Serious,0.0,1.0,0.0,1.0,1241,1777,1,179,True,0.125,5,15,0,3,3,4,1,2,0
3826,1,2022-07-18T02:19:00Z,False,0,?,?,?,?,?,?,179,356,1,576,False,,0,0,12,0,0,3,0,3,0
3827,0,2022-07-17T21:20:00Z,False,0,3/2/2023 0:00,Minor,0.0,0.0,2.0,2.0,166,442,1,303,False,0.125,5,15,0,3,3,5,1,2,0
3828,0,2022-07-17T20:00:00Z,False,0,2/21/2024 0:00,Fatal,2.0,0.0,0.0,2.0,672,1209,1,576,True,0.125,5,15,0,3,3,6,1,2,1
3829,0,2022-07-17T19:30:00Z,False,0,?,Fatal,1.0,0.0,0.0,1.0,254,441,1,576,False,,0,0,13,3,0,3,0,3,1
3830,0,2022-07-17T14:25:00Z,False,0,5/4/2023 0:00,?,0.0,0.0,0.0,0.0,250,73,1,1870,False,0.125,5,13,0,3,3,5,1,2,0
3831,0,2022-07-17T14:20:00Z,False,0,11/3/2022 0:00,?,0.0,0.0,0.0,0.0,250,32,1,180,False,0.125,5,15,0,3,3,5,1,2,0
3832,0,2022-07-17T12:30:00Z,False,0,12/15/2022 0:00,?,0.0,0.0,0.0,0.0,994,1722,6,1465,False,0.125,5,13,0,3,3,9,1,2,0
3833,0,2022-07-17T12:03:00Z,False,0,1/2/2025 0:00,Fatal,4.0,0.0,0.0,4.0,250,1643,1,2767,False,0.125,5,13,0,1,3,1,1,2,1
3834,0,2022-07-17T09:38:00Z,False,0,7/24/2024 0:00,Fatal,4.0,0.0,0.0,4.0,250,2055,1,576,False,0.25,5,3,0,1,3,3,1,2,1
3835,0,2022-07-17T08:10:00Z,False,0,6/20/2024 0:00,Fatal,2.0,0.0,0.0,2.0,441,1750,11,2889,False,0.125,5,15,0,1,3,3,1,2,1
3836,0,2022-07-17T04:10:00Z,False,0,?,Fatal,3.0,0.0,0.0,3.0,993,1725,6,576,False,,0,0,15,1,0,13,0,3,1
3837,0,2022-07-16T19:20:00Z,False,0,6/12/2024 0:00,Fatal,4.0,0.0,0.0,4.0,160,2132,6,576,False,0.125,9,16,14,1,3,3,1,2,1
3838,0,2022-07-16T18:17:00Z,False,0,4/25/2024 0:00,Minor,0.0,0.0,2.0,0.0,1097,2070,1,901,False,0.125,5,15,0,3,3,3,1,2,0
3839,0,2022-07-16T17:20:00Z,False,0,9/27/2023 0:00,Minor,0.0,0.0,1.0,1.0,250,276,1,308,False,0.25,5,22,0,3,3,1,1,2,0
3840,0,2022-07-16T15:30:00Z,False,0,?,?,?,?,?,?,993,1725,6,576,False,,0,0,13,3,0,13,0,3,0
3841,0,2022-07-16T15:00:00Z,False,0,5/4/2023 0:00,Minor,0.0,0.0,1.0,1.0,1250,2057,4,434,False,0.0,4,15,0,3,3,5,1,2,0
3842,0,2022-07-16T12:00:00Z,False,0,?,?,0.0,0.0,0.0,0.0,828,1470,1,576,False,0.125,0,0,13,3,0,6,0,3,0
3843,0,2022-07-16T11:53:00Z,False,0,1/4/2024 0:00,Fatal,1.0,0.0,0.0,1.0,1129,1773,1,245,True,0.125,5,15,0,3,3,10,1,2,1
3844,0,2022-07-16T09:35:00Z,False,0,11/15/2023 0:00,Fatal,1.0,0.0,0.0,1.0,896,1647,1,1500,False,0.125,5,5,0,3,3,6,1,2,1
3845,0,2022-07-16T09:10:00Z,False,0,5/4/2023 0:00,?,0.0,0.0,0.0,0.0,412,1360,1,2124,False,0.125,0,15,0,3,3,1,1,2,0
3846,0,2022-07-16T07:30:00Z,False,0,4/25/2024 0:00,Fatal,1.0,0.0,0.0,1.0,19,431,1,576,False,0.125,5,15,0,1,1,3,1,2,1
3847,0,2022-07-16T06:35:00Z,False,0,12/14/2023 0:00,Serious,0.0,1.0,0.0,1.0,62,2081,1,97,True,0.125,5,15,0,3,3,3,1,2,0
3848,0,2022-07-16T04:00:00Z,False,0,?,Serious,0.0,1.0,0.0,1.0,179,356,1,576,False,,0,0,12,0,0,3,0,3,0
3849,0,2022-07-15T20:30:00Z,False,0,11/3/2022 0:00,?,0.0,0.0,0.0,0.0,963,258,1,758,False,0.25,6,6,0,3,3,4,1,2,0
3850,0,2022-07-15T18:15:00Z,False,0,11/15/2023 0:00,Fatal,2.0,0.0,0.0,2.0,250,159,1,788,False,0.125,5,15,0,1,1,4,1,2,1
3851,0,2022-07-15T15:20:00Z,False,0,?,Fatal,1.0,0.0,0.0,1.0,250,495,1,576,False,,0,0,12,1,0,6,0,3,1
3852,0,2022-07-15T13:25:00Z,False,0,2/9/2023 0:00,?,0.0,0.0,0.0,0.0,367,737,1,576,False,0.125,5,6,8,3,3,5,1,2,0
3853,0,2022-07-15T12:45:00Z,False,0,1/4/2024 0:00,?,0.0,0.0,0.0,0.0,250,2042,1,576,False,0.125,5,15,0,1,3,3,1,2,0
3854,0,2022-07-15T10:10:00Z,False,0,11/3/2022 0:00,?,0.0,0.0,0.0,0.0,250,38,1,2632,False,0.125,5,15,0,3,3,1,1,2,0
3855,0,2022-07-15T08:15:00Z,False,0,9/22/2022 0:00,Minor,0.0,0.0,1.0,1.0,250,202,1,2310,False,0.125,5,15,0,3,3,5,1,2,0
3856,0,2022-07-15T04:00:00Z,False,0,?,Fatal,1.0,0.0,0.0,1.0,39,651,1,576,False,,0,0,13,1,0,6,0,3,1
3857,0,2022-07-15T02:45:00Z,False,0,9/22/2022 0:00,Minor,0.0,0.0,1.0,1.0,896,1599,1,576,False,0.125,5,15,0,3,3,6,1,2,0
3858,0,2022-07-14T20:30:00Z,False,0,2/9/2023 0:00,?,0.0,0.0,0.0,0.0,1176,1069,1,576,False,0.125,5,15,0,3,3,5,1,2,0
3859,0,2022-07-14T20:20:00Z,False,0,12/2/2022 0:00,?,0.0,0.0,0.0,0.0,1177,1070,1,2298,False,0.125,5,15,0,3,3,5,1,2,0
3860,0,2022-07-14T19:40:00Z,False,0,3/28/2024 0:00,Serious,0.0,1.0,1.0,2.0,475,1098,1,400,False,0.125,5,15,0,3,3,4,1,2,0
3861,0,2022-07-14T16:25:00Z,False,0,12/2/2022 0:00,?,0.0,0.0,0.0,0.0,896,1570,1,2298,False,0.125,5,6,8,3,3,5,1,2,0
3862,0,2022-07-14T15:52:00Z,False,0,11/3/2022 0:00,?,0.0,0.0,0.0,0.0,250,1531,1,1246,False,0.25,5,16,0,3,3,5,1,2,0
3863,0,2022-07-14T15:20:00Z,False,0,9/22/2022 0:00,?,0.0,0.0,0.0,0.0,250,156,1,576,False,0.125,5,6,12,3,3,3,1,2,0
3864,0,2022-07-14T12:31:00Z,False,0,7/5/2024 0:00,Fatal,2.0,0.0,0.0,2.0,250,1530,1,576,False,0.125,8,15,0,1,3,3,1,2,1
3865,0,2022-07-13T18:56:00Z,False,0,12/2/2022 0:00,?,0.0,0.0,0.0,0.0,250,111,1,1007,False,0.125,5,15,0,3,3,5,1,2,0
3866,0,2022-07-13T18:52:00Z,False,0,8/21/2024 0:00,Minor,0.0,0.0,1.0,1.0,250,155,1,2525,False,0.125,8,6,8,3,3,5,1,2,0
3867,0,2022-07-13T11:57:00Z,False,0,11/15/2023 0:00,Minor,0.0,0.0,1.0,1.0,250,37,1,2051,False,0.125,5,15,0,3,3,4,1,2,0
3868,0,2022-07-13T05:10:00Z,False,0,?,?,0.0,0.0,0.0,0.0,546,1149,1,2131,False,,0,0,13,3,0,5,0,3,0
3869,0,2022-07-12T18:45:00Z,False,0,9/22/2022 0:00,?,0.0,0.0,0.0,0.0,897,1645,1,2554,False,0.25,5,6,0,3,3,5,1,2,0
3870,0,2022-07-12T18:00:00Z,False,0,12/15/2022 0:00,?,0.0,0.0,0.0,0.0,250,45,1,1372,False,0.125,5,15,0,3,3,5,1,2,0
3871,0,2022-07-12T17:23:00Z,False,0,?,Fatal,2.0,0.0,0.0,2.0,896,1617,1,576,False,0.25,0,0,13,3,0,13,0,3,1
3872,0,2022-07-12T14:15:00Z,False,0,9/22/2022 0:00,Minor,0.0,0.0,1.0,1.0,900,1570,1,653,False,0.125,5,15,0,3,3,5,1,2,0
3873,0,2022-07-12T10:00:00Z,False,0,11/15/2023 0:00,?,0.0,0.0,0.0,0.0,1317,2240,1,576,True,0.125,5,15,0,3,3,3,1,2,0
3874,0,2022-07-12T02:40:00Z,False,0,?,Fatal,2.0,0.0,0.0,2.0,160,142,6,576,False,,0,0,13,3,0,13,0,3,1
3875,0,2022-07-11T17:30:00Z,False,0,1/31/2024 0:00,Fatal,1.0,0.0,0.0,1.0,254,435,1,576,False,0.125,5,15,0,1,3,3,1,2,1
3876,0,2022-07-11T17:00:00Z,False,0,12/2/2022 0:00,?,0.0,0.0,0.0,0.0,896,1599,1,1629,False,0.125,5,13,0,3,3,5,1,2,0
3877,0,2022-07-11T06:30:00Z,False,0,2/21/2024 0:00,?,0.0,0.0,0.0,0.0,40,642,1,963,False,0.125,8,1,9,3,3,10,1,2,0
3878,0,2022-07-10T19:30:00Z,False,0,5/4/2023 0:00,?,0.0,0.0,0.0,0.0,1052,1903,4,219,False,0.0,0,15,0,3,3,6,1,2,0
3879,0,2022-07-10T19:17:00Z,False,0,7/5/2024 0:00,?,0.0,0.0,0.0,0.0,811,1386,1,2067,False,0.125,5,15,0,3,3,3,1,2,0
3880,0,2022-07-10T18:10:00Z,False,0,9/14/2023 0:00,?,0.0,0.0,0.0,0.0,896,1588,1,2316,False,0.125,5,15,0,3,3,3,1,2,0
3881,0,2022-07-10T18:05:00Z,False,0,9/22/2022 0:00,?,0.0,0.0,0.0,0.0,40,642,1,576,False,0.125,8,1,9,3,3,1,1,2,0
3882,0,2022-07-10T17:15:00Z,False,0,12/15/2022 0:00,?,0.0,0.0,0.0,0.0,896,1580,1,1207,False,0.125,5,15,0,3,3,5,1,2,0
3883,0,2022-07-10T15:30:00Z,False,0,9/22/2022 0:00,?,0.0,0.0,0.0,0.0,1046,621,4,878,False,0.0,0,15,0,3,3,5,1,2,0
3884,0,2022-07-10T14:25:00Z,False,0,5/11/2023 0:00,?,0.0,0.0,0.0,0.0,811,1384,1,2193,False,0.125,5,15,0,3,3,3,1,2,0
3885,0,2022-07-10T12:00:00Z,False,0,9/22/2022 0:00,?,0.0,0.0,0.0,0.0,166,441,1,1519,False,0.125,5,15,0,3,3,5,1,2,0
3886,0,2022-07-10T10:50:00Z,False,0,11/3/2022 0:00,Serious,0.0,1.0,0.0,1.0,87,1343,1,1437,False,0.125,5,15,0,3,3,1,1,2,0
3887,1,2022-07-10T09:00:00Z,False,0,?,?,?,?,?,?,157,258,1,576,False,0.25,0,0,13,4,0,5,0,3,0
3888,0,2022-07-09T12:00:00Z,False,0,?,?,0.0,0.0,0.0,0.0,896,1677,1,576,False,,0,0,13,3,0,10,0,3,0
3889,0,2022-07-09T12:00:00Z,False,0,?,Fatal,1.0,0.0,0.0,1.0,160,142,6,576,False,,0,0,13,1,0,13,0,3,1
3890,0,2022-07-09T10:45:00Z,False,0,11/3/2022 0:00,?,0.0,0.0,0.0,0.0,394,1928,1,1400,True,0.125,5,15,0,3,3,5,1,2,0
3891,0,2022-07-09T09:00:00Z,False,0,9/22/2022 0:00,?,0.0,0.0,0.0,0.0,896,1570,1,370,False,0.125,5,13,0,3,3,5,1,2,0
3892,0,2022-07-09T07:16:00Z,False,0,?,Minor,0.0,0.0,2.0,2.0,993,1725,6,576,False,,0,0,13,3,0,5,0,3,0
3893,1,2022-07-09T02:20:00Z,False,0,?,?,?,?,?,?,45,516,1,576,False,0.25,0,0,12,0,0,3,0,3,0
3894,0,2022-07-08T15:35:00Z,False,0,11/3/2022 0:00,Serious,0.0,2.0,0.0,2.0,250,71,1,2304,False,0.125,10,13,0,3,3,5,1,2,0
3895,0,2022-07-08T15:30:00Z,False,0,7/5/2024 0:00,?,0.0,0.0,0.0,0.0,40,642,1,576,False,0.125,8,1,9,3,3,6,1,2,0
3896,0,2022-07-08T13:05:00Z,False,0,1/4/2024 0:00,Fatal,1.0,0.0,0.0,1.0,700,1089,1,48,True,0.125,5,15,0,3,3,4,1,2,1
3897,2,2022-07-08T09:42:00Z,False,0,?,?,?,?,?,?,220,356,1,576,False,,0,0,6,0,0,3,0,3,0
3898,0,2022-07-08T04:00:00Z,False,0,?,?,0.0,0.0,0.0,0.0,992,962,1,576,False,,0,0,13,1,0,6,0,3,0
3899,0,2022-07-07T20:35:00Z,False,0,12/8/2022 0:00,?,0.0,0.0,0.0,0.0,250,73,1,1357,False,0.125,5,13,0,3,3,5,1,2,0
3900,1,2022-07-07T20:00:00Z,False,0,?,?,?,?,?,?,179,378,1,576,False,0.25,0,0,4,0,0,4,0,3,0
3901,0,2022-07-07T19:15:00Z,False,0,4/25/2024 0:00,?,0.0,0.0,0.0,0.0,250,71,1,576,False,0.125,5,15,0,3,3,3,1,2,0
3902,1,2022-07-07T18:30:00Z,False,0,4/20/2023 0:00,?,0.0,0.0,0.0,0.0,179,411,1,576,False,0.25,7,0,4,0,2,3,1,2,0
3903,0,2022-07-07T14:40:00Z,False,0,5/14/2024 0:00,?,0.0,0.0,0.0,0.0,250,2048,1,229,False,0.125,5,14,8,3,3,5,1,2,0
3904,0,2022-07-06T18:45:00Z,False,0,1/4/2024 0:00,Minor,0.0,0.0,1.0,1.0,250,62,1,2561,False,0.125,5,13,0,3,3,3,1,2,0
3905,0,2022-07-06T10:15:00Z,False,0,7/5/2024 0:00,Serious,0.0,1.0,0.0,1.0,591,2137,6,576,False,0.125,5,1,9,3,3,6,1,2,0
3906,0,2022-07-06T09:21:00Z,False,0,9/22/2022 0:00,Serious,0.0,1.0,0.0,1.0,591,2128,6,576,False,0.125,5,14,0,1,3,6,1,2,0
3907,0,2022-07-06T02:56:00Z,False,0,?,?,0.0,0.0,0.0,0.0,896,1627,1,576,False,0.125,0,0,13,3,0,3,0,3,0
3908,0,2022-07-05T17:00:00Z,False,0,12/2/2022 0:00,?,0.0,0.0,0.0,0.0,896,1570,1,576,False,0.125,5,15,0,3,3,5,1,2,0
3909,0,2022-07-05T16:25:00Z,False,0,3/30/2023 0:00,?,0.0,0.0,0.0,0.0,250,101,1,2216,False,0.125,5,15,0,3,3,5,1,2,0
3910,0,2022-07-05T13:00:00Z,False,0,5/4/2023 0:00,Minor,0.0,0.0,1.0,1.0,250,493,1,2052,False,0.125,5,15,0,3,3,4,1,2,0
3911,0,2022-07-05T10:30:00Z,False,0,11/3/2022 0:00,?,0.0,0.0,0.0,0.0,157,462,1,515,False,0.25,5,15,0,3,3,5,1,2,0
3912,0,2022-07-04T19:01:00Z,False,0,11/15/2023 0:00,Serious,0.0,2.0,0.0,2.0,250,60,1,629,False,0.125,5,15,0,3,3,3,1,2,0
3913,0,2022-07-04T16:50:00Z,False,0,5/4/2023 0:00,?,0.0,0.0,0.0,0.0,1052,1898,4,297,False,0.0,0,15,0,3,3,3,1,2,0
3914,0,2022-07-04T07:35:00Z,False,0,5/4/2023 0:00,?,0.0,0.0,0.0,0.0,896,1630,1,2613,False,0.125,5,15,0,3,3,10,1,2,0
3915,1,2022-07-04T04:42:00Z,False,0,?,?,?,?,?,?,179,416,1,576,False,,0,0,12,0,0,13,0,3,0
3916,0,2022-07-03T22:44:00Z,False,0,6/20/2024 0:00,Fatal,1.0,3.0,0.0,4.0,896,1622,1,2179,False,0.125,5,15,0,1,3,1,1,2,1
3917,0,2022-07-03T17:45:00Z,False,0,1/9/2023 0:00,?,0.0,0.0,0.0,0.0,250,105,1,2115,False,0.125,5,15,0,3,3,1,1,2,0
3918,0,2022-07-03T09:30:00Z,False,0,11/15/2023 0:00,?,0.0,0.0,0.0,0.0,304,812,1,2089,False,0.125,5,11,0,3,3,10,1,2,0
3919,0,2022-07-03T08:49:00Z,False,0,4/18/2024 0:00,Fatal,1.0,0.0,0.0,1.0,443,988,1,576,False,0.125,5,15,0,1,3,6,1,2,1
3920,0,2022-07-03T07:35:00Z,False,0,11/29/2023 0:00,Minor,0.0,0.0,1.0,1.0,1241,1780,1,836,True,0.125,5,15,0,3,3,4,1,2,0
3921,0,2022-07-03T07:10:00Z,False,0,2/23/2023 0:00,Serious,0.0,1.0,0.0,1.0,88,573,1,2465,True,0.25,5,15,0,3,3,5,1,2,0
3922,0,2022-07-02T17:33:00Z,False,0,7/5/2024 0:00,Fatal,1.0,0.0,0.0,1.0,40,644,1,576,False,0.125,8,1,9,3,3,6,1,2,1
3923,1,2022-07-02T15:07:00Z,False,0,?,?,?,?,?,?,179,529,1,1748,False,0.25,0,0,6,0,0,11,0,3,0
3924,0,2022-07-02T11:35:00Z,False,0,1/31/2024 0:00,Fatal,1.0,1.0,0.0,2.0,896,1587,1,1448,False,0.125,5,15,0,1,3,4,1,2,1
3925,0,2022-07-02T09:44:00Z,False,0,7/24/2024 0:00,Serious,0.0,1.0,0.0,1.0,541,1118,1,576,False,0.125,5,1,9,3,3,6,1,2,0
3926,0,2022-07-02T08:29:00Z,False,0,8/30/2023 0:00,Fatal,1.0,1.0,0.0,2.0,896,1594,1,1386,False,0.125,5,15,0,3,3,4,1,2,1
3927,0,2022-07-01T17:21:00Z,False,0,8/5/2022 0:00,Serious,0.0,1.0,0.0,1.0,179,362,1,2893,False,0.25,6,0,4,0,3,5,1,2,0
3928,0,2022-07-01T16:30:00Z,False,0,11/3/2022 0:00,?,0.0,0.0,0.0,0.0,160,145,6,367,False,0.125,9,15,0,3,3,1,1,2,0
3929,0,2022-07-01T15:00:00Z,False,0,9/23/2022 0:00,Minor,0.0,0.0,2.0,2.0,250,36,1,2276,False,0.125,5,13,0,3,3,1,1,2,0
3930,0,2022-07-01T15:00:00Z,False,0,9/8/2022 0:00,Minor,0.0,0.0,1.0,1.0,908,1819,1,2581,True,0.125,5,15,0,3,3,5,1,2,0
3931,0,2022-07-01T14:30:00Z,False,0,?,Fatal,4.0,0.0,0.0,4.0,723,229,1,2415,False,0.25,0,0,12,3,3,10,0,3,1
3932,0,2022-07-01T13:40:00Z,False,0,7/24/2024 0:00,Serious,0.0,1.0,0.0,1.0,157,1192,1,576,False,0.125,5,15,0,3,3,1,1,2,0
3933,0,2022-07-01T12:30:00Z,False,0,8/30/2023 0:00,?,0.0,0.0,0.0,0.0,1032,1450,5,576,False,0.125,5,15,0,3,3,3,1,2,0
3934,0,2022-07-01T12:25:00Z,False,0,11/29/2023 0:00,Minor,0.0,0.0,1.0,1.0,302,813,1,598,False,0.125,5,12,0,3,3,1,1,2,0
3935,0,2022-07-01T11:00:00Z,False,0,?,?,0.0,0.0,0.0,0.0,248,1226,1,576,False,,0,0,13,3,0,4,0,3,0
3936,0,2022-07-01T10:30:00Z,False,0,9/8/2022 0:00,?,0.0,0.0,0.0,0.0,896,1569,1,2867,False,0.125,5,13,0,3,3,5,1,2,0
3937,0,2022-07-01T08:25:00Z,False,0,?,?,0.0,0.0,0.0,0.0,993,1725,6,576,False,,0,0,13,3,0,5,0,3,0
3938,0,2022-07-01T04:00:00Z,False,0,?,?,0.0,0.0,0.0,0.0,317,1226,1,576,False,,0,0,13,3,0,4,0,3,0
3939,0,2022-06-30T18:00:00Z,False,0,12/2/2022 0:00,?,0.0,0.0,0.0,0.0,686,1932,1,576,False,0.125,5,15,0,3,3,5,1,2,0
3940,0,2022-06-30T08:45:00Z,False,0,9/8/2022 0:00,?,0.0,0.0,0.0,0.0,163,151,6,341,False,0.125,9,13,0,3,3,5,1,2,0
3941,0,2022-06-30T07:42:00Z,False,0,12/20/2022 0:00,?,0.0,0.0,0.0,0.0,789,756,6,480,False,0.25,9,15,0,3,3,5,1,2,0
3942,0,2022-06-29T12:45:00Z,False,0,11/15/2023 0:00,Minor,0.0,0.0,1.0,1.0,896,1628,1,12,False,0.125,5,15,0,3,3,4,1,2,0
3943,2,2022-06-29T04:00:00Z,False,0,?,?,?,?,?,?,1229,683,10,576,False,,0,6,15,4,0,6,0,3,0
3944,1,2022-06-29T04:00:00Z,False,0,?,?,?,?,?,?,896,1660,1,576,False,,0,0,13,0,0,3,0,3,0
3945,0,2022-06-29T04:00:00Z,False,0,?,?,0.0,0.0,0.0,0.0,214,804,10,576,False,,0,0,3,1,0,13,0,3,0
3946,0,2022-06-28T12:08:00Z,False,0,?,?,?,?,?,?,1078,1853,6,576,False,,0,0,13,3,0,3,0,3,0
3947,0,2022-06-28T11:46:00Z,False,0,4/10/2024 0:00,?,0.0,0.0,0.0,0.0,250,23,1,2563,False,0.125,5,15,0,3,3,4,1,2,0
3948,0,2022-06-28T10:40:00Z,False,0,?,Fatal,2.0,0.0,0.0,2.0,176,759,1,576,False,,0,0,13,3,0,13,0,3,1
3949,0,2022-06-28T10:30:00Z,False,0,6/23/2023 0:00,?,0.0,0.0,0.0,0.0,70,452,1,972,False,0.125,5,13,0,3,3,5,1,2,0
3950,0,2022-06-28T07:40:00Z,False,0,4/18/2024 0:00,Fatal,1.0,0.0,0.0,1.0,157,2147,1,2787,False,0.125,5,15,0,1,3,1,1,2,1
3951,0,2022-06-27T14:00:00Z,False,0,9/8/2022 0:00,?,0.0,0.0,0.0,0.0,524,581,1,876,False,0.125,5,15,0,3,3,5,1,2,0
3952,0,2022-06-27T13:30:00Z,False,0,10/6/2022 0:00,?,0.0,0.0,0.0,0.0,756,1914,1,1729,False,0.125,5,15,0,3,3,5,1,2,0
3953,0,2022-06-27T13:15:00Z,False,0,2/23/2023 0:00,?,0.0,0.0,0.0,0.0,896,1588,1,1849,False,0.125,5,15,0,3,3,10,1,2,0
3954,0,2022-06-27T10:02:00Z,False,0,4/18/2024 0:00,Serious,0.0,1.0,0.0,1.0,652,1776,1,1998,False,0.125,5,15,0,3,3,3,1,2,0
3955,0,2022-06-27T08:06:00Z,False,0,9/8/2022 0:00,?,0.0,0.0,0.0,0.0,250,28,1,2274,False,0.125,5,13,0,3,3,10,1,2,0
3956,0,2022-06-26T19:45:00Z,False,0,2/8/2024 0:00,Fatal,2.0,0.0,0.0,2.0,896,1654,1,795,False,0.125,5,15,0,3,3,4,1,2,1
3957,0,2022-06-26T19:38:00Z,False,0,7/5/2024 0:00,Fatal,1.0,0.0,0.0,1.0,160,2138,6,2883,False,0.125,9,10,7,1,3,10,1,2,1
3958,0,2022-06-26T14:10:00Z,False,0,11/15/2023 0:00,Serious,0.0,2.0,0.0,2.0,896,1587,1,377,False,0.125,5,15,0,3,3,3,1,2,0
3959,0,2022-06-26T13:30:00Z,False,0,9/8/2022 0:00,?,0.0,0.0,0.0,0.0,250,60,1,2358,False,0.125,5,13,0,3,3,5,1,2,0
3960,0,2022-06-26T11:45:00Z,False,0,12/2/2022 0:00,?,0.0,0.0,0.0,0.0,250,154,1,1099,False,0.125,8,0,8,3,3,10,1,2,0
3961,0,2022-06-26T10:55:00Z,False,0,?,?,0.0,0.0,0.0,0.0,993,1725,6,576,False,,0,0,13,3,0,10,0,3,0
3962,0,2022-06-26T08:30:00Z,False,0,6/5/2024 0:00,Fatal,1.0,0.0,0.0,1.0,996,1727,6,576,False,0.125,5,1,9,1,3,6,1,2,1
3963,0,2022-06-25T18:23:00Z,False,0,4/18/2024 0:00,Fatal,2.0,0.0,0.0,2.0,811,1387,1,1113,False,0.125,5,15,0,1,3,10,1,2,1
3964,0,2022-06-25T18:00:00Z,False,0,11/1/2022 0:00,?,0.0,0.0,0.0,0.0,367,739,1,2298,False,0.125,5,6,0,3,3,10,1,2,0
3965,1,2022-06-25T17:36:00Z,False,0,?,?,0.0,0.0,0.0,0.0,2,444,1,956,False,,0,0,6,2,0,5,0,3,0
3966,0,2022-06-25T10:20:00Z,False,0,1/4/2024 0:00,?,0.0,0.0,0.0,0.0,739,443,1,572,False,0.125,5,15,0,3,3,10,1,2,0
3967,0,2022-06-25T10:20:00Z,False,0,5/4/2023 0:00,?,0.0,0.0,0.0,0.0,896,1585,1,727,False,0.125,5,15,0,3,3,5,1,2,0
3968,0,2022-06-25T09:40:00Z,False,0,11/1/2022 0:00,?,0.0,0.0,0.0,0.0,739,448,1,372,False,0.125,5,15,0,3,3,1,1,2,0
3969,1,2022-06-25T09:03:00Z,False,0,?,?,0.0,0.0,0.0,0.0,2,444,1,576,False,,0,0,6,2,0,5,0,3,0
3970,1,2022-06-25T04:00:00Z,False,0,?,?,0.0,0.0,0.0,0.0,269,1959,1,576,False,,0,0,13,0,0,11,0,3,0
3971,0,2022-06-24T15:18:00Z,False,0,8/30/2023 0:00,Serious,0.0,1.0,0.0,1.0,556,1224,1,576,True,0.125,5,15,0,3,3,6,1,2,0
3972,0,2022-06-24T15:10:00Z,False,0,?,?,0.0,0.0,0.0,0.0,250,2102,1,576,False,,0,0,12,3,0,4,0,3,0
3973,0,2022-06-24T14:25:00Z,False,0,11/15/2023 0:00,Serious,0.0,1.0,0.0,1.0,229,761,1,1479,False,0.125,5,15,0,3,3,4,1,2,0
3974,0,2022-06-24T11:30:00Z,False,0,12/2/2022 0:00,?,0.0,0.0,0.0,0.0,254,441,1,2298,False,0.125,5,15,0,3,3,1,1,2,0
3975,0,2022-06-24T09:05:00Z,False,0,4/25/2024 0:00,?,0.0,0.0,0.0,0.0,160,145,6,576,False,0.125,9,1,9,3,3,6,1,2,0
3976,0,2022-06-24T09:03:00Z,False,0,6/26/2024 0:00,Fatal,2.0,0.0,0.0,2.0,250,45,1,576,False,0.125,5,13,0,3,3,6,1,2,1
3977,0,2022-06-24T08:48:00Z,False,0,11/15/2023 0:00,?,0.0,0.0,0.0,0.0,870,1223,1,140,True,0.125,5,15,0,3,3,4,1,2,0
3978,0,2022-06-23T19:25:00Z,False,0,4/25/2024 0:00,?,0.0,0.0,0.0,0.0,250,2096,1,2417,False,0.125,5,15,0,3,3,5,1,2,0
3979,0,2022-06-23T14:35:00Z,False,0,?,?,0.0,0.0,0.0,0.0,896,1584,1,2689,False,0.25,0,0,13,3,0,5,0,3,0
3980,0,2022-06-23T10:55:00Z,False,0,11/1/2022 0:00,?,0.0,0.0,0.0,0.0,1052,199,6,2885,False,0.125,5,11,0,3,3,6,1,2,0
3981,0,2022-06-23T04:00:00Z,False,0,?,?,0.0,0.0,0.0,0.0,541,1130,1,576,False,,0,0,13,3,0,6,0,3,0
3982,0,2022-06-22T23:52:00Z,False,0,?,Fatal,6.0,0.0,0.0,6.0,723,313,1,576,False,0.25,0,0,13,3,0,6,0,3,1
3983,0,2022-06-22T22:00:00Z,False,0,?,Serious,0.0,5.0,0.0,5.0,894,1684,1,576,False,,0,0,12,3,0,1,0,3,0
3984,0,2022-06-22T17:28:00Z,False,0,9/8/2022 0:00,?,0.0,0.0,0.0,0.0,987,1095,1,488,True,0.125,5,15,0,3,3,5,1,2,0
3985,0,2022-06-22T16:45:00Z,True,0,8/28/2024 0:00,Fatal,6.0,0.0,0.0,6.0,160,2130,6,452,False,0.125,9,14,0,1,3,2,1,2,1
3986,0,2022-06-22T16:15:00Z,False,0,?,?,0.0,0.0,0.0,0.0,250,111,1,2550,False,0.125,0,0,13,3,0,4,0,3,0
3987,0,2022-06-22T15:15:00Z,False,0,9/22/2022 0:00,?,0.0,0.0,0.0,0.0,378,934,4,576,False,0.0,0,15,0,3,3,3,1,2,0
3988,0,2022-06-22T14:00:00Z,False,0,12/2/2022 0:00,?,0.0,0.0,0.0,0.0,283,1323,1,132,False,0.125,5,15,0,3,3,5,1,2,0
3989,0,2022-06-22T13:48:00Z,False,0,11/15/2023 0:00,Minor,0.0,0.0,1.0,1.0,250,60,1,1785,False,0.125,5,15,0,3,3,1,1,2,0
3990,0,2022-06-22T11:30:00Z,False,0,9/8/2022 0:00,Serious,0.0,1.0,1.0,2.0,728,1309,4,2543,False,0.0,0,13,0,3,3,1,1,2,0
3991,0,2022-06-22T10:45:00Z,False,0,9/8/2022 0:00,Minor,0.0,0.0,1.0,1.0,304,812,1,1697,False,0.125,5,15,0,3,3,5,1,2,0
3992,0,2022-06-22T10:45:00Z,False,0,11/1/2022 0:00,?,0.0,0.0,0.0,0.0,896,1594,1,1345,False,0.125,5,15,0,3,3,5,1,2,0
3993,0,2022-06-22T10:07:00Z,False,0,5/30/2024 0:00,Serious,0.0,1.0,0.0,1.0,896,1572,1,576,False,0.125,5,15,0,3,3,6,1,2,0
3994,0,2022-06-22T06:15:00Z,False,0,11/1/2022 0:00,?,0.0,0.0,0.0,0.0,771,1369,1,325,False,0.125,5,15,0,3,3,5,1,2,0
3995,0,2022-06-21T21:38:00Z,False,0,4/25/2024 0:00,Minor,0.0,0.0,4.0,4.0,775,1416,1,1923,False,0.25,7,0,6,3,3,5,1,2,0
3996,0,2022-06-21T14:00:00Z,False,0,10/13/2022 0:00,?,0.0,0.0,0.0,0.0,13,1832,1,1128,False,0.125,5,1,9,3,3,5,1,2,0
3997,0,2022-06-21T13:55:00Z,False,0,11/15/2023 0:00,Serious,0.0,1.0,0.0,1.0,762,1343,1,1468,True,0.125,5,15,0,2,3,13,1,2,0
3998,0,2022-06-21T11:00:00Z,False,0,1/26/2023 0:00,?,0.0,0.0,0.0,0.0,19,429,1,2397,False,0.125,0,13,0,3,3,5,1,2,0
3999,1,2022-06-21T09:45:00Z,False,0,8/3/2023 0:00,?,0.0,0.0,0.0,0.0,179,376,1,1655,False,0.25,6,0,4,0,3,5,1,2,0
4000,0,2022-06-21T08:40:00Z,False,0,9/8/2022 0:00,Serious,0.0,1.0,3.0,4.0,250,1530,1,346,False,0.125,5,15,0,3,3,4,1,2,0
4001,0,2022-06-21T08:30:00Z,False,0,12/2/2022 0:00,?,0.0,0.0,0.0,0.0,999,18,1,1647,False,0.125,5,15,0,3,3,5,1,2,0
4002,0,2022-06-21T08:00:00Z,False,0,9/22/2022 0:00,?,0.0,0.0,0.0,0.0,250,45,1,1182,False,0.125,5,13,0,3,3,5,1,2,0
4003,0,2022-06-20T15:50:00Z,False,0,11/8/2023 0:00,Serious,0.0,1.0,0.0,1.0,577,1216,1,576,False,0.125,7,20,14,3,3,3,1,2,0
4004,0,2022-06-20T14:45:00Z,False,0,?,Minor,0.0,0.0,2.0,2.0,993,1725,6,2503,False,0.125,0,0,13,3,0,3,0,3,0
4005,0,2022-06-20T13:15:00Z,False,0,11/8/2023 0:00,?,0.0,0.0,0.0,0.0,896,1600,1,1907,False,0.125,5,15,0,3,3,1,1,2,0
4006,0,2022-06-20T13:15:00Z,False,0,12/2/2022 0:00,?,0.0,0.0,0.0,0.0,40,644,1,1874,False,0.125,8,1,9,3,3,10,1,2,0
4007,0,2022-06-20T12:45:00Z,False,0,9/8/2022 0:00,?,0.0,0.0,0.0,0.0,896,1576,1,576,False,0.125,5,15,0,3,3,10,1,2,0
4008,0,2022-06-19T18:00:00Z,False,0,9/8/2022 0:00,?,0.0,0.0,0.0,0.0,250,77,1,1175,False,0.125,0,13,0,3,3,5,1,2,0
4009,0,2022-06-19T17:30:00Z,False,0,9/8/2022 0:00,?,0.0,0.0,0.0,0.0,1001,1350,4,2678,False,0.0,0,15,0,3,3,3,1,2,0
4010,0,2022-06-19T17:00:00Z,False,0,9/22/2022 0:00,?,0.0,0.0,0.0,0.0,896,1627,1,2319,False,0.125,5,15,0,3,3,5,1,2,0
4011,0,2022-06-19T15:00:00Z,False,0,9/23/2022 0:00,?,0.0,0.0,0.0,0.0,148,1781,1,259,True,0.125,5,15,0,3,3,5,1,2,0
4012,0,2022-06-19T13:04:00Z,False,0,9/27/2023 0:00,?,0.0,0.0,0.0,0.0,250,270,1,1246,False,0.25,5,15,0,3,3,5,1,2,0
4013,0,2022-06-19T12:00:00Z,False,0,12/15/2022 0:00,?,0.0,0.0,0.0,0.0,896,1637,1,1263,False,0.125,5,15,0,3,3,5,1,2,0
4014,0,2022-06-19T12:00:00Z,False,0,5/4/2023 0:00,?,0.0,0.0,0.0,0.0,297,1454,1,576,True,0.125,5,15,0,3,3,5,1,2,0
4015,0,2022-06-19T10:30:00Z,False,0,11/8/2023 0:00,Minor,0.0,0.0,1.0,1.0,1092,969,1,576,True,0.125,5,15,0,3,3,3,1,2,0
4016,0,2022-06-19T08:45:00Z,False,0,11/1/2022 0:00,?,0.0,0.0,0.0,0.0,250,75,1,2189,False,0.125,5,13,0,3,3,5,1,2,0
4017,0,2022-06-18T17:30:00Z,False,0,11/15/2023 0:00,?,0.0,0.0,0.0,0.0,250,270,1,1505,False,0.25,5,15,0,3,3,5,1,2,0
4018,0,2022-06-18T17:10:00Z,False,0,6/20/2024 0:00,?,0.0,0.0,0.0,0.0,434,999,6,2736,False,0.25,9,14,8,3,3,4,1,2,0
4019,0,2022-06-18T16:23:00Z,False,0,11/3/2022 0:00,Minor,0.0,0.0,2.0,2.0,996,1727,6,2397,False,0.125,5,13,0,3,3,6,1,2,0
4020,0,2022-06-18T14:54:00Z,False,0,5/14/2024 0:00,Fatal,1.0,0.0,0.0,1.0,250,224,1,576,False,0.25,5,15,0,1,3,3,1,2,1
4021,0,2022-06-18T09:45:00Z,False,0,9/14/2023 0:00,?,0.0,0.0,0.0,0.0,811,1385,1,576,False,0.125,5,15,0,3,3,3,1,2,0
4022,0,2022-06-18T09:14:00Z,False,0,3/2/2023 0:00,?,0.0,0.0,0.0,0.0,160,145,6,446,False,0.125,9,15,0,3,3,5,1,2,0
4023,0,2022-06-18T08:40:00Z,False,0,9/8/2022 0:00,?,0.0,0.0,0.0,0.0,250,72,1,1445,False,0.125,5,3,0,3,3,5,1,2,0
4024,0,2022-06-18T06:55:00Z,False,0,11/8/2023 0:00,Fatal,2.0,0.0,0.0,2.0,157,981,1,1543,False,0.125,5,13,0,1,3,1,1,2,1
4025,0,2022-06-17T22:30:00Z,False,0,4/20/2023 0:00,?,?,?,?,?,179,527,1,1616,False,0.25,6,0,6,2,3,11,1,2,0
4026,0,2022-06-17T17:30:00Z,False,0,9/1/2022 0:00,?,0.0,0.0,0.0,0.0,250,66,1,31,False,0.125,5,15,0,3,3,10,1,2,0
4027,0,2022-06-17T08:20:00Z,False,0,9/1/2022 0:00,?,0.0,0.0,0.0,0.0,994,1722,6,2624,False,0.125,5,13,0,3,3,5,1,2,0
4028,0,2022-06-17T06:15:00Z,False,0,4/18/2024 0:00,?,0.0,0.0,0.0,0.0,160,145,6,576,False,0.125,9,16,0,3,3,3,1,2,0
4029,0,2022-06-16T17:45:00Z,False,0,11/8/2023 0:00,Serious,0.0,3.0,0.0,3.0,250,60,1,576,False,0.125,5,15,0,3,3,6,1,2,0
4030,0,2022-06-16T14:20:00Z,False,0,4/20/2023 0:00,?,0.0,0.0,0.0,0.0,293,1525,1,2172,False,0.25,5,9,0,3,3,11,1,2,0
4031,0,2022-06-16T14:00:00Z,False,0,1/4/2024 0:00,Serious,0.0,1.0,0.0,1.0,250,2038,1,676,False,0.125,5,19,14,3,3,3,1,2,0
4032,0,2022-06-16T11:28:00Z,False,0,8/23/2023 0:00,Minor,0.0,0.0,1.0,1.0,250,2096,1,1044,False,0.125,5,15,0,1,3,4,1,2,0
4033,0,2022-06-16T09:15:00Z,False,0,1/30/2024 0:00,?,0.0,0.0,0.0,0.0,166,54,1,1889,False,0.125,5,15,0,3,3,4,1,2,0
4034,0,2022-06-16T08:30:00Z,False,0,3/13/2024 0:00,?,0.0,0.0,0.0,0.0,794,133,1,2701,False,0.125,5,15,0,3,3,4,1,2,0
4035,0,2022-06-15T16:20:00Z,False,0,8/21/2024 0:00,?,0.0,0.0,0.0,0.0,270,1959,1,1487,False,0.125,5,15,0,3,3,11,1,2,0
4036,0,2022-06-15T15:31:00Z,False,0,9/8/2022 0:00,Serious,0.0,1.0,0.0,1.0,38,1920,11,2635,False,0.125,5,15,0,3,3,5,1,2,0
4037,0,2022-06-15T15:30:00Z,False,0,?,Fatal,1.0,0.0,0.0,1.0,250,97,1,576,False,,0,0,12,3,0,10,0,3,1
4038,0,2022-06-14T18:15:00Z,False,0,3/23/2023 0:00,?,0.0,0.0,0.0,0.0,896,1601,1,406,False,0.125,5,15,0,3,3,4,1,2,0
4039,0,2022-06-14T11:30:00Z,False,0,9/1/2022 0:00,?,0.0,0.0,0.0,0.0,40,644,1,2625,False,0.125,8,1,9,3,3,6,1,2,0
4040,1,2022-06-14T06:19:00Z,False,0,?,?,0.0,0.0,0.0,0.0,179,416,1,576,False,,0,0,12,2,0,3,0,3,0
4041,0,2022-06-13T17:44:00Z,False,0,11/1/2022 0:00,Minor,0.0,0.0,1.0,1.0,544,552,1,161,False,0.125,5,15,0,3,3,1,1,2,0
4042,0,2022-06-13T17:15:00Z,False,0,5/4/2023 0:00,Serious,0.0,1.0,0.0,1.0,250,60,1,388,False,0.125,5,13,0,3,3,4,1,2,0
4043,0,2022-06-13T04:00:00Z,False,0,?,?,?,?,?,?,379,920,1,576,False,,0,0,15,3,0,3,0,3,0
4044,0,2022-06-12T14:40:00Z,False,0,9/22/2022 0:00,Minor,0.0,0.0,1.0,1.0,250,72,1,1977,False,0.125,5,15,0,3,3,10,1,2,0
4045,0,2022-06-12T01:48:00Z,False,0,11/3/2022 0:00,?,0.0,0.0,0.0,0.0,811,1387,1,848,False,0.125,5,15,0,3,3,1,1,2,0
4046,0,2022-06-11T18:38:00Z,False,0,6/20/2024 0:00,Minor,0.0,0.0,2.0,2.0,896,1587,1,2397,False,0.125,5,15,0,3,3,1,1,2,0
4047,0,2022-06-11T15:40:00Z,False,0,11/15/2023 0:00,Minor,0.0,0.0,1.0,1.0,1306,2112,5,178,True,0.125,5,15,0,3,3,10,1,2,0
4048,0,2022-06-11T15:30:00Z,False,0,11/1/2022 0:00,Minor,0.0,0.0,2.0,2.0,881,803,1,576,False,0.125,5,13,0,3,3,5,1,2,0
4049,0,2022-06-11T15:00:00Z,False,0,11/8/2023 0:00,Minor,0.0,0.0,1.0,1.0,202,471,1,576,True,0.125,5,15,0,3,3,10,1,2,0
4050,0,2022-06-11T13:50:00Z,False,0,9/8/2022 0:00,?,0.0,0.0,0.0,0.0,771,1465,1,576,False,0.125,5,15,0,3,3,10,1,2,0
4051,0,2022-06-11T12:35:00Z,False,0,11/1/2022 0:00,?,0.0,0.0,0.0,0.0,1272,594,6,767,False,0.125,5,15,0,3,3,10,1,2,0
4052,0,2022-06-11T12:07:00Z,False,0,11/8/2023 0:00,Serious,0.0,2.0,0.0,2.0,896,1582,1,482,False,0.25,5,15,0,3,3,10,1,2,0
4053,0,2022-06-10T16:23:00Z,False,0,7/20/2022 0:00,Minor,0.0,0.0,1.0,1.0,250,201,1,1237,False,0.125,5,15,0,3,3,5,1,2,0
4054,0,2022-06-10T13:00:00Z,False,0,9/8/2022 0:00,Minor,0.0,0.0,2.0,2.0,100,475,1,2720,False,0.125,5,15,0,3,3,10,1,2,0
4055,0,2022-06-10T08:00:00Z,False,0,4/18/2024 0:00,Fatal,1.0,0.0,0.0,1.0,812,1388,1,862,False,0.125,5,15,0,1,1,10,1,2,1
4056,0,2022-06-10T06:50:00Z,False,0,3/23/2023 0:00,Serious,0.0,1.0,0.0,1.0,69,550,1,1270,False,0.125,5,15,0,3,3,1,1,2,0
4057,1,2022-06-10T04:00:00Z,False,0,?,?,?,?,?,?,179,356,1,576,False,,0,0,6,0,0,4,0,3,0
4058,0,2022-06-09T17:37:00Z,False,0,1/30/2024 0:00,Fatal,1.0,0.0,0.0,1.0,604,1160,4,2344,False,0.125,5,15,0,1,3,1,1,2,1
4059,0,2022-06-09T15:45:00Z,False,0,4/25/2024 0:00,Minor,0.0,0.0,1.0,1.0,896,1626,1,1722,False,0.125,5,15,0,3,3,3,1,2,0
4060,0,2022-06-09T13:50:00Z,False,0,9/1/2022 0:00,?,0.0,0.0,0.0,0.0,66,832,1,26,False,0.125,5,13,0,3,3,5,1,2,0
4061,0,2022-06-09T13:00:00Z,False,0,8/12/2022 0:00,?,0.0,0.0,0.0,0.0,896,1594,1,704,False,0.125,5,13,0,3,3,10,1,2,0
4062,0,2022-06-09T11:45:00Z,False,0,8/30/2023 0:00,?,0.0,0.0,0.0,0.0,302,815,1,2037,False,0.125,5,13,0,3,3,5,1,2,0
4063,0,2022-06-09T10:45:00Z,False,0,4/25/2024 0:00,Minor,0.0,0.0,1.0,1.0,956,1830,1,2750,True,0.125,5,15,0,3,3,4,1,2,0
4064,0,2022-06-08T21:35:00Z,False,0,9/1/2022 0:00,?,0.0,0.0,0.0,0.0,250,113,1,2207,False,0.125,5,15,0,3,3,5,1,2,0
4065,0,2022-06-08T21:30:00Z,False,0,9/1/2022 0:00,?,0.0,0.0,0.0,0.0,250,77,1,2529,False,0.125,5,13,0,3,3,10,1,2,0
4066,0,2022-06-08T19:15:00Z,False,0,7/20/2022 0:00,?,0.0,0.0,0.0,0.0,250,226,1,77,False,0.25,5,15,0,3,3,5,1,2,0
4067,0,2022-06-08T17:26:00Z,True,0,1/30/2024 0:00,Serious,0.0,3.0,3.0,6.0,160,267,6,576,False,0.125,9,3,8,3,3,6,1,2,0
4068,0,2022-06-08T17:00:00Z,False,0,9/1/2022 0:00,?,0.0,0.0,0.0,0.0,250,493,1,1678,False,0.125,5,15,0,3,3,10,1,2,0
4069,0,2022-06-08T14:02:00Z,False,0,2/23/2023 0:00,Minor,0.0,0.0,1.0,1.0,771,1445,1,576,False,0.125,5,15,0,3,3,10,1,2,0
4070,0,2022-06-08T11:34:00Z,False,0,8/23/2023 0:00,?,0.0,0.0,0.0,0.0,250,2119,1,576,False,0.125,5,3,8,3,3,5,1,2,0
4071,1,2022-06-08T11:00:00Z,False,0,1/30/2024 0:00,?,0.0,0.0,0.0,0.0,157,319,1,576,False,0.25,5,15,0,2,3,3,1,2,0
4072,0,2022-06-08T06:45:00Z,False,0,7/20/2022 0:00,Serious,0.0,1.0,0.0,1.0,28,1789,2,576,False,0.0,0,3,0,0,3,5,1,2,0
4073,1,2022-06-08T04:15:00Z,False,0,8/3/2023 0:00,?,0.0,0.0,0.0,0.0,179,398,1,2687,False,0.25,6,0,4,0,3,1,1,2,0
4074,0,2022-06-08T02:00:00Z,False,0,?,Fatal,1.0,0.0,0.0,1.0,160,268,6,576,False,,0,0,13,3,0,13,0,3,1
4075,0,2022-06-07T23:00:00Z,False,0,4/20/2023 0:00,?,0.0,0.0,0.0,0.0,1075,1877,1,932,False,0.25,8,6,8,3,3,5,1,2,0
4076,0,2022-06-07T20:00:00Z,False,0,9/1/2022 0:00,?,0.0,0.0,0.0,0.0,250,37,1,467,False,0.125,5,15,0,3,3,10,1,2,0
4077,0,2022-06-07T16:47:00Z,False,0,4/10/2024 0:00,?,0.0,0.0,0.0,0.0,311,1951,1,1357,False,0.125,5,15,0,3,3,4,1,2,0
4078,0,2022-06-07T14:15:00Z,False,0,12/6/2023 0:00,?,0.0,0.0,0.0,0.0,896,1660,1,1241,False,0.125,5,13,0,3,3,10,1,2,0
4079,0,2022-06-07T11:00:00Z,False,0,11/3/2022 0:00,Minor,0.0,0.0,1.0,1.0,250,80,1,2709,False,0.125,0,15,0,3,3,1,1,2,0
4080,0,2022-06-07T09:40:00Z,False,0,11/8/2023 0:00,Fatal,2.0,0.0,0.0,2.0,426,1071,6,576,False,0.125,5,15,0,3,3,12,1,2,1
4081,0,2022-06-07T09:30:00Z,False,0,4/25/2024 0:00,Fatal,1.0,0.0,0.0,1.0,157,415,1,1366,False,0.125,5,13,0,3,3,5,1,2,1
4082,0,2022-06-07T08:35:00Z,False,0,12/2/2022 0:00,?,0.0,0.0,0.0,0.0,894,1683,1,1597,False,0.25,9,6,0,2,3,11,1,2,0
4083,0,2022-06-07T04:00:00Z,False,0,?,?,?,?,?,?,250,142,1,576,False,0.125,0,0,13,3,0,6,0,3,0
4084,0,2022-06-06T16:20:00Z,False,0,12/15/2022 0:00,Minor,0.0,0.0,2.0,2.0,250,60,1,232,False,0.125,5,13,0,3,3,1,1,2,0
4085,0,2022-06-06T16:10:00Z,False,0,11/8/2023 0:00,Fatal,2.0,1.0,0.0,3.0,896,1611,1,1025,False,0.125,5,15,0,3,3,4,1,2,1
4086,0,2022-06-06T15:22:00Z,False,0,7/5/2024 0:00,Fatal,2.0,0.0,0.0,2.0,250,104,1,222,False,0.125,5,15,0,1,3,1,1,2,1
4087,0,2022-06-06T11:30:00Z,False,0,12/2/2022 0:00,?,0.0,0.0,0.0,0.0,1068,1696,1,2371,False,0.125,5,15,0,3,3,5,1,2,0
4088,0,2022-06-06T09:50:00Z,False,0,4/25/2024 0:00,Serious,0.0,1.0,1.0,2.0,994,1725,6,2335,False,0.125,5,15,0,3,3,6,1,2,0
4089,0,2022-06-06T08:15:00Z,False,0,8/12/2022 0:00,Minor,0.0,0.0,2.0,2.0,250,57,1,1016,False,0.125,5,15,0,3,3,5,1,2,0
4090,0,2022-06-06T08:14:00Z,False,0,10/6/2022 0:00,Minor,0.0,0.0,1.0,1.0,154,734,1,2198,True,0.125,5,15,0,3,3,5,1,2,0
4091,0,2022-06-06T07:40:00Z,False,0,7/20/2022 0:00,?,0.0,0.0,0.0,0.0,270,1959,1,1881,False,0.125,5,15,0,3,3,5,1,2,0
4092,0,2022-06-05T18:52:00Z,False,0,10/6/2022 0:00,?,0.0,0.0,0.0,0.0,157,229,1,1381,False,0.125,5,15,0,3,3,5,1,2,0
4093,1,2022-06-05T17:02:00Z,False,0,?,?,?,?,?,?,179,416,1,576,False,,0,0,12,0,0,13,0,3,0
4094,0,2022-06-05T16:36:00Z,False,0,?,Fatal,3.0,0.0,0.0,3.0,160,142,6,576,False,0.125,0,0,13,1,0,6,0,3,1
4095,0,2022-06-05T16:30:00Z,False,0,11/8/2023 0:00,Fatal,1.0,0.0,0.0,1.0,1052,1904,4,576,False,0.0,0,15,0,0,3,13,1,2,1
4096,0,2022-06-05T12:30:00Z,False,0,4/18/2024 0:00,Minor,0.0,0.0,1.0,1.0,494,2022,1,543,True,0.125,5,15,0,3,3,6,1,2,0
4097,0,2022-06-05T11:35:00Z,False,0,8/21/2024 0:00,?,0.0,0.0,0.0,0.0,896,1625,1,44,False,0.125,5,15,0,3,3,5,1,2,0
4098,0,2022-06-05T10:00:00Z,False,0,?,Fatal,1.0,3.0,0.0,4.0,896,1666,1,576,False,0.25,0,0,12,3,0,10,0,3,1
4099,0,2022-06-04T19:00:00Z,False,0,?,Fatal,1.0,0.0,0.0,1.0,250,97,1,576,False,,0,0,13,1,0,13,0,3,1
4100,1,2022-06-04T15:10:00Z,False,0,?,?,?,?,?,?,45,516,1,1960,False,0.25,0,0,12,0,0,3,0,3,0
4101,0,2022-06-04T14:30:00Z,False,0,2/28/2024 0:00,?,0.0,0.0,0.0,0.0,896,1622,1,2396,False,0.125,5,15,0,3,3,4,1,2,0
4102,0,2022-06-04T14:30:00Z,False,0,9/8/2022 0:00,?,0.0,0.0,0.0,0.0,711,1477,1,1606,True,0.125,5,15,0,3,3,5,1,2,0
4103,0,2022-06-04T13:00:00Z,False,0,8/12/2022 0:00,Serious,0.0,1.0,0.0,1.0,559,1146,1,1098,False,0.125,5,15,0,3,3,10,1,2,0
4104,0,2022-06-04T12:56:00Z,False,0,11/1/2022 0:00,?,0.0,0.0,0.0,0.0,896,1626,1,2011,False,0.125,5,15,0,3,3,5,1,2,0
4105,0,2022-06-04T12:01:00Z,False,0,9/20/2023 0:00,Serious,0.0,1.0,0.0,1.0,163,267,6,828,False,0.125,9,16,0,3,3,5,1,2,0
4106,0,2022-06-04T11:48:00Z,False,0,4/10/2024 0:00,?,0.0,0.0,0.0,0.0,250,1530,1,2284,False,0.125,5,15,0,3,3,5,1,2,0
4107,0,2022-06-04T11:22:00Z,False,0,11/1/2022 0:00,?,0.0,0.0,0.0,0.0,250,154,1,476,False,0.125,8,21,0,3,3,3,1,2,0
4108,0,2022-06-04T09:00:00Z,False,0,1/31/2024 0:00,?,0.0,0.0,0.0,0.0,157,536,1,2636,False,0.125,5,15,0,3,1,1,1,2,0
4109,0,2022-06-03T19:30:00Z,False,0,7/20/2022 0:00,?,0.0,0.0,0.0,0.0,185,755,1,1351,True,0.125,5,15,0,3,3,10,1,2,0
4110,0,2022-06-03T13:47:00Z,False,0,7/10/2024 0:00,Fatal,1.0,1.0,0.0,2.0,250,155,1,2149,False,0.125,8,21,0,3,3,5,1,2,1
4111,0,2022-06-03T11:15:00Z,False,0,6/26/2024 0:00,?,0.0,0.0,0.0,0.0,1175,723,1,576,False,0.125,5,13,0,3,3,6,1,2,0
4112,0,2022-06-02T18:03:00Z,False,0,3/20/2024 0:00,?,0.0,0.0,0.0,0.0,250,73,1,1144,False,0.125,5,13,0,3,3,1,1,2,0
4113,0,2022-06-02T17:45:00Z,False,0,11/8/2023 0:00,Fatal,2.0,0.0,0.0,2.0,19,429,1,576,False,0.125,5,15,0,3,3,6,1,2,1
4114,0,2022-06-02T16:10:00Z,False,0,?,Fatal,2.0,0.0,0.0,2.0,250,45,1,576,False,,0,0,13,1,0,13,0,3,1
4115,0,2022-06-02T16:00:00Z,False,0,8/12/2022 0:00,?,0.0,0.0,0.0,0.0,160,1206,6,576,False,0.125,9,18,0,3,3,4,1,2,0
4116,0,2022-06-02T14:11:00Z,False,0,8/12/2022 0:00,?,0.0,0.0,0.0,0.0,460,838,1,533,True,0.125,5,15,0,3,3,3,1,2,0
4117,0,2022-06-02T13:15:00Z,False,0,3/20/2024 0:00,?,0.0,0.0,0.0,0.0,1228,2058,1,368,True,0.125,5,15,0,3,3,1,1,2,0
4118,0,2022-06-02T13:00:00Z,False,0,5/14/2024 0:00,?,0.0,0.0,0.0,0.0,250,57,1,684,False,0.125,5,15,0,3,3,5,1,2,0
4119,0,2022-06-02T12:18:00Z,False,0,4/10/2024 0:00,Fatal,2.0,0.0,0.0,2.0,157,125,1,2186,False,0.125,5,15,0,3,3,1,1,2,1
4120,0,2022-06-02T11:30:00Z,False,0,6/20/2024 0:00,Fatal,1.0,0.0,0.0,1.0,792,1211,1,576,False,0.125,5,15,0,3,3,6,1,2,1
4121,0,2022-06-01T17:20:00Z,False,0,11/1/2022 0:00,?,0.0,0.0,0.0,0.0,40,634,1,576,False,0.125,8,1,9,3,3,5,1,2,0
4122,0,2022-06-01T17:00:00Z,False,0,3/20/2024 0:00,Minor,0.0,0.0,1.0,1.0,40,644,1,576,False,0.125,8,1,9,3,3,3,1,2,0
4123,0,2022-06-01T15:27:00Z,False,0,6/20/2024 0:00,Serious,0.0,2.0,0.0,2.0,270,1959,1,576,False,0.125,5,15,0,3,3,1,1,2,0
4124,0,2022-06-01T12:15:00Z,False,0,11/8/2023 0:00,Serious,0.0,1.0,1.0,2.0,544,551,1,460,False,0.125,5,13,0,3,3,1,1,2,0
4125,0,2022-05-31T21:16:00Z,False,0,10/6/2022 0:00,Minor,0.0,0.0,2.0,2.0,160,145,6,2615,False,0.125,9,13,0,3,3,6,1,2,0
4126,0,2022-05-31T19:25:00Z,False,0,11/1/2022 0:00,?,0.0,0.0,0.0,0.0,896,1660,1,330,False,0.125,5,15,0,3,3,5,1,2,0
4127,0,2022-05-31T09:40:00Z,False,0,4/10/2024 0:00,?,0.0,0.0,0.0,0.0,1241,1775,1,290,True,0.125,5,15,0,3,3,3,1,2,0
4128,0,2022-05-31T08:35:00Z,False,0,10/19/2023 0:00,Fatal,1.0,0.0,0.0,1.0,321,49,1,1872,False,0.125,5,15,0,3,3,3,1,2,1
4129,0,2022-05-30T12:45:00Z,False,0,9/1/2022 0:00,?,0.0,0.0,0.0,0.0,482,1014,1,1282,False,0.125,5,13,0,3,3,5,1,2,0
4130,0,2022-05-30T11:35:00Z,False,0,8/12/2022 0:00,?,0.0,0.0,0.0,0.0,250,71,1,541,False,0.125,5,6,8,3,3,5,1,2,0
4131,0,2022-05-30T10:43:00Z,False,0,10/13/2022 0:00,?,0.0,0.0,0.0,0.0,381,910,1,901,False,0.125,5,15,0,3,3,10,1,2,0
4132,0,2022-05-30T08:40:00Z,False,0,4/10/2024 0:00,Fatal,1.0,1.0,0.0,2.0,771,1464,1,2890,False,0.125,5,15,0,1,3,1,1,2,1
4133,0,2022-05-30T07:48:00Z,False,0,12/14/2023 0:00,Fatal,1.0,0.0,0.0,1.0,456,132,1,924,True,0.125,8,15,0,1,3,1,1,2,1
4134,1,2022-05-30T04:00:00Z,False,0,?,?,?,?,?,?,45,523,1,576,False,,0,0,12,4,0,3,0,3,0
4135,0,2022-05-29T17:00:00Z,False,0,6/20/2024 0:00,Minor,0.0,0.0,2.0,2.0,19,429,1,576,False,0.125,5,15,0,3,3,3,1,2,0
4136,0,2022-05-29T15:27:00Z,False,0,1/30/2024 0:00,?,0.0,0.0,0.0,0.0,896,1612,1,504,False,0.125,5,15,0,3,3,3,1,2,0
4137,0,2022-05-29T10:15:00Z,False,0,11/7/2023 0:00,?,0.0,0.0,0.0,0.0,250,37,1,899,False,0.125,5,15,0,3,3,10,1,2,0
4138,0,2022-05-29T09:00:00Z,False,0,4/20/2023 0:00,?,0.0,0.0,0.0,0.0,1256,1218,1,1192,True,0.125,5,15,0,3,3,5,1,2,0
4139,0,2022-05-29T08:00:00Z,False,0,4/10/2024 0:00,Fatal,2.0,0.0,0.0,2.0,44,1011,11,199,False,0.125,5,15,0,3,3,5,1,2,1
4140,0,2022-05-29T04:00:00Z,False,0,?,Fatal,22.0,0.0,0.0,22.0,364,955,1,576,False,0.25,0,0,15,1,0,3,0,3,1
4141,0,2022-05-29T04:00:00Z,False,0,?,Fatal,4.0,0.0,0.0,4.0,250,780,1,576,False,,0,0,13,1,0,3,0,3,1
4142,0,2022-05-28T18:30:00Z,False,0,8/12/2022 0:00,Serious,0.0,1.0,2.0,3.0,896,1570,1,576,False,0.125,5,15,0,3,2,1,1,2,0
4143,0,2022-05-28T18:20:00Z,False,0,8/12/2022 0:00,Minor,0.0,0.0,3.0,3.0,250,70,1,249,False,0.125,5,15,0,3,3,1,1,2,0
4144,0,2022-05-28T14:14:00Z,False,0,1/30/2024 0:00,Fatal,1.0,0.0,0.0,1.0,896,1558,1,898,False,0.125,5,5,0,3,3,6,1,2,1
4145,0,2022-05-28T13:40:00Z,False,0,5/14/2024 0:00,Fatal,1.0,0.0,0.0,1.0,543,1117,1,576,False,0.125,8,1,9,1,3,5,1,2,1
4146,0,2022-05-28T12:02:00Z,False,0,11/7/2023 0:00,?,0.0,0.0,0.0,0.0,157,319,1,2306,False,0.25,5,15,0,3,3,5,1,2,0
4147,0,2022-05-28T12:00:00Z,False,0,9/8/2022 0:00,?,0.0,0.0,0.0,0.0,896,1570,1,1285,False,0.125,5,15,0,3,3,5,1,2,0
4148,0,2022-05-27T23:29:00Z,False,0,2/9/2023 0:00,?,0.0,0.0,0.0,0.0,250,98,1,2298,False,,5,22,0,3,3,5,1,2,0
4149,0,2022-05-27T22:48:00Z,False,0,?,Serious,0.0,1.0,6.0,7.0,179,428,1,576,False,,0,0,12,0,0,3,0,3,0
4150,0,2022-05-27T19:00:00Z,False,0,11/7/2023 0:00,Serious,0.0,1.0,0.0,1.0,19,429,1,1246,False,0.125,5,15,0,3,3,4,1,2,0
4151,0,2022-05-27T15:30:00Z,False,0,8/12/2022 0:00,?,0.0,0.0,0.0,0.0,896,1622,1,2268,False,0.125,5,13,0,3,3,1,1,2,0
4152,0,2022-05-27T09:40:00Z,False,0,2/23/2023 0:00,?,0.0,0.0,0.0,0.0,896,1581,1,355,False,0.125,5,15,0,3,3,5,1,2,0
4153,0,2022-05-27T09:15:00Z,False,0,9/8/2022 0:00,?,0.0,0.0,0.0,0.0,250,492,1,576,False,0.125,5,15,0,3,3,5,1,2,0
4154,0,2022-05-27T07:30:00Z,False,0,7/20/2022 0:00,Serious,0.0,1.0,0.0,1.0,40,650,1,525,False,0.125,8,1,9,1,3,6,1,2,0
4155,0,2022-05-27T04:00:00Z,False,0,?,?,0.0,0.0,0.0,0.0,160,142,6,576,False,,0,0,12,3,0,6,0,3,0
4156,0,2022-05-26T14:56:00Z,False,0,5/30/2024 0:00,Fatal,1.0,0.0,0.0,1.0,250,45,1,2021,False,0.125,5,15,0,3,3,10,1,2,1
4157,0,2022-05-26T13:40:00Z,False,0,3/28/2024 0:00,?,0.0,0.0,0.0,0.0,994,1725,6,898,False,0.125,5,13,0,3,3,6,1,2,0
4158,0,2022-05-26T04:00:00Z,False,0,?,Fatal,1.0,0.0,0.0,1.0,250,2120,1,576,False,,0,0,13,3,0,13,0,3,1
4159,0,2022-05-25T17:50:00Z,False,0,11/8/2023 0:00,Fatal,2.0,0.0,0.0,2.0,250,65,1,2552,False,0.125,5,15,0,3,3,4,1,2,1
4160,0,2022-05-25T17:40:00Z,False,0,?,?,0.0,0.0,0.0,0.0,380,912,1,576,False,0.25,0,0,13,3,0,10,0,3,0
4161,0,2022-05-25T16:18:00Z,False,0,11/1/2022 0:00,?,0.0,0.0,0.0,0.0,100,477,1,1002,False,0.125,5,15,0,3,3,5,1,2,0
4162,0,2022-05-25T16:00:00Z,False,0,10/25/2023 0:00,?,0.0,0.0,0.0,0.0,19,435,1,576,False,0.125,5,9,0,3,3,3,1,2,0
4163,0,2022-05-25T13:25:00Z,False,0,?,Serious,0.0,1.0,0.0,1.0,1160,1937,1,576,False,,0,0,13,1,0,10,0,3,0
4164,0,2022-05-25T01:10:00Z,False,0,6/16/2023 0:00,Serious,0.0,1.0,0.0,1.0,50,519,1,576,False,0.25,6,0,4,0,3,3,1,2,0
4165,0,2022-05-24T19:15:00Z,False,0,10/13/2022 0:00,?,0.0,0.0,0.0,0.0,272,867,1,2238,False,0.125,5,15,0,3,3,5,1,2,0
4166,0,2022-05-24T15:10:00Z,False,0,10/5/2023 0:00,Serious,0.0,4.0,0.0,4.0,367,946,1,262,False,0.125,8,0,8,3,3,1,1,2,0
4167,0,2022-05-24T07:00:00Z,False,0,8/15/2023 0:00,Fatal,1.0,0.0,0.0,1.0,896,1558,1,576,False,0.125,5,15,0,1,3,6,1,2,1
4168,0,2022-05-23T23:22:00Z,False,0,?,Fatal,2.0,0.0,0.0,2.0,1091,571,1,576,False,0.25,0,0,13,1,0,13,0,3,1
4169,0,2022-05-23T16:00:00Z,False,0,10/13/2022 0:00,?,0.0,0.0,0.0,0.0,488,1772,1,2395,True,0.125,5,15,0,3,3,5,1,2,0
4170,0,2022-05-23T14:20:00Z,False,0,?,?,?,?,?,?,157,454,1,1766,False,,0,0,13,0,0,1,0,3,0
4171,0,2022-05-23T13:33:00Z,False,0,11/3/2022 0:00,?,0.0,0.0,0.0,0.0,250,227,1,2253,False,0.25,5,15,0,3,3,5,1,2,0
4172,0,2022-05-23T10:41:00Z,False,0,2/23/2023 0:00,Minor,0.0,0.0,2.0,2.0,996,1727,6,665,False,0.125,5,13,0,3,3,10,1,2,0
4173,1,2022-05-23T09:52:00Z,False,0,?,?,0.0,0.0,0.0,0.0,250,316,1,1042,False,,0,0,13,0,0,10,0,3,0
4174,1,2022-05-23T04:00:00Z,False,0,?,?,?,?,?,?,45,516,1,576,False,,0,0,6,0,0,1,0,3,0
4175,0,2022-05-22T19:52:00Z,False,0,10/25/2023 0:00,?,0.0,0.0,0.0,0.0,250,206,1,576,False,0.25,5,15,0,3,3,3,1,2,0
4176,0,2022-05-22T17:30:00Z,False,0,10/13/2022 0:00,?,0.0,0.0,0.0,0.0,179,544,1,142,False,0.125,5,15,0,3,3,5,1,2,0
4177,0,2022-05-22T15:15:00Z,False,0,9/1/2022 0:00,?,0.0,0.0,0.0,0.0,826,1470,1,576,False,0.125,5,4,0,3,3,6,1,2,0
4178,0,2022-05-22T11:49:00Z,False,0,1/31/2024 0:00,Fatal,2.0,0.0,0.0,2.0,896,1621,1,1081,False,0.125,5,15,0,3,3,4,1,2,1
4179,0,2022-05-22T09:13:00Z,False,0,4/10/2024 0:00,Minor,0.0,0.0,1.0,1.0,250,1515,1,2274,False,0.125,5,15,0,3,3,4,1,2,0
4180,0,2022-05-22T08:03:00Z,False,0,4/10/2024 0:00,Fatal,1.0,0.0,0.0,1.0,192,1394,5,839,True,0.125,5,15,0,3,3,1,1,2,1
4181,0,2022-05-22T07:30:00Z,False,0,2/9/2023 0:00,Serious,0.0,1.0,0.0,1.0,250,100,1,576,False,0.125,5,6,0,3,3,10,1,2,0
4182,0,2022-05-21T20:00:00Z,False,0,7/20/2022 0:00,Serious,0.0,1.0,0.0,1.0,179,362,1,576,False,0.25,6,0,4,0,3,3,1,2,0
4183,0,2022-05-21T16:30:00Z,False,0,3/20/2024 0:00,?,0.0,0.0,0.0,0.0,1214,702,1,1240,False,0.25,8,11,0,3,3,5,1,2,0
4184,0,2022-05-21T16:00:00Z,False,0,6/6/2023 0:00,?,0.0,0.0,0.0,0.0,40,644,1,804,False,0.125,8,1,9,3,3,6,1,2,0
4185,0,2022-05-21T14:40:00Z,False,0,1/18/2023 0:00,Minor,0.0,0.0,1.0,1.0,851,1161,1,740,True,0.125,5,15,0,3,3,5,1,2,0
4186,0,2022-05-21T13:53:00Z,False,0,2/21/2024 0:00,?,0.0,0.0,0.0,0.0,440,1954,1,1785,True,0.125,5,15,0,3,3,1,1,2,0
4187,0,2022-05-21T04:00:00Z,False,0,?,Fatal,5.0,0.0,0.0,5.0,992,906,1,576,True,,0,0,13,3,0,13,0,3,1
4188,0,2022-05-20T18:42:00Z,False,0,10/19/2023 0:00,Fatal,1.0,0.0,0.0,1.0,250,28,1,1742,False,0.125,5,4,0,1,3,1,1,2,1
4189,0,2022-05-20T17:30:00Z,False,0,11/1/2022 0:00,?,0.0,0.0,0.0,0.0,250,59,1,2210,False,0.125,5,15,0,3,3,5,1,2,0
4190,0,2022-05-20T14:00:00Z,False,0,?,Fatal,1.0,0.0,0.0,1.0,250,2100,1,576,False,0.125,0,0,15,1,2,3,0,3,1
4191,0,2022-05-19T16:15:00Z,False,0,10/13/2022 0:00,?,0.0,0.0,0.0,0.0,166,899,1,1289,False,0.125,5,15,0,1,3,5,1,2,0
4192,0,2022-05-19T12:10:00Z,False,0,7/20/2022 0:00,?,0.0,0.0,0.0,0.0,433,612,6,576,False,0.25,9,15,0,3,3,3,1,2,0
4193,0,2022-05-19T11:21:00Z,False,0,8/12/2022 0:00,?,0.0,0.0,0.0,0.0,250,72,1,1318,False,0.125,5,13,0,3,3,5,1,2,0
4194,0,2022-05-19T11:20:00Z,False,0,9/8/2022 0:00,Minor,0.0,0.0,2.0,2.0,896,1607,1,363,False,0.125,5,15,0,3,3,10,1,2,0
4195,0,2022-05-18T17:33:00Z,False,0,8/16/2022 0:00,Serious,0.0,4.0,0.0,4.0,47,603,6,413,False,0.125,9,6,8,3,3,5,1,2,0
4196,0,2022-05-17T20:42:00Z,False,0,?,Fatal,4.0,0.0,0.0,4.0,250,97,1,576,False,,0,0,15,1,0,4,0,3,1
4197,0,2022-05-17T17:51:00Z,False,0,8/15/2023 0:00,Fatal,1.0,0.0,0.0,1.0,69,550,1,576,False,0.125,5,15,0,3,3,6,1,2,1
4198,0,2022-05-17T16:00:00Z,False,0,11/7/2023 0:00,?,0.0,0.0,0.0,0.0,250,2047,1,732,False,0.125,5,15,0,3,3,5,1,2,0
4199,0,2022-05-17T13:30:00Z,False,0,?,?,?,?,?,?,956,1845,1,576,False,,0,0,13,3,0,5,0,3,0
4200,0,2022-05-17T07:00:00Z,False,0,?,Fatal,2.0,0.0,0.0,1.0,896,1659,1,576,False,,0,0,13,3,0,13,0,3,1
4201,0,2022-05-16T16:20:00Z,False,0,9/1/2022 0:00,Minor,0.0,0.0,1.0,1.0,1176,1069,1,2882,False,0.125,5,13,0,3,3,1,1,2,0
4202,0,2022-05-16T16:00:00Z,False,0,10/13/2022 0:00,Minor,0.0,0.0,1.0,1.0,1209,714,1,1568,True,0.125,5,15,0,3,3,5,1,2,0
4203,0,2022-05-16T14:15:00Z,False,0,7/20/2022 0:00,?,0.0,0.0,0.0,0.0,429,273,1,643,False,0.125,5,15,0,3,3,5,1,2,0
4204,0,2022-05-16T04:00:00Z,False,0,?,Serious,0.0,1.0,3.0,4.0,993,1725,6,576,False,,0,0,13,3,0,3,0,3,0
4205,0,2022-05-16T00:00:00Z,False,0,?,Fatal,1.0,2.0,0.0,3.0,1078,1848,0,576,False,,0,0,10,0,0,13,0,0,1
4206,0,2022-05-15T14:58:00Z,False,0,5/30/2024 0:00,Fatal,1.0,0.0,0.0,1.0,1052,1903,4,130,False,0.0,0,13,0,3,3,1,1,2,1
4207,0,2022-05-15T13:20:00Z,False,0,3/28/2024 0:00,?,0.0,0.0,0.0,0.0,250,277,1,1944,False,0.25,5,15,0,3,3,4,1,2,0
4208,0,2022-05-14T15:30:00Z,False,0,10/6/2022 0:00,?,0.0,0.0,0.0,0.0,250,28,1,576,False,0.125,5,15,0,3,3,5,1,2,0
4209,0,2022-05-14T14:30:00Z,False,0,4/10/2024 0:00,?,0.0,0.0,0.0,0.0,896,1558,1,532,False,0.125,5,15,0,3,3,10,1,2,0
4210,0,2022-05-14T14:10:00Z,False,0,7/13/2022 0:00,?,0.0,0.0,0.0,0.0,250,71,1,760,False,0.125,5,13,0,3,3,10,1,2,0
4211,0,2022-05-14T12:51:00Z,False,0,6/20/2024 0:00,Fatal,1.0,2.0,5.0,3.0,250,67,1,576,False,0.125,5,15,0,3,3,3,1,2,1
4212,0,2022-05-14T12:15:00Z,False,0,8/12/2022 0:00,?,0.0,0.0,0.0,0.0,919,1686,10,576,False,0.5,1,15,0,3,3,6,1,2,0
4213,0,2022-05-14T12:00:00Z,False,0,9/1/2022 0:00,?,0.0,0.0,0.0,0.0,1103,1785,1,978,False,0.125,5,15,0,3,3,10,1,2,0
4214,0,2022-05-14T08:41:00Z,False,0,10/13/2022 0:00,?,0.0,0.0,0.0,0.0,157,785,1,2858,False,0.125,5,15,0,3,3,5,1,2,0
4215,0,2022-05-13T21:00:00Z,False,0,3/20/2024 0:00,?,0.0,0.0,0.0,0.0,790,743,6,217,False,0.25,9,0,8,3,3,9,1,2,0
4216,0,2022-05-13T15:00:00Z,False,0,8/12/2022 0:00,Serious,0.0,1.0,1.0,2.0,948,1947,1,576,False,0.125,5,15,0,3,3,3,1,2,0
4217,0,2022-05-12T20:10:00Z,False,0,2/23/2023 0:00,Minor,0.0,0.0,2.0,2.0,250,97,1,2189,False,0.125,5,15,0,3,3,10,1,2,0
4218,0,2022-05-12T19:45:00Z,False,0,7/13/2022 0:00,?,0.0,0.0,0.0,0.0,896,1246,1,2861,False,0.125,5,15,0,3,3,10,1,2,0
4219,0,2022-05-12T14:00:00Z,False,0,8/12/2022 0:00,?,0.0,0.0,0.0,0.0,250,111,1,2861,False,0.125,5,15,0,3,3,10,1,2,0
4220,0,2022-05-12T13:45:00Z,False,0,11/3/2022 0:00,?,0.0,0.0,0.0,0.0,250,116,1,1152,False,0.125,5,19,0,3,3,5,1,2,0
4221,0,2022-05-12T10:35:00Z,False,0,7/13/2022 0:00,Minor,0.0,0.0,1.0,1.0,1191,1836,1,576,False,0.125,8,1,9,3,3,6,1,2,0
4222,0,2022-05-12T04:00:00Z,False,0,?,?,0.0,0.0,0.0,0.0,1179,1522,1,576,False,,0,0,13,3,0,5,0,3,0
4223,0,2022-05-11T18:57:00Z,False,0,5/14/2024 0:00,Minor,0.0,0.0,1.0,1.0,40,631,1,576,False,0.125,5,1,9,3,3,6,1,2,0
4224,0,2022-05-11T18:53:00Z,False,0,6/26/2024 0:00,Fatal,1.0,0.0,0.0,1.0,896,1587,1,605,False,0.125,5,15,0,1,3,1,1,2,1
4225,1,2022-05-11T15:19:00Z,False,0,7/17/2024 0:00,?,0.0,0.0,0.0,0.0,804,849,1,1427,False,0.25,6,0,4,2,3,5,1,2,0
4226,0,2022-05-11T15:05:00Z,False,0,?,Fatal,2.0,7.0,0.0,9.0,250,154,1,576,False,,0,0,12,3,0,3,0,3,1
4227,0,2022-05-11T12:35:00Z,False,0,8/15/2023 0:00,Fatal,1.0,0.0,0.0,1.0,250,60,1,732,False,0.125,5,15,0,1,3,1,1,2,1
4228,0,2022-05-11T11:30:00Z,False,0,10/13/2022 0:00,Minor,0.0,0.0,1.0,1.0,896,1632,1,576,False,0.25,5,15,0,3,3,3,1,2,0
4229,0,2022-05-11T09:30:00Z,False,0,5/14/2024 0:00,Serious,0.0,1.0,1.0,2.0,163,267,6,1728,False,0.125,9,8,7,3,3,6,1,2,0
4230,0,2022-05-10T17:26:00Z,False,0,8/15/2023 0:00,?,0.0,0.0,0.0,0.0,250,77,1,2692,False,0.125,5,13,0,3,3,1,1,2,0
4231,0,2022-05-10T10:30:00Z,False,0,10/6/2022 0:00,?,0.0,0.0,0.0,0.0,896,1565,1,2380,False,0.125,5,15,0,3,3,5,1,2,0
4232,1,2022-05-10T06:15:00Z,False,0,?,?,?,?,?,?,179,409,1,576,False,0.25,0,0,4,2,0,4,0,3,0
4233,0,2022-05-09T11:45:00Z,False,0,8/7/2024 0:00,Minor,0.0,0.0,3.0,3.0,379,921,1,576,False,0.25,5,13,0,3,3,3,1,2,0
4234,0,2022-05-09T11:00:00Z,False,0,12/15/2022 0:00,Minor,0.0,0.0,1.0,1.0,674,2158,1,37,True,0.125,5,15,0,3,3,5,1,2,0
4235,0,2022-05-09T10:15:00Z,False,0,10/25/2023 0:00,?,0.0,0.0,0.0,0.0,1295,1040,1,2298,True,0.125,5,15,0,3,3,3,1,2,0
4236,0,2022-05-08T17:00:00Z,False,0,?,?,?,?,?,?,160,142,6,576,False,,0,0,13,3,0,3,0,3,0
4237,0,2022-05-08T14:19:00Z,False,0,6/20/2024 0:00,Fatal,2.0,0.0,0.0,2.0,178,862,1,2727,True,0.125,8,15,0,3,2,6,1,2,1
4238,0,2022-05-06T15:30:00Z,False,0,?,?,?,?,?,?,157,130,1,2447,False,0.25,0,0,13,3,0,5,0,3,0
4239,1,2022-05-06T14:58:00Z,False,0,?,?,0.0,0.0,0.0,0.0,179,356,1,576,False,,0,0,12,2,0,10,0,3,0
4240,0,2022-05-06T14:18:00Z,False,0,8/15/2023 0:00,Minor,0.0,0.0,4.0,4.0,250,275,1,1376,False,0.25,5,15,0,3,3,4,1,2,0
4241,0,2022-05-06T14:03:00Z,False,0,?,?,0.0,0.0,0.0,0.0,179,356,1,1795,False,,0,0,12,3,0,5,0,3,0
4242,0,2022-05-06T12:10:00Z,False,0,4/10/2024 0:00,Fatal,2.0,0.0,0.0,2.0,1241,1777,1,576,True,0.125,5,15,0,3,1,3,1,2,1
4243,0,2022-05-06T08:44:00Z,False,0,10/5/2023 0:00,Fatal,1.0,0.0,0.0,1.0,270,1959,1,576,False,0.125,5,15,0,3,3,3,1,2,1
4244,0,2022-05-05T21:10:00Z,False,0,11/8/2023 0:00,?,0.0,0.0,0.0,0.0,1138,1859,1,647,False,0.25,8,16,0,3,3,5,1,2,0
4245,0,2022-05-05T09:30:00Z,False,0,7/5/2024 0:00,?,0.0,0.0,0.0,0.0,1190,1832,1,576,False,0.125,8,1,9,3,3,4,1,2,0
4246,0,2022-05-05T09:25:00Z,False,0,7/13/2022 0:00,?,0.0,0.0,0.0,0.0,260,2234,1,851,True,0.125,5,15,0,3,3,5,1,2,0
4247,0,2022-05-03T19:48:00Z,False,0,5/16/2024 0:00,Serious,0.0,1.0,0.0,1.0,1241,1782,1,1938,True,0.125,5,15,0,3,3,5,1,2,0
4248,0,2022-05-03T17:00:00Z,False,0,10/19/2023 0:00,Fatal,2.0,2.0,0.0,4.0,250,60,1,1158,False,0.125,5,15,0,1,3,4,1,2,1
4249,0,2022-05-03T10:50:00Z,False,0,4/20/2023 0:00,?,0.0,0.0,0.0,0.0,1074,1881,1,2502,False,0.25,8,13,0,3,3,5,1,2,0
4250,0,2022-05-03T09:10:00Z,False,0,?,?,0.0,0.0,0.0,0.0,896,1660,1,576,False,,0,0,13,3,0,1,0,3,0
4251,0,2022-05-03T06:47:00Z,False,0,?,Minor,0.0,0.0,1.0,1.0,896,1659,1,576,False,,0,0,12,3,0,6,0,3,0
4252,0,2022-05-02T19:15:00Z,False,0,7/1/2022 0:00,?,0.0,0.0,0.0,0.0,707,826,1,1760,True,0.125,5,15,0,3,3,5,1,2,0
4253,0,2022-05-02T18:53:00Z,False,0,6/20/2024 0:00,Serious,0.0,1.0,0.0,1.0,541,555,1,2439,False,0.125,5,15,0,3,3,4,1,2,0
4254,0,2022-05-02T15:50:00Z,False,0,10/19/2023 0:00,Serious,0.0,1.0,1.0,2.0,250,270,1,2788,False,0.25,5,11,0,3,3,10,1,2,0
4255,0,2022-05-02T15:18:00Z,False,0,9/8/2022 0:00,?,0.0,0.0,0.0,0.0,857,646,1,1352,False,0.125,5,15,0,3,3,5,1,2,0
4256,0,2022-05-02T14:05:00Z,False,0,?,?,0.0,0.0,0.0,0.0,250,60,1,576,False,,0,0,13,3,0,13,0,3,0
4257,0,2022-05-02T07:40:00Z,False,0,8/12/2022 0:00,?,0.0,0.0,0.0,0.0,896,1656,1,1469,False,0.125,5,13,0,3,3,5,1,2,0
4258,0,2022-05-01T20:39:00Z,False,0,?,?,?,?,?,?,250,2116,1,1930,False,,0,0,12,2,0,5,0,3,0
4259,0,2022-05-01T18:20:00Z,False,0,7/1/2022 0:00,?,0.0,0.0,0.0,0.0,250,72,1,1637,False,0.125,5,13,0,3,3,1,1,2,0
4260,0,2022-05-01T17:40:00Z,False,0,?,?,0.0,0.0,0.0,0.0,250,111,1,576,False,0.125,0,15,13,3,3,3,0,3,0
4261,0,2022-05-01T17:05:00Z,False,0,10/19/2023 0:00,Serious,0.0,1.0,0.0,1.0,1241,1783,1,277,True,0.125,5,15,0,3,3,1,1,2,0
4262,0,2022-05-01T12:15:00Z,False,0,10/13/2022 0:00,?,0.0,0.0,0.0,0.0,857,1936,1,1307,False,0.125,5,13,0,3,3,5,1,2,0
4263,0,2022-04-30T21:42:00Z,False,0,?,Fatal,1.0,0.0,0.0,1.0,998,342,1,2588,False,0.25,0,0,13,3,3,1,0,3,1
4264,0,2022-04-30T13:30:00Z,False,0,7/1/2022 0:00,?,0.0,0.0,0.0,0.0,250,65,1,1365,False,0.125,5,13,0,3,3,5,1,2,0
4265,0,2022-04-30T13:00:00Z,False,0,3/13/2024 0:00,?,0.0,0.0,0.0,0.0,857,646,1,2623,False,0.125,5,15,0,3,3,4,1,2,0
4266,0,2022-04-30T13:00:00Z,False,0,11/8/2023 0:00,?,0.0,0.0,0.0,0.0,963,536,1,576,False,0.125,5,15,0,3,3,3,1,2,0
4267,0,2022-04-30T10:00:00Z,False,0,3/13/2024 0:00,?,0.0,0.0,0.0,0.0,157,691,1,1932,False,0.25,8,6,8,3,3,11,1,2,0
4268,0,2022-04-30T08:10:00Z,False,0,3/13/2024 0:00,?,0.0,0.0,0.0,0.0,896,1670,1,576,False,0.125,5,15,0,3,3,3,1,2,0
4269,0,2022-04-30T08:04:00Z,False,0,4/10/2024 0:00,Fatal,2.0,0.0,0.0,2.0,154,1351,1,576,True,0.125,5,15,0,3,3,3,1,2,1
4270,0,2022-04-30T02:50:00Z,False,0,?,Fatal,4.0,0.0,0.0,4.0,896,1660,1,576,False,,0,0,13,3,0,6,0,3,1
4271,0,2022-04-29T12:30:00Z,False,0,10/6/2022 0:00,?,0.0,0.0,0.0,0.0,250,96,1,576,False,0.125,5,15,0,3,3,5,1,2,0
4272,0,2022-04-28T17:40:00Z,False,0,7/1/2022 0:00,Serious,0.0,1.0,0.0,1.0,250,45,1,87,False,0.125,5,13,0,3,3,5,1,2,0
4273,0,2022-04-28T15:30:00Z,False,0,10/6/2022 0:00,?,0.0,0.0,0.0,0.0,996,1727,6,576,False,0.125,5,1,9,3,3,6,1,2,0
4274,0,2022-04-28T12:35:00Z,False,0,?,?,?,?,?,?,157,237,1,1845,False,0.125,0,0,13,4,0,4,0,3,0
4275,0,2022-04-28T10:40:00Z,False,0,9/14/2023 0:00,Fatal,1.0,0.0,0.0,1.0,1132,883,1,274,False,0.125,5,15,0,1,3,4,1,2,1
4276,0,2022-04-27T13:25:00Z,False,0,10/13/2022 0:00,?,0.0,0.0,0.0,0.0,896,1588,1,1393,False,0.125,5,15,0,3,3,5,1,2,0
4277,0,2022-04-27T13:10:00Z,False,0,?,?,0.0,0.0,0.0,0.0,270,1959,1,1043,False,0.125,0,0,13,4,0,5,0,3,0
4278,1,2022-04-27T07:07:00Z,False,0,?,?,?,?,?,?,179,356,1,2871,False,0.25,0,0,4,2,0,4,0,3,0
4279,0,2022-04-27T04:00:00Z,False,0,?,?,0.0,0.0,0.0,0.0,712,4,1,576,False,,0,0,0,3,0,3,0,3,0
4280,0,2022-04-26T19:00:00Z,False,0,10/13/2022 0:00,Minor,0.0,0.0,1.0,1.0,502,1505,6,576,False,0.125,9,1,9,3,3,6,1,2,0
4281,1,2022-04-26T15:08:00Z,False,0,?,Minor,0.0,0.0,1.0,1.0,179,356,1,576,False,,0,0,6,0,0,13,0,3,0
4282,0,2022-04-26T13:00:00Z,False,0,12/8/2023 0:00,Fatal,2.0,0.0,0.0,2.0,163,279,6,1316,False,0.25,9,13,0,3,3,6,1,2,1
4283,0,2022-04-26T10:50:00Z,False,0,9/1/2022 0:00,?,0.0,0.0,0.0,0.0,896,1597,1,480,False,0.125,5,15,0,3,3,11,1,2,0
4284,0,2022-04-26T07:16:00Z,False,0,10/13/2022 0:00,Minor,0.0,0.0,1.0,1.0,160,142,6,576,False,0.125,9,1,9,3,3,6,1,2,0
4285,0,2022-04-25T17:42:00Z,False,0,7/1/2022 0:00,Minor,0.0,0.0,2.0,2.0,250,61,1,482,False,0.125,5,13,0,3,3,4,1,2,0
4286,0,2022-04-25T16:39:00Z,False,0,7/20/2022 0:00,?,0.0,0.0,0.0,0.0,250,75,1,2326,False,0.125,5,13,0,3,3,5,1,2,0
4287,0,2022-04-25T11:05:00Z,False,0,2/23/2023 0:00,?,0.0,0.0,0.0,0.0,771,1467,1,2763,False,0.125,5,15,0,3,3,5,1,2,0
4288,0,2022-04-25T10:06:00Z,False,0,10/13/2022 0:00,?,0.0,0.0,0.0,0.0,896,1585,1,2050,False,0.125,5,15,0,3,3,11,1,2,0
4289,0,2022-04-25T10:00:00Z,False,0,7/1/2022 0:00,?,0.0,0.0,0.0,0.0,896,1668,1,576,False,0.125,5,15,0,3,3,5,1,2,0
4290,0,2022-04-24T18:45:00Z,False,0,8/12/2022 0:00,?,0.0,0.0,0.0,0.0,250,104,1,689,False,0.125,5,15,0,3,3,3,1,2,0
4291,0,2022-04-24T12:24:00Z,False,0,6/6/2023 0:00,Serious,0.0,1.0,0.0,1.0,1193,2056,1,1230,True,0.125,5,15,0,3,3,3,1,2,0
4292,0,2022-04-23T18:54:00Z,False,0,7/1/2022 0:00,Minor,0.0,0.0,2.0,2.0,250,60,1,250,False,0.125,5,15,0,3,3,5,1,2,0
4293,0,2022-04-23T18:48:00Z,False,0,8/23/2023 0:00,Fatal,4.0,0.0,0.0,4.0,381,910,1,821,False,0.125,5,15,0,1,3,3,1,2,1
4294,0,2022-04-23T18:20:00Z,False,0,5/16/2024 0:00,Serious,0.0,2.0,0.0,2.0,250,59,1,576,False,0.125,5,15,0,3,3,3,1,2,0
4295,0,2022-04-22T21:17:00Z,False,0,?,Fatal,1.0,1.0,0.0,2.0,811,1388,1,576,False,,0,0,0,3,0,13,0,3,1
4296,0,2022-04-22T18:00:00Z,False,0,4/20/2023 0:00,?,0.0,0.0,0.0,0.0,250,60,1,232,False,0.125,5,13,0,3,3,5,1,2,0
4297,0,2022-04-21T18:44:00Z,False,0,6/5/2024 0:00,Fatal,2.0,0.0,0.0,2.0,250,227,1,1560,False,0.25,5,15,0,1,3,6,1,2,1
4298,0,2022-04-21T17:40:00Z,False,0,7/1/2022 0:00,?,0.0,0.0,0.0,0.0,157,462,1,660,False,0.25,5,15,0,3,3,5,1,2,0
4299,0,2022-04-21T13:00:00Z,False,0,7/1/2022 0:00,?,0.0,0.0,0.0,0.0,899,1242,1,1402,False,0.125,5,13,0,3,3,11,1,2,0
4300,0,2022-04-21T11:20:00Z,False,0,4/10/2024 0:00,?,0.0,0.0,0.0,0.0,1183,2038,1,2417,False,0.125,5,15,0,3,3,5,1,2,0
4301,0,2022-04-21T09:25:00Z,False,0,10/6/2022 0:00,?,0.0,0.0,0.0,0.0,250,97,1,1620,False,0.125,5,9,0,3,3,11,1,2,0
4302,0,2022-04-20T20:00:00Z,False,0,?,Fatal,5.0,0.0,0.0,5.0,250,152,1,576,False,0.125,0,0,15,3,0,4,0,3,1
4303,0,2022-04-20T19:15:00Z,False,0,8/15/2023 0:00,Minor,0.0,0.0,1.0,1.0,250,71,1,307,False,0.125,5,15,0,3,3,1,1,2,0
4304,0,2022-04-20T12:26:00Z,False,0,5/16/2024 0:00,Fatal,1.0,0.0,0.0,1.0,250,225,1,2819,False,0.25,5,15,0,3,3,3,1,2,1
4305,0,2022-04-20T10:00:00Z,False,0,8/12/2022 0:00,?,0.0,0.0,0.0,0.0,1175,722,1,463,False,0.125,5,15,0,3,3,5,1,2,0
4306,0,2022-04-20T09:30:00Z,False,0,7/20/2022 0:00,Minor,0.0,0.0,1.0,1.0,250,68,1,710,False,0.125,5,13,0,3,3,5,1,2,0
4307,0,2022-04-19T15:38:00Z,False,0,12/7/2022 0:00,?,0.0,0.0,0.0,0.0,381,912,1,1773,False,0.25,5,13,0,3,3,5,1,2,0
4308,1,2022-04-19T11:50:00Z,False,0,?,?,?,?,?,?,896,1644,1,2427,False,0.125,0,0,13,0,0,3,0,3,0
4309,0,2022-04-19T11:30:00Z,False,0,10/13/2022 0:00,?,0.0,0.0,0.0,0.0,250,72,1,1521,False,0.125,5,13,0,3,3,5,1,2,0
4310,0,2022-04-18T13:29:00Z,False,0,5/14/2024 0:00,Serious,0.0,2.0,0.0,2.0,896,1595,1,468,False,0.125,5,15,0,3,3,4,1,2,0
4311,0,2022-04-18T12:25:00Z,False,0,?,?,?,?,?,?,896,1659,1,576,False,,0,0,13,3,0,6,0,3,0
4312,0,2022-04-18T11:10:00Z,False,0,12/15/2022 0:00,?,0.0,0.0,0.0,0.0,162,145,6,576,False,0.125,9,1,9,3,3,6,1,2,0
4313,0,2022-04-18T04:00:00Z,False,0,?,Fatal,1.0,0.0,0.0,1.0,250,60,1,576,False,,0,0,13,3,0,3,0,3,1
4314,0,2022-04-17T20:30:00Z,False,0,?,?,0.0,0.0,0.0,0.0,806,1938,1,576,True,,0,0,13,1,0,13,0,3,0
4315,0,2022-04-17T16:01:00Z,False,0,7/20/2022 0:00,Serious,0.0,1.0,0.0,1.0,1042,1772,1,2349,True,0.125,5,15,0,3,3,10,1,2,0
4316,0,2022-04-17T16:00:00Z,False,0,?,?,0.0,0.0,0.0,0.0,269,1959,1,576,False,0.125,0,15,13,3,0,3,0,3,0
4317,0,2022-04-17T15:55:00Z,False,0,?,Serious,0.0,1.0,0.0,1.0,1022,1067,1,576,False,,0,0,13,3,0,13,0,3,0
4318,0,2022-04-17T14:44:00Z,False,0,9/8/2022 0:00,?,0.0,0.0,0.0,0.0,1183,309,1,828,False,0.25,6,15,0,3,3,5,1,2,0
4319,0,2022-04-17T11:45:00Z,False,0,7/20/2022 0:00,?,0.0,0.0,0.0,0.0,250,59,1,753,False,0.125,5,13,0,3,3,5,1,2,0
4320,0,2022-04-16T22:26:00Z,False,0,10/6/2022 0:00,Serious,0.0,1.0,0.0,0.0,433,601,6,999,False,0.125,9,0,8,3,3,9,1,2,0
4321,0,2022-04-16T19:52:00Z,False,0,10/5/2023 0:00,Minor,0.0,0.0,3.0,3.0,896,1621,1,576,False,0.125,5,15,0,3,1,3,1,2,0
4322,0,2022-04-16T15:34:00Z,False,0,7/1/2022 0:00,Minor,0.0,0.0,2.0,2.0,1052,1903,4,487,False,0.0,0,13,0,3,3,5,1,2,0
4323,0,2022-04-16T13:30:00Z,False,0,7/20/2022 0:00,?,0.0,0.0,0.0,0.0,996,1727,6,2715,False,0.125,5,13,0,3,3,6,1,2,0
4324,0,2022-04-16T13:15:00Z,False,0,10/5/2023 0:00,Fatal,1.0,0.0,0.0,1.0,1046,621,4,1346,False,0.0,4,15,0,3,3,10,1,2,1
4325,0,2022-04-16T12:30:00Z,False,0,7/20/2022 0:00,?,0.0,0.0,0.0,0.0,250,83,1,1573,False,0.125,5,13,0,3,3,5,1,2,0
4326,0,2022-04-16T09:56:00Z,False,0,11/3/2022 0:00,?,0.0,0.0,0.0,0.0,1124,1157,1,2193,True,0.125,5,15,0,3,3,1,1,2,0
4327,0,2022-04-16T04:00:00Z,False,0,?,Serious,0.0,2.0,0.0,2.0,157,733,1,576,False,,0,0,13,1,0,5,0,3,0
4328,1,2022-04-16T00:48:00Z,False,0,?,?,0.0,0.0,0.0,0.0,179,1418,1,2144,False,,0,0,12,2,0,3,0,3,0
4329,0,2022-04-15T17:32:00Z,False,0,9/1/2022 0:00,?,0.0,0.0,0.0,0.0,250,153,1,2122,False,0.125,5,6,0,3,3,10,1,2,0
4330,0,2022-04-15T14:30:00Z,False,0,7/1/2022 0:00,?,0.0,0.0,0.0,0.0,250,113,1,18,False,0.125,5,15,0,3,3,5,1,2,0
4331,0,2022-04-15T08:37:00Z,False,0,10/19/2023 0:00,Fatal,1.0,0.0,0.0,1.0,994,1722,6,1011,False,0.125,5,13,0,3,3,1,1,2,1
4332,0,2022-04-15T05:30:00Z,False,0,11/8/2023 0:00,?,0.0,0.0,0.0,0.0,896,1589,1,242,False,0.125,5,15,0,3,3,5,1,2,0
4333,0,2022-04-14T13:55:00Z,False,0,7/13/2022 0:00,Serious,0.0,1.0,0.0,1.0,523,1144,1,2751,False,0.125,5,15,0,3,3,4,1,2,0
4334,0,2022-04-14T10:30:00Z,False,0,?,Fatal,1.0,0.0,0.0,1.0,250,118,1,576,False,,0,0,12,3,0,6,0,3,1
4335,0,2022-04-13T14:15:00Z,False,0,10/19/2023 0:00,?,0.0,0.0,0.0,0.0,250,206,1,2467,False,0.25,5,15,0,3,3,4,1,2,0
4336,0,2022-04-13T11:36:00Z,False,0,8/15/2023 0:00,?,0.0,0.0,0.0,0.0,436,2210,1,2178,True,0.125,5,15,0,3,3,13,1,2,0
4337,0,2022-04-13T08:32:00Z,False,0,4/18/2024 0:00,Fatal,1.0,0.0,0.0,1.0,250,155,1,1544,False,0.125,8,14,8,3,1,1,1,2,1
4338,0,2022-04-13T07:04:00Z,False,0,7/5/2024 0:00,Minor,0.0,0.0,1.0,1.0,270,1959,1,576,False,0.125,5,15,0,3,3,3,1,2,0
4339,0,2022-04-12T17:05:00Z,False,0,4/20/2023 0:00,Minor,0.0,0.0,1.0,1.0,996,1727,6,576,False,0.125,5,15,0,3,3,10,1,2,0
4340,0,2022-04-12T14:10:00Z,False,0,?,?,0.0,0.0,0.0,0.0,250,271,1,1037,False,0.25,0,0,13,3,0,5,0,3,0
4341,0,2022-04-11T18:45:00Z,False,0,9/1/2022 0:00,?,0.0,0.0,0.0,0.0,896,1570,1,576,False,0.125,5,15,0,3,3,5,1,2,0
4342,0,2022-04-10T18:05:00Z,False,0,7/1/2022 0:00,?,0.0,0.0,0.0,0.0,896,1242,1,576,False,0.125,5,15,0,3,3,5,1,2,0
4343,0,2022-04-10T13:20:00Z,False,0,8/23/2023 0:00,?,0.0,0.0,0.0,0.0,250,67,1,2205,False,0.125,5,15,0,3,3,5,1,2,0
4344,0,2022-04-10T11:08:00Z,False,0,5/2/2024 0:00,?,0.0,0.0,0.0,0.0,716,1230,1,1759,True,0.125,5,15,0,3,3,3,1,2,0
4345,0,2022-04-10T07:03:00Z,False,0,4/10/2024 0:00,Serious,0.0,2.0,0.0,2.0,8,541,2,576,False,0.0,0,15,0,3,3,5,1,2,0
4346,1,2022-04-09T13:30:00Z,False,0,?,?,?,?,?,?,45,516,1,576,False,0.25,0,0,12,0,0,3,0,3,0
4347,0,2022-04-09T12:00:00Z,False,0,5/16/2024 0:00,Fatal,1.0,1.0,0.0,2.0,1175,746,1,576,False,0.125,5,15,0,3,3,6,1,2,1
4348,0,2022-04-09T11:30:00Z,False,0,7/1/2022 0:00,?,0.0,0.0,0.0,0.0,250,112,1,2298,False,0.125,5,15,0,3,3,5,1,2,0
4349,1,2022-04-09T06:56:00Z,False,0,?,?,0.0,0.0,0.0,0.0,45,516,1,2783,False,0.25,0,0,6,0,0,4,0,3,0
4350,0,2022-04-08T19:34:00Z,False,0,?,?,0.0,0.0,0.0,0.0,391,929,1,2514,False,,0,0,12,3,0,5,0,3,0
4351,0,2022-04-08T18:00:00Z,False,0,8/12/2022 0:00,?,0.0,0.0,0.0,0.0,250,71,1,1000,False,0.125,5,15,0,3,3,5,1,2,0
4352,0,2022-04-08T16:32:00Z,False,0,?,Fatal,3.0,1.0,0.0,4.0,1078,1854,6,576,False,,0,0,13,4,0,13,0,3,1
4353,0,2022-04-08T16:10:00Z,False,0,7/13/2022 0:00,?,0.0,0.0,0.0,0.0,59,617,4,576,True,0.0,4,15,0,3,3,3,1,2,0
4354,0,2022-04-08T15:30:00Z,False,0,3/28/2024 0:00,?,0.0,0.0,0.0,0.0,384,1809,1,43,False,0.125,5,15,0,3,3,10,1,2,0
4355,0,2022-04-08T14:25:00Z,False,0,7/1/2022 0:00,?,0.0,0.0,0.0,0.0,250,493,1,1129,False,0.125,5,15,0,3,3,5,1,2,0
4356,1,2022-04-08T10:05:00Z,False,0,?,?,?,?,?,?,45,516,1,1087,False,,0,0,6,0,0,5,0,3,0
4357,1,2022-04-08T04:00:00Z,False,0,?,?,0.0,0.0,0.0,0.0,179,409,1,1084,False,0.25,0,0,4,2,0,3,0,3,0
4358,0,2022-04-07T19:50:00Z,False,0,7/1/2022 0:00,?,0.0,0.0,0.0,0.0,270,1959,1,1219,False,0.125,5,15,0,3,3,1,1,2,0
4359,0,2022-04-07T18:31:00Z,False,0,7/1/2022 0:00,?,0.0,0.0,0.0,0.0,885,817,1,1200,False,0.125,5,15,0,3,3,5,1,2,0
4360,0,2022-04-07T13:10:00Z,False,0,5/3/2023 0:00,Serious,0.0,1.0,0.0,1.0,587,597,1,436,True,0.125,5,15,0,3,3,4,1,2,0
4361,0,2022-04-07T10:02:00Z,False,0,6/20/2024 0:00,Minor,0.0,0.0,1.0,1.0,67,549,1,2383,False,0.125,5,15,0,3,3,4,1,2,0
4362,0,2022-04-07T04:00:00Z,False,0,?,?,0.0,0.0,0.0,0.0,179,394,1,1990,False,,0,0,12,3,0,5,0,3,0
4363,0,2022-04-06T20:10:00Z,False,0,7/13/2022 0:00,?,0.0,0.0,0.0,0.0,996,1721,6,1469,False,0.125,5,13,0,3,3,9,1,2,0
4364,0,2022-04-06T18:00:00Z,False,0,9/8/2022 0:00,?,0.0,0.0,0.0,0.0,896,1580,1,576,False,0.125,5,6,8,3,3,11,1,2,0
4365,0,2022-04-06T14:53:00Z,False,0,?,Fatal,1.0,0.0,0.0,1.0,605,239,6,576,False,,0,0,15,3,0,13,0,3,1
4366,0,2022-04-06T14:45:00Z,False,0,7/13/2022 0:00,?,0.0,0.0,0.0,0.0,250,72,1,2380,False,0.125,5,15,0,3,3,5,1,2,0
4367,0,2022-04-06T12:15:00Z,False,0,7/13/2022 0:00,Serious,0.0,1.0,0.0,1.0,251,49,1,2221,False,0.125,5,15,0,3,3,1,1,2,0
4368,0,2022-04-06T10:05:00Z,False,0,9/1/2022 0:00,?,0.0,0.0,0.0,0.0,250,76,1,2836,False,0.125,5,13,0,3,3,5,1,2,0
4369,1,2022-04-06T04:16:00Z,False,0,?,?,?,?,?,?,898,1601,1,576,False,0.125,0,0,13,4,0,3,0,3,0
4370,0,2022-04-06T04:00:00Z,False,0,?,Fatal,3.0,0.0,0.0,3.0,1241,1777,1,576,False,,0,0,13,4,0,3,0,3,1
4371,0,2022-04-05T12:31:00Z,False,0,10/13/2022 0:00,Fatal,2.0,0.0,0.0,2.0,250,2101,1,2610,False,0.125,5,3,0,3,3,5,1,2,1
4372,0,2022-04-05T11:00:00Z,False,0,7/1/2022 0:00,?,0.0,0.0,0.0,0.0,586,1979,1,1437,True,0.125,5,15,0,3,3,5,1,2,0
4373,0,2022-04-05T10:30:00Z,False,0,10/13/2022 0:00,?,0.0,0.0,0.0,0.0,996,1721,6,576,False,0.125,5,15,0,3,3,9,1,2,0
4374,1,2022-04-05T09:51:00Z,False,0,?,?,?,?,?,?,179,416,1,1767,False,,0,0,4,0,0,1,0,3,0
4375,1,2022-04-05T04:52:00Z,False,0,?,?,?,?,?,?,1039,227,1,576,False,,0,0,12,4,0,9,0,3,0
4376,0,2022-04-04T12:50:00Z,False,0,7/1/2022 0:00,Minor,0.0,0.0,1.0,1.0,811,1389,1,314,False,0.125,5,6,0,3,3,1,1,2,0
4377,1,2022-04-04T11:45:00Z,False,0,?,?,0.0,0.0,0.0,0.0,364,953,1,2876,False,0.125,0,21,13,4,0,3,0,3,0
4378,0,2022-04-04T03:05:00Z,False,0,?,Fatal,2.0,0.0,0.0,2.0,160,142,6,576,False,,0,0,0,1,0,13,0,3,1
4379,0,2022-04-03T17:55:00Z,False,0,8/15/2023 0:00,Serious,0.0,3.0,0.0,3.0,896,1603,1,1589,False,0.125,0,15,0,3,3,5,1,2,0
4380,0,2022-04-03T15:30:00Z,False,0,?,Fatal,1.0,0.0,0.0,0.0,32,673,6,576,False,0.25,0,10,15,0,0,13,0,3,1
4381,0,2022-04-03T13:10:00Z,False,0,3/20/2024 0:00,Serious,0.0,1.0,0.0,1.0,152,1939,1,53,True,0.125,5,15,0,3,3,5,1,2,0
4382,0,2022-04-03T12:45:00Z,False,0,3/22/2023 0:00,Minor,0.0,0.0,1.0,1.0,250,60,1,2481,False,0.125,5,13,0,3,3,5,1,2,0
4383,0,2022-04-03T11:40:00Z,False,0,7/1/2022 0:00,?,0.0,0.0,0.0,0.0,250,76,1,1854,False,0.125,5,13,0,3,3,5,1,2,0
4384,1,2022-04-03T09:06:00Z,False,0,6/13/2023 0:00,?,?,?,?,?,183,726,1,2230,False,0.25,6,15,8,0,2,4,1,2,0
4385,1,2022-04-03T08:19:00Z,False,0,?,?,?,?,?,?,179,367,1,576,False,,0,0,6,0,0,3,0,3,0
4386,1,2022-04-03T04:00:00Z,False,0,?,?,?,?,?,?,179,356,1,576,False,,0,0,12,0,0,3,0,3,0
4387,0,2022-04-02T18:50:00Z,False,0,7/1/2022 0:00,Serious,0.0,2.0,0.0,2.0,250,57,1,576,False,0.125,5,15,0,3,3,1,1,2,0
4388,0,2022-04-02T16:15:00Z,False,0,7/1/2022 0:00,Minor,0.0,0.0,1.0,1.0,250,86,1,2801,False,0.125,5,15,0,3,3,1,1,2,0
4389,0,2022-04-02T14:50:00Z,False,0,7/20/2022 0:00,?,0.0,0.0,0.0,0.0,183,66,1,2779,False,0.25,5,13,0,0,3,11,1,2,0
4390,0,2022-04-02T11:45:00Z,False,0,7/13/2022 0:00,?,0.0,0.0,0.0,0.0,466,1154,1,576,False,0.125,5,15,0,3,3,5,1,2,0
4391,0,2022-04-02T11:19:00Z,False,0,5/2/2024 0:00,Minor,0.0,0.0,4.0,4.0,724,283,1,1963,False,0.25,7,15,0,3,3,5,1,2,0
4392,0,2022-04-02T10:30:00Z,False,0,7/1/2022 0:00,Minor,0.0,0.0,2.0,2.0,605,183,6,576,False,0.125,5,15,0,3,1,6,1,2,0
4393,0,2022-04-02T09:20:00Z,False,0,?,?,?,?,?,?,896,1606,1,576,False,,0,0,15,3,0,13,0,3,0
4394,0,2022-04-01T16:30:00Z,False,0,?,?,0.0,0.0,0.0,0.0,896,1646,1,576,False,0.125,0,13,13,3,3,3,0,3,0
4395,0,2022-04-01T12:15:00Z,False,0,7/13/2022 0:00,Minor,0.0,0.0,1.0,1.0,160,1504,6,576,False,0.125,9,1,9,3,3,6,1,2,0
4396,1,2022-03-31T21:40:00Z,False,0,?,?,?,?,?,?,179,356,1,1752,False,,0,0,6,0,0,5,0,3,0
4397,1,2022-03-31T20:05:00Z,False,0,6/13/2023 0:00,?,?,?,?,?,182,1188,1,576,False,0.25,6,15,12,2,2,4,1,2,0
4398,0,2022-03-31T11:00:00Z,False,0,2/8/2024 0:00,Fatal,1.0,0.0,0.0,1.0,811,1385,1,1113,False,0.125,5,15,0,3,3,11,1,2,1
4399,0,2022-03-31T09:38:00Z,False,0,8/15/2023 0:00,Fatal,2.0,0.0,0.0,2.0,711,350,1,576,True,0.125,5,15,0,3,3,6,1,2,1
4400,0,2022-03-30T18:45:00Z,False,0,?,Fatal,3.0,1.0,0.0,4.0,157,791,1,1957,False,0.25,0,0,13,3,0,13,0,3,1
4401,0,2022-03-30T13:30:00Z,False,0,1/31/2024 0:00,Minor,0.0,0.0,1.0,1.0,997,867,1,2380,True,0.125,5,15,0,3,3,1,1,2,0
4402,0,2022-03-30T12:15:00Z,False,0,9/1/2022 0:00,?,0.0,0.0,0.0,0.0,250,87,1,1871,False,0.125,5,15,0,3,3,10,1,2,0
4403,0,2022-03-30T12:00:00Z,False,0,7/13/2022 0:00,?,0.0,0.0,0.0,0.0,100,475,1,2298,False,0.125,5,15,0,3,3,5,1,2,0
4404,0,2022-03-30T10:23:00Z,False,0,?,Fatal,1.0,0.0,0.0,1.0,250,154,1,576,False,,0,0,13,3,0,3,0,3,1
4405,1,2022-03-30T04:00:00Z,False,0,?,?,0.0,0.0,0.0,0.0,896,1680,1,576,False,0.25,0,0,13,2,0,5,0,3,0
4406,0,2022-03-29T18:45:00Z,False,0,7/1/2022 0:00,Serious,0.0,1.0,0.0,1.0,157,695,1,2128,False,0.25,8,6,0,0,3,1,1,2,0
4407,0,2022-03-29T15:00:00Z,False,0,10/19/2023 0:00,Minor,0.0,0.0,1.0,1.0,896,1593,1,1941,False,0.125,5,16,0,3,3,3,1,2,0
4408,0,2022-03-29T14:20:00Z,False,0,7/5/2022 0:00,Minor,0.0,0.0,1.0,1.0,487,481,1,20,False,0.125,5,15,0,3,3,1,1,2,0
4409,0,2022-03-29T14:15:00Z,False,0,7/5/2022 0:00,?,0.0,0.0,0.0,0.0,896,1633,1,1523,False,0.25,5,13,0,3,3,1,1,2,0
4410,0,2022-03-29T13:25:00Z,False,0,?,Fatal,1.0,0.0,0.0,1.0,1040,666,1,576,False,0.125,0,0,13,3,0,5,0,3,1
4411,0,2022-03-29T12:35:00Z,False,0,7/1/2022 0:00,?,0.0,0.0,0.0,0.0,250,1720,1,1911,False,0.125,5,15,0,3,3,5,1,2,0
4412,0,2022-03-29T10:45:00Z,False,0,7/1/2022 0:00,?,0.0,0.0,0.0,0.0,457,198,1,2351,False,0.125,5,15,0,3,3,6,1,2,0
4413,0,2022-03-27T19:10:00Z,False,0,8/12/2022 0:00,Serious,0.0,1.0,0.0,1.0,28,1791,2,576,False,0.0,0,15,0,2,3,5,1,2,0
4414,0,2022-03-27T16:47:00Z,False,0,11/1/2022 0:00,Minor,0.0,0.0,1.0,1.0,250,45,1,1988,False,0.125,5,13,0,3,3,5,1,2,0
4415,0,2022-03-27T11:30:00Z,False,0,11/8/2023 0:00,?,0.0,0.0,0.0,0.0,250,60,1,2565,False,0.125,5,13,0,3,3,5,1,2,0
4416,0,2022-03-26T17:15:00Z,False,0,5/14/2024 0:00,?,0.0,0.0,0.0,0.0,994,1725,6,2039,False,0.125,5,14,0,3,3,4,1,2,0
4417,0,2022-03-26T16:35:00Z,False,0,?,Fatal,1.0,0.0,0.0,1.0,1131,1976,1,1830,False,0.125,0,15,13,1,0,6,0,3,1
4418,0,2022-03-26T16:30:00Z,False,0,7/5/2022 0:00,?,0.0,0.0,0.0,0.0,994,1722,6,1512,False,0.125,5,15,0,3,3,6,1,2,0
4419,0,2022-03-26T16:14:00Z,False,0,11/8/2023 0:00,Serious,0.0,1.0,0.0,1.0,40,635,1,576,False,0.125,5,1,9,3,3,6,1,2,0
4420,0,2022-03-26T15:00:00Z,False,0,7/5/2022 0:00,?,0.0,0.0,0.0,0.0,896,1591,1,1699,False,0.125,5,15,0,3,3,5,1,2,0
4421,0,2022-03-26T13:01:00Z,False,0,7/13/2022 0:00,Minor,0.0,0.0,2.0,2.0,381,919,1,2560,False,0.125,5,15,0,3,3,5,1,2,0
4422,0,2022-03-26T12:00:00Z,False,0,8/15/2023 0:00,Serious,0.0,1.0,1.0,2.0,9,2168,1,1922,True,0.125,5,15,0,3,3,4,1,2,0
4423,0,2022-03-26T07:50:00Z,False,0,1/31/2024 0:00,?,0.0,0.0,0.0,0.0,407,768,1,576,False,0.125,5,15,0,3,3,3,1,2,0
4424,1,2022-03-26T04:00:00Z,False,0,?,?,0.0,0.0,0.0,0.0,179,394,1,576,False,,0,0,12,0,0,3,0,3,0
4425,0,2022-03-25T16:15:00Z,False,0,3/13/2024 0:00,Serious,0.0,1.0,0.0,1.0,166,54,1,914,False,0.125,5,15,0,3,3,1,1,2,0
4426,0,2022-03-25T16:13:00Z,False,0,10/19/2023 0:00,Serious,0.0,2.0,0.0,2.0,381,911,1,1490,False,0.125,5,13,0,3,3,4,1,2,0
4427,0,2022-03-25T13:30:00Z,False,0,9/1/2022 0:00,?,0.0,0.0,0.0,0.0,896,1576,1,576,False,0.125,5,15,0,3,3,1,1,2,0
4428,0,2022-03-25T12:54:00Z,False,0,9/22/2022 0:00,Minor,0.0,0.0,1.0,1.0,250,32,1,576,False,0.125,5,15,0,3,3,4,1,2,0
4429,0,2022-03-25T11:27:00Z,False,0,4/18/2024 0:00,Fatal,2.0,0.0,0.0,2.0,994,1725,6,576,False,0.125,5,13,0,1,3,6,1,2,1
4430,0,2022-03-25T10:48:00Z,False,0,9/27/2023 0:00,Serious,0.0,1.0,1.0,2.0,250,73,1,2817,False,0.125,5,13,0,1,3,1,1,2,0
4431,0,2022-03-24T18:45:00Z,False,0,11/8/2023 0:00,Minor,0.0,0.0,1.0,1.0,311,1951,1,576,False,0.125,5,15,0,3,3,6,1,2,0
4432,0,2022-03-24T17:30:00Z,False,0,8/15/2023 0:00,Minor,0.0,0.0,1.0,1.0,250,72,1,576,False,0.125,5,13,0,3,3,13,1,2,0
4433,0,2022-03-24T13:49:00Z,False,0,3/20/2024 0:00,Serious,0.0,2.0,0.0,2.0,896,1625,1,2483,False,0.125,5,15,0,3,3,3,1,2,0
4434,0,2022-03-24T13:43:00Z,False,0,?,?,0.0,0.0,0.0,0.0,896,1660,1,576,False,,0,0,13,3,0,5,0,3,0
4435,0,2022-03-24T12:07:00Z,False,0,?,?,0.0,0.0,0.0,0.0,250,317,1,576,False,,0,0,13,0,0,3,0,3,0
4436,0,2022-03-24T10:00:00Z,False,0,8/15/2023 0:00,Minor,0.0,0.0,1.0,1.0,250,1308,1,576,False,0.125,5,15,0,3,3,1,1,2,0
4437,0,2022-03-23T11:50:00Z,False,0,9/22/2022 0:00,Minor,0.0,0.0,1.0,1.0,94,808,5,1101,True,0.125,5,15,0,3,3,5,1,2,0
4438,0,2022-03-23T10:46:00Z,False,0,7/5/2022 0:00,?,0.0,0.0,0.0,0.0,1161,1225,5,1154,True,0.125,5,15,0,3,3,4,1,2,0
4439,0,2022-03-23T10:45:00Z,False,0,7/13/2022 0:00,?,0.0,0.0,0.0,0.0,54,1927,1,2666,False,0.125,5,13,0,3,3,5,1,2,0
4440,0,2022-03-23T10:38:00Z,False,0,3/22/2023 0:00,?,0.0,0.0,0.0,0.0,898,1644,1,2155,False,0.125,8,15,0,3,3,5,1,2,0
4441,0,2022-03-23T04:00:00Z,False,0,?,Serious,0.0,1.0,0.0,1.0,250,1067,1,576,False,,0,0,13,3,0,13,0,3,0
4442,0,2022-03-22T12:00:00Z,False,0,7/5/2022 0:00,?,0.0,0.0,0.0,0.0,250,69,1,1159,False,0.125,5,3,0,3,3,11,1,2,0
4443,0,2022-03-22T11:00:00Z,False,0,11/3/2022 0:00,Minor,0.0,0.0,2.0,2.0,996,1727,6,576,False,0.125,5,15,0,3,3,1,1,2,0
4444,0,2022-03-21T21:15:00Z,False,0,?,Fatal,1.0,0.0,0.0,1.0,250,76,1,576,False,,0,0,13,3,0,13,0,3,1
4445,0,2022-03-21T14:35:00Z,False,0,?,Serious,0.0,2.0,0.0,2.0,896,1661,1,576,False,,0,0,13,3,0,3,0,3,0
4446,1,2022-03-21T12:00:00Z,False,0,?,?,0.0,0.0,0.0,0.0,157,486,1,2593,False,0.25,0,0,15,0,0,3,0,3,0
4447,2,2022-03-21T09:11:00Z,False,0,?,?,0.0,0.0,0.0,0.0,220,416,1,576,False,0.25,0,0,12,0,0,1,0,3,0
4448,0,2022-03-21T06:30:00Z,False,0,?,Fatal,132.0,0.0,0.0,132.0,179,356,1,576,False,,0,0,12,1,0,13,0,3,1
4449,0,2022-03-20T16:37:00Z,False,0,?,Minor,0.0,0.0,2.0,2.0,269,1959,1,576,False,,0,0,13,3,0,3,0,3,0
4450,0,2022-03-20T14:57:00Z,False,0,10/19/2023 0:00,Fatal,2.0,0.0,0.0,2.0,250,73,1,576,False,0.125,5,3,0,1,1,3,1,2,1
4451,0,2022-03-20T13:22:00Z,False,0,?,Serious,0.0,1.0,0.0,1.0,105,1964,1,576,False,,0,0,13,3,0,6,0,3,0
4452,0,2022-03-20T10:18:00Z,False,0,7/13/2022 0:00,?,0.0,0.0,0.0,0.0,739,448,1,2240,False,0.125,5,13,0,3,3,5,1,2,0
4453,1,2022-03-20T09:15:00Z,False,0,?,?,?,?,?,?,179,418,1,708,False,0.25,0,0,4,2,0,4,0,3,0
4454,1,2022-03-19T20:10:00Z,False,0,?,?,0.0,0.0,0.0,0.0,157,465,1,576,False,,0,0,13,4,0,5,0,3,0
4455,0,2022-03-19T19:35:00Z,False,0,9/20/2023 0:00,?,0.0,0.0,0.0,0.0,250,72,1,2651,False,0.125,5,15,0,3,3,10,1,2,0
4456,0,2022-03-19T18:52:00Z,False,0,9/27/2023 0:00,Fatal,1.0,0.0,0.0,1.0,250,60,1,553,False,0.125,5,15,0,3,3,4,1,2,1
4457,0,2022-03-19T17:04:00Z,False,0,9/8/2022 0:00,Serious,0.0,4.0,2.0,6.0,433,606,6,576,False,0.25,9,14,0,3,3,6,1,2,0
4458,0,2022-03-19T15:30:00Z,False,0,7/13/2022 0:00,?,0.0,0.0,0.0,0.0,896,1597,1,576,False,0.125,0,15,0,3,3,6,1,2,0
4459,0,2022-03-19T08:36:00Z,False,0,7/13/2022 0:00,?,0.0,0.0,0.0,0.0,878,1513,1,1275,False,0.125,5,13,0,3,3,10,1,2,0
4460,0,2022-03-18T20:15:00Z,False,0,7/13/2022 0:00,?,0.0,0.0,0.0,0.0,853,1329,1,124,False,0.125,5,15,0,3,3,5,1,2,0
4461,0,2022-03-18T19:30:00Z,False,0,7/7/2023 0:00,?,0.0,0.0,0.0,0.0,896,1620,1,2069,False,0.125,5,15,0,3,3,5,1,2,0
4462,0,2022-03-18T14:32:00Z,False,0,9/20/2023 0:00,Fatal,2.0,0.0,0.0,2.0,782,239,6,576,False,0.125,9,15,0,3,3,6,1,2,1
4463,0,2022-03-17T21:50:00Z,False,0,?,?,0.0,0.0,0.0,0.0,250,32,1,2421,False,0.125,0,13,12,3,2,4,0,3,0
4464,0,2022-03-17T21:00:00Z,False,0,7/5/2022 0:00,?,0.0,0.0,0.0,0.0,250,155,1,968,False,0.125,5,6,8,3,3,11,1,2,0
4465,0,2022-03-17T16:38:00Z,False,0,8/15/2023 0:00,Fatal,3.0,0.0,0.0,3.0,896,1613,1,576,False,0.25,5,15,0,1,3,3,1,2,1
4466,0,2022-03-17T15:38:00Z,False,0,7/5/2022 0:00,Minor,0.0,0.0,1.0,1.0,575,1772,1,86,True,0.125,5,15,0,3,3,5,1,2,0
4467,0,2022-03-17T14:38:00Z,False,0,7/5/2022 0:00,Minor,0.0,0.0,2.0,2.0,855,2164,1,331,True,0.125,5,15,0,3,3,5,1,2,0
4468,0,2022-03-17T14:30:00Z,False,0,2/2/2023 0:00,Minor,0.0,0.0,1.0,1.0,621,239,6,576,False,0.125,9,8,7,3,3,6,1,2,0
4469,0,2022-03-17T13:45:00Z,False,0,11/15/2023 0:00,Fatal,1.0,0.0,0.0,1.0,312,1692,1,576,False,0.125,5,15,0,3,3,3,1,2,1
4470,0,2022-03-17T13:30:00Z,False,0,7/13/2022 0:00,?,0.0,0.0,0.0,0.0,304,812,1,2298,False,0.125,5,15,0,3,3,5,1,2,0
4471,0,2022-03-17T11:30:00Z,False,0,9/20/2023 0:00,?,0.0,0.0,0.0,0.0,395,1707,1,739,True,0.125,5,15,0,1,3,3,1,2,0
4472,1,2022-03-17T01:45:00Z,False,0,?,?,?,?,?,?,179,356,1,576,False,,0,0,12,4,0,11,0,3,0
4473,0,2022-03-16T15:56:00Z,False,0,3/20/2024 0:00,?,0.0,0.0,0.0,0.0,19,20,1,576,False,0.125,5,13,0,3,3,6,1,2,0
4474,0,2022-03-16T10:25:00Z,False,0,?,Fatal,1.0,0.0,12.0,13.0,1078,1851,6,576,False,,0,0,13,3,0,5,0,3,1
4475,0,2022-03-15T15:00:00Z,False,0,7/5/2022 0:00,Minor,0.0,0.0,1.0,1.0,433,602,6,576,False,0.125,9,16,8,3,3,1,1,2,0
4476,0,2022-03-15T15:00:00Z,False,0,7/5/2022 0:00,?,0.0,0.0,0.0,0.0,250,97,1,1892,False,0.125,5,13,0,3,3,5,1,2,0
4477,0,2022-03-14T13:30:00Z,False,0,?,?,0.0,0.0,0.0,0.0,896,1613,1,576,False,0.125,0,0,13,3,0,4,0,3,0
4478,0,2022-03-14T12:58:00Z,False,0,7/13/2022 0:00,?,0.0,0.0,0.0,0.0,250,2045,1,1711,False,0.125,5,15,0,3,3,1,1,2,0
4479,0,2022-03-13T15:00:00Z,False,0,3/20/2024 0:00,?,0.0,0.0,0.0,0.0,128,2015,1,272,True,0.125,5,11,0,3,3,4,1,2,0
4480,0,2022-03-13T12:40:00Z,False,0,8/15/2023 0:00,Minor,0.0,0.0,2.0,2.0,250,43,1,793,False,0.125,5,15,0,3,3,1,1,2,0
4481,0,2022-03-13T09:45:00Z,False,0,7/5/2022 0:00,?,0.0,0.0,0.0,0.0,1207,1266,1,2347,False,0.125,5,15,0,3,3,10,1,2,0
4482,0,2022-03-12T19:45:00Z,False,0,7/5/2022 0:00,?,0.0,0.0,0.0,0.0,1079,1816,6,421,False,0.25,9,22,8,3,3,6,1,2,0
4483,0,2022-03-12T13:45:00Z,False,0,7/26/2023 0:00,?,0.0,0.0,0.0,0.0,157,536,1,576,False,0.125,5,15,0,3,3,3,1,2,0
4484,0,2022-03-12T13:45:00Z,False,0,?,Fatal,2.0,0.0,0.0,2.0,157,536,1,2363,False,,0,13,15,3,0,10,0,3,1
4485,0,2022-03-11T17:05:00Z,False,0,4/10/2024 0:00,?,0.0,0.0,0.0,0.0,270,1960,1,1977,False,0.125,5,15,0,3,3,1,1,2,0
4486,0,2022-03-11T16:05:00Z,False,0,7/5/2022 0:00,?,0.0,0.0,0.0,0.0,1097,2072,1,2628,False,0.125,8,15,0,3,3,5,1,2,0
4487,0,2022-03-11T14:40:00Z,False,0,9/1/2022 0:00,?,0.0,0.0,0.0,0.0,959,819,1,1569,True,0.125,5,15,0,3,3,5,1,2,0
4488,0,2022-03-11T13:00:00Z,False,0,?,?,0.0,0.0,0.0,0.0,160,268,6,576,False,,0,0,13,3,0,6,0,3,0
4489,0,2022-03-11T11:00:00Z,False,0,?,Fatal,1.0,0.0,0.0,1.0,269,1959,1,576,False,0.125,0,15,13,1,0,3,0,3,1
4490,1,2022-03-11T03:30:00Z,False,0,3/20/2024 0:00,Fatal,1.0,0.0,0.0,1.0,67,549,1,137,False,0.125,5,15,0,3,1,11,1,2,1
4491,0,2022-03-11T01:13:00Z,False,0,?,Serious,0.0,1.0,0.0,1.0,160,149,6,576,False,,0,0,13,4,0,6,0,3,0
4492,0,2022-03-10T15:30:00Z,False,0,1/31/2024 0:00,?,0.0,0.0,0.0,0.0,250,215,1,2216,False,0.25,5,15,0,3,3,11,1,2,0
4493,0,2022-03-10T13:00:00Z,False,0,7/5/2022 0:00,?,0.0,0.0,0.0,0.0,70,441,1,329,False,0.125,5,15,0,3,3,5,1,2,0
4494,0,2022-03-09T19:12:00Z,False,0,?,?,0.0,0.0,0.0,0.0,250,97,1,576,False,,0,0,13,1,0,1,0,3,0
4495,1,2022-03-09T09:40:00Z,False,0,?,?,0.0,0.0,0.0,0.0,179,356,1,576,False,0.25,0,0,12,2,0,10,0,3,0
4496,0,2022-03-09T09:27:00Z,False,0,3/20/2024 0:00,?,0.0,0.0,0.0,0.0,618,1193,1,602,False,0.25,6,15,8,3,1,5,1,2,0
4497,0,2022-03-08T19:46:00Z,False,0,9/20/2023 0:00,Fatal,2.0,0.0,0.0,2.0,250,112,1,1025,False,0.125,5,15,0,1,1,1,1,2,1
4498,0,2022-03-08T15:17:00Z,False,0,7/26/2023 0:00,Minor,0.0,0.0,2.0,2.0,250,1530,1,647,False,0.125,5,15,0,1,3,13,1,2,0
4499,0,2022-03-07T19:30:00Z,False,0,7/5/2022 0:00,?,0.0,0.0,0.0,0.0,896,1580,1,423,False,0.125,5,15,0,3,3,5,1,2,0
4500,0,2022-03-07T16:21:00Z,False,0,7/13/2022 0:00,?,0.0,0.0,0.0,0.0,896,1565,1,1634,False,0.125,5,15,0,3,3,5,1,2,0
4501,0,2022-03-07T11:45:00Z,False,0,3/20/2024 0:00,?,0.0,0.0,0.0,0.0,250,308,1,2008,False,0.25,6,16,8,3,3,5,1,2,0
4502,1,2022-03-07T05:20:00Z,False,0,?,?,0.0,0.0,0.0,0.0,179,356,1,576,False,,0,0,12,2,0,4,0,3,0
4503,0,2022-03-07T00:59:00Z,False,0,6/8/2023 0:00,Serious,0.0,1.0,0.0,1.0,47,1409,6,2773,False,0.25,9,19,14,3,3,5,1,2,0
4504,0,2022-03-06T22:30:00Z,False,0,3/28/2024 0:00,?,0.0,0.0,0.0,0.0,157,130,1,1305,False,0.25,8,6,0,3,3,5,1,2,0
4505,0,2022-03-06T17:15:00Z,False,0,9/1/2022 0:00,?,0.0,0.0,0.0,0.0,250,77,1,1693,False,0.125,5,13,0,3,3,5,1,2,0
4506,0,2022-03-06T11:15:00Z,False,0,9/20/2023 0:00,?,0.0,0.0,0.0,0.0,157,533,1,576,False,0.125,5,15,0,3,3,3,1,2,0
4507,1,2022-03-06T10:00:00Z,False,0,?,?,?,?,?,?,179,356,1,1753,False,,0,0,12,0,0,1,0,3,0
4508,1,2022-03-05T18:01:00Z,False,0,?,?,?,?,?,?,775,1418,1,576,False,,0,0,12,0,0,10,0,3,0
4509,0,2022-03-05T16:35:00Z,False,0,7/5/2022 0:00,?,0.0,0.0,0.0,0.0,250,2034,1,887,False,0.125,5,15,0,3,3,5,1,2,0
4510,0,2022-03-05T13:30:00Z,False,0,9/1/2022 0:00,Serious,0.0,4.0,1.0,5.0,250,2119,1,576,False,0.125,5,6,0,3,1,6,1,2,0
4511,0,2022-03-05T13:00:00Z,False,0,6/28/2023 0:00,Minor,0.0,0.0,1.0,1.0,896,1603,1,796,False,0.125,5,15,0,3,3,3,1,2,0
4512,0,2022-03-05T11:00:00Z,False,0,7/5/2022 0:00,?,0.0,0.0,0.0,0.0,104,1771,1,2061,True,0.125,5,15,0,3,3,5,1,2,0
4513,1,2022-03-04T19:10:00Z,False,0,?,?,?,?,?,?,179,356,1,576,False,,0,0,12,0,0,3,0,3,0
4514,1,2022-03-04T12:20:00Z,False,0,?,Serious,0.0,2.0,0.0,0.0,1078,1818,6,576,False,,0,14,12,0,0,0,0,3,0
4515,0,2022-03-04T11:00:00Z,False,0,8/12/2022 0:00,Serious,0.0,2.0,0.0,2.0,19,432,1,1156,False,0.125,5,13,0,3,3,10,1,2,0
4516,0,2022-03-03T19:45:00Z,False,0,7/5/2022 0:00,?,0.0,0.0,0.0,0.0,250,73,1,2256,False,0.125,5,13,0,3,3,5,1,2,0
4517,0,2022-03-03T05:00:00Z,False,0,?,Fatal,1.0,0.0,0.0,1.0,250,2120,1,576,False,,0,0,13,1,0,6,0,3,1
4518,0,2022-03-02T19:05:00Z,False,0,7/5/2022 0:00,?,0.0,0.0,0.0,0.0,896,1660,1,1345,False,0.125,5,13,0,3,3,10,1,2,0
4519,0,2022-03-02T18:02:00Z,False,0,3/6/2024 0:00,Fatal,1.0,0.0,0.0,1.0,442,1492,1,2480,False,0.125,5,15,0,3,3,5,1,2,1
4520,0,2022-03-02T15:30:00Z,False,0,7/5/2022 0:00,?,0.0,0.0,0.0,0.0,730,1342,1,1832,False,0.125,5,15,0,3,3,10,1,2,0
4521,0,2022-03-02T11:42:00Z,False,0,9/1/2022 0:00,Serious,0.0,1.0,0.0,1.0,1082,1340,7,576,False,0.125,5,15,0,1,3,6,1,2,0
4522,0,2022-03-02T09:13:00Z,False,0,3/13/2024 0:00,?,0.0,0.0,0.0,0.0,250,101,1,576,False,0.125,5,17,14,3,3,3,1,2,0
4523,1,2022-03-02T05:00:00Z,False,0,?,?,0.0,0.0,0.0,0.0,179,356,1,1486,False,,0,0,12,2,0,10,0,3,0
4524,1,2022-03-01T19:15:00Z,False,0,?,?,?,?,?,?,421,978,1,576,False,,0,0,0,0,0,3,0,3,0
4525,0,2022-03-01T18:30:00Z,False,0,9/1/2022 0:00,?,0.0,0.0,0.0,0.0,269,1959,1,576,False,0.125,5,15,0,3,3,6,1,2,0
4526,0,2022-03-01T12:20:00Z,False,0,7/5/2022 0:00,Minor,0.0,0.0,1.0,1.0,996,1721,6,2800,False,0.125,5,13,0,3,3,6,1,2,0
4527,0,2022-03-01T12:05:00Z,False,0,?,Fatal,1.0,0.0,0.0,1.0,896,1659,1,576,False,0.125,0,1,12,3,0,6,0,3,1
4528,0,2022-02-28T18:30:00Z,False,0,10/5/2023 0:00,Minor,0.0,0.0,2.0,2.0,250,45,1,1970,False,0.125,5,15,0,3,3,3,1,2,0
4529,0,2022-02-28T13:53:00Z,False,0,8/31/2022 0:00,?,0.0,0.0,0.0,0.0,250,155,1,71,False,0.125,8,3,0,3,3,6,1,2,0
4530,0,2022-02-28T13:30:00Z,False,0,?,Fatal,1.0,1.0,0.0,2.0,993,1725,6,576,False,,0,0,15,1,0,0,0,3,1
4531,0,2022-02-28T13:00:00Z,False,0,?,Fatal,2.0,0.0,0.0,2.0,250,156,1,576,False,,0,0,13,3,0,3,0,3,1
4532,0,2022-02-28T12:56:00Z,False,0,6/22/2022 0:00,?,0.0,0.0,0.0,0.0,896,1613,1,1233,False,0.25,5,13,0,3,3,1,1,2,0
4533,0,2022-02-27T21:30:00Z,False,0,7/13/2022 0:00,?,0.0,0.0,0.0,0.0,896,1580,1,783,False,0.125,5,15,0,3,3,5,1,2,0
4534,0,2022-02-27T20:30:00Z,False,0,?,?,0.0,0.0,0.0,0.0,993,1721,6,576,False,0.125,0,0,13,3,0,2,0,3,0
4535,0,2022-02-27T20:00:00Z,False,0,8/12/2022 0:00,?,0.0,0.0,0.0,0.0,250,28,1,521,False,0.125,5,15,0,3,3,10,1,2,0
4536,0,2022-02-27T18:00:00Z,False,0,7/5/2022 0:00,?,0.0,0.0,0.0,0.0,711,253,1,576,True,0.125,5,15,0,3,3,4,1,2,0
4537,0,2022-02-27T13:32:00Z,False,0,8/23/2023 0:00,Minor,0.0,0.0,1.0,1.0,896,1569,1,326,False,0.125,0,15,0,3,3,13,1,2,0
4538,0,2022-02-27T10:58:00Z,False,0,9/20/2023 0:00,Fatal,2.0,0.0,0.0,2.0,1242,1766,1,576,True,0.125,5,15,0,1,3,3,1,2,1
4539,0,2022-02-26T14:00:00Z,False,0,6/22/2022 0:00,Minor,0.0,0.0,1.0,1.0,539,1163,1,576,True,0.125,5,15,0,3,3,10,1,2,0
4540,0,2022-02-26T11:54:00Z,False,0,?,?,0.0,0.0,0.0,0.0,993,1721,6,576,False,,0,0,13,3,0,6,0,3,0
4541,0,2022-02-26T11:43:00Z,False,0,11/7/2023 0:00,?,0.0,0.0,0.0,0.0,896,1596,1,576,False,0.125,5,13,0,3,3,6,1,2,0
4542,0,2022-02-26T10:30:00Z,False,0,6/22/2022 0:00,Minor,0.0,0.0,1.0,1.0,250,71,1,751,False,0.125,5,13,0,3,3,5,1,2,0
4543,0,2022-02-26T06:50:00Z,False,0,?,Fatal,1.0,0.0,0.0,1.0,250,45,1,576,False,,0,0,0,3,0,3,0,3,1
4544,0,2022-02-26T05:00:00Z,False,0,?,Fatal,14.0,0.0,0.0,14.0,250,155,1,576,False,,0,0,13,4,0,13,0,3,1
4545,1,2022-02-25T13:00:00Z,False,0,?,?,?,?,?,?,775,1417,1,576,False,,0,0,12,0,0,4,0,3,0
4546,0,2022-02-24T17:56:00Z,False,0,9/20/2023 0:00,Fatal,2.0,0.0,0.0,2.0,157,229,1,576,False,0.125,5,13,0,1,3,6,1,2,1
4547,0,2022-02-24T14:40:00Z,False,0,8/15/2023 0:00,Fatal,1.0,0.0,0.0,1.0,385,901,4,775,False,0.125,5,16,0,1,3,4,1,2,1
4548,0,2022-02-24T13:45:00Z,False,0,5/16/2024 0:00,Serious,0.0,2.0,0.0,2.0,250,155,1,2149,False,0.125,8,21,0,3,3,1,1,2,0
4549,1,2022-02-24T13:38:00Z,False,0,?,?,?,?,?,?,421,1037,1,576,False,,0,0,12,0,0,3,0,3,0
4550,0,2022-02-24T12:45:00Z,False,0,9/20/2023 0:00,Serious,0.0,1.0,0.0,1.0,475,1097,1,391,False,0.125,5,15,0,3,3,4,1,2,0
4551,0,2022-02-24T09:45:00Z,False,0,6/22/2022 0:00,?,0.0,0.0,0.0,0.0,1004,1775,1,2274,True,0.125,5,15,0,3,3,6,1,2,0
4552,0,2022-02-23T15:55:00Z,False,0,?,?,0.0,0.0,0.0,0.0,811,1386,1,2545,False,,0,0,13,4,0,4,0,3,0
4553,0,2022-02-23T14:00:00Z,False,0,?,Fatal,1.0,0.0,0.0,1.0,39,652,1,576,False,0.125,0,0,13,3,0,3,0,3,1
4554,0,2022-02-23T08:00:00Z,False,0,?,Fatal,1.0,0.0,0.0,1.0,896,1591,1,576,False,,0,0,9,1,0,6,0,3,1
4555,0,2022-02-22T23:41:00Z,False,0,6/28/2023 0:00,Fatal,2.0,0.0,0.0,2.0,896,1621,1,576,False,0.125,5,6,0,1,1,1,1,2,1
4556,0,2022-02-22T11:20:00Z,False,0,7/26/2023 0:00,Fatal,4.0,0.0,0.0,4.0,1078,1813,6,737,False,0.25,9,8,7,1,3,5,1,2,1
4557,0,2022-02-21T15:55:00Z,False,0,10/13/2022 0:00,Serious,0.0,1.0,0.0,1.0,166,441,1,268,False,0.125,5,15,0,3,3,1,1,2,0
4558,0,2022-02-21T12:33:00Z,True,0,3/16/2023 0:00,?,0.0,0.0,0.0,0.0,963,1202,1,664,False,0.25,6,6,0,3,3,10,1,2,0
4559,0,2022-02-21T09:20:00Z,False,0,6/22/2022 0:00,?,0.0,0.0,0.0,0.0,367,946,1,2298,False,0.125,5,6,8,3,3,5,1,2,0
4560,0,2022-02-20T20:35:00Z,False,0,?,Minor,0.0,0.0,2.0,2.0,896,1657,1,2027,False,0.25,0,0,13,1,0,4,0,3,0
4561,0,2022-02-20T16:30:00Z,False,0,11/8/2023 0:00,?,0.0,0.0,0.0,0.0,811,1384,1,1550,False,0.125,5,15,0,3,3,10,1,2,0
4562,0,2022-02-20T16:30:00Z,False,0,6/22/2022 0:00,?,0.0,0.0,0.0,0.0,397,1482,1,924,False,0.125,5,15,0,3,3,10,1,2,0
4563,0,2022-02-20T15:45:00Z,False,0,9/20/2023 0:00,Minor,0.0,0.0,1.0,1.0,1102,595,5,2567,True,0.125,5,15,0,3,3,10,1,2,0
4564,0,2022-02-20T12:15:00Z,False,0,6/14/2023 0:00,?,0.0,0.0,0.0,0.0,1015,1315,1,576,False,0.125,5,13,0,3,3,3,1,2,0
4565,0,2022-02-19T19:34:00Z,False,0,12/14/2023 0:00,Fatal,1.0,0.0,1.0,2.0,775,302,6,576,False,0.125,9,20,14,3,3,6,1,2,1
4566,0,2022-02-19T18:20:00Z,False,0,6/22/2022 0:00,?,0.0,0.0,0.0,0.0,711,1849,1,999,True,0.125,5,15,0,3,3,5,1,2,0
4567,0,2022-02-19T16:30:00Z,False,0,7/13/2022 0:00,?,0.0,0.0,0.0,0.0,780,1042,1,2380,False,0.125,5,15,0,3,3,5,1,2,0
4568,0,2022-02-19T14:28:00Z,False,0,5/1/2024 0:00,Fatal,1.0,0.0,0.0,1.0,818,2160,1,694,True,0.125,5,15,0,1,3,6,1,2,1
4569,0,2022-02-19T14:10:00Z,False,0,9/20/2023 0:00,Serious,0.0,3.0,0.0,3.0,994,1725,6,576,False,0.125,5,15,0,3,3,6,1,2,0
4570,0,2022-02-19T12:15:00Z,False,0,6/22/2022 0:00,?,0.0,0.0,0.0,0.0,942,842,1,576,False,0.125,5,15,0,3,3,4,1,2,0
4571,0,2022-02-19T11:00:00Z,False,0,6/22/2022 0:00,?,0.0,0.0,0.0,0.0,1071,1815,1,781,True,0.125,5,15,0,3,3,1,1,2,0
4572,0,2022-02-18T18:00:00Z,False,0,7/13/2022 0:00,?,0.0,0.0,0.0,0.0,76,580,1,2296,False,0.125,5,15,0,3,3,5,1,2,0
4573,0,2022-02-18T17:00:00Z,False,0,6/22/2022 0:00,?,0.0,0.0,0.0,0.0,1175,721,1,146,False,0.125,5,15,0,3,3,5,1,2,0
4574,0,2022-02-18T16:45:00Z,False,0,6/22/2022 0:00,?,0.0,0.0,0.0,0.0,267,1909,1,883,True,0.125,5,15,0,3,3,5,1,2,0
4575,0,2022-02-18T14:35:00Z,False,0,?,Serious,0.0,1.0,0.0,1.0,896,1660,1,2506,False,0.125,0,13,13,3,0,4,0,3,0
4576,0,2022-02-18T13:52:00Z,False,0,6/22/2022 0:00,?,0.0,0.0,0.0,0.0,422,1016,1,966,False,0.25,7,6,0,3,3,5,1,2,0
4577,0,2022-02-18T05:00:00Z,False,0,?,?,?,?,?,?,250,60,1,576,False,,0,0,13,3,0,3,0,3,0
4578,0,2022-02-17T15:48:00Z,False,0,6/14/2023 0:00,Serious,0.0,1.0,0.0,1.0,908,1804,1,1000,False,0.125,5,15,0,3,3,4,1,2,0
4579,0,2022-02-17T11:00:00Z,False,0,6/22/2022 0:00,?,0.0,0.0,0.0,0.0,996,1727,6,1378,False,0.125,5,16,0,3,3,5,1,2,0
4580,0,2022-02-16T22:30:00Z,False,0,8/23/2023 0:00,Fatal,1.0,0.0,0.0,1.0,160,2132,6,576,False,0.125,9,1,9,3,3,3,1,2,1
4581,1,2022-02-16T21:14:00Z,False,0,?,?,0.0,0.0,0.0,0.0,1138,1858,1,2516,False,0.25,0,0,15,3,0,11,0,3,0
4582,0,2022-02-16T18:07:00Z,False,0,4/18/2024 0:00,Fatal,1.0,0.0,2.0,1.0,157,319,1,1133,False,0.25,5,15,0,1,3,10,1,2,1
4583,0,2022-02-16T15:45:00Z,False,0,6/22/2022 0:00,?,0.0,0.0,0.0,0.0,896,1670,1,2127,False,0.125,5,15,0,3,3,1,1,2,0
4584,0,2022-02-16T12:10:00Z,False,0,6/22/2022 0:00,?,0.0,0.0,0.0,0.0,1123,6,1,2245,False,0.125,5,13,0,3,3,10,1,2,0
4585,0,2022-02-16T12:00:00Z,False,0,?,Fatal,1.0,0.0,0.0,1.0,250,1079,1,576,False,,0,0,6,4,0,3,0,3,1
4586,0,2022-02-16T10:58:00Z,False,0,2/7/2024 0:00,?,0.0,0.0,0.0,0.0,658,1256,10,576,False,0.75,1,11,0,3,3,6,1,2,0
4587,1,2022-02-15T23:00:00Z,False,0,?,?,?,?,?,?,45,512,1,576,False,,0,0,4,4,0,10,0,3,0
4588,0,2022-02-15T19:30:00Z,False,0,?,?,0.0,0.0,0.0,0.0,250,45,1,576,False,,0,0,13,3,0,3,0,3,0
4589,0,2022-02-15T10:55:00Z,False,0,6/28/2023 0:00,?,0.0,0.0,0.0,0.0,189,748,1,895,False,0.25,5,13,0,3,3,5,1,2,0
4590,0,2022-02-14T17:40:00Z,False,0,6/14/2023 0:00,Serious,0.0,1.0,0.0,1.0,896,1655,1,106,False,0.125,5,15,0,3,3,13,1,2,0
4591,0,2022-02-14T16:20:00Z,False,0,?,?,?,?,?,?,501,2139,6,576,False,,0,0,13,1,0,6,0,3,0
4592,0,2022-02-13T15:02:00Z,False,0,1/30/2024 0:00,Fatal,8.0,0.0,0.0,8.0,895,1682,1,1987,False,0.125,8,15,0,1,1,3,1,2,1
4593,0,2022-02-13T11:20:00Z,False,0,12/14/2023 0:00,Fatal,1.0,0.0,0.0,1.0,898,1678,1,2146,False,0.125,8,15,0,1,3,4,1,2,1
4594,0,2022-02-12T18:57:00Z,False,0,6/14/2022 0:00,Minor,0.0,0.0,1.0,1.0,250,72,1,1899,False,0.125,5,13,0,3,3,1,1,2,0
4595,0,2022-02-12T17:57:00Z,False,0,?,?,0.0,0.0,0.0,0.0,250,76,1,576,False,0.125,0,0,13,3,0,5,0,3,0
4596,0,2022-02-12T00:12:00Z,False,0,6/14/2022 0:00,Serious,0.0,1.0,0.0,1.0,160,142,6,576,False,,9,6,8,2,3,10,1,2,0
4597,0,2022-02-11T21:06:00Z,False,0,6/14/2023 0:00,Serious,0.0,2.0,0.0,2.0,811,1387,1,1471,False,0.125,5,15,0,3,3,1,1,2,0
4598,0,2022-02-11T18:50:00Z,False,0,?,?,?,?,?,?,250,303,1,2407,False,,0,0,13,3,0,5,0,3,0
4599,0,2022-02-11T15:30:00Z,False,0,6/14/2022 0:00,?,0.0,0.0,0.0,0.0,160,286,6,1218,False,0.125,5,15,0,3,3,6,1,2,0
4600,0,2022-02-11T15:15:00Z,False,0,9/22/2022 0:00,?,0.0,0.0,0.0,0.0,811,1381,1,649,False,0.125,5,15,0,2,3,11,1,2,0
4601,0,2022-02-11T12:03:00Z,False,0,6/22/2022 0:00,?,0.0,0.0,0.0,0.0,250,28,1,1131,False,0.125,5,15,0,3,3,5,1,2,0
4602,0,2022-02-10T21:06:00Z,False,0,6/14/2023 0:00,?,0.0,0.0,0.0,0.0,270,1960,1,576,False,0.125,5,15,0,3,3,3,1,2,0
4603,1,2022-02-10T16:08:00Z,False,0,?,?,0.0,0.0,0.0,0.0,1183,155,1,910,False,0.125,0,0,13,0,0,5,0,3,0
4604,0,2022-02-10T15:30:00Z,False,0,6/14/2022 0:00,Minor,0.0,0.0,1.0,1.0,250,2047,1,2050,False,0.125,5,15,0,3,3,5,1,2,0
4605,0,2022-02-10T15:30:00Z,False,0,6/14/2022 0:00,?,0.0,0.0,0.0,0.0,250,87,1,1143,False,0.125,5,15,0,3,3,5,1,2,0
4606,0,2022-02-10T14:05:00Z,False,0,?,?,?,?,?,?,896,1622,1,576,False,,0,0,15,1,0,6,0,3,0
4607,0,2022-02-10T12:05:00Z,False,0,3/13/2024 0:00,Minor,0.0,0.0,1.0,1.0,351,1428,1,1848,False,0.125,7,17,14,1,3,3,1,2,0
4608,1,2022-02-10T05:17:00Z,False,0,?,?,0.0,0.0,0.0,0.0,179,356,1,576,False,0.25,0,0,12,2,0,3,0,3,0
4609,1,2022-02-10T05:00:00Z,False,0,?,?,?,?,?,?,45,516,1,2642,False,,0,0,6,0,0,1,0,3,0
4610,0,2022-02-09T18:48:00Z,False,0,6/14/2022 0:00,?,0.0,0.0,0.0,0.0,270,1959,1,2551,False,0.125,5,15,0,3,3,1,1,2,0
4611,0,2022-02-09T17:28:00Z,False,0,2/21/2024 0:00,?,0.0,0.0,0.0,0.0,605,241,6,576,False,0.125,9,16,0,3,3,3,1,2,0
4612,0,2022-02-09T17:20:00Z,False,0,6/14/2022 0:00,?,0.0,0.0,0.0,0.0,591,2129,6,62,False,0.125,5,15,0,3,3,5,1,2,0
4613,0,2022-02-09T12:30:00Z,False,0,10/13/2022 0:00,?,0.0,0.0,0.0,0.0,250,42,1,1247,False,0.125,5,13,0,3,3,1,1,2,0
4614,0,2022-02-09T10:30:00Z,False,0,6/14/2022 0:00,Minor,0.0,0.0,1.0,1.0,811,1387,1,807,False,0.125,5,15,0,3,3,1,1,2,0
4615,0,2022-02-08T16:30:00Z,False,0,10/13/2022 0:00,Serious,0.0,1.0,1.0,2.0,157,787,1,1971,False,0.125,5,15,0,1,3,1,1,2,0
4616,0,2022-02-08T09:45:00Z,False,0,3/28/2024 0:00,?,0.0,0.0,0.0,0.0,19,20,1,576,False,0.125,5,15,0,3,3,3,1,2,0
4617,1,2022-02-08T07:50:00Z,False,0,?,?,?,?,?,?,179,411,1,576,False,0.25,0,0,4,0,0,3,0,3,0
4618,0,2022-02-07T17:00:00Z,False,0,7/6/2023 0:00,?,0.0,0.0,0.0,0.0,250,45,1,324,False,0.125,5,13,0,3,3,10,1,2,0
4619,0,2022-02-07T16:50:00Z,False,0,6/14/2022 0:00,?,0.0,0.0,0.0,0.0,250,2039,1,2298,False,0.125,5,16,0,3,3,5,1,2,0
4620,1,2022-02-07T16:00:00Z,False,0,?,?,0.0,0.0,0.0,0.0,605,245,6,1633,False,0.125,0,0,13,2,0,5,0,3,0
4621,0,2022-02-07T08:53:00Z,False,0,?,?,?,?,?,?,421,1037,1,576,False,,0,0,12,3,0,9,0,3,0
4622,0,2022-02-06T15:45:00Z,False,0,6/14/2022 0:00,?,0.0,0.0,0.0,0.0,250,76,1,2377,False,0.125,5,15,0,3,3,1,1,2,0
4623,1,2022-02-06T12:35:00Z,False,0,?,?,0.0,0.0,0.0,0.0,250,228,1,576,False,0.25,0,0,13,0,0,3,0,3,0
4624,0,2022-02-05T17:30:00Z,False,0,?,Fatal,1.0,0.0,0.0,1.0,39,654,1,2458,False,0.125,0,1,12,1,0,6,0,3,1
4625,0,2022-02-05T14:00:00Z,False,0,6/14/2022 0:00,?,0.0,0.0,0.0,0.0,367,940,1,576,False,0.125,5,15,0,3,3,10,1,2,0
4626,0,2022-02-04T23:08:00Z,False,0,?,Fatal,2.0,2.0,0.0,4.0,250,60,1,576,False,0.125,0,0,13,1,3,3,0,3,1
4627,0,2022-02-04T16:50:00Z,False,0,9/1/2022 0:00,?,0.0,0.0,0.0,0.0,896,1580,1,393,False,0.125,5,15,0,3,3,5,1,2,0
4628,0,2022-02-04T16:35:00Z,False,0,?,Minor,0.0,0.0,1.0,1.0,896,1657,1,576,False,,0,0,13,3,0,3,0,3,0
4629,0,2022-02-04T13:13:00Z,False,0,?,Fatal,7.0,0.0,0.0,7.0,250,152,1,2562,False,,0,0,12,1,0,10,0,3,1
4630,0,2022-02-04T13:00:00Z,False,0,3/28/2024 0:00,?,0.0,0.0,0.0,0.0,896,1609,1,2146,False,0.125,5,15,0,3,3,4,1,2,0
4631,1,2022-02-04T02:19:00Z,False,0,3/21/2023 0:00,?,0.0,0.0,0.0,0.0,179,374,1,1734,False,0.25,6,0,4,2,3,5,1,2,0
4632,1,2022-02-03T18:51:00Z,False,0,?,?,?,?,?,?,179,197,1,576,False,,0,0,12,4,0,4,0,3,0
4633,1,2022-02-03T16:00:00Z,False,0,?,?,?,?,?,?,179,356,1,576,False,,0,0,4,4,0,10,0,3,0
4634,1,2022-02-03T05:00:00Z,False,0,?,?,?,?,?,?,179,356,1,576,False,,0,0,12,3,0,13,0,3,0
4635,0,2022-02-03T05:00:00Z,False,0,?,?,?,?,?,?,250,72,1,576,False,,0,3,13,3,0,13,0,3,0
4636,0,2022-02-02T07:55:00Z,False,0,3/13/2024 0:00,?,0.0,0.0,0.0,0.0,895,1682,1,1467,False,0.125,8,16,0,3,3,9,1,2,0
4637,1,2022-02-01T22:55:00Z,False,0,?,?,?,?,?,?,179,356,1,576,False,,0,0,12,0,0,5,0,3,0
4638,0,2022-02-01T14:40:00Z,False,0,3/6/2024 0:00,Fatal,1.0,0.0,0.0,1.0,250,115,1,2782,False,0.125,5,15,0,1,3,6,1,2,1
4639,0,2022-02-01T14:00:00Z,False,0,6/14/2022 0:00,?,0.0,0.0,0.0,0.0,250,493,1,1011,False,0.125,5,16,0,3,3,5,1,2,0
4640,0,2022-02-01T13:30:00Z,False,0,1/31/2024 0:00,?,0.0,0.0,0.0,0.0,898,1556,1,838,False,0.125,5,15,0,3,3,5,1,2,0
4641,0,2022-02-01T11:06:00Z,False,0,10/5/2023 0:00,Fatal,1.0,0.0,0.0,1.0,250,206,1,951,False,0.25,5,3,0,1,3,3,1,2,1
4642,0,2022-01-31T17:13:00Z,False,0,?,Minor,0.0,0.0,1.0,1.0,896,1668,1,2038,False,,0,0,13,1,0,3,0,3,0
4643,0,2022-01-31T15:10:00Z,False,0,?,?,0.0,0.0,0.0,0.0,896,1660,1,1173,False,,0,0,0,3,0,13,0,3,0
4644,0,2022-01-31T14:00:00Z,False,0,1/30/2024 0:00,Minor,0.0,0.0,2.0,2.0,250,122,1,1206,False,0.125,5,15,0,3,3,1,1,2,0
4645,0,2022-01-31T13:56:00Z,False,0,7/5/2024 0:00,Fatal,1.0,1.0,0.0,2.0,270,1959,1,1338,False,0.125,5,13,0,3,3,4,1,2,1
4646,0,2022-01-31T05:00:00Z,False,0,?,?,0.0,0.0,0.0,0.0,896,1641,1,925,False,,0,0,13,3,0,5,0,3,0
4647,0,2022-01-31T01:18:00Z,False,0,?,?,0.0,0.0,0.0,0.0,183,848,1,576,False,0.25,0,6,12,3,0,5,0,3,0
4648,0,2022-01-30T19:00:00Z,False,0,6/14/2022 0:00,?,0.0,0.0,0.0,0.0,250,60,1,2792,False,0.125,5,13,0,3,3,5,1,2,0
4649,0,2022-01-30T18:10:00Z,False,0,8/31/2022 0:00,Fatal,1.0,0.0,0.0,1.0,326,1431,1,2298,True,0.125,5,15,0,3,3,6,1,2,1
4650,0,2022-01-30T15:30:00Z,False,0,8/15/2023 0:00,?,0.0,0.0,0.0,0.0,177,1268,1,576,True,0.125,5,15,0,3,3,3,1,2,0
4651,0,2022-01-30T14:56:00Z,False,0,6/14/2022 0:00,?,0.0,0.0,0.0,0.0,250,71,1,1818,False,0.125,5,15,0,3,3,5,1,2,0
4652,0,2022-01-29T16:02:00Z,False,0,1/4/2024 0:00,Fatal,2.0,0.0,0.0,2.0,157,1278,1,2526,False,0.125,5,15,0,3,3,5,1,2,1
4653,0,2022-01-29T14:40:00Z,False,0,11/3/2022 0:00,?,0.0,0.0,0.0,0.0,1241,1779,1,576,True,0.125,5,15,0,3,3,5,1,2,0
4654,0,2022-01-29T14:00:00Z,False,0,7/13/2022 0:00,?,0.0,0.0,0.0,0.0,19,429,1,896,False,0.125,5,15,0,3,3,10,1,2,0
4655,0,2022-01-28T15:25:00Z,False,0,1/31/2024 0:00,Minor,0.0,0.0,1.0,1.0,1214,2099,1,2111,False,0.125,5,13,0,3,3,10,1,2,0
4656,0,2022-01-28T12:30:00Z,False,0,6/14/2022 0:00,?,0.0,0.0,0.0,0.0,896,1570,1,576,False,0.125,5,15,0,3,3,5,1,2,0
4657,0,2022-01-28T12:05:00Z,False,0,?,Fatal,1.0,1.0,0.0,2.0,250,60,1,576,False,,0,0,13,3,0,5,0,3,1
4658,0,2022-01-27T15:45:00Z,False,0,6/14/2022 0:00,?,0.0,0.0,0.0,0.0,1234,8,1,800,False,0.125,5,13,0,3,3,5,1,2,0
4659,0,2022-01-26T11:55:00Z,False,0,8/15/2023 0:00,Minor,0.0,0.0,1.0,1.0,157,1074,1,866,False,0.125,5,15,0,3,3,10,1,2,0
4660,0,2022-01-25T08:28:00Z,False,0,6/14/2022 0:00,?,0.0,0.0,0.0,0.0,381,919,1,1183,False,0.125,5,13,0,3,3,1,1,2,0
4661,0,2022-01-23T18:28:00Z,False,0,6/14/2023 0:00,Minor,0.0,0.0,2.0,2.0,367,2086,1,576,False,0.125,5,15,0,3,3,6,1,2,0
4662,0,2022-01-23T17:45:00Z,False,0,?,Serious,0.0,4.0,0.0,4.0,160,142,6,576,False,,0,0,13,3,0,3,0,3,0
4663,0,2022-01-23T11:30:00Z,False,0,1/30/2024 0:00,?,0.0,0.0,0.0,0.0,160,2131,6,1840,False,0.125,9,1,9,3,3,6,1,2,0
4664,0,2022-01-23T05:00:00Z,False,0,?,Fatal,2.0,0.0,0.0,2.0,1241,1772,1,576,False,,0,0,13,3,0,13,0,3,1
4665,1,2022-01-22T16:45:00Z,False,0,?,?,?,?,?,?,179,367,1,576,False,,0,0,12,0,0,4,0,3,0
4666,0,2022-01-22T12:57:00Z,False,0,12/12/2023 0:00,?,0.0,0.0,0.0,0.0,4,467,0,576,True,,0,0,10,0,0,0,0,0,0
4667,0,2022-01-21T15:00:00Z,False,0,6/14/2022 0:00,?,0.0,0.0,0.0,0.0,1287,1289,1,2485,True,0.125,5,15,0,3,3,5,1,2,0
4668,0,2022-01-21T05:00:00Z,False,0,?,?,0.0,0.0,0.0,0.0,250,60,1,576,False,,0,0,13,3,0,0,0,3,0
4669,0,2022-01-20T20:00:00Z,False,0,6/14/2022 0:00,?,0.0,0.0,0.0,0.0,270,1958,1,643,False,0.125,5,13,0,3,3,1,1,2,0
4670,0,2022-01-20T18:32:00Z,False,0,?,?,?,?,?,?,39,657,1,576,False,,0,0,12,3,0,10,0,3,0
4671,0,2022-01-20T14:20:00Z,False,0,3/2/2023 0:00,?,0.0,0.0,0.0,0.0,1285,1156,1,320,True,0.125,5,15,0,3,3,10,1,2,0
4672,0,2022-01-19T21:30:00Z,False,0,?,Minor,0.0,0.0,3.0,3.0,993,1725,6,576,False,0.125,0,0,12,3,0,3,0,3,0
4673,1,2022-01-19T20:50:00Z,False,0,?,?,0.0,0.0,0.0,0.0,212,790,1,576,False,,0,0,13,2,0,5,0,3,0
4674,0,2022-01-19T17:05:00Z,False,0,?,?,0.0,0.0,0.0,0.0,157,319,1,2420,False,0.25,0,15,13,3,0,1,0,3,0
4675,0,2022-01-18T14:15:00Z,False,0,6/14/2022 0:00,Serious,0.0,1.0,0.0,1.0,801,2081,1,472,True,0.125,5,15,0,3,3,1,1,2,0
4676,0,2022-01-18T12:02:00Z,False,0,10/13/2022 0:00,?,0.0,0.0,0.0,0.0,157,2147,1,2652,False,0.125,5,15,0,3,3,5,1,2,0
4677,0,2022-01-18T12:00:00Z,False,0,6/8/2023 0:00,Serious,0.0,1.0,0.0,1.0,250,23,1,801,False,0.125,5,15,0,3,3,10,1,2,0
4678,0,2022-01-17T23:56:00Z,False,0,1/31/2024 0:00,Minor,0.0,0.0,1.0,1.0,896,1593,1,576,False,0.125,5,15,0,3,3,3,1,2,0
4679,0,2022-01-17T21:30:00Z,False,0,?,?,0.0,0.0,0.0,0.0,157,790,1,2504,False,0.25,0,0,13,3,3,5,0,3,0
4680,0,2022-01-16T10:20:00Z,False,0,6/14/2022 0:00,?,0.0,0.0,0.0,0.0,857,645,1,2569,False,0.125,5,15,0,3,3,5,1,2,0
4681,0,2022-01-16T08:15:00Z,False,0,6/14/2022 0:00,Minor,0.0,0.0,1.0,1.0,722,1741,1,2824,False,0.125,5,15,0,3,3,4,1,2,0
4682,0,2022-01-16T05:00:00Z,False,0,?,Serious,0.0,1.0,0.0,1.0,45,516,1,576,False,,0,0,12,0,0,3,0,3,0
4683,1,2022-01-15T19:43:00Z,False,0,?,?,?,?,?,?,179,516,1,576,False,,0,0,12,0,0,3,0,3,0
4684,0,2022-01-15T14:40:00Z,False,0,?,Fatal,1.0,0.0,0.0,0.0,896,1592,1,576,False,,0,1,12,2,0,5,0,3,1
4685,0,2022-01-15T13:30:00Z,False,0,8/23/2023 0:00,?,0.0,0.0,0.0,0.0,160,141,6,576,False,0.125,9,13,0,3,3,13,1,2,0
4686,0,2022-01-15T10:55:00Z,False,0,8/23/2023 0:00,Serious,0.0,1.0,1.0,2.0,474,876,1,1370,False,0.125,5,15,0,3,3,10,1,2,0
4687,1,2022-01-15T05:00:00Z,False,0,?,?,0.0,0.0,0.0,0.0,179,356,1,2586,False,,0,0,12,0,0,10,0,3,0
4688,0,2022-01-14T20:02:00Z,False,0,6/14/2022 0:00,?,0.0,0.0,0.0,0.0,896,1580,1,576,False,0.125,5,15,0,3,3,3,1,2,0
4689,0,2022-01-14T16:30:00Z,False,0,6/14/2022 0:00,?,0.0,0.0,0.0,0.0,896,1556,1,933,False,0.125,5,15,0,3,3,5,1,2,0
4690,0,2022-01-14T14:55:00Z,False,0,?,?,0.0,0.0,0.0,0.0,781,239,6,576,False,,0,0,13,1,0,1,0,3,0
4691,0,2022-01-14T13:48:00Z,False,0,6/8/2023 0:00,Serious,0.0,1.0,0.0,1.0,1273,2059,1,2560,False,0.125,5,15,0,3,3,3,1,2,0
4692,0,2022-01-14T11:01:00Z,False,0,7/6/2023 0:00,Fatal,2.0,0.0,0.0,2.0,160,267,6,576,False,0.125,9,0,8,1,3,3,1,2,1
4693,0,2022-01-14T00:30:00Z,False,0,?,?,0.0,0.0,0.0,0.0,39,657,1,576,False,,0,0,13,3,0,10,0,3,0
4694,0,2022-01-13T14:38:00Z,False,0,?,?,0.0,0.0,0.0,0.0,160,268,6,576,False,,0,0,13,3,0,3,0,3,0
4695,0,2022-01-13T14:26:00Z,False,0,9/20/2023 0:00,?,0.0,0.0,0.0,0.0,270,1959,1,576,False,0.125,5,15,0,3,3,3,1,2,0
4696,0,2022-01-13T14:06:00Z,False,0,6/8/2023 0:00,?,0.0,0.0,0.0,0.0,443,988,1,1469,False,0.125,5,13,0,3,3,5,1,2,0
4697,0,2022-01-12T17:57:00Z,False,0,6/14/2022 0:00,?,0.0,0.0,0.0,0.0,0,819,1,2328,False,0.125,5,15,0,3,3,5,1,2,0
4698,0,2022-01-12T15:27:00Z,False,0,9/20/2023 0:00,Serious,0.0,2.0,0.0,2.0,896,1240,1,1150,False,0.125,5,13,0,3,3,1,1,2,0
4699,0,2022-01-12T13:40:00Z,False,0,6/14/2022 0:00,?,0.0,0.0,0.0,0.0,256,1871,6,2858,False,0.125,5,11,0,3,3,11,1,2,0
4700,0,2022-01-11T17:00:00Z,False,0,6/14/2022 0:00,?,0.0,0.0,0.0,0.0,250,85,1,607,False,0.125,5,15,0,3,3,5,1,2,0
4701,0,2022-01-11T16:46:00Z,False,0,6/22/2022 0:00,?,0.0,0.0,0.0,0.0,732,329,2,576,False,0.0,0,15,0,3,3,12,1,2,0
4702,0,2022-01-11T13:55:00Z,False,0,1/4/2024 0:00,Serious,0.0,1.0,0.0,1.0,434,1005,6,576,False,0.25,9,0,8,3,3,3,1,2,0
4703,0,2022-01-11T13:47:00Z,False,0,10/5/2023 0:00,?,0.0,0.0,0.0,0.0,896,1622,1,576,False,0.125,5,15,0,3,3,3,1,2,0
4704,1,2022-01-11T11:00:00Z,False,0,?,?,0.0,0.0,0.0,0.0,993,1721,6,576,False,,0,0,15,2,0,6,0,3,0
4705,0,2022-01-10T13:30:00Z,False,0,?,?,0.0,0.0,0.0,0.0,337,1698,1,576,False,,0,0,13,3,0,10,0,3,0
4706,0,2022-01-10T11:15:00Z,False,0,6/14/2022 0:00,?,0.0,0.0,0.0,0.0,896,1563,1,471,False,0.125,5,13,0,3,3,5,1,2,0
4707,0,2022-01-09T15:09:00Z,False,0,6/14/2023 0:00,Serious,0.0,1.0,0.0,1.0,250,67,1,2819,False,0.125,5,15,0,3,3,4,1,2,0
4708,0,2022-01-08T20:19:00Z,False,0,6/14/2023 0:00,Fatal,2.0,0.0,0.0,2.0,157,319,1,576,False,0.25,5,16,0,1,1,3,1,2,1
4709,0,2022-01-08T17:00:00Z,False,0,6/14/2022 0:00,?,0.0,0.0,0.0,0.0,250,38,1,972,False,0.125,5,15,0,2,3,11,1,2,0
4710,0,2022-01-08T16:30:00Z,False,0,6/8/2023 0:00,?,0.0,0.0,0.0,0.0,250,60,1,576,False,0.125,5,11,0,3,3,1,1,2,0
4711,0,2022-01-06T15:20:00Z,False,0,?,?,?,?,?,?,250,316,1,576,False,,0,0,15,4,0,11,0,3,0
4712,0,2022-01-06T05:00:00Z,False,0,?,Fatal,2.0,0.0,0.0,2.0,993,1725,6,576,False,,0,0,13,1,0,13,0,3,1
4713,0,2022-01-05T15:51:00Z,False,0,6/14/2022 0:00,?,0.0,0.0,0.0,0.0,896,1601,1,959,False,0.125,5,15,0,3,3,5,1,2,0
4714,1,2022-01-05T13:00:00Z,False,0,?,?,?,?,?,?,179,356,1,576,False,0.25,0,0,12,0,0,3,0,3,0
4715,0,2022-01-05T09:32:00Z,False,0,?,Minor,0.0,0.0,2.0,2.0,250,263,1,576,False,0.25,0,0,8,3,0,1,0,3,0
4716,2,2022-01-05T05:00:00Z,False,0,?,?,?,?,?,?,179,356,0,576,False,,0,0,6,0,0,3,0,0,0
4717,0,2022-01-04T14:34:00Z,False,0,6/14/2022 0:00,?,0.0,0.0,0.0,0.0,157,694,1,1879,False,0.125,5,13,0,3,3,5,1,2,0
4718,0,2022-01-04T12:30:00Z,False,0,6/8/2023 0:00,?,0.0,0.0,0.0,0.0,100,475,1,576,False,0.125,5,15,0,3,3,5,1,2,0
4719,0,2022-01-04T05:00:00Z,False,0,?,?,0.0,0.0,0.0,0.0,145,1260,1,1920,False,,0,0,12,3,0,5,0,3,0
4720,1,2022-01-04T05:00:00Z,False,0,?,?,?,?,?,?,179,356,1,2143,False,,0,0,12,2,0,0,0,3,0
4721,0,2022-01-03T16:00:00Z,False,0,?,Fatal,2.0,0.0,0.0,2.0,896,1621,1,576,False,0.125,0,0,13,4,0,6,0,3,1
4722,0,2022-01-03T13:05:00Z,False,0,6/22/2022 0:00,Minor,0.0,0.0,1.0,1.0,250,23,1,816,False,0.125,5,15,0,3,3,5,1,2,0
4723,0,2022-01-03T12:18:00Z,False,0,?,?,0.0,0.0,0.0,0.0,157,130,1,576,False,,0,0,13,3,0,5,0,3,0
4724,0,2022-01-03T07:10:00Z,False,0,?,?,?,?,?,?,145,1261,1,576,False,0.25,0,0,15,3,0,5,0,3,0
4725,0,2022-01-02T22:05:00Z,False,0,6/14/2022 0:00,?,0.0,0.0,0.0,0.0,250,70,1,662,False,0.125,5,15,0,3,3,5,1,2,0
4726,0,2022-01-02T16:30:00Z,False,0,1/30/2024 0:00,?,0.0,0.0,0.0,0.0,896,1587,1,1278,False,0.125,5,15,0,3,3,5,1,2,0
4727,1,2022-01-02T14:19:00Z,False,0,?,?,0.0,0.0,0.0,0.0,179,424,1,576,False,,0,0,6,0,0,1,0,3,0
4728,0,2022-01-02T11:40:00Z,False,0,6/14/2023 0:00,?,0.0,0.0,0.0,0.0,1317,837,1,576,True,0.125,5,15,0,3,3,3,1,2,0
4729,0,2022-01-02T05:00:00Z,False,0,?,?,?,?,?,?,993,1721,6,576,False,,0,0,0,3,0,3,0,3,0
4730,0,2022-01-01T18:15:00Z,False,0,6/14/2022 0:00,Minor,0.0,0.0,1.0,1.0,250,100,1,2317,False,0.125,5,21,0,3,3,1,1,2,0
4731,0,2022-01-01T13:11:00Z,False,0,6/8/2023 0:00,Minor,0.0,0.0,2.0,2.0,811,1384,1,2839,False,0.125,5,15,0,3,3,5,1,2,0
4732,0,2022-01-01T13:00:00Z,False,0,6/14/2022 0:00,?,0.0,0.0,0.0,0.0,70,451,1,576,False,0.125,5,15,0,3,3,10,1,2,0
4733,0,2023-12-31T17:40:00Z,False,0,?,?,0.0,0.0,0.0,0.0,270,1960,1,997,False,0.125,0,15,0,3,3,1,2,3,0
4734,0,2023-12-31T16:13:00Z,False,0,3/21/2024 0:00,?,0.0,0.0,0.0,0.0,526,1072,1,1401,False,0.125,5,15,0,3,3,5,1,2,0
4735,0,2023-12-31T14:13:00Z,False,0,?,Fatal,1.0,0.0,0.0,1.0,898,1679,1,82,False,0.125,0,15,0,3,3,13,2,3,1
4736,0,2023-12-30T20:28:00Z,False,0,?,Fatal,1.0,1.0,0.0,2.0,250,491,1,2508,False,,0,0,13,3,0,13,0,3,1
4737,0,2023-12-30T17:00:00Z,False,0,?,Serious,0.0,1.0,0.0,1.0,166,54,1,1250,False,0.125,0,15,0,3,3,4,2,3,0
4738,0,2023-12-30T16:04:00Z,False,0,1/25/2024 0:00,?,0.0,0.0,0.0,0.0,994,1725,6,948,False,0.5,5,14,0,1,3,1,1,2,0
4739,0,2023-12-30T13:40:00Z,False,0,?,?,?,?,?,?,250,60,1,2015,False,,0,0,13,3,0,1,0,3,0
4740,0,2023-12-30T09:25:00Z,False,0,?,?,0.0,0.0,0.0,0.0,250,316,1,1846,False,,0,0,13,3,0,5,0,3,0
4741,0,2023-12-29T23:57:00Z,False,0,?,Fatal,1.0,0.0,0.0,1.0,1317,1972,1,576,True,0.125,0,15,0,1,2,3,2,3,1
4742,0,2023-12-29T16:27:00Z,False,0,2/29/2024 0:00,?,0.0,0.0,0.0,0.0,771,1372,1,756,False,0.125,5,3,0,3,3,5,1,2,0
4743,0,2023-12-29T14:00:00Z,False,0,?,?,0.0,0.0,0.0,0.0,896,1573,1,2018,False,0.125,0,15,0,3,3,3,2,3,0
4744,0,2023-12-29T11:08:00Z,False,0,?,Fatal,3.0,0.0,0.0,3.0,39,655,1,576,False,,0,15,13,3,0,6,0,3,1
4745,0,2023-12-28T15:40:00Z,False,0,?,?,0.0,0.0,0.0,0.0,162,149,6,2089,False,0.125,0,3,0,3,3,3,2,3,0
4746,0,2023-12-28T11:57:00Z,False,0,2/1/2024 0:00,Minor,0.0,0.0,1.0,1.0,916,1889,1,576,False,0.125,5,15,0,3,3,5,1,2,0
4747,0,2023-12-27T14:59:00Z,False,0,1/2/2025 0:00,Fatal,1.0,0.0,0.0,1.0,606,242,6,2656,False,0.125,9,15,0,3,3,3,1,2,1
4748,0,2023-12-27T12:25:00Z,False,0,?,?,0.0,0.0,0.0,0.0,1241,1780,1,2789,False,,0,0,13,3,0,3,0,3,0
4749,0,2023-12-26T20:13:00Z,False,0,?,Fatal,1.0,0.0,0.0,1.0,270,1959,1,141,False,0.125,0,15,0,3,3,1,2,3,1
4750,0,2023-12-26T14:21:00Z,False,0,7/24/2024 0:00,?,0.0,0.0,0.0,0.0,556,1906,1,2274,True,0.125,5,15,0,3,3,5,1,2,0
4751,0,2023-12-26T13:15:00Z,False,0,2/8/2024 0:00,?,0.0,0.0,0.0,0.0,896,1632,1,2266,False,0.25,5,15,0,3,3,5,1,2,0
4752,0,2023-12-26T12:49:00Z,False,0,8/30/2024 0:00,Minor,0.0,0.0,3.0,3.0,49,611,6,576,False,0.125,9,6,8,3,3,5,1,2,0
4753,0,2023-12-26T12:40:00Z,False,0,?,?,0.0,0.0,0.0,0.0,896,1660,1,576,False,0.125,0,0,13,3,0,3,0,3,0
4754,0,2023-12-24T00:30:00Z,False,0,?,?,0.0,0.0,0.0,0.0,160,145,6,576,False,0.125,0,1,9,3,3,4,2,3,0
4755,0,2023-12-23T18:30:00Z,False,0,4/12/2024 0:00,Minor,0.0,0.0,1.0,1.0,250,164,1,1305,False,0.125,5,15,0,3,3,5,1,2,0
4756,0,2023-12-23T12:00:00Z,False,0,4/2/2025 0:00,?,0.0,0.0,0.0,0.0,250,73,1,2249,False,0.125,5,15,0,3,3,1,1,2,0
4757,0,2023-12-23T10:25:00Z,False,0,8/8/2024 0:00,?,0.0,0.0,0.0,0.0,1175,722,1,373,False,0.125,5,15,0,3,3,5,1,2,0
4758,1,2023-12-23T05:00:00Z,False,0,?,?,?,?,?,?,179,356,1,576,False,,0,0,6,0,0,1,0,3,0
4759,1,2023-12-21T23:55:00Z,False,0,?,?,0.0,0.0,0.0,?,179,356,1,576,False,0.25,0,0,12,0,0,1,0,3,0
4760,0,2023-12-21T21:00:00Z,False,0,?,?,?,?,?,?,157,539,1,1312,False,0.125,0,0,13,3,0,5,0,3,0
4761,0,2023-12-21T19:14:00Z,False,0,2/20/2025 0:00,Fatal,1.0,0.0,0.0,1.0,579,1136,1,576,False,0.125,5,15,0,1,3,3,1,2,1
4762,0,2023-12-21T17:53:00Z,False,0,4/24/2025 0:00,?,0.0,0.0,0.0,0.0,381,910,1,2560,False,0.125,5,15,0,3,3,3,1,2,0
4763,0,2023-12-21T14:10:00Z,False,0,?,Minor,0.0,0.0,2.0,2.0,811,1387,1,576,False,0.125,0,15,0,3,3,3,2,3,0
4764,1,2023-12-21T10:07:00Z,False,0,?,?,0.0,0.0,0.0,0.0,179,424,1,725,False,0.25,0,0,12,0,0,5,0,3,0
4765,1,2023-12-20T15:14:00Z,False,0,?,?,?,?,?,?,179,366,1,2001,False,0.25,0,0,4,2,3,10,2,3,0
4766,1,2023-12-20T09:09:00Z,False,0,?,?,0.0,0.0,0.0,0.0,45,523,1,576,False,,0,16,6,0,0,4,0,3,0
4767,0,2023-12-19T22:04:00Z,False,0,?,Fatal,2.0,0.0,0.0,2.0,73,610,6,576,False,0.125,0,14,0,1,3,3,2,3,1
4768,0,2023-12-19T19:30:00Z,False,0,3/12/2024 0:00,?,0.0,0.0,0.0,0.0,179,356,1,576,False,0.25,6,0,4,3,3,3,1,2,0
4769,1,2023-12-19T19:00:00Z,False,0,?,?,0.0,0.0,0.0,?,179,356,1,2738,False,0.25,0,0,12,0,0,1,0,3,0
4770,0,2023-12-19T18:20:00Z,False,0,?,?,0.0,0.0,0.0,0.0,993,1725,6,576,False,,0,9,13,3,0,2,0,3,0
4771,0,2023-12-19T11:05:00Z,False,0,2/20/2024 0:00,?,0.0,0.0,0.0,0.0,250,71,1,576,False,0.125,5,15,0,3,3,5,1,2,0
4772,1,2023-12-19T09:42:00Z,False,0,?,?,?,?,?,?,179,356,1,576,False,,0,0,12,0,0,10,0,3,0
4773,1,2023-12-19T00:29:00Z,False,0,?,Minor,0.0,0.0,5.0,5.0,541,1133,1,576,False,0.25,0,22,12,3,0,3,0,3,0
4774,0,2023-12-18T19:35:00Z,False,0,3/21/2024 0:00,Minor,0.0,0.0,2.0,2.0,270,1958,1,2245,False,0.125,5,13,0,3,3,1,1,2,0
4775,0,2023-12-18T19:30:00Z,False,0,4/12/2024 0:00,Minor,0.0,0.0,2.0,2.0,13,4,1,2700,False,0.125,5,13,0,3,3,1,1,2,0
4776,0,2023-12-18T16:20:00Z,False,0,2/20/2024 0:00,Minor,0.0,0.0,1.0,1.0,896,1584,1,1381,False,0.25,5,3,0,3,3,1,1,2,0
4777,0,2023-12-18T15:40:00Z,False,0,1/2/2025 0:00,?,0.0,0.0,0.0,0.0,157,508,1,2656,False,0.125,5,15,0,3,3,4,1,2,0
4778,0,2023-12-17T16:14:00Z,False,0,4/1/2025 0:00,Serious,0.0,2.0,0.0,2.0,157,706,1,747,False,0.125,5,15,0,1,3,4,1,2,0
4779,1,2023-12-17T16:09:00Z,False,0,?,?,0.0,0.0,0.0,?,179,356,1,1180,False,0.25,0,0,12,4,0,10,0,3,0
4780,0,2023-12-17T12:46:00Z,False,0,3/21/2024 0:00,?,0.0,0.0,0.0,0.0,250,72,1,2468,False,0.125,5,13,0,3,3,5,1,2,0
4781,0,2023-12-16T18:54:00Z,False,0,?,Fatal,3.0,0.0,0.0,3.0,250,66,1,489,False,0.125,0,15,0,1,0,1,2,3,1
4782,0,2023-12-16T13:50:00Z,False,0,?,Fatal,1.0,0.0,0.0,1.0,354,2165,1,612,True,0.125,0,15,0,3,3,10,2,3,1
4783,0,2023-12-16T12:37:00Z,False,0,3/21/2024 0:00,?,0.0,0.0,0.0,0.0,953,1046,6,576,True,0.125,5,15,0,3,2,6,1,2,0
4784,0,2023-12-15T22:33:00Z,False,0,2/29/2024 0:00,?,0.0,0.0,0.0,0.0,157,319,1,520,False,0.25,5,15,0,3,3,5,1,2,0
4785,0,2023-12-15T10:47:00Z,False,0,?,?,0.0,0.0,0.0,0.0,250,1065,1,576,False,,0,0,13,3,0,3,0,3,0
4786,0,2023-12-14T22:15:00Z,False,0,?,Serious,0.0,1.0,1.0,2.0,381,911,1,576,False,0.125,0,13,0,3,3,6,2,3,0
4787,0,2023-12-14T14:18:00Z,False,0,?,Fatal,2.0,0.0,0.0,2.0,894,1681,1,576,False,0.125,0,15,0,3,1,1,2,3,1
4788,0,2023-12-13T19:30:00Z,False,0,1/16/2025 0:00,?,0.0,0.0,0.0,0.0,250,2041,1,2376,False,0.125,5,15,0,3,3,3,1,2,0
4789,0,2023-12-12T17:44:00Z,False,0,1/25/2024 0:00,?,0.0,0.0,0.0,0.0,157,536,1,2443,False,0.125,5,15,0,3,3,5,1,2,0
4790,0,2023-12-12T14:30:00Z,False,0,8/1/2024 0:00,?,0.0,0.0,0.0,0.0,250,228,1,2080,False,0.25,5,15,0,3,3,5,1,2,0
4791,0,2023-12-11T21:30:00Z,False,0,?,Serious,0.0,1.0,0.0,1.0,896,1588,1,644,False,0.125,0,15,0,3,3,13,2,3,0
4792,0,2023-12-11T20:50:00Z,False,0,2/20/2025 0:00,Minor,0.0,0.0,2.0,2.0,1241,1780,1,2566,True,0.125,5,11,0,3,3,5,1,2,0
4793,0,2023-12-11T16:00:00Z,False,0,6/28/2024 0:00,?,0.0,0.0,0.0,0.0,320,60,1,2244,False,0.125,5,15,0,3,3,5,1,2,0
4794,0,2023-12-11T13:15:00Z,False,0,1/25/2024 0:00,?,0.0,0.0,0.0,0.0,250,60,1,2243,False,0.125,5,13,0,3,3,10,1,2,0
4795,0,2023-12-10T23:50:00Z,False,0,1/25/2024 0:00,?,0.0,0.0,0.0,0.0,250,42,1,2272,False,0.125,5,15,0,3,3,10,1,2,0
4796,0,2023-12-10T18:11:00Z,False,0,2/8/2024 0:00,?,0.0,0.0,0.0,0.0,896,1678,1,659,False,0.125,8,15,0,3,3,1,1,2,0
4797,0,2023-12-10T17:55:00Z,False,0,?,Fatal,1.0,0.0,0.0,1.0,157,536,1,576,False,0.125,0,15,0,3,3,3,2,3,1
4798,0,2023-12-10T13:13:00Z,False,0,2/20/2024 0:00,?,0.0,0.0,0.0,0.0,896,1660,1,1737,False,0.125,5,15,0,3,3,5,1,2,0
4799,0,2023-12-10T12:19:00Z,False,0,?,Fatal,2.0,0.0,0.0,2.0,157,507,1,2301,False,0.125,0,15,0,1,3,4,2,3,1
4800,0,2023-12-09T13:30:00Z,False,0,?,?,?,?,?,?,39,652,1,576,False,,0,0,13,3,0,6,0,3,0
4801,2,2023-12-09T13:06:00Z,False,0,?,?,?,?,?,?,381,919,6,2767,False,0.125,0,0,15,0,0,1,2,3,0
4802,0,2023-12-08T19:05:00Z,False,0,7/2/2024 0:00,?,0.0,0.0,0.0,0.0,1241,1780,1,2298,True,0.125,5,16,0,3,3,5,1,2,0
4803,0,2023-12-08T18:11:00Z,False,0,1/25/2024 0:00,?,0.0,0.0,0.0,0.0,250,32,1,576,False,0.125,5,15,0,3,3,6,1,2,0
4804,0,2023-12-08T15:29:00Z,False,0,?,Fatal,1.0,0.0,0.0,1.0,155,1895,1,1010,True,0.125,0,15,0,1,3,10,2,3,1
4805,0,2023-12-08T15:15:00Z,False,0,?,Fatal,1.0,1.0,0.0,2.0,896,1570,1,576,False,0.125,0,15,0,1,3,3,2,3,1
4806,0,2023-12-08T14:32:00Z,False,0,?,?,0.0,0.0,0.0,0.0,250,277,1,576,False,0.25,0,16,0,3,3,3,2,3,0
4807,0,2023-12-08T14:02:00Z,False,0,7/2/2024 0:00,?,0.0,0.0,0.0,0.0,250,71,1,2656,False,0.125,5,13,0,3,3,11,1,2,0
4808,0,2023-12-07T21:00:00Z,False,0,?,Fatal,1.0,0.0,0.0,1.0,993,1721,6,576,False,,0,0,13,3,0,3,0,3,1
4809,0,2023-12-07T14:48:00Z,False,0,9/18/2024 0:00,Serious,0.0,2.0,0.0,2.0,250,60,1,2886,False,0.125,5,13,0,3,3,4,1,2,0
4810,0,2023-12-07T13:03:00Z,False,0,?,Fatal,2.0,0.0,0.0,2.0,157,233,1,576,False,0.125,0,15,0,1,3,3,2,3,1
4811,0,2023-12-06T17:30:00Z,False,0,?,Fatal,5.0,2.0,0.0,7.0,160,268,6,576,False,,0,0,13,1,0,6,0,3,1
4812,0,2023-12-06T16:26:00Z,False,0,2/8/2024 0:00,?,0.0,0.0,0.0,0.0,896,1613,1,634,False,0.25,5,15,0,3,3,5,1,2,0
4813,0,2023-12-06T16:15:00Z,False,0,8/30/2024 0:00,?,0.0,0.0,0.0,0.0,157,130,1,2220,False,0.25,8,22,8,3,1,5,1,2,0
4814,0,2023-12-06T09:44:00Z,False,0,?,Serious,0.0,1.0,0.0,1.0,971,1793,1,2702,False,0.125,0,15,0,3,3,4,2,3,0
4815,0,2023-12-05T19:30:00Z,False,0,10/22/2024 0:00,?,0.0,0.0,0.0,0.0,996,1727,6,918,False,0.125,5,1,9,3,3,6,1,2,0
4816,0,2023-12-05T18:45:00Z,False,0,11/21/2024 0:00,Minor,0.0,0.0,2.0,2.0,1241,1780,1,396,True,0.125,5,15,0,3,3,3,1,2,0
4817,0,2023-12-05T17:00:00Z,False,0,3/21/2024 0:00,?,0.0,0.0,0.0,0.0,1183,77,1,98,False,0.125,5,13,0,3,3,6,1,2,0
4818,0,2023-12-04T21:30:00Z,False,0,8/15/2024 0:00,?,0.0,0.0,0.0,0.0,896,1600,1,1469,False,0.125,5,13,0,3,3,3,1,2,0
4819,0,2023-12-04T19:15:00Z,False,0,?,Serious,0.0,3.0,0.0,3.0,896,1665,1,576,False,,0,0,13,1,0,3,0,3,0
4820,0,2023-12-04T14:50:00Z,False,0,4/2/2025 0:00,Serious,0.0,1.0,1.0,2.0,381,910,1,2244,False,0.125,5,11,0,3,3,3,1,2,0
4821,0,2023-12-04T13:20:00Z,False,0,?,Fatal,2.0,0.0,0.0,2.0,157,986,1,576,False,0.25,0,13,0,3,3,6,2,3,1
4822,2,2023-12-04T13:05:00Z,False,0,?,?,?,?,?,?,179,357,1,576,False,,0,0,6,0,0,1,0,3,0
4823,0,2023-12-04T10:59:00Z,False,0,?,Fatal,5.0,0.0,0.0,5.0,896,1621,1,576,False,0.125,0,0,12,4,3,13,0,3,1
4824,0,2023-12-03T23:04:00Z,False,0,12/18/2024 0:00,Minor,0.0,0.0,1.0,1.0,896,1621,1,2090,False,0.125,5,15,0,3,3,1,1,2,0
4825,0,2023-12-03T17:48:00Z,False,0,?,Fatal,1.0,0.0,0.0,1.0,157,784,1,1401,False,0.125,0,15,0,1,1,1,2,3,1
4826,0,2023-12-02T20:00:00Z,False,0,?,Fatal,4.0,0.0,0.0,4.0,250,156,1,576,False,,0,0,13,1,0,11,0,3,1
4827,0,2023-12-02T15:43:00Z,False,0,?,Serious,0.0,1.0,0.0,1.0,250,1530,1,1719,False,0.125,0,15,0,3,3,10,2,3,0
4828,0,2023-12-01T11:15:00Z,False,0,?,?,?,?,?,?,426,187,6,576,False,,0,0,13,3,0,10,0,3,0
4829,2,2023-12-01T09:00:00Z,False,0,?,?,?,?,?,?,179,356,1,576,False,,0,0,6,0,0,10,0,3,0
4830,0,2023-12-01T01:00:00Z,False,0,?,Serious,0.0,6.0,0.0,6.0,162,149,6,576,False,0.125,0,0,13,3,0,6,0,3,0
4831,0,2023-11-30T17:13:00Z,False,0,?,Minor,0.0,0.0,2.0,2.0,250,97,1,576,False,0.125,0,15,0,3,3,6,2,3,0
4832,0,2023-11-30T15:18:00Z,False,0,?,?,0.0,0.0,0.0,0.0,963,258,1,2233,False,0.25,0,16,0,3,3,5,2,3,0
4833,0,2023-11-30T13:30:00Z,False,0,1/25/2024 0:00,?,0.0,0.0,0.0,0.0,1123,8,1,2011,False,0.125,5,13,0,3,3,5,1,2,0
4834,0,2023-11-30T13:00:00Z,False,0,?,?,0.0,0.0,0.0,0.0,250,495,1,576,False,,0,0,15,3,0,10,0,3,0
4835,1,2023-11-30T10:56:00Z,False,0,?,?,0.0,0.0,0.0,?,179,380,1,1353,False,0.25,0,0,12,4,0,10,0,3,0
4836,1,2023-11-30T08:14:00Z,False,0,?,Minor,0.0,0.0,1.0,0.0,179,354,1,2139,False,0.25,0,0,4,2,3,11,2,3,0
4837,0,2023-11-29T19:15:00Z,False,0,3/21/2024 0:00,?,0.0,0.0,0.0,0.0,896,1660,1,1323,False,0.125,5,13,0,3,3,5,1,2,0
4838,0,2023-11-29T18:19:00Z,False,0,1/25/2024 0:00,?,0.0,0.0,0.0,0.0,381,910,1,1345,False,0.125,5,15,0,3,3,4,1,2,0
4839,0,2023-11-29T16:30:00Z,False,0,?,Fatal,2.0,0.0,0.0,2.0,782,323,6,576,False,0.125,0,8,7,3,3,6,2,3,1
4840,0,2023-11-29T14:25:00Z,False,0,6/6/2024 0:00,?,0.0,0.0,0.0,0.0,250,72,1,2835,False,0.125,0,13,0,3,3,4,1,2,0
4841,0,2023-11-28T23:48:00Z,False,0,?,Serious,0.0,1.0,0.0,1.0,250,57,1,905,False,,0,0,13,3,0,1,0,3,0
4842,0,2023-11-28T20:28:00Z,False,0,7/24/2024 0:00,?,0.0,0.0,0.0,0.0,716,176,1,2579,True,0.125,5,15,0,3,3,5,1,2,0
4843,0,2023-11-28T18:40:00Z,False,0,1/10/2024 0:00,?,0.0,0.0,0.0,0.0,250,95,1,1974,False,0.125,5,15,0,3,3,5,1,2,0
4844,0,2023-11-28T12:31:00Z,False,0,5/30/2024 0:00,Minor,0.0,0.0,2.0,1.0,896,1601,1,1924,False,0.125,5,15,0,3,3,1,1,2,0
4845,1,2023-11-28T05:00:00Z,False,0,?,?,?,?,?,?,179,356,1,576,False,,0,0,12,2,0,5,0,3,0
4846,0,2023-11-27T19:48:00Z,False,0,?,Fatal,1.0,0.0,0.0,1.0,896,1670,1,576,False,0.125,0,15,0,3,3,3,2,3,1
4847,0,2023-11-27T15:05:00Z,False,0,2/26/2025 0:00,Minor,0.0,0.0,1.0,1.0,250,59,1,2114,False,0.125,5,15,0,3,3,5,1,2,0
4848,0,2023-11-27T12:20:00Z,False,0,2/1/2024 0:00,?,0.0,0.0,0.0,0.0,250,73,1,1832,False,0.125,5,15,0,3,3,5,1,2,0
4849,0,2023-11-26T20:30:00Z,False,0,?,Fatal,1.0,0.0,0.0,1.0,993,1728,6,576,False,,0,0,13,3,0,6,0,3,1
4850,0,2023-11-26T18:40:00Z,False,0,2/29/2024 0:00,?,0.0,0.0,0.0,0.0,250,317,1,576,False,0.25,6,22,8,3,3,3,1,2,0
4851,0,2023-11-26T14:00:00Z,False,0,?,Minor,0.0,0.0,1.0,1.0,250,60,1,576,False,,0,0,13,3,0,6,0,3,0
4852,0,2023-11-26T12:10:00Z,False,0,?,Minor,0.0,0.0,1.0,1.0,250,104,1,842,False,0.125,0,21,0,3,3,5,2,3,0
4853,0,2023-11-26T12:00:00Z,False,0,?,Fatal,2.0,0.0,0.0,2.0,1097,2072,1,1745,False,0.125,0,15,0,1,1,4,2,3,1
4854,0,2023-11-26T10:35:00Z,False,0,1/25/2024 0:00,?,0.0,0.0,0.0,0.0,157,536,1,2775,False,0.125,5,16,0,3,3,5,1,2,0
4855,0,2023-11-25T20:36:00Z,False,0,4/23/2025 0:00,Fatal,3.0,0.0,0.0,3.0,896,1600,1,576,False,0.125,5,15,0,1,2,3,1,2,1
4856,0,2023-11-25T05:00:00Z,False,0,?,Fatal,4.0,0.0,0.0,4.0,998,11,1,576,False,,0,0,13,3,0,6,0,3,1
4857,0,2023-11-24T18:23:00Z,False,0,?,Fatal,1.0,1.0,0.0,2.0,250,263,1,576,False,0.25,0,0,13,1,0,4,0,3,1
4858,0,2023-11-24T17:00:00Z,False,0,?,?,0.0,0.0,0.0,0.0,896,1677,1,576,False,,0,0,13,3,0,5,0,3,0
4859,0,2023-11-23T12:00:00Z,False,0,?,?,0.0,0.0,0.0,0.0,896,218,1,576,False,,0,0,13,3,0,3,0,3,0
4860,0,2023-11-22T19:20:00Z,False,0,1/25/2024 0:00,Minor,0.0,0.0,2.0,2.0,811,1386,1,1902,False,0.125,5,15,0,3,3,1,1,2,0
4861,0,2023-11-22T18:46:00Z,False,0,?,Fatal,2.0,0.0,0.0,2.0,270,1960,1,1277,False,0.125,0,13,0,1,3,13,2,3,1
4862,0,2023-11-22T14:15:00Z,False,0,1/4/2024 0:00,Minor,0.0,0.0,1.0,1.0,19,429,1,395,False,0.125,5,15,0,3,3,5,1,2,0
4863,0,2023-11-21T23:00:00Z,False,0,6/28/2024 0:00,?,0.0,0.0,0.0,0.0,250,94,1,88,False,0.125,5,6,8,3,3,5,1,2,0
4864,0,2023-11-21T23:00:00Z,False,0,4/12/2024 0:00,Minor,0.0,0.0,2.0,2.0,48,1007,6,576,False,0.25,9,16,0,3,3,3,1,2,0
4865,0,2023-11-21T19:48:00Z,False,0,?,Fatal,1.0,0.0,0.0,1.0,811,1384,1,576,False,,0,15,0,1,3,13,2,3,1
4866,0,2023-11-21T12:00:00Z,False,0,4/19/2024 0:00,?,0.0,0.0,0.0,0.0,154,1114,1,1017,True,0.125,5,11,0,3,3,5,1,2,0
4867,2,2023-11-21T07:00:00Z,False,0,?,?,?,?,?,?,179,356,1,576,False,,0,0,6,4,0,10,0,3,0
4868,0,2023-11-21T05:00:00Z,False,0,?,?,0.0,0.0,0.0,0.0,771,1397,1,576,False,,0,0,13,4,0,5,0,3,0
4869,0,2023-11-20T22:05:00Z,False,0,?,?,0.0,0.0,0.0,0.0,215,1504,6,1542,False,0.125,0,1,9,3,3,4,2,3,0
4870,0,2023-11-20T12:17:00Z,False,0,1/25/2024 0:00,?,0.0,0.0,0.0,0.0,250,72,1,130,False,0.125,5,13,0,3,3,1,1,2,0
4871,0,2023-11-19T13:26:00Z,False,0,2/29/2024 0:00,Minor,0.0,0.0,2.0,2.0,13,11,1,447,False,0.125,5,13,0,3,3,5,1,2,0
4872,0,2023-11-18T17:22:00Z,False,0,?,?,0.0,0.0,0.0,0.0,250,43,1,2795,False,0.125,0,13,0,3,3,2,2,3,0
4873,0,2023-11-18T16:30:00Z,False,0,9/19/2024 0:00,?,0.0,0.0,0.0,0.0,996,1727,6,2140,False,0.125,5,15,0,3,3,11,1,2,0
4874,0,2023-11-18T14:25:00Z,False,0,10/10/2024 0:00,Minor,0.0,0.0,2.0,2.0,474,876,1,576,False,0.125,5,15,0,3,3,3,1,2,0
4875,0,2023-11-18T14:00:00Z,False,0,8/30/2024 0:00,?,0.0,0.0,0.0,0.0,259,1280,1,2210,True,0.125,5,15,0,3,3,5,1,2,0
4876,0,2023-11-18T12:50:00Z,False,0,12/13/2023 0:00,?,0.0,0.0,0.0,0.0,250,493,1,576,False,0.125,5,16,0,3,3,5,1,2,0
4877,0,2023-11-17T22:30:00Z,False,0,2/26/2025 0:00,?,0.0,0.0,0.0,0.0,157,458,1,2101,False,0.25,5,13,0,3,3,4,1,2,0
4878,1,2023-11-17T22:25:00Z,False,0,?,?,0.0,0.0,0.0,0.0,179,356,1,576,False,,0,0,12,2,0,3,0,3,0
4879,0,2023-11-17T19:08:00Z,False,0,9/5/2024 0:00,Minor,0.0,0.0,1.0,1.0,716,1230,1,576,True,0.125,5,15,0,3,3,3,1,2,0
4880,0,2023-11-17T18:35:00Z,False,0,?,Fatal,1.0,1.0,0.0,2.0,250,60,1,576,False,,0,0,13,1,0,13,0,3,1
4881,0,2023-11-17T17:24:00Z,False,0,11/14/2024 0:00,Minor,0.0,0.0,1.0,1.0,896,1668,1,576,False,0.125,5,15,0,3,3,3,1,2,0
4882,0,2023-11-17T15:10:00Z,False,0,5/29/2024 0:00,?,0.0,0.0,0.0,0.0,896,1240,1,835,False,0.125,5,15,0,3,3,5,1,2,0
4883,0,2023-11-17T15:04:00Z,False,0,3/21/2024 0:00,?,0.0,0.0,0.0,0.0,630,1874,1,485,False,0.125,5,15,0,3,3,5,1,2,0
4884,0,2023-11-16T19:38:00Z,False,0,2/8/2024 0:00,?,0.0,0.0,0.0,0.0,1185,1013,5,2101,True,0.125,5,15,0,3,3,5,1,2,0
4885,0,2023-11-16T17:30:00Z,False,0,?,?,?,?,?,?,157,486,1,576,False,,0,0,13,3,0,5,0,3,0
4886,0,2023-11-16T13:30:00Z,False,0,4/24/2025 0:00,Minor,0.0,0.0,1.0,1.0,161,1921,1,414,True,0.125,5,15,0,3,3,4,1,2,0
4887,0,2023-11-15T23:20:00Z,False,0,?,Fatal,1.0,0.0,0.0,1.0,250,1530,1,2034,False,0.125,0,15,0,3,0,1,2,3,1
4888,0,2023-11-15T21:30:00Z,False,0,9/27/2024 0:00,?,0.0,0.0,0.0,0.0,160,267,6,1181,False,0.125,9,13,0,3,3,2,1,2,0
4889,0,2023-11-15T12:40:00Z,False,0,?,Fatal,2.0,0.0,0.0,2.0,1308,2205,1,2734,False,0.125,0,13,0,3,3,6,2,3,1
4890,0,2023-11-15T09:45:00Z,False,0,6/6/2024 0:00,?,0.0,0.0,0.0,0.0,160,1504,6,576,False,0.125,9,8,7,3,3,6,1,2,0
4891,1,2023-11-14T16:18:00Z,False,0,?,?,0.0,0.0,0.0,0.0,182,857,1,576,False,,0,0,12,0,0,11,0,3,0
4892,0,2023-11-14T16:09:00Z,False,0,?,Fatal,1.0,0.0,0.0,1.0,896,1600,1,576,False,0.125,0,15,0,1,1,3,2,3,1
4893,0,2023-11-14T15:53:00Z,False,0,4/23/2025 0:00,Minor,0.0,0.0,1.0,1.0,211,725,1,576,True,0.125,5,15,0,3,3,3,1,2,0
4894,0,2023-11-14T12:08:00Z,False,0,?,Fatal,2.0,1.0,0.0,3.0,250,66,1,576,False,0.125,0,15,0,3,3,6,2,3,1
4895,0,2023-11-13T10:00:00Z,False,0,?,Minor,0.0,0.0,1.0,1.0,250,208,1,883,False,0.25,0,15,0,3,3,5,2,3,0
4896,0,2023-11-13T09:48:00Z,False,0,2/1/2024 0:00,?,0.0,0.0,0.0,0.0,250,156,1,1192,False,0.125,5,15,0,3,3,5,1,2,0
4897,0,2023-11-13T09:30:00Z,False,0,?,?,?,?,?,?,250,45,1,576,False,,0,0,13,3,0,3,0,3,0
4898,0,2023-11-12T18:15:00Z,False,0,4/2/2025 0:00,Minor,0.0,0.0,1.0,1.0,896,1578,1,2214,False,0.125,5,15,0,3,3,1,1,2,0
4899,1,2023-11-12T13:50:00Z,False,0,?,?,?,?,?,?,157,175,0,576,False,,0,13,0,0,0,3,2,0,0
4900,0,2023-11-11T15:57:00Z,False,0,2/20/2025 0:00,?,0.0,0.0,0.0,0.0,250,275,1,1623,False,0.25,5,15,0,3,3,5,1,2,0
4901,0,2023-11-11T14:41:00Z,False,0,5/14/2024 0:00,Minor,0.0,0.0,1.0,0.0,325,1356,1,2614,True,0.125,8,15,0,3,3,5,1,2,0
4902,0,2023-11-11T10:15:00Z,False,0,7/24/2024 0:00,Minor,0.0,0.0,1.0,1.0,1175,721,1,23,False,0.125,5,15,0,3,3,10,1,2,0
4903,0,2023-11-10T17:45:00Z,False,0,?,Fatal,2.0,0.0,0.0,2.0,250,32,1,1824,False,,0,0,13,4,0,4,0,3,1
4904,0,2023-11-10T15:00:00Z,False,0,1/4/2024 0:00,?,0.0,0.0,0.0,0.0,65,1433,10,2234,False,0.75,0,11,0,3,3,5,1,2,0
4905,0,2023-11-10T12:50:00Z,False,0,?,Minor,0.0,0.0,2.0,2.0,250,77,1,1685,False,0.125,0,13,0,3,3,10,2,3,0
4906,1,2023-11-10T11:45:00Z,False,0,?,?,?,?,?,?,179,424,1,2771,False,,0,0,12,0,0,5,0,3,0
4907,1,2023-11-10T09:13:00Z,False,0,?,?,?,?,?,?,45,512,1,576,False,0.25,0,0,12,0,0,3,2,3,0
4908,0,2023-11-10T05:00:00Z,False,0,?,Fatal,3.0,0.0,0.0,3.0,250,277,1,576,False,0.25,0,0,13,4,0,4,0,3,1
4909,0,2023-11-09T14:00:00Z,False,0,6/6/2024 0:00,?,0.0,0.0,0.0,0.0,896,1558,1,1535,False,0.125,5,15,0,3,3,5,1,2,0
4910,0,2023-11-09T11:30:00Z,False,0,?,?,0.0,0.0,0.0,0.0,1183,77,1,732,False,0.125,0,13,0,3,3,13,2,3,0
4911,0,2023-11-08T18:45:00Z,False,0,9/27/2024 0:00,?,0.0,0.0,0.0,0.0,896,1670,1,52,False,0.125,5,13,0,3,3,5,1,2,0
4912,0,2023-11-08T14:45:00Z,False,0,4/19/2024 0:00,?,0.0,0.0,0.0,0.0,584,795,6,2147,False,0.125,5,13,0,3,3,5,1,2,0
4913,0,2023-11-08T10:30:00Z,False,0,12/13/2023 0:00,?,0.0,0.0,0.0,0.0,544,552,1,2620,False,0.125,5,15,0,3,3,11,1,2,0
4914,1,2023-11-07T22:25:00Z,False,0,?,?,?,?,?,?,179,424,1,576,False,,0,0,12,2,0,3,0,3,0
4915,0,2023-11-07T19:00:00Z,False,0,12/13/2023 0:00,?,0.0,0.0,0.0,0.0,511,2156,1,1822,True,0.125,5,15,0,3,3,5,1,2,0
4916,0,2023-11-07T17:10:00Z,False,0,2/20/2025 0:00,?,0.0,0.0,0.0,0.0,13,300,1,576,False,0.25,5,16,0,3,3,3,1,2,0
4917,1,2023-11-06T22:35:00Z,False,0,?,?,0.0,0.0,0.0,0.0,179,424,1,576,False,,0,0,12,0,0,1,0,3,0
4918,0,2023-11-06T12:00:00Z,False,0,6/6/2024 0:00,?,0.0,0.0,0.0,0.0,782,244,6,1198,False,0.25,9,14,0,3,3,5,1,2,0
4919,0,2023-11-05T17:00:00Z,False,0,3/21/2024 0:00,Minor,0.0,0.0,1.0,0.0,1226,190,1,521,True,0.5,5,11,0,3,3,5,1,2,0
4920,0,2023-11-05T15:49:00Z,False,0,?,?,0.0,0.0,0.0,0.0,24,1867,6,576,False,0.125,0,0,13,3,0,10,0,3,0
4921,1,2023-11-05T10:55:00Z,False,0,?,?,?,?,?,?,45,516,1,576,False,,0,0,12,0,0,1,0,3,0
4922,0,2023-11-04T16:00:00Z,False,0,6/28/2024 0:00,?,0.0,0.0,0.0,0.0,896,1570,1,1474,False,0.125,5,13,0,3,3,5,1,2,0
4923,0,2023-11-04T15:30:00Z,False,0,?,Fatal,3.0,0.0,0.0,3.0,546,348,1,576,False,0.25,0,0,13,1,0,3,0,3,1
4924,0,2023-11-04T15:20:00Z,False,0,1/4/2024 0:00,?,0.0,0.0,0.0,0.0,896,1648,1,2706,False,0.125,5,15,0,3,3,5,1,2,0
4925,0,2023-11-04T15:00:00Z,False,0,2/8/2024 0:00,?,0.0,0.0,0.0,0.0,694,1841,1,576,True,0.125,5,15,0,3,3,5,1,2,0
4926,0,2023-11-04T13:00:00Z,False,0,?,?,0.0,0.0,0.0,0.0,160,2132,6,1142,False,0.125,0,1,9,3,3,9,2,3,0
4927,0,2023-11-04T09:50:00Z,False,0,?,Serious,0.0,1.0,0.0,1.0,28,1789,2,2238,False,0.0,0,15,0,2,3,5,2,3,0
4928,0,2023-11-03T12:32:00Z,False,0,1/4/2024 0:00,?,0.0,0.0,0.0,0.0,532,1768,1,919,True,0.125,5,15,0,3,3,1,1,2,0
4929,0,2023-11-02T15:44:00Z,False,0,?,Fatal,4.0,0.0,0.0,4.0,269,1958,1,576,False,,0,0,6,1,0,13,0,3,1
4930,0,2023-11-01T15:15:00Z,False,0,?,?,?,?,?,?,723,229,1,1947,False,,0,0,13,1,0,5,0,3,0
4931,0,2023-10-31T12:23:00Z,False,0,1/22/2025 0:00,Fatal,2.0,0.0,0.0,2.0,896,1622,1,576,False,0.125,5,15,0,1,3,3,1,2,1
4932,0,2023-10-31T10:00:00Z,False,0,?,Fatal,4.0,0.0,0.0,4.0,993,1725,6,576,False,0.125,0,15,13,1,0,6,0,3,1
4933,0,2023-10-31T04:58:00Z,False,0,?,Serious,0.0,1.0,0.0,1.0,250,60,1,576,False,0.125,0,15,0,3,3,3,2,3,0
4934,0,2023-10-30T19:30:00Z,False,0,1/25/2024 0:00,?,0.0,0.0,0.0,0.0,811,1388,1,576,False,0.125,5,9,0,3,3,3,1,2,0
4935,1,2023-10-30T13:46:00Z,False,0,?,?,0.0,0.0,0.0,0.0,45,523,1,576,False,,0,0,12,0,0,4,0,3,0
4936,0,2023-10-30T13:00:00Z,False,0,?,Fatal,1.0,1.0,0.0,2.0,896,1556,1,1894,False,0.125,0,15,0,3,3,10,2,3,1
4937,0,2023-10-29T14:15:00Z,False,0,1/25/2024 0:00,Minor,0.0,0.0,1.0,1.0,896,1603,1,1161,False,0.125,5,15,0,3,3,5,1,2,0
4938,0,2023-10-29T13:20:00Z,False,0,?,Fatal,12.0,0.0,0.0,12.0,250,154,1,2432,False,,0,0,12,1,0,4,0,3,1
4939,0,2023-10-29T12:56:00Z,False,0,1/25/2024 0:00,?,0.0,0.0,0.0,0.0,896,1638,1,1239,False,0.25,5,15,0,3,3,5,1,2,0
4940,0,2023-10-28T18:25:00Z,False,0,12/13/2023 0:00,Serious,0.0,2.0,0.0,2.0,250,201,1,1896,False,0.125,5,15,0,3,3,5,1,2,0
4941,0,2023-10-28T17:00:00Z,False,0,1/4/2024 0:00,?,0.0,0.0,0.0,0.0,1052,1903,4,340,False,0.0,0,15,0,3,3,5,1,2,0
4942,0,2023-10-28T12:50:00Z,False,0,12/13/2023 0:00,?,0.0,0.0,0.0,0.0,825,1223,1,631,True,0.125,5,15,0,3,3,4,1,2,0
4943,0,2023-10-28T11:30:00Z,False,0,4/19/2024 0:00,?,0.0,0.0,0.0,0.0,119,1119,1,576,False,0.125,8,1,9,3,3,6,1,2,0
4944,0,2023-10-28T10:46:00Z,False,0,12/13/2023 0:00,?,0.0,0.0,0.0,0.0,994,1722,6,1467,False,0.125,5,13,0,3,3,6,1,2,0
4945,1,2023-10-28T01:15:00Z,False,0,?,?,?,?,?,?,250,308,1,1766,False,,0,0,13,2,0,10,0,3,0
4946,0,2023-10-27T15:30:00Z,False,0,10/10/2024 0:00,Minor,0.0,0.0,2.0,2.0,896,1558,1,516,False,0.125,5,15,0,3,3,5,1,2,0
4947,0,2023-10-27T14:45:00Z,False,0,?,Fatal,1.0,0.0,0.0,1.0,250,2038,1,576,False,0.125,0,15,0,3,3,3,2,3,1
4948,1,2023-10-27T02:01:00Z,False,0,?,?,?,?,?,?,45,523,1,1773,False,,0,22,0,0,0,1,2,3,0
4949,0,2023-10-26T16:52:00Z,False,0,4/24/2025 0:00,Minor,0.0,0.0,2.0,2.0,994,1725,6,576,False,0.125,5,13,0,3,3,3,1,2,0
4950,0,2023-10-26T16:02:00Z,False,0,12/21/2023 0:00,Serious,0.0,1.0,1.0,2.0,547,896,1,2371,False,0.25,8,14,0,3,3,1,1,2,0
4951,0,2023-10-26T15:30:00Z,False,0,?,Serious,0.0,1.0,0.0,1.0,811,1385,1,1398,False,0.125,0,15,0,3,3,4,2,3,0
4952,0,2023-10-26T14:30:00Z,False,0,?,?,0.0,0.0,0.0,0.0,1242,1765,1,998,True,0.125,0,15,0,3,3,10,2,3,0
4953,2,2023-10-26T13:00:00Z,False,0,?,?,?,?,?,?,364,970,1,2881,False,0.25,0,0,12,0,0,1,0,3,0
4954,0,2023-10-26T06:00:00Z,False,0,?,?,?,?,?,?,993,1725,6,576,False,0.125,0,0,13,3,0,5,0,3,0
4955,0,2023-10-26T04:00:00Z,False,0,?,Fatal,2.0,0.0,0.0,1.0,993,1728,6,576,False,,0,0,15,1,0,13,0,3,1
4956,0,2023-10-25T19:29:00Z,False,0,?,Fatal,1.0,0.0,0.0,1.0,716,219,1,2012,True,0.125,0,15,0,3,1,3,2,3,1
4957,0,2023-10-25T10:57:00Z,False,0,1/4/2024 0:00,?,0.0,0.0,0.0,0.0,250,32,1,818,False,0.125,5,13,0,3,3,5,1,2,0
4958,0,2023-10-24T18:30:00Z,False,0,?,?,0.0,0.0,0.0,0.0,1078,1851,6,576,False,0.25,0,0,12,3,0,3,0,3,0
4959,0,2023-10-24T17:15:00Z,False,0,3/21/2024 0:00,?,0.0,0.0,0.0,0.0,896,1640,1,865,False,0.25,5,13,0,3,3,5,1,2,0
4960,0,2023-10-24T16:20:00Z,False,0,?,?,0.0,0.0,0.0,0.0,963,306,1,1601,False,0.25,0,15,0,2,0,5,2,3,0
4961,0,2023-10-24T10:15:00Z,False,0,?,Fatal,1.0,0.0,0.0,1.0,40,642,1,576,False,0.125,0,1,9,3,3,6,2,3,1
4962,0,2023-10-24T04:00:00Z,False,0,?,?,0.0,0.0,0.0,0.0,1330,1076,1,576,False,,0,0,13,3,0,3,0,3,0
4963,0,2023-10-23T17:11:00Z,False,0,11/7/2024 0:00,Fatal,1.0,1.0,0.0,2.0,896,1556,1,1654,False,0.125,8,15,0,3,3,4,1,2,1
4964,0,2023-10-22T20:00:00Z,False,0,12/7/2023 0:00,?,0.0,0.0,0.0,0.0,896,1602,1,1975,False,0.125,5,15,0,3,3,5,1,2,0
4965,0,2023-10-22T16:15:00Z,False,0,7/24/2024 0:00,Minor,0.0,0.0,1.0,1.0,896,1587,1,576,False,0.125,5,15,0,3,3,3,1,2,0
4966,0,2023-10-22T15:00:00Z,False,0,4/12/2024 0:00,?,0.0,0.0,0.0,0.0,811,1384,1,1989,False,0.125,5,11,0,3,3,10,1,2,0
4967,0,2023-10-22T10:35:00Z,False,0,12/5/2024 0:00,?,0.0,0.0,0.0,0.0,1006,667,1,2663,True,0.125,5,15,0,3,3,4,1,2,0
4968,0,2023-10-22T04:00:00Z,False,0,?,Minor,0.0,0.0,2.0,2.0,1179,1523,1,576,False,,0,0,13,3,0,10,0,3,0
4969,0,2023-10-21T20:35:00Z,False,0,2/29/2024 0:00,Minor,0.0,0.0,1.0,1.0,896,1601,1,576,False,0.125,5,15,0,3,3,3,1,2,0
4970,0,2023-10-21T14:40:00Z,False,0,12/5/2024 0:00,?,0.0,0.0,0.0,0.0,250,70,1,2134,False,0.125,5,13,0,3,3,3,1,2,0
4971,0,2023-10-21T14:00:00Z,False,0,11/16/2023 0:00,?,0.0,0.0,0.0,0.0,250,60,1,2137,False,0.125,5,13,0,3,3,11,1,2,0
4972,0,2023-10-21T09:28:00Z,False,0,5/30/2024 0:00,Serious,0.0,2.0,0.0,2.0,911,1685,7,576,False,0.125,5,15,0,3,3,6,1,2,0
4973,0,2023-10-21T08:22:00Z,False,0,?,Fatal,1.0,1.0,0.0,2.0,157,784,1,576,False,,0,0,13,3,0,10,0,3,1
4974,0,2023-10-21T04:00:00Z,False,0,?,Fatal,1.0,1.0,0.0,2.0,157,784,1,576,False,,0,0,13,3,0,10,0,3,1
4975,0,2023-10-20T19:55:00Z,False,0,4/12/2024 0:00,?,0.0,0.0,0.0,0.0,250,63,1,1429,False,0.125,5,15,0,3,3,1,1,2,0
4976,0,2023-10-20T19:01:00Z,False,0,4/1/2025 0:00,Fatal,2.0,0.0,0.0,2.0,157,536,1,2104,False,0.125,5,15,0,1,3,4,1,2,1
4977,0,2023-10-20T17:00:00Z,False,0,1/10/2024 0:00,?,0.0,0.0,0.0,0.0,99,485,1,2298,False,0.125,5,15,0,3,3,5,1,2,0
4978,0,2023-10-20T16:53:00Z,False,0,2/20/2024 0:00,?,0.0,0.0,0.0,0.0,896,1600,1,1936,False,0.125,5,15,0,3,3,5,1,2,0
4979,0,2023-10-20T09:00:00Z,False,0,?,Serious,0.0,1.0,1.0,2.0,250,154,1,576,False,,0,0,13,3,0,4,0,3,0
4980,0,2023-10-19T21:42:00Z,False,0,1/25/2024 0:00,Minor,0.0,0.0,1.0,1.0,250,45,1,977,False,0.125,5,13,0,3,3,1,1,2,0
4981,0,2023-10-19T19:00:00Z,False,0,?,Fatal,1.0,0.0,0.0,1.0,250,60,1,576,False,,0,0,13,3,0,5,0,3,1
4982,0,2023-10-19T04:00:00Z,False,0,?,Minor,0.0,0.0,1.0,1.0,1179,1523,1,576,False,,0,0,13,1,0,10,0,3,0
4983,1,2023-10-19T00:55:00Z,False,0,3/12/2024 0:00,?,0.0,0.0,0.0,0.0,179,424,1,2172,False,0.25,6,9,0,2,3,11,1,2,0
4984,0,2023-10-18T18:36:00Z,False,0,?,?,0.0,0.0,0.0,0.0,250,158,1,2290,False,0.125,0,15,0,3,3,5,2,3,0
4985,1,2023-10-18T17:15:00Z,False,0,?,?,0.0,0.0,0.0,0.0,179,404,1,576,False,,0,0,4,2,0,10,2,3,0
4986,0,2023-10-18T16:11:00Z,False,0,12/5/2024 0:00,?,0.0,0.0,0.0,0.0,157,198,1,2233,False,0.25,8,6,0,3,3,5,1,2,0
4987,0,2023-10-18T14:39:00Z,False,0,6/6/2024 0:00,?,0.0,0.0,0.0,0.0,250,72,1,345,False,0.125,5,15,0,3,3,5,1,2,0
4988,1,2023-10-18T04:20:00Z,False,0,?,?,0.0,0.0,0.0,0.0,179,367,1,1232,False,,0,0,12,0,0,10,0,3,0
4989,1,2023-10-18T01:17:00Z,False,0,?,?,0.0,0.0,0.0,0.0,179,356,1,576,False,0.25,0,0,12,4,0,9,0,3,0
4990,0,2023-10-17T15:50:00Z,False,0,12/7/2023 0:00,?,0.0,0.0,0.0,0.0,163,151,6,720,False,0.125,9,0,8,3,3,3,1,2,0
4991,0,2023-10-17T15:30:00Z,False,0,11/16/2023 0:00,?,0.0,0.0,0.0,0.0,367,2086,1,1321,False,0.125,5,15,0,3,3,4,1,2,0
4992,0,2023-10-17T13:19:00Z,False,0,?,Fatal,3.0,0.0,0.0,3.0,896,1594,1,866,False,0.125,0,15,0,3,0,4,2,3,1
4993,0,2023-10-17T11:50:00Z,False,0,3/19/2025 0:00,Serious,0.0,2.0,0.0,2.0,1179,1524,1,2125,False,0.125,5,13,0,3,3,10,1,2,0
4994,1,2023-10-17T07:20:00Z,False,0,?,?,?,?,?,?,179,356,1,576,False,,0,0,12,4,0,3,0,3,0
4995,0,2023-10-16T14:15:00Z,False,0,?,Minor,0.0,0.0,2.0,2.0,757,1392,5,1416,True,0.125,0,15,0,3,3,1,2,3,0
4996,0,2023-10-16T04:50:00Z,False,0,?,Fatal,2.0,0.0,0.0,2.0,250,154,1,2042,False,,0,0,13,1,0,10,0,3,1
4997,0,2023-10-15T12:00:00Z,False,0,?,Fatal,1.0,0.0,0.0,1.0,250,154,1,576,False,0.125,0,0,12,1,0,6,0,3,1
4998,0,2023-10-15T10:51:00Z,False,0,2/20/2025 0:00,?,0.0,0.0,0.0,0.0,269,1959,1,1669,False,0.125,5,15,0,3,3,3,1,2,0
4999,0,2023-10-15T10:00:00Z,False,0,5/14/2024 0:00,?,0.0,0.0,0.0,0.0,1208,250,1,410,True,0.125,5,15,0,3,3,3,1,2,0
5000,0,2023-10-15T08:53:00Z,False,0,?,Minor,0.0,0.0,1.0,1.0,309,1951,1,2584,False,0.125,0,15,0,3,3,4,2,3,0
5001,0,2023-10-14T22:45:00Z,False,0,?,?,?,?,?,?,896,1618,1,927,False,,0,0,12,0,0,13,0,3,0
5002,0,2023-10-14T12:00:00Z,False,0,11/16/2023 0:00,Minor,0.0,0.0,1.0,1.0,807,457,1,2298,False,0.125,5,15,0,3,3,10,1,2,0
5003,0,2023-10-14T09:10:00Z,False,0,12/13/2023 0:00,Serious,0.0,1.0,0.0,1.0,235,483,2,576,False,0.0,0,6,0,3,3,5,1,2,0
5004,0,2023-10-13T16:00:00Z,False,0,6/6/2024 0:00,?,0.0,0.0,0.0,0.0,1320,1872,1,2750,True,0.125,5,15,0,3,3,5,1,2,0
5005,0,2023-10-13T14:00:00Z,False,0,?,Serious,0.0,1.0,0.0,1.0,1008,1449,5,1117,False,0.125,0,15,0,3,3,4,2,3,0
5006,0,2023-10-13T12:48:00Z,False,0,6/6/2024 0:00,?,0.0,0.0,0.0,0.0,898,1556,1,2178,False,0.125,5,7,0,3,3,1,1,2,0
5007,0,2023-10-13T10:00:00Z,False,0,1/25/2024 0:00,?,0.0,0.0,0.0,0.0,896,1600,1,1572,False,0.125,5,13,0,3,3,5,1,2,0
5008,0,2023-10-12T18:54:00Z,False,0,?,Fatal,4.0,0.0,0.0,4.0,992,963,1,1763,False,,0,0,13,1,0,4,0,3,1
5009,0,2023-10-12T16:21:00Z,False,0,?,Fatal,2.0,0.0,0.0,2.0,250,270,1,2286,False,0.25,0,22,0,1,3,10,2,3,1
5010,0,2023-10-12T15:40:00Z,False,0,7/2/2024 0:00,?,0.0,0.0,0.0,0.0,771,1375,1,2299,False,0.125,5,15,0,3,3,5,1,2,0
5011,0,2023-10-12T11:00:00Z,False,0,1/10/2024 0:00,?,0.0,0.0,0.0,0.0,179,545,1,1469,False,0.125,5,13,0,3,3,5,1,2,0
5012,0,2023-10-12T03:50:00Z,False,0,2/26/2025 0:00,?,0.0,0.0,0.0,0.0,250,228,1,753,False,0.25,5,16,0,3,3,11,1,2,0
5013,0,2023-10-11T22:30:00Z,False,0,?,?,0.0,0.0,0.0,0.0,269,1959,1,2011,False,0.125,0,15,0,3,3,4,2,3,0
5014,0,2023-10-11T11:50:00Z,False,0,?,?,0.0,0.0,0.0,0.0,896,1642,1,845,False,0.125,0,15,0,3,3,4,2,3,0
5015,0,2023-10-10T23:30:00Z,False,0,7/24/2024 0:00,Serious,0.0,2.0,0.0,2.0,896,1660,1,576,False,0.125,5,15,0,3,3,3,1,2,0
5016,0,2023-10-10T22:59:00Z,False,0,?,Fatal,2.0,0.0,0.0,2.0,379,918,1,576,False,0.125,0,13,13,3,0,3,0,3,1
5017,0,2023-10-10T12:23:00Z,False,0,?,Fatal,1.0,0.0,0.0,1.0,989,1785,1,764,True,0.125,0,15,0,3,3,3,2,3,1
5018,0,2023-10-10T10:10:00Z,False,0,?,Fatal,2.0,0.0,0.0,2.0,160,142,6,576,False,0.125,0,0,13,1,0,3,0,3,1
5019,0,2023-10-09T20:25:00Z,False,0,6/28/2024 0:00,Serious,0.0,2.0,0.0,2.0,208,1493,2,576,False,,0,4,0,3,3,5,1,2,0
5020,0,2023-10-09T12:55:00Z,False,0,12/7/2023 0:00,?,0.0,0.0,0.0,0.0,994,1722,6,1584,False,0.125,5,13,0,3,3,5,1,2,0
5021,0,2023-10-09T12:14:00Z,False,0,12/21/2023 0:00,Minor,0.0,0.0,1.0,1.0,461,178,1,1219,False,0.125,5,15,0,3,3,5,1,2,0
5022,0,2023-10-09T11:51:00Z,False,0,?,?,0.0,0.0,0.0,0.0,250,59,1,576,False,0.125,0,0,13,3,0,5,0,3,0
5023,0,2023-10-09T04:00:00Z,False,0,?,Fatal,2.0,0.0,0.0,2.0,896,1587,1,576,False,0.125,0,0,13,3,0,13,0,3,1
5024,0,2023-10-08T20:32:00Z,False,0,3/19/2025 0:00,Fatal,1.0,0.0,0.0,1.0,163,267,6,576,False,0.125,9,16,0,3,3,4,1,2,1
5025,0,2023-10-08T17:45:00Z,False,0,1/25/2024 0:00,?,0.0,0.0,0.0,0.0,797,1864,1,174,True,0.125,5,15,0,3,3,5,1,2,0
5026,0,2023-10-08T16:52:00Z,False,0,2/20/2025 0:00,Fatal,1.0,0.0,0.0,1.0,552,1170,6,1938,True,0.125,5,15,0,3,3,6,1,2,1
5027,1,2023-10-08T15:05:00Z,False,0,?,?,?,?,?,?,179,356,1,1293,False,,0,0,12,2,0,9,0,3,0
5028,0,2023-10-08T14:30:00Z,False,0,6/21/2024 0:00,?,0.0,0.0,0.0,0.0,304,812,1,2013,False,0.125,5,15,0,3,3,10,1,2,0
5029,0,2023-10-08T09:15:00Z,False,0,1/10/2024 0:00,Serious,0.0,1.0,0.0,1.0,236,473,2,576,False,0.0,4,15,0,0,3,5,1,2,0
5030,0,2023-10-08T04:00:00Z,False,0,?,Fatal,2.0,1.0,0.0,2.0,250,72,1,576,False,,0,0,13,4,0,5,0,3,1
5031,0,2023-10-07T21:30:00Z,False,0,2/29/2024 0:00,?,0.0,0.0,0.0,0.0,100,477,1,2484,False,0.125,5,15,0,3,3,5,1,2,0
5032,0,2023-10-07T18:30:00Z,False,0,6/28/2024 0:00,?,0.0,0.0,0.0,0.0,848,809,1,576,True,0.125,5,15,0,3,2,5,1,2,0
5033,0,2023-10-07T04:00:00Z,False,0,?,?,0.0,0.0,0.0,0.0,327,485,1,576,False,,0,0,13,3,0,5,0,3,0
5034,0,2023-10-06T21:59:00Z,False,0,?,Fatal,3.0,0.0,0.0,3.0,896,1555,1,576,False,,0,0,13,1,0,3,0,3,1
5035,0,2023-10-06T17:30:00Z,False,0,11/16/2023 0:00,?,0.0,0.0,0.0,0.0,250,75,1,875,False,0.125,5,13,0,3,3,6,1,2,0
5036,0,2023-10-06T16:15:00Z,False,0,?,Fatal,4.0,0.0,0.0,4.0,269,1959,1,576,False,,0,0,13,1,0,13,0,3,1
5037,0,2023-10-06T10:45:00Z,False,0,?,?,0.0,0.0,0.0,0.0,269,1959,1,1890,False,0.125,0,15,0,3,3,11,2,3,0
5038,1,2023-10-06T04:00:00Z,False,0,?,?,0.0,0.0,0.0,0.0,1252,947,1,2769,False,0.25,0,22,12,0,0,1,0,3,0
5039,1,2023-10-05T17:35:00Z,False,0,?,?,?,?,?,?,179,356,1,576,False,,0,0,12,0,0,11,0,3,0
5040,0,2023-10-05T12:51:00Z,False,0,?,?,0.0,0.0,0.0,0.0,45,523,1,576,False,,0,0,12,3,0,3,0,3,0
5041,0,2023-10-05T12:00:00Z,False,0,6/6/2024 0:00,?,0.0,0.0,0.0,0.0,1056,819,1,2693,True,0.125,5,15,0,3,3,5,1,2,0
5042,0,2023-10-05T09:34:00Z,False,0,?,?,0.0,0.0,0.0,0.0,269,1959,1,576,False,,0,0,13,3,0,5,0,3,0
5043,0,2023-10-05T09:00:00Z,False,0,2/20/2024 0:00,?,0.0,0.0,0.0,?,293,1524,1,1181,False,0.125,5,22,0,3,2,5,1,2,0
5044,0,2023-10-05T00:47:00Z,True,0,?,?,0.0,0.0,0.0,0.0,179,398,1,843,False,0.25,0,0,4,3,0,5,2,3,0
5045,0,2023-10-04T21:29:00Z,False,0,?,Fatal,3.0,0.0,0.0,3.0,157,454,1,2487,False,0.25,0,15,13,1,0,10,0,3,1
5046,0,2023-10-04T18:30:00Z,False,0,?,?,?,?,?,?,723,283,1,2854,False,,0,0,13,4,0,5,0,3,0
5047,2,2023-10-04T14:25:00Z,False,0,?,?,?,?,?,?,179,356,1,576,False,,0,0,6,4,0,11,0,3,0
5048,0,2023-10-04T13:39:00Z,False,0,?,Serious,0.0,1.0,0.0,1.0,250,1529,1,576,False,,0,0,13,3,0,13,0,3,0
5049,0,2023-10-04T09:42:00Z,False,0,?,?,0.0,0.0,0.0,0.0,993,1725,6,1092,False,0.125,0,0,13,3,0,1,0,3,0
5050,0,2023-10-03T19:47:00Z,False,0,2/26/2025 0:00,Fatal,2.0,1.0,0.0,3.0,896,1640,1,576,False,0.25,5,13,0,3,3,6,1,2,1
5051,0,2023-10-03T19:00:00Z,False,0,12/18/2024 0:00,?,0.0,0.0,0.0,0.0,254,437,1,576,False,0.125,5,15,0,3,3,3,1,2,0
5052,0,2023-10-03T08:05:00Z,False,0,5/29/2024 0:00,Serious,0.0,2.0,5.0,7.0,1231,1485,2,576,False,0.0,0,3,0,0,3,5,1,2,0
5053,0,2023-10-02T22:30:00Z,False,0,?,?,0.0,0.0,0.0,0.0,250,156,1,2571,False,0.125,0,0,13,3,0,1,0,3,0
5054,0,2023-10-02T20:15:00Z,False,0,12/21/2023 0:00,?,0.0,0.0,0.0,0.0,896,1600,1,1264,False,0.125,5,15,0,3,3,5,1,2,0
5055,0,2023-10-02T16:57:00Z,False,0,5/3/2024 0:00,?,0.0,0.0,0.0,0.0,584,795,6,892,False,0.125,5,13,0,3,3,6,1,2,0
5056,0,2023-10-02T15:00:00Z,False,0,1/2/2025 0:00,Minor,0.0,0.0,2.0,2.0,250,60,1,576,False,0.125,5,15,0,3,3,1,1,2,0
5057,0,2023-10-02T13:50:00Z,False,0,?,?,0.0,0.0,0.0,0.0,250,228,1,1605,False,0.25,0,15,0,3,3,11,2,3,0
5058,0,2023-10-01T21:24:00Z,False,0,2/27/2025 0:00,Fatal,4.0,0.0,0.0,4.0,896,1594,1,1555,False,0.125,5,15,0,3,3,4,1,2,1
5059,0,2023-10-01T17:08:00Z,False,0,?,Fatal,2.0,0.0,0.0,2.0,250,86,1,1799,False,0.125,0,14,0,3,3,10,2,3,1
5060,0,2023-10-01T15:30:00Z,False,0,11/9/2023 0:00,Serious,0.0,2.0,0.0,2.0,157,175,1,2232,False,0.125,5,15,0,3,3,5,1,2,0
5061,0,2023-10-01T14:20:00Z,False,0,?,Serious,0.0,1.0,0.0,1.0,1113,1205,6,2831,False,0.125,0,15,0,3,3,1,2,3,0
5062,0,2023-10-01T14:02:00Z,False,0,2/5/2025 0:00,?,0.0,0.0,0.0,0.0,250,113,1,2146,False,0.125,5,15,0,3,3,5,1,2,0
5063,0,2023-10-01T13:30:00Z,False,0,11/26/2024 0:00,?,0.0,0.0,0.0,0.0,994,1725,6,576,False,0.125,5,15,0,3,3,2,1,2,0
5064,0,2023-10-01T11:30:00Z,False,0,?,Fatal,1.0,0.0,0.0,1.0,304,816,1,223,True,0.125,0,15,0,3,3,5,2,3,1
5065,0,2023-09-30T20:42:00Z,False,0,2/20/2025 0:00,Fatal,1.0,0.0,0.0,1.0,250,41,1,1743,False,0.125,5,15,0,3,3,1,1,2,1
5066,0,2023-09-30T17:05:00Z,False,0,12/21/2023 0:00,Minor,0.0,0.0,1.0,1.0,250,2036,1,576,False,0.125,5,15,0,3,3,4,1,2,0
5067,0,2023-09-30T16:10:00Z,False,0,7/24/2024 0:00,?,0.0,0.0,0.0,0.0,250,97,1,2049,False,0.125,5,15,0,3,3,4,1,2,0
5068,0,2023-09-30T16:00:00Z,False,0,2/26/2025 0:00,?,0.0,0.0,0.0,0.0,179,376,1,1565,False,0.25,6,0,4,3,3,10,1,2,0
5069,0,2023-09-30T13:00:00Z,False,0,11/9/2023 0:00,?,0.0,0.0,0.0,0.0,250,60,1,890,False,0.125,5,13,0,3,3,11,1,2,0
5070,0,2023-09-30T11:00:00Z,False,0,?,Fatal,1.0,0.0,0.0,1.0,250,60,1,2312,False,,0,0,13,4,0,3,0,3,1
5071,0,2023-09-29T18:55:00Z,False,0,?,?,0.0,0.0,0.0,0.0,605,239,6,576,False,,0,0,13,3,0,6,0,3,0
5072,0,2023-09-29T15:15:00Z,False,0,?,Fatal,1.0,0.0,0.0,0.0,157,536,1,540,False,0.125,0,15,0,3,3,5,2,3,1
5073,0,2023-09-29T13:00:00Z,False,0,?,Fatal,1.0,0.0,0.0,1.0,1094,1931,1,576,False,0.125,0,15,0,3,3,12,2,3,1
5074,0,2023-09-29T09:10:00Z,False,0,11/9/2023 0:00,?,0.0,0.0,0.0,0.0,662,2186,1,1825,True,0.125,5,11,0,3,3,10,1,2,0
5075,0,2023-09-29T06:20:00Z,False,0,?,Fatal,5.0,0.0,0.0,5.0,250,147,1,576,False,,0,0,13,3,0,13,0,3,1
5076,0,2023-09-28T19:30:00Z,False,0,11/7/2024 0:00,Serious,0.0,1.0,1.0,2.0,911,1685,7,479,False,0.125,5,15,0,3,3,10,1,2,0
5077,0,2023-09-28T17:07:00Z,False,0,5/6/2024 0:00,Minor,0.0,0.0,1.0,1.0,522,1422,1,576,True,0.125,5,15,0,3,3,5,1,2,0
5078,0,2023-09-28T12:30:00Z,False,0,11/7/2024 0:00,?,0.0,0.0,0.0,0.0,40,649,1,1385,False,0.125,8,13,0,3,3,5,1,2,0
5079,0,2023-09-28T09:57:00Z,False,0,10/29/2024 0:00,Serious,0.0,1.0,0.0,1.0,179,425,1,576,False,0.25,6,0,4,0,3,3,1,2,0
5080,0,2023-09-28T07:31:00Z,False,0,2/1/2024 0:00,Minor,0.0,0.0,1.0,1.0,739,448,1,384,False,0.125,5,15,0,3,3,5,1,2,0
5081,0,2023-09-27T23:49:00Z,False,0,?,Fatal,2.0,0.0,0.0,2.0,896,1660,1,576,False,0.125,0,13,0,1,1,3,2,3,1
5082,0,2023-09-27T16:30:00Z,False,0,12/13/2023 0:00,?,0.0,0.0,0.0,0.0,1123,7,1,2463,False,0.125,5,15,0,3,3,5,1,2,0
5083,0,2023-09-27T15:10:00Z,False,0,12/7/2023 0:00,?,0.0,0.0,0.0,0.0,270,1958,1,2525,False,0.125,5,13,0,3,3,5,1,2,0
5084,0,2023-09-27T12:15:00Z,False,0,12/7/2023 0:00,?,0.0,0.0,0.0,0.0,250,75,1,2326,False,0.125,5,13,0,3,3,10,1,2,0
5085,0,2023-09-26T16:51:00Z,False,0,11/16/2023 0:00,Minor,0.0,0.0,1.0,1.0,390,1894,1,2473,True,0.125,5,15,0,3,3,10,1,2,0
5086,0,2023-09-26T15:09:00Z,False,0,1/4/2024 0:00,Minor,0.0,0.0,1.0,1.0,946,1950,1,2890,True,0.125,5,15,0,3,3,6,1,2,0
5087,0,2023-09-25T13:50:00Z,False,0,?,Serious,0.0,2.0,0.0,2.0,1279,1926,1,2666,True,0.125,0,13,0,3,0,6,2,3,0
5088,0,2023-09-25T04:00:00Z,False,0,12/12/2024 0:00,Serious,0.0,4.0,5.0,9.0,45,519,1,576,False,0.25,7,0,4,0,1,3,1,2,0
5089,1,2023-09-24T19:30:00Z,False,0,?,?,0.0,0.0,0.0,0.0,179,356,1,576,False,,0,0,4,0,0,3,0,3,0
5090,0,2023-09-24T16:00:00Z,False,0,6/28/2024 0:00,?,0.0,0.0,0.0,0.0,166,441,1,557,False,0.125,5,15,0,3,3,5,1,2,0
5091,0,2023-09-24T10:30:00Z,False,0,4/4/2024 0:00,?,0.0,0.0,0.0,0.0,250,107,1,576,False,0.125,5,15,0,3,3,5,1,2,0
5092,0,2023-09-23T20:14:00Z,False,0,5/14/2024 0:00,Minor,0.0,0.0,1.0,1.0,157,784,1,2611,False,0.125,5,15,0,3,3,1,1,2,0
5093,0,2023-09-23T17:25:00Z,False,0,4/23/2025 0:00,Minor,0.0,0.0,2.0,2.0,157,536,1,1145,False,0.125,5,13,0,3,3,3,1,2,0
5094,0,2023-09-23T11:45:00Z,False,0,5/14/2024 0:00,?,0.0,0.0,0.0,0.0,896,1611,1,2583,False,0.125,5,15,0,3,3,5,1,2,0
5095,0,2023-09-23T11:15:00Z,False,0,?,Serious,0.0,1.0,0.0,1.0,250,60,1,1790,False,,0,15,13,3,0,10,0,3,0
5096,0,2023-09-22T17:00:00Z,False,0,12/21/2023 0:00,?,0.0,0.0,0.0,0.0,896,1558,1,233,False,0.125,5,15,0,3,3,10,1,2,0
5097,0,2023-09-22T15:46:00Z,False,0,?,Fatal,1.0,0.0,0.0,1.0,527,2026,8,1528,False,0.125,0,15,2,3,3,6,2,3,1
5098,0,2023-09-22T08:30:00Z,False,0,2/1/2024 0:00,?,0.0,0.0,0.0,0.0,250,77,1,1898,False,0.125,5,13,0,3,3,5,1,2,0
5099,0,2023-09-22T06:15:00Z,False,0,?,?,?,?,?,?,160,267,6,576,False,,0,0,13,1,0,5,0,3,0
5100,0,2023-09-22T05:44:00Z,False,0,?,Fatal,1.0,0.0,0.0,1.0,993,1725,6,1325,False,,0,0,13,1,0,4,0,3,1
5101,0,2023-09-21T19:50:00Z,False,0,12/21/2023 0:00,Serious,0.0,1.0,0.0,1.0,98,1919,2,576,False,0.125,10,15,0,2,3,5,1,2,0
5102,0,2023-09-21T15:36:00Z,False,0,?,?,0.0,0.0,0.0,0.0,423,1018,1,2570,False,0.25,0,15,1,3,3,5,2,3,0
5103,0,2023-09-21T15:00:00Z,False,0,12/7/2023 0:00,?,0.0,0.0,0.0,0.0,250,96,1,2748,False,0.125,5,15,0,3,3,5,1,2,0
5104,0,2023-09-21T10:55:00Z,False,0,11/9/2023 0:00,?,0.0,0.0,0.0,0.0,250,42,1,2006,False,0.125,5,15,0,3,3,5,1,2,0
5105,1,2023-09-21T09:00:00Z,False,0,6/28/2024 0:00,?,?,?,?,?,160,267,6,576,False,,0,22,15,0,2,13,1,2,0
5106,0,2023-09-20T21:00:00Z,False,0,?,Minor,0.0,0.0,1.0,1.0,896,1594,1,576,False,0.125,0,0,13,3,0,13,0,3,0
5107,0,2023-09-20T18:35:00Z,False,0,?,?,0.0,0.0,0.0,0.0,364,953,1,576,False,,0,0,12,3,0,3,0,3,0
5108,0,2023-09-20T15:45:00Z,False,0,2/26/2025 0:00,?,0.0,0.0,0.0,0.0,250,2118,1,2717,False,0.125,5,6,8,3,3,10,1,2,0
5109,0,2023-09-20T15:44:00Z,False,0,?,?,0.0,0.0,0.0,0.0,160,139,6,576,False,,0,0,15,1,0,6,0,3,0
5110,0,2023-09-20T13:00:00Z,False,0,4/4/2024 0:00,?,0.0,0.0,0.0,0.0,896,1570,1,576,False,0.125,5,15,0,3,3,5,1,2,0
5111,0,2023-09-20T10:00:00Z,False,0,?,Fatal,1.0,0.0,0.0,1.0,912,577,7,477,True,0.125,0,15,0,3,3,9,2,3,1
5112,0,2023-09-20T09:30:00Z,False,0,2/20/2025 0:00,Minor,0.0,0.0,1.0,1.0,250,72,1,889,False,0.125,5,15,0,3,3,10,1,2,0
5113,0,2023-09-19T14:15:00Z,False,0,11/9/2023 0:00,?,0.0,0.0,0.0,0.0,179,709,1,565,False,0.125,5,15,0,3,3,10,1,2,0
5114,0,2023-09-19T13:32:00Z,False,0,?,Fatal,1.0,0.0,0.0,1.0,40,642,1,576,False,0.125,0,1,9,1,3,6,2,3,1
5115,0,2023-09-19T09:30:00Z,False,0,?,?,0.0,0.0,0.0,0.0,254,442,1,1575,False,0.125,0,13,0,3,3,10,2,3,0
5116,0,2023-09-18T15:00:00Z,False,0,?,?,0.0,0.0,0.0,0.0,250,493,1,383,False,0.125,0,6,0,3,3,4,2,3,0
5117,0,2023-09-18T10:15:00Z,False,0,11/9/2023 0:00,?,0.0,0.0,0.0,0.0,250,60,1,1458,False,0.125,5,13,0,3,3,5,1,2,0
5118,2,2023-09-18T04:00:00Z,False,0,?,?,?,?,?,?,179,404,1,576,False,,0,0,6,3,0,5,0,3,0
5119,1,2023-09-18T04:00:00Z,False,0,?,Serious,0.0,1.0,0.0,?,179,424,1,576,False,,0,0,12,0,0,10,0,3,0
5120,1,2023-09-17T22:30:00Z,False,0,?,?,0.0,0.0,0.0,0.0,423,1034,1,576,False,0.25,0,0,12,2,0,11,0,3,0
5121,0,2023-09-17T14:58:00Z,False,0,?,Fatal,1.0,0.0,0.0,1.0,250,97,1,1035,False,,0,0,13,3,0,10,0,3,1
5122,0,2023-09-17T14:55:00Z,False,0,?,Fatal,2.0,0.0,0.0,2.0,857,2030,1,1677,False,0.125,0,4,0,3,3,1,2,3,1
5123,0,2023-09-17T14:00:00Z,False,0,4/12/2024 0:00,?,0.0,0.0,0.0,0.0,250,41,1,1686,False,0.125,5,15,0,3,3,5,1,2,0
5124,1,2023-09-17T13:35:00Z,False,0,?,?,?,?,?,?,45,516,1,576,False,,0,0,12,2,0,3,0,3,0
5125,0,2023-09-17T13:30:00Z,False,0,?,?,0.0,0.0,0.0,0.0,250,57,1,576,False,,0,0,13,3,0,6,0,3,0
5126,0,2023-09-17T12:20:00Z,False,0,7/24/2024 0:00,?,0.0,0.0,0.0,0.0,749,1497,1,576,False,0.125,5,15,0,3,3,1,1,2,0
5127,0,2023-09-17T10:35:00Z,False,0,?,?,?,?,?,?,157,237,1,1852,False,0.125,0,0,13,3,0,10,0,3,0
5128,0,2023-09-16T18:35:00Z,False,0,4/4/2024 0:00,?,0.0,0.0,0.0,0.0,585,1191,1,576,False,0.125,5,6,8,3,3,4,1,2,0
5129,0,2023-09-16T17:00:00Z,False,0,7/24/2024 0:00,?,0.0,0.0,0.0,0.0,979,1961,1,576,True,0.125,5,15,0,3,3,3,1,2,0
5130,0,2023-09-16T15:50:00Z,False,0,7/2/2024 0:00,Minor,0.0,0.0,1.0,1.0,19,20,1,576,False,,5,15,0,3,3,3,1,2,0
5131,0,2023-09-16T11:10:00Z,False,0,5/3/2024 0:00,Serious,0.0,1.0,0.0,0.0,433,601,6,576,False,0.125,9,8,7,0,3,6,1,2,0
5132,1,2023-09-16T02:06:00Z,False,0,?,?,0.0,0.0,0.0,?,179,416,1,2785,False,0.25,0,0,12,2,0,5,0,3,0
5133,0,2023-09-15T19:30:00Z,False,0,6/28/2024 0:00,?,0.0,0.0,0.0,0.0,896,1570,1,576,False,0.125,5,15,0,3,3,5,1,2,0
5134,0,2023-09-15T16:50:00Z,False,0,?,?,?,?,?,?,993,1725,6,576,False,,0,0,13,3,0,13,0,3,0
5135,0,2023-09-15T11:58:00Z,False,0,?,Fatal,1.0,1.0,0.0,2.0,1063,200,1,576,True,0.125,0,15,0,3,3,10,2,3,1
5136,0,2023-09-14T20:29:00Z,False,0,4/4/2024 0:00,Serious,0.0,1.0,0.0,1.0,956,1844,1,339,True,0.125,5,15,0,1,3,1,1,2,0
5137,0,2023-09-14T19:00:00Z,False,0,?,?,0.0,0.0,0.0,0.0,250,140,1,2590,False,,0,0,13,3,0,1,0,3,0
5138,0,2023-09-14T17:10:00Z,False,0,2/20/2024 0:00,Serious,0.0,1.0,0.0,1.0,250,38,1,95,False,0.125,5,5,0,3,3,4,1,2,0
5139,0,2023-09-14T16:05:00Z,False,0,11/9/2023 0:00,?,0.0,0.0,0.0,0.0,250,201,1,2043,False,0.125,5,15,0,3,3,5,1,2,0
5140,0,2023-09-14T14:00:00Z,False,0,12/5/2024 0:00,Minor,0.0,0.0,2.0,2.0,250,111,1,576,False,0.125,5,15,0,3,3,3,1,2,0
5141,0,2023-09-14T04:00:00Z,False,0,?,Serious,0.0,1.0,7.0,8.0,723,284,1,2757,False,,0,0,12,3,0,5,0,3,0
5142,0,2023-09-13T17:54:00Z,False,0,?,Fatal,1.0,1.0,0.0,2.0,429,272,1,1253,False,0.125,0,15,0,3,3,4,2,3,1
5143,0,2023-09-13T17:46:00Z,False,0,9/4/2024 0:00,?,0.0,0.0,0.0,0.0,250,77,1,1122,False,0.125,0,13,0,3,3,5,1,2,0
5144,0,2023-09-13T14:31:00Z,False,0,?,Serious,0.0,1.0,0.0,1.0,442,991,1,1819,False,,0,0,15,3,0,10,0,3,0
5145,0,2023-09-13T13:55:00Z,False,0,?,?,0.0,0.0,0.0,0.0,434,1006,6,576,False,0.25,0,16,0,3,3,6,2,3,0
5146,0,2023-09-13T12:00:00Z,False,0,3/5/2025 0:00,Minor,0.0,0.0,1.0,1.0,179,545,1,2722,False,0.125,5,15,0,3,3,4,1,2,0
5147,1,2023-09-13T11:56:00Z,False,0,?,?,0.0,0.0,0.0,0.0,45,516,1,576,False,0.25,0,0,12,0,0,3,0,3,0
5148,0,2023-09-12T21:47:00Z,False,0,?,Fatal,1.0,0.0,0.0,1.0,896,1570,1,576,False,0.125,0,0,8,3,3,10,2,3,1
5149,0,2023-09-12T19:30:00Z,False,0,7/2/2024 0:00,?,0.0,0.0,0.0,0.0,1175,722,1,576,False,0.125,5,15,0,3,2,6,1,2,0
5150,0,2023-09-12T15:15:00Z,False,0,4/4/2024 0:00,?,0.0,0.0,0.0,0.0,250,116,1,576,False,0.125,5,15,0,3,3,5,1,2,0
5151,0,2023-09-12T15:00:00Z,False,0,?,Fatal,1.0,0.0,0.0,1.0,1220,1839,1,576,False,0.125,0,1,9,3,3,6,2,3,1
5152,0,2023-09-12T12:27:00Z,False,0,?,?,0.0,0.0,0.0,0.0,461,178,1,576,False,0.125,0,0,13,3,0,5,0,3,0
5153,0,2023-09-10T20:50:00Z,False,0,8/30/2024 0:00,Minor,0.0,0.0,1.0,1.0,196,967,7,576,True,,0,15,0,3,3,6,1,2,0
5154,0,2023-09-10T20:50:00Z,False,0,3/21/2024 0:00,?,0.0,0.0,0.0,0.0,896,1622,1,1892,False,0.125,5,13,0,3,3,1,1,2,0
5155,0,2023-09-10T18:30:00Z,False,0,8/30/2024 0:00,Serious,0.0,1.0,0.0,1.0,901,1544,1,576,False,0.125,5,15,0,3,3,6,1,2,0
5156,0,2023-09-10T17:28:00Z,False,0,?,?,0.0,0.0,0.0,0.0,896,1623,1,576,False,0.125,0,0,13,3,0,4,0,3,0
5157,0,2023-09-10T14:45:00Z,False,0,4/2/2025 0:00,Serious,0.0,1.0,0.0,1.0,160,166,6,576,False,0.25,9,10,7,1,3,6,1,2,0
5158,0,2023-09-10T14:45:00Z,False,0,4/4/2024 0:00,?,0.0,0.0,0.0,0.0,250,493,1,576,False,0.125,5,15,0,3,3,5,1,2,0
5159,0,2023-09-10T14:30:00Z,False,0,?,Fatal,2.0,3.0,1.0,2.0,857,2050,1,1782,False,0.125,0,4,13,1,3,6,0,3,1
5160,0,2023-09-10T13:00:00Z,False,0,?,Fatal,1.0,0.0,0.0,1.0,768,1940,1,802,True,0.125,0,15,0,3,3,13,2,3,1
5161,1,2023-09-10T04:00:00Z,False,0,?,?,?,?,?,?,45,523,1,576,False,,0,0,6,2,0,3,0,3,0
5162,0,2023-09-09T11:55:00Z,False,0,?,?,0.0,0.0,0.0,0.0,166,436,1,2463,False,0.125,0,13,0,3,0,1,2,3,0
5163,0,2023-09-08T21:28:00Z,False,0,4/30/2024 0:00,?,0.0,0.0,0.0,0.0,435,610,6,576,False,0.125,9,15,0,3,3,6,1,2,0
5164,0,2023-09-08T19:41:00Z,False,0,10/17/2023 0:00,Serious,0.0,1.0,0.0,1.0,157,695,1,2172,False,0.25,8,16,0,3,3,1,1,2,0
5165,0,2023-09-08T10:30:00Z,False,0,?,?,0.0,0.0,0.0,0.0,993,1725,6,576,False,,0,0,15,3,0,6,0,3,0
5166,1,2023-09-08T06:00:00Z,False,0,?,?,0.0,0.0,0.0,?,179,394,1,1059,False,0.25,0,0,12,0,0,10,0,3,0
5167,0,2023-09-07T21:06:00Z,False,0,?,Fatal,2.0,0.0,0.0,2.0,160,166,6,576,False,0.25,0,13,12,3,0,4,0,3,1
5168,0,2023-09-07T17:25:00Z,False,0,2/26/2025 0:00,?,0.0,0.0,0.0,0.0,61,1910,4,513,False,0.125,1,15,0,3,3,3,1,2,0
5169,0,2023-09-07T16:00:00Z,False,0,11/9/2023 0:00,?,0.0,0.0,0.0,0.0,474,877,1,336,False,0.125,5,15,0,3,3,1,1,2,0
5170,0,2023-09-07T14:05:00Z,False,0,?,?,?,?,?,?,461,173,1,826,False,,0,0,13,4,0,5,0,3,0
5171,0,2023-09-07T13:00:00Z,False,0,11/9/2023 0:00,?,0.0,0.0,0.0,0.0,778,242,6,684,False,0.125,9,14,14,3,3,2,1,2,0
5172,0,2023-09-07T11:47:00Z,False,0,12/7/2023 0:00,?,0.0,0.0,0.0,0.0,70,441,1,2112,False,0.125,5,15,0,3,3,5,1,2,0
5173,0,2023-09-07T03:32:00Z,False,0,10/17/2023 0:00,Serious,0.0,1.0,0.0,1.0,179,376,1,576,False,0.25,6,0,4,0,3,3,1,2,0
5174,0,2023-09-07T00:00:00Z,False,0,12/13/2023 0:00,?,0.0,0.0,0.0,0.0,896,1658,1,2190,False,0.125,5,15,0,3,3,1,1,2,0
5175,1,2023-09-06T22:00:00Z,False,0,?,?,0.0,0.0,0.0,0.0,179,356,1,576,False,,0,0,12,2,0,11,0,3,0
5176,1,2023-09-06T17:35:00Z,False,0,?,?,?,?,?,?,179,356,1,576,False,,0,0,12,0,0,3,0,3,0
5177,0,2023-09-06T15:37:00Z,False,0,7/24/2024 0:00,?,0.0,0.0,0.0,0.0,967,1177,1,576,False,0.125,5,15,0,3,3,3,1,2,0
5178,0,2023-09-06T12:48:00Z,False,0,?,Fatal,2.0,0.0,0.0,2.0,250,41,1,2751,False,0.125,0,13,0,3,3,4,2,3,1
5179,0,2023-09-05T22:05:00Z,False,0,4/30/2024 0:00,?,0.0,0.0,0.0,0.0,250,2043,1,2578,False,0.125,5,15,0,3,3,5,1,2,0
5180,0,2023-09-05T20:42:00Z,False,0,9/26/2024 0:00,Minor,0.0,0.0,1.0,1.0,1070,2161,1,2844,True,0.125,5,15,0,3,3,4,1,2,0
5181,0,2023-09-05T17:20:00Z,False,0,?,?,0.0,0.0,0.0,0.0,1013,1359,1,1439,True,0.125,0,15,0,3,3,5,2,3,0
5182,0,2023-09-04T17:10:00Z,False,0,7/24/2024 0:00,Minor,0.0,0.0,1.0,1.0,163,940,6,576,False,0.125,5,16,0,2,3,3,1,2,0
5183,0,2023-09-04T12:00:00Z,False,0,?,?,0.0,0.0,0.0,0.0,856,1768,1,576,True,0.125,0,15,0,3,3,3,2,3,0
5184,0,2023-09-04T11:31:00Z,False,0,7/17/2024 0:00,?,0.0,0.0,0.0,0.0,157,536,1,1196,False,0.125,5,15,0,3,3,3,1,2,0
5185,0,2023-09-04T11:30:00Z,False,0,1/10/2024 0:00,?,0.0,0.0,0.0,0.0,250,43,1,1721,False,0.125,5,15,0,3,3,10,1,2,0
5186,0,2023-09-03T20:45:00Z,False,0,6/28/2024 0:00,Serious,0.0,1.0,1.0,2.0,1225,2108,5,1589,True,0.125,5,15,0,3,3,5,1,2,0
5187,0,2023-09-03T20:00:00Z,False,0,5/14/2024 0:00,Minor,0.0,0.0,1.0,1.0,1257,1765,1,1924,False,0.125,5,15,0,3,3,5,1,2,0
5188,0,2023-09-03T17:45:00Z,False,0,1/25/2024 0:00,?,0.0,0.0,0.0,0.0,250,72,1,1586,False,0.125,5,15,0,3,3,5,1,2,0
5189,1,2023-09-03T15:45:00Z,False,0,?,?,0.0,0.0,0.0,0.0,45,516,1,1949,False,,0,0,6,0,0,1,0,3,0
5190,0,2023-09-03T15:20:00Z,False,0,2/20/2025 0:00,Minor,0.0,0.0,1.0,1.0,896,1569,1,889,False,0.125,5,5,0,3,3,6,1,2,0
5191,0,2023-09-03T13:50:00Z,False,0,12/13/2023 0:00,?,0.0,0.0,0.0,0.0,166,54,1,2008,False,0.125,5,15,0,3,3,5,1,2,0
5192,0,2023-09-03T10:30:00Z,False,0,1/25/2024 0:00,Minor,0.0,0.0,1.0,1.0,149,1088,2,576,False,0.0,0,15,0,3,3,5,1,2,0
5193,0,2023-09-02T23:18:00Z,False,0,?,Fatal,1.0,0.0,0.0,1.0,269,1958,1,1929,False,0.125,0,13,0,1,3,4,2,3,1
5194,0,2023-09-02T21:10:00Z,False,0,4/4/2024 0:00,?,0.0,0.0,0.0,0.0,166,451,1,827,False,0.125,5,15,0,3,3,5,1,2,0
5195,0,2023-09-02T20:15:00Z,False,0,4/12/2024 0:00,?,0.0,0.0,0.0,0.0,250,66,1,1546,False,0.125,5,15,0,3,3,3,1,2,0
5196,0,2023-09-02T12:00:00Z,False,0,12/5/2024 0:00,?,0.0,0.0,0.0,0.0,157,2145,1,576,False,0.125,5,15,0,3,3,3,1,2,0
5197,0,2023-09-02T09:06:00Z,False,0,?,?,0.0,0.0,0.0,0.0,896,1594,1,2274,False,0.125,0,15,0,3,3,10,2,3,0
5198,0,2023-09-02T06:54:00Z,False,0,10/17/2023 0:00,Minor,0.0,0.0,2.0,2.0,1183,77,1,647,False,0.125,5,13,0,3,3,4,1,2,0
5199,1,2023-09-02T04:00:00Z,False,0,?,?,?,?,?,?,179,356,1,2459,False,,0,0,12,2,0,10,0,3,0
5200,0,2023-09-01T21:38:00Z,False,0,9/5/2024 0:00,Minor,0.0,0.0,1.0,1.0,896,1668,1,576,False,0.125,5,15,0,3,3,3,1,2,0
5201,0,2023-09-01T16:00:00Z,False,0,?,?,0.0,0.0,0.0,0.0,157,232,1,576,False,0.125,0,15,0,3,3,3,2,3,0
5202,0,2023-09-01T14:50:00Z,False,0,10/5/2023 0:00,?,0.0,0.0,0.0,0.0,250,1719,1,576,False,0.125,5,15,0,3,3,6,1,2,0
5203,0,2023-09-01T14:00:00Z,False,0,1/4/2024 0:00,?,0.0,0.0,0.0,0.0,896,1632,1,2197,False,0.25,5,15,0,3,3,5,1,2,0
5204,0,2023-09-01T10:10:00Z,False,0,4/1/2025 0:00,?,0.0,0.0,0.0,0.0,191,842,1,338,True,0.125,5,15,0,3,3,10,1,2,0
5205,0,2023-09-01T04:00:00Z,False,0,?,?,0.0,0.0,0.0,0.0,157,134,1,576,False,,0,0,13,3,0,5,0,3,0
5206,1,2023-09-01T04:00:00Z,False,0,?,?,0.0,0.0,0.0,0.0,179,411,1,576,False,0.25,0,0,4,0,0,4,0,3,0
5207,0,2023-08-31T20:15:00Z,False,0,12/7/2023 0:00,?,0.0,0.0,0.0,0.0,106,1837,1,576,False,0.125,8,1,9,3,3,10,1,2,0
5208,0,2023-08-31T17:13:00Z,False,0,1/4/2024 0:00,?,0.0,0.0,0.0,0.0,166,436,1,1499,False,0.125,0,15,0,3,3,5,1,2,0
5209,0,2023-08-31T16:25:00Z,False,0,2/20/2025 0:00,Fatal,1.0,0.0,0.0,1.0,994,1722,6,258,False,0.125,5,13,0,3,3,6,1,2,1
5210,0,2023-08-31T14:39:00Z,False,0,?,Fatal,1.0,0.0,0.0,1.0,1047,614,4,576,False,0.125,0,15,0,3,3,6,2,3,1
5211,0,2023-08-31T12:00:00Z,False,0,1/4/2024 0:00,?,0.0,0.0,0.0,0.0,157,1488,1,1581,False,0.125,5,15,0,3,3,5,1,2,0
5212,0,2023-08-31T09:05:00Z,False,0,3/21/2024 0:00,?,0.0,0.0,0.0,0.0,777,311,6,576,False,0.125,9,13,0,3,3,2,1,2,0
5213,0,2023-08-31T04:00:00Z,False,0,?,Fatal,3.0,0.0,0.0,3.0,250,72,1,576,False,,0,0,13,1,0,13,0,3,1
5214,0,2023-08-30T19:30:00Z,False,0,2/29/2024 0:00,?,0.0,0.0,0.0,0.0,166,55,1,576,False,0.125,5,15,0,3,3,5,1,2,0
5215,0,2023-08-30T17:00:00Z,False,0,?,?,0.0,0.0,0.0,0.0,1319,1873,1,327,False,0.125,0,13,0,3,3,1,2,3,0
5216,0,2023-08-30T15:00:00Z,False,0,4/4/2024 0:00,Minor,0.0,0.0,1.0,1.0,896,1570,1,2089,False,0.125,5,15,0,3,3,5,1,2,0
5217,0,2023-08-30T14:14:00Z,False,0,?,Minor,0.0,0.0,3.0,3.0,250,158,1,1429,False,0.125,0,13,0,3,0,10,2,3,0
5218,0,2023-08-30T10:42:00Z,False,0,?,?,0.0,0.0,0.0,0.0,896,1600,1,1644,False,0.125,0,15,0,3,3,10,2,3,0
5219,0,2023-08-30T09:15:00Z,False,0,1/25/2024 0:00,?,0.0,0.0,0.0,0.0,157,130,1,1077,False,0.25,8,6,0,3,3,10,1,2,0
5220,1,2023-08-30T04:00:00Z,False,0,?,?,?,?,?,?,45,219,1,576,False,,0,0,6,2,0,5,0,3,0
5221,0,2023-08-30T04:00:00Z,False,0,?,?,?,?,?,?,179,416,1,576,False,0.25,0,0,6,2,0,11,0,3,0
5222,1,2023-08-30T04:00:00Z,False,0,?,?,0.0,0.0,0.0,0.0,478,1071,1,576,False,,0,0,6,0,0,1,0,3,0
5223,0,2023-08-29T20:40:00Z,False,0,9/26/2024 0:00,?,0.0,0.0,0.0,0.0,157,462,1,1321,False,0.25,5,15,0,3,3,5,1,2,0
5224,0,2023-08-29T19:31:00Z,False,0,?,Serious,0.0,4.0,13.0,17.0,51,535,1,576,False,0.25,0,0,4,0,0,1,2,3,0
5225,0,2023-08-29T16:50:00Z,False,0,?,?,0.0,0.0,0.0,0.0,993,339,6,576,False,,0,0,13,3,0,6,0,3,0
5226,0,2023-08-29T11:05:00Z,False,0,12/7/2023 0:00,?,0.0,0.0,0.0,0.0,1310,1109,10,1677,False,0.125,5,11,0,3,3,6,1,2,0
5227,1,2023-08-29T04:00:00Z,False,0,?,?,0.0,0.0,0.0,0.0,45,512,1,576,False,0.25,0,0,12,0,0,5,0,3,0
5228,0,2023-08-29T04:00:00Z,False,0,?,Fatal,2.0,0.0,0.0,2.0,265,994,1,576,False,,0,0,6,1,0,3,0,3,1
5229,0,2023-08-28T14:00:00Z,False,0,12/21/2023 0:00,?,0.0,0.0,0.0,0.0,166,436,1,1396,False,0.125,5,15,0,3,3,4,1,2,0
5230,0,2023-08-28T13:05:00Z,False,0,4/4/2024 0:00,?,0.0,0.0,0.0,0.0,250,2119,1,576,False,0.125,5,6,8,3,3,10,1,2,0
5231,0,2023-08-28T11:15:00Z,False,0,12/7/2023 0:00,?,0.0,0.0,0.0,0.0,588,1250,1,177,True,0.125,5,15,0,3,3,11,1,2,0
5232,0,2023-08-28T09:44:00Z,False,0,?,Fatal,2.0,1.0,1.0,3.0,433,1004,6,2262,False,0.25,0,0,8,1,3,4,2,3,1
5233,0,2023-08-27T19:00:00Z,False,0,3/21/2024 0:00,?,0.0,0.0,0.0,0.0,591,2127,6,1302,False,0.125,5,15,0,3,3,6,1,2,0
5234,0,2023-08-27T14:30:00Z,False,0,1/10/2024 0:00,?,0.0,0.0,0.0,0.0,250,214,1,2408,False,0.25,5,15,0,3,3,5,1,2,0
5235,0,2023-08-27T13:15:00Z,False,0,10/26/2023 0:00,?,0.0,0.0,0.0,0.0,163,142,6,576,False,0.125,9,10,7,3,3,5,1,2,0
5236,1,2023-08-27T12:15:00Z,False,0,?,?,?,?,?,?,179,356,1,576,False,,0,0,12,0,0,3,0,3,0
5237,0,2023-08-27T11:00:00Z,False,0,?,Fatal,2.0,0.0,0.0,2.0,157,706,1,576,False,0.125,0,15,0,1,1,3,2,3,1
5238,0,2023-08-26T18:38:00Z,False,0,7/17/2024 0:00,Serious,0.0,2.0,0.0,2.0,847,844,1,576,False,0.125,5,15,0,3,3,3,1,2,0
5239,0,2023-08-26T18:10:00Z,False,0,4/19/2024 0:00,?,0.0,0.0,0.0,0.0,739,448,1,488,False,0.125,5,13,0,3,3,5,1,2,0
5240,0,2023-08-26T14:42:00Z,False,0,2/20/2024 0:00,?,0.0,0.0,0.0,0.0,896,1640,1,1729,False,0.25,5,13,0,3,3,4,1,2,0
5241,0,2023-08-26T12:45:00Z,False,0,11/9/2023 0:00,Serious,0.0,1.0,2.0,3.0,994,1725,6,1453,False,0.125,5,13,0,3,3,6,1,2,0
5242,0,2023-08-26T04:00:00Z,False,0,?,?,?,?,?,?,250,152,1,576,False,,0,0,13,3,0,6,0,3,0
5243,0,2023-08-25T21:15:00Z,False,0,?,Minor,0.0,0.0,2.0,2.0,250,32,1,576,False,,0,0,13,3,0,1,0,3,0
5244,0,2023-08-25T15:00:00Z,False,0,12/7/2023 0:00,Serious,0.0,1.0,0.0,1.0,250,71,1,1563,False,0.125,5,15,0,3,3,5,1,2,0
5245,0,2023-08-25T11:15:00Z,False,0,12/7/2023 0:00,Serious,0.0,1.0,0.0,1.0,250,124,1,1015,False,0.125,5,15,0,3,3,10,1,2,0
5246,0,2023-08-24T21:30:00Z,False,0,?,?,0.0,0.0,0.0,?,157,466,1,2029,False,0.25,0,0,12,4,0,5,0,3,0
5247,0,2023-08-24T18:30:00Z,False,0,11/26/2024 0:00,?,0.0,0.0,0.0,0.0,250,493,1,576,False,0.125,5,13,0,3,3,1,1,2,0
5248,0,2023-08-24T17:00:00Z,False,0,7/24/2024 0:00,Minor,0.0,0.0,2.0,2.0,867,1509,1,576,True,0.125,5,15,0,3,3,3,1,2,0
5249,1,2023-08-24T13:00:00Z,False,0,?,?,0.0,0.0,0.0,0.0,391,931,1,576,False,0.25,0,0,12,0,0,3,0,3,0
5250,1,2023-08-24T07:48:00Z,False,0,?,?,?,?,?,?,421,120,1,576,False,,0,0,12,0,0,1,0,3,0
5251,0,2023-08-23T20:01:00Z,False,0,?,Fatal,2.0,0.0,0.0,2.0,546,345,1,576,False,,0,0,13,1,0,3,0,3,1
5252,0,2023-08-23T17:30:00Z,False,0,12/7/2023 0:00,Minor,0.0,0.0,2.0,2.0,250,32,1,2089,False,0.125,5,15,0,3,3,5,1,2,0
5253,0,2023-08-23T16:40:00Z,False,0,12/13/2023 0:00,?,0.0,0.0,0.0,0.0,898,1640,1,1138,False,0.25,5,13,0,3,3,5,1,2,0
5254,0,2023-08-23T15:18:00Z,False,0,11/9/2023 0:00,?,0.0,0.0,0.0,0.0,250,115,1,1000,False,0.125,5,15,0,3,3,5,1,2,0
5255,1,2023-08-23T13:30:00Z,False,0,?,?,0.0,0.0,0.0,0.0,157,1840,1,2580,False,,0,0,13,2,0,4,0,3,0
5256,0,2023-08-23T13:00:00Z,False,0,2/20/2025 0:00,Fatal,1.0,0.0,0.0,1.0,589,805,1,2715,True,0.125,5,11,0,3,3,4,1,2,1
5257,0,2023-08-23T08:05:00Z,False,0,7/11/2024 0:00,?,0.0,0.0,0.0,0.0,379,918,1,576,False,0.125,5,13,0,3,3,3,1,2,0
5258,2,2023-08-22T22:57:00Z,False,0,?,?,?,?,?,?,45,523,1,576,False,,0,0,12,0,0,3,0,3,0
5259,0,2023-08-22T19:10:00Z,False,0,2/20/2024 0:00,?,0.0,0.0,0.0,0.0,896,1247,1,893,False,0.125,5,15,0,3,3,5,1,2,0
5260,0,2023-08-22T18:40:00Z,False,0,?,Fatal,2.0,0.0,0.0,2.0,157,777,1,1759,False,0.25,0,13,0,1,3,12,2,3,1
5261,0,2023-08-22T15:07:00Z,False,0,?,Fatal,1.0,0.0,0.0,1.0,1133,1946,1,576,False,,0,0,13,1,0,3,0,3,1
5262,0,2023-08-22T13:00:00Z,False,0,4/4/2024 0:00,?,0.0,0.0,0.0,0.0,896,1565,1,576,False,0.125,5,15,0,3,3,11,1,2,0
5263,0,2023-08-21T15:56:00Z,False,0,1/10/2024 0:00,?,0.0,0.0,0.0,0.0,1053,1119,1,576,False,0.125,8,1,9,3,3,5,1,2,0
5264,1,2023-08-21T15:39:00Z,False,0,?,?,?,?,?,?,25,662,1,576,False,0.25,0,0,4,0,0,5,0,3,0
5265,0,2023-08-21T14:15:00Z,False,0,3/5/2025 0:00,?,0.0,0.0,0.0,0.0,635,15,1,2303,False,0.25,6,16,0,3,3,5,1,2,0
5266,0,2023-08-21T13:10:00Z,False,0,2/20/2025 0:00,?,0.0,0.0,0.0,0.0,250,2046,1,648,False,0.125,5,15,0,3,3,5,1,2,0
5267,0,2023-08-21T11:48:00Z,False,0,5/14/2024 0:00,?,0.0,0.0,0.0,0.0,896,1666,1,993,False,0.25,5,3,0,3,3,3,1,2,0
5268,0,2023-08-21T10:55:00Z,False,0,12/21/2023 0:00,?,0.0,0.0,0.0,0.0,896,1564,1,310,False,0.125,5,15,0,3,3,5,1,2,0
5269,0,2023-08-21T09:15:00Z,False,0,?,Fatal,1.0,0.0,0.0,1.0,896,1660,1,576,False,,0,0,13,1,0,13,0,3,1
5270,0,2023-08-21T00:15:00Z,False,0,?,?,0.0,0.0,0.0,0.0,179,371,1,1690,False,0.25,0,0,4,3,1,5,2,3,0
5271,0,2023-08-20T20:30:00Z,False,0,11/16/2023 0:00,?,0.0,0.0,0.0,0.0,1266,2141,1,296,False,0.125,5,15,0,3,3,5,1,2,0
5272,0,2023-08-20T20:29:00Z,False,0,11/9/2023 0:00,?,0.0,0.0,0.0,0.0,250,35,1,171,False,0.125,5,15,0,3,3,5,1,2,0
5273,0,2023-08-20T16:15:00Z,False,0,4/24/2025 0:00,?,0.0,0.0,0.0,0.0,811,1388,1,576,False,0.125,5,15,0,3,3,4,1,2,0
5274,0,2023-08-20T13:00:00Z,False,0,?,Fatal,2.0,0.0,0.0,2.0,157,784,1,2440,False,0.125,0,11,0,3,3,4,2,3,1
5275,0,2023-08-20T09:05:00Z,False,0,1/10/2024 0:00,Serious,0.0,1.0,0.0,1.0,1153,594,6,67,True,0.125,5,15,0,3,3,10,1,2,0
5276,0,2023-08-20T09:00:00Z,False,0,?,Minor,0.0,0.0,1.0,1.0,891,576,1,576,True,0.125,0,15,0,3,3,3,2,3,0
5277,1,2023-08-20T04:00:00Z,False,0,?,?,?,?,?,?,421,120,1,576,False,,0,0,12,0,0,3,0,3,0
5278,0,2023-08-19T19:00:00Z,False,0,7/24/2024 0:00,?,0.0,0.0,0.0,0.0,896,1660,1,576,False,0.125,5,15,0,3,3,3,1,2,0
5279,0,2023-08-19T16:20:00Z,False,0,1/4/2024 0:00,?,0.0,0.0,0.0,0.0,250,67,1,2578,False,0.125,5,6,0,3,3,1,1,2,0
5280,0,2023-08-19T15:30:00Z,False,0,?,?,?,?,?,?,250,261,1,576,False,,0,0,13,1,0,3,0,3,0
5281,0,2023-08-19T13:54:00Z,False,0,?,Fatal,1.0,0.0,0.0,1.0,896,1249,1,429,False,0.125,0,15,0,3,3,13,2,3,1
5282,0,2023-08-19T12:00:00Z,False,0,2/20/2024 0:00,Minor,0.0,0.0,1.0,1.0,250,497,1,576,False,0.125,5,1,9,3,3,4,1,2,0
5283,1,2023-08-19T11:30:00Z,False,0,?,?,?,?,?,?,896,1618,1,2031,False,0.25,0,0,8,0,0,11,0,3,0
5284,0,2023-08-19T09:20:00Z,False,0,1/16/2025 0:00,Minor,0.0,0.0,1.0,1.0,1013,1348,1,576,True,0.125,5,15,0,3,3,3,1,2,0
5285,0,2023-08-18T21:35:00Z,False,0,7/18/2024 0:00,Minor,0.0,0.0,2.0,2.0,633,762,1,576,False,0.125,5,15,0,3,3,5,1,2,0
5286,0,2023-08-18T20:11:00Z,False,0,3/12/2024 0:00,Serious,0.0,1.0,8.0,9.0,179,417,1,576,False,0.25,6,0,4,0,3,3,1,2,0
5287,0,2023-08-18T20:10:00Z,False,0,11/30/2023 0:00,Serious,0.0,1.0,1.0,2.0,544,554,1,576,False,0.125,5,15,0,3,3,1,1,2,0
5288,0,2023-08-18T19:45:00Z,False,0,1/25/2024 0:00,Fatal,1.0,0.0,0.0,1.0,1084,1943,7,576,False,0.125,5,15,0,1,3,13,1,2,1
5289,0,2023-08-18T18:50:00Z,False,0,11/26/2024 0:00,?,0.0,0.0,0.0,0.0,896,1622,1,41,False,0.125,5,0,8,3,3,3,1,2,0
5290,1,2023-08-18T09:19:00Z,False,0,?,?,?,?,?,?,157,121,1,2038,False,,0,0,13,4,0,4,0,3,0
5291,0,2023-08-17T15:49:00Z,False,0,?,Fatal,10.0,0.0,0.0,8.0,963,249,1,576,False,0.25,0,0,13,1,0,1,0,3,1
5292,0,2023-08-17T14:00:00Z,False,0,4/4/2024 0:00,?,0.0,0.0,0.0,0.0,166,441,1,576,False,0.125,5,15,0,3,3,5,1,2,0
5293,0,2023-08-17T13:02:00Z,False,0,11/21/2024 0:00,Fatal,1.0,1.0,0.0,2.0,896,1599,1,1229,False,0.125,5,13,0,1,3,6,1,2,1
5294,0,2023-08-16T11:34:00Z,False,0,11/9/2023 0:00,?,0.0,0.0,0.0,0.0,157,1840,1,1000,False,0.125,5,13,0,3,3,3,1,2,0
5295,0,2023-08-15T14:30:00Z,False,0,4/4/2024 0:00,?,0.0,0.0,0.0,0.0,896,1570,1,576,False,0.125,5,15,0,3,3,10,1,2,0
5296,0,2023-08-15T12:00:00Z,False,0,12/7/2023 0:00,?,0.0,0.0,0.0,0.0,250,95,1,876,False,0.125,5,15,0,3,3,5,1,2,0
5297,0,2023-08-15T11:45:00Z,False,0,5/14/2024 0:00,?,0.0,0.0,0.0,0.0,40,640,1,576,False,0.125,8,1,9,3,3,5,1,2,0
5298,0,2023-08-15T09:05:00Z,False,0,11/9/2023 0:00,Minor,0.0,0.0,1.0,1.0,157,777,1,1732,False,0.25,8,0,8,3,1,4,1,2,0
5299,1,2023-08-15T04:00:00Z,False,0,?,?,?,?,?,?,179,424,1,576,False,,0,0,6,0,0,3,0,3,0
5300,0,2023-08-14T11:20:00Z,False,0,10/26/2023 0:00,?,0.0,0.0,0.0,0.0,250,2120,1,576,False,0.125,5,6,8,3,3,5,1,2,0
5301,0,2023-08-14T07:36:00Z,False,0,10/9/2024 0:00,Serious,0.0,1.0,0.0,1.0,421,1035,1,576,False,0.25,6,0,4,0,3,3,1,2,0
5302,0,2023-08-14T04:00:00Z,False,0,?,?,0.0,0.0,0.0,0.0,159,1138,1,576,False,,0,0,13,3,0,5,0,3,0
5303,0,2023-08-13T18:35:00Z,False,0,1/25/2024 0:00,?,0.0,0.0,0.0,0.0,250,111,1,576,False,0.125,5,15,0,3,3,3,1,2,0
5304,0,2023-08-13T16:15:00Z,False,0,?,Minor,0.0,0.0,2.0,2.0,799,1423,1,2873,False,0.125,0,4,0,1,3,6,2,3,0
5305,0,2023-08-13T16:00:00Z,False,0,4/4/2024 0:00,?,0.0,0.0,0.0,0.0,896,1622,1,324,False,0.125,5,15,0,3,3,10,1,2,0
5306,0,2023-08-13T13:50:00Z,False,0,9/26/2024 0:00,Serious,0.0,1.0,0.0,1.0,896,1587,1,2301,False,0.125,5,15,0,3,3,3,1,2,0
5307,0,2023-08-13T13:10:00Z,False,0,7/10/2024 0:00,?,0.0,0.0,0.0,0.0,1115,1269,1,576,True,0.125,5,15,0,3,3,3,1,2,0
5308,0,2023-08-13T12:28:00Z,False,0,7/5/2024 0:00,Fatal,2.0,0.0,0.0,2.0,1055,1984,1,1362,False,0.125,5,15,0,3,3,6,1,2,1
5309,0,2023-08-13T11:20:00Z,False,0,9/19/2024 0:00,?,0.0,0.0,0.0,0.0,13,299,1,1136,False,0.25,5,15,0,3,3,3,1,2,0
5310,0,2023-08-12T10:50:00Z,False,0,?,Fatal,1.0,0.0,0.0,1.0,160,293,6,576,False,0.125,0,1,9,1,3,6,2,3,1
5311,0,2023-08-12T10:13:00Z,False,0,1/16/2025 0:00,Minor,0.0,0.0,1.0,1.0,896,1668,1,576,False,0.125,5,15,0,3,3,3,1,2,0
5312,0,2023-08-12T09:48:00Z,False,0,?,Fatal,1.0,0.0,0.0,1.0,1241,1778,1,576,True,0.125,0,15,0,3,3,6,2,3,1
5313,1,2023-08-11T20:06:00Z,False,0,?,?,0.0,0.0,0.0,?,179,317,1,2409,False,0.25,0,7,0,0,3,1,2,3,0
5314,0,2023-08-11T15:10:00Z,False,0,6/26/2024 0:00,?,0.0,0.0,0.0,0.0,250,60,1,1927,False,0.125,5,15,0,3,3,3,1,2,0
5315,0,2023-08-11T12:35:00Z,False,0,?,?,0.0,0.0,0.0,0.0,251,235,1,1751,False,0.125,0,15,13,3,0,5,0,3,0
5316,0,2023-08-11T11:30:00Z,False,0,3/21/2024 0:00,?,0.0,0.0,0.0,0.0,250,497,1,849,False,0.125,5,1,9,3,3,10,1,2,0
5317,0,2023-08-11T10:00:00Z,False,0,11/9/2023 0:00,?,0.0,0.0,0.0,0.0,250,60,1,1511,False,0.125,5,15,0,3,3,10,1,2,0
5318,0,2023-08-11T04:00:00Z,False,0,?,Fatal,2.0,0.0,0.0,2.0,379,919,0,576,False,,0,0,10,0,0,13,0,0,1
5319,0,2023-08-10T23:30:00Z,False,0,?,?,0.0,0.0,0.0,0.0,250,80,1,576,False,0.125,0,15,0,3,3,3,2,3,0
5320,0,2023-08-10T19:00:00Z,False,0,7/2/2024 0:00,Serious,0.0,1.0,1.0,2.0,896,1242,1,576,False,0.125,5,15,0,3,3,5,1,2,0
5321,0,2023-08-10T15:05:00Z,False,0,11/30/2023 0:00,?,0.0,0.0,0.0,0.0,250,71,1,2040,False,0.125,5,13,0,3,3,11,1,2,0
5322,0,2023-08-10T13:10:00Z,False,0,10/26/2023 0:00,?,0.0,0.0,0.0,0.0,250,95,1,576,False,0.125,5,15,0,3,3,5,1,2,0
5323,0,2023-08-10T10:15:00Z,False,0,11/9/2023 0:00,?,0.0,0.0,0.0,0.0,896,1637,1,522,False,0.125,5,15,0,3,3,10,1,2,0
5324,0,2023-08-10T10:08:00Z,False,0,?,Fatal,1.0,0.0,0.0,1.0,250,1530,1,576,False,0.125,0,15,0,1,2,3,2,3,1
5325,0,2023-08-10T07:40:00Z,False,0,5/14/2024 0:00,?,0.0,0.0,0.0,0.0,968,1748,1,576,False,0.125,5,13,0,3,3,6,1,2,0
5326,0,2023-08-09T20:30:00Z,False,0,12/13/2023 0:00,Serious,0.0,1.0,0.0,1.0,417,1469,1,391,True,0.125,5,15,0,3,3,4,1,2,0
5327,1,2023-08-09T19:55:00Z,False,0,?,?,0.0,0.0,0.0,0.0,179,356,1,1054,False,0.25,0,0,12,4,0,1,0,3,0
5328,0,2023-08-09T17:15:00Z,False,0,11/30/2023 0:00,?,0.0,0.0,0.0,0.0,166,441,1,576,False,0.125,5,15,0,3,3,5,1,2,0
5329,0,2023-08-09T14:00:00Z,False,0,11/21/2024 0:00,?,0.0,0.0,0.0,0.0,250,45,1,576,False,0.125,5,13,0,3,3,3,1,2,0
5330,0,2023-08-09T13:30:00Z,False,0,?,Minor,0.0,0.0,1.0,1.0,160,1504,6,576,False,0.125,0,1,9,3,3,6,2,3,0
5331,0,2023-08-09T13:15:00Z,False,0,5/16/2024 0:00,Fatal,2.0,0.0,0.0,2.0,896,1570,1,576,False,0.125,5,6,8,1,3,6,1,2,1
5332,0,2023-08-09T11:00:00Z,False,0,1/10/2024 0:00,?,0.0,0.0,0.0,0.0,994,1722,6,1286,False,0.125,5,13,0,3,3,5,1,2,0
5333,0,2023-08-09T10:15:00Z,False,0,12/7/2023 0:00,?,0.0,0.0,0.0,0.0,250,75,1,258,False,0.125,5,13,0,3,3,10,1,2,0
5334,0,2023-08-09T08:49:00Z,False,0,?,?,0.0,0.0,0.0,0.0,93,664,1,1267,False,0.25,0,0,12,4,0,5,0,3,0
5335,0,2023-08-08T18:24:00Z,False,0,4/24/2025 0:00,Serious,0.0,1.0,0.0,1.0,976,2079,1,2719,True,0.125,5,15,0,3,3,10,1,2,0
5336,0,2023-08-08T16:00:00Z,False,0,6/20/2024 0:00,Minor,0.0,0.0,1.0,1.0,896,1588,1,1242,False,0.125,5,15,0,3,3,3,1,2,0
5337,0,2023-08-08T14:00:00Z,False,0,11/9/2023 0:00,?,0.0,0.0,0.0,0.0,896,1659,1,576,False,0.125,5,1,9,3,3,6,1,2,0
5338,0,2023-08-08T12:55:00Z,False,0,4/4/2024 0:00,?,0.0,0.0,0.0,0.0,896,1600,1,2343,False,0.125,5,9,0,3,3,3,1,2,0
5339,0,2023-08-08T12:50:00Z,False,0,11/21/2024 0:00,Fatal,1.0,0.0,0.0,1.0,40,649,1,576,False,0.125,8,1,9,1,3,6,1,2,1
5340,0,2023-08-08T10:30:00Z,False,0,1/25/2024 0:00,?,0.0,0.0,0.0,0.0,1241,1272,1,355,True,0.125,5,15,0,3,3,5,1,2,0
5341,0,2023-08-08T10:00:00Z,False,0,2/20/2025 0:00,?,0.0,0.0,0.0,0.0,179,545,1,2330,False,0.125,5,15,0,3,3,10,1,2,0
5342,0,2023-08-07T16:35:00Z,False,0,?,Fatal,1.0,0.0,0.0,1.0,250,32,1,479,False,0.125,0,15,0,1,3,4,2,3,1
5343,0,2023-08-07T16:00:00Z,False,0,7/2/2024 0:00,?,0.0,0.0,0.0,0.0,250,112,1,2731,False,0.125,5,15,0,3,3,5,1,2,0
5344,0,2023-08-07T13:20:00Z,False,0,?,Minor,0.0,0.0,1.0,1.0,993,1725,6,576,False,,0,0,13,3,0,10,0,3,0
5345,0,2023-08-07T13:17:00Z,False,0,?,?,?,?,?,?,250,154,1,1170,False,,0,0,13,2,0,5,0,3,0
5346,1,2023-08-07T13:00:00Z,False,0,?,?,0.0,0.0,0.0,0.0,179,356,1,576,False,0.25,0,0,12,0,0,3,0,3,0
5347,0,2023-08-07T08:10:00Z,False,0,?,?,0.0,0.0,0.0,0.0,179,356,1,2812,False,0.25,0,0,12,3,0,5,0,3,0
5348,1,2023-08-07T04:00:00Z,False,0,?,?,0.0,0.0,0.0,0.0,179,386,1,2887,False,0.5,0,0,4,0,0,5,0,3,0
5349,0,2023-08-06T23:15:00Z,False,0,9/28/2023 0:00,?,0.0,0.0,0.0,0.0,250,77,1,590,False,0.125,5,13,0,3,3,5,1,2,0
5350,0,2023-08-06T21:00:00Z,False,0,4/18/2024 0:00,?,0.0,0.0,0.0,0.0,1177,1070,1,576,False,0.125,5,15,0,3,3,1,1,2,0
5351,0,2023-08-06T19:44:00Z,False,0,?,Fatal,3.0,0.0,0.0,3.0,1078,267,6,751,False,0.25,0,19,14,2,3,3,2,3,1
5352,0,2023-08-06T14:00:00Z,False,0,?,Minor,0.0,0.0,1.0,1.0,1240,2199,1,576,False,0.125,0,15,0,3,3,3,2,3,0
5353,0,2023-08-06T10:27:00Z,False,0,?,Fatal,1.0,0.0,0.0,1.0,542,1118,1,576,False,0.125,0,1,9,3,3,6,2,3,1
5354,0,2023-08-06T02:07:00Z,False,0,6/5/2024 0:00,?,0.0,0.0,0.0,0.0,160,142,6,576,False,0.125,9,14,8,3,3,5,1,2,0
5355,0,2023-08-05T17:41:00Z,False,0,1/4/2024 0:00,?,0.0,0.0,0.0,0.0,250,2046,1,2403,False,0.125,5,6,8,3,3,3,1,2,0
5356,0,2023-08-05T16:20:00Z,False,0,?,?,0.0,0.0,0.0,0.0,179,827,6,576,False,0.25,0,10,0,3,3,3,2,3,0
5357,0,2023-08-05T13:50:00Z,False,0,?,?,0.0,0.0,0.0,0.0,250,94,1,1088,False,0.125,0,15,13,3,0,5,0,3,0
5358,0,2023-08-05T13:33:00Z,False,0,10/5/2023 0:00,Serious,0.0,2.0,0.0,2.0,605,239,6,2089,False,0.125,9,1,7,3,3,6,1,2,0
5359,0,2023-08-05T13:06:00Z,False,0,?,Fatal,1.0,0.0,0.0,1.0,847,844,1,1589,False,0.125,0,15,0,3,3,6,2,3,1
5360,0,2023-08-05T04:00:00Z,False,0,?,Minor,0.0,0.0,2.0,2.0,739,443,1,1277,False,0.125,0,13,13,3,0,4,0,3,0
5361,0,2023-08-04T22:17:00Z,False,0,?,Fatal,2.0,0.0,0.0,2.0,250,60,1,2646,False,0.125,0,15,0,1,3,3,2,3,1
5362,0,2023-08-04T20:54:00Z,False,0,?,?,0.0,0.0,0.0,0.0,39,655,1,2313,False,0.125,0,1,9,3,3,6,2,3,0
5363,0,2023-08-04T19:43:00Z,False,0,5/16/2024 0:00,?,0.0,0.0,0.0,0.0,896,1561,1,576,False,0.125,5,15,0,3,3,3,1,2,0
5364,1,2023-08-04T13:15:00Z,False,0,?,?,0.0,0.0,0.0,0.0,1097,2075,1,2825,False,0.125,0,0,15,2,0,5,0,3,0
5365,0,2023-08-04T13:00:00Z,False,0,11/21/2024 0:00,Fatal,2.0,1.0,0.0,3.0,250,60,1,1398,False,0.125,5,13,0,3,3,4,1,2,1
5366,0,2023-08-04T11:30:00Z,False,0,11/21/2024 0:00,Serious,0.0,1.0,1.0,2.0,655,842,1,480,True,0.125,5,15,0,3,3,4,1,2,0
5367,0,2023-08-04T11:10:00Z,False,0,?,Fatal,1.0,0.0,0.0,1.0,556,1187,1,2729,True,0.125,0,15,0,3,3,10,2,3,1
5368,0,2023-08-04T11:01:00Z,False,0,5/15/2024 0:00,?,0.0,0.0,0.0,0.0,250,116,1,576,False,0.125,5,15,0,3,3,5,1,2,0
5369,0,2023-08-03T14:26:00Z,False,0,6/26/2024 0:00,?,0.0,0.0,0.0,0.0,737,668,1,576,True,0.125,5,15,0,3,3,3,1,2,0
5370,0,2023-08-03T12:45:00Z,False,0,2/13/2025 0:00,Minor,0.0,0.0,1.0,1.0,57,869,1,576,True,0.125,5,15,0,3,3,3,1,2,0
5371,0,2023-08-03T12:00:00Z,False,0,11/9/2023 0:00,?,0.0,0.0,0.0,0.0,40,635,1,2275,False,0.125,8,9,0,3,3,4,1,2,0
5372,0,2023-08-03T11:52:00Z,False,0,1/25/2024 0:00,Minor,0.0,0.0,1.0,1.0,250,60,1,2267,False,0.125,5,13,0,3,3,1,1,2,0
5373,0,2023-08-03T10:30:00Z,False,0,7/5/2024 0:00,Fatal,1.0,0.0,0.0,1.0,700,1089,1,1210,True,0.125,5,15,0,3,3,10,1,2,1
5374,1,2023-08-03T09:35:00Z,False,0,?,?,0.0,0.0,0.0,0.0,45,516,1,1477,False,0.25,0,0,4,0,0,1,2,3,0
5375,0,2023-08-03T09:03:00Z,False,0,3/21/2025 0:00,?,0.0,0.0,0.0,0.0,1134,1978,10,576,False,0.75,1,11,0,3,3,6,1,2,0
5376,0,2023-08-03T03:06:00Z,False,0,2/26/2025 0:00,?,?,?,?,?,179,409,1,1426,False,0.25,6,0,4,3,3,5,1,2,0
5377,0,2023-08-02T16:59:00Z,False,0,11/30/2023 0:00,?,0.0,0.0,0.0,0.0,896,1601,1,2619,False,0.125,5,13,0,3,3,3,1,2,0
5378,0,2023-08-02T11:36:00Z,False,0,?,Fatal,2.0,0.0,0.0,2.0,310,2012,1,2779,False,0.125,0,13,0,3,3,1,2,3,1
5379,0,2023-08-02T07:20:00Z,False,0,1/10/2024 0:00,?,0.0,0.0,0.0,0.0,40,640,1,526,False,0.125,8,1,9,3,3,10,1,2,0
5380,0,2023-08-02T07:15:00Z,False,0,12/13/2023 0:00,?,0.0,0.0,0.0,0.0,250,77,1,202,False,0.125,5,13,0,3,3,5,1,2,0
5381,0,2023-08-01T20:22:00Z,False,0,12/7/2023 0:00,Serious,0.0,1.0,0.0,1.0,515,1282,1,286,False,0.125,5,15,0,3,3,4,1,2,0
5382,0,2023-08-01T17:37:00Z,False,0,11/16/2023 0:00,?,0.0,0.0,0.0,0.0,250,77,1,1773,False,0.125,5,13,0,2,3,11,1,2,0
5383,0,2023-08-01T16:30:00Z,False,0,5/14/2024 0:00,Minor,0.0,0.0,1.0,1.0,163,267,6,848,False,0.125,9,16,14,3,3,1,1,2,0
5384,0,2023-08-01T16:15:00Z,False,0,2/1/2024 0:00,Minor,0.0,0.0,2.0,2.0,290,590,1,550,True,0.125,5,15,0,3,3,10,1,2,0
5385,0,2023-08-01T13:54:00Z,False,0,?,?,0.0,0.0,0.0,0.0,896,186,1,576,False,,0,0,13,3,0,13,0,3,0
5386,0,2023-08-01T10:30:00Z,False,0,12/19/2024 0:00,Fatal,1.0,1.0,0.0,2.0,788,2174,1,2151,True,0.25,5,15,0,3,3,4,1,2,1
5387,0,2023-07-31T15:00:00Z,False,0,9/28/2023 0:00,Serious,0.0,1.0,0.0,1.0,996,1727,6,576,False,0.125,5,1,9,3,3,6,1,2,0
5388,0,2023-07-31T14:10:00Z,False,0,?,Fatal,1.0,0.0,0.0,1.0,982,2132,6,576,False,0.125,0,1,9,3,3,6,2,3,1
5389,0,2023-07-31T12:30:00Z,False,0,2/5/2025 0:00,Minor,0.0,0.0,1.0,1.0,896,1558,1,576,False,0.125,5,5,0,3,3,3,1,2,0
5390,0,2023-07-31T11:18:00Z,False,0,11/16/2023 0:00,?,0.0,0.0,0.0,0.0,250,37,1,1700,False,0.125,5,15,0,3,3,5,1,2,0
5391,0,2023-07-31T10:20:00Z,False,0,2/20/2025 0:00,Serious,0.0,2.0,0.0,2.0,470,1327,1,2357,True,0.125,5,15,0,3,3,2,1,2,0
5392,0,2023-07-30T21:30:00Z,False,0,?,?,0.0,0.0,0.0,0.0,250,123,1,1743,False,0.125,0,15,0,3,3,5,2,3,0
5393,0,2023-07-30T17:55:00Z,False,0,?,?,0.0,0.0,0.0,0.0,301,819,1,73,True,0.125,0,15,0,3,3,1,2,3,0
5394,0,2023-07-30T16:45:00Z,False,0,11/16/2023 0:00,Serious,0.0,2.0,1.0,3.0,157,175,1,425,False,0.125,5,15,0,3,3,10,1,2,0
5395,0,2023-07-30T13:30:00Z,False,0,?,Fatal,1.0,0.0,0.0,1.0,250,2038,1,1411,False,0.125,0,15,0,3,3,13,2,3,1
5396,0,2023-07-30T13:19:00Z,False,0,?,?,0.0,0.0,0.0,0.0,160,1504,6,576,False,0.125,0,15,0,3,3,3,2,3,0
5397,0,2023-07-30T11:01:00Z,False,0,2/20/2025 0:00,?,0.0,0.0,0.0,0.0,250,122,1,576,False,0.125,5,15,0,3,3,3,1,2,0
5398,0,2023-07-30T09:30:00Z,False,0,?,?,0.0,0.0,0.0,0.0,250,83,1,576,False,,0,0,13,1,0,13,0,3,0
5399,0,2023-07-30T09:18:00Z,False,0,8/31/2023 0:00,Fatal,1.0,0.0,0.0,1.0,160,145,6,576,False,0.125,9,1,9,3,3,6,1,2,1
5400,0,2023-07-30T07:40:00Z,False,0,?,Fatal,3.0,0.0,0.0,3.0,157,1532,1,816,False,0.125,0,15,0,3,3,4,2,3,1
5401,0,2023-07-30T00:19:00Z,False,0,1/4/2024 0:00,Minor,0.0,0.0,1.0,1.0,896,1603,1,2796,False,0.125,5,15,0,3,3,1,1,2,0
5402,0,2023-07-29T22:55:00Z,False,0,?,Fatal,2.0,0.0,0.0,2.0,611,1138,1,576,False,,0,0,13,3,0,3,0,3,1
5403,0,2023-07-29T19:00:00Z,False,0,9/28/2023 0:00,Minor,0.0,0.0,2.0,2.0,956,1814,1,191,True,0.125,5,15,0,1,3,4,1,2,0
5404,0,2023-07-29T13:27:00Z,False,0,5/16/2024 0:00,Fatal,2.0,2.0,0.0,4.0,1009,51,6,2181,True,0.125,5,15,0,1,3,1,1,2,1
5405,0,2023-07-29T13:06:00Z,False,0,?,Fatal,1.0,0.0,0.0,1.0,160,143,6,576,False,0.125,0,1,9,3,3,6,2,3,1
5406,0,2023-07-29T13:05:00Z,False,0,?,Serious,0.0,2.0,0.0,2.0,250,83,1,1266,False,0.125,0,15,0,3,3,6,2,3,0
5407,0,2023-07-29T12:00:00Z,False,0,11/16/2023 0:00,?,0.0,0.0,0.0,0.0,660,873,1,2710,True,0.125,5,15,0,3,3,5,1,2,0
5408,0,2023-07-29T11:34:00Z,False,0,1/16/2025 0:00,?,0.0,0.0,0.0,0.0,179,409,1,1427,False,0.25,6,0,4,3,3,5,1,2,0
5409,0,2023-07-29T10:05:00Z,False,0,?,Fatal,2.0,0.0,0.0,2.0,857,646,1,2181,False,0.125,0,15,0,1,3,6,2,3,1
5410,0,2023-07-29T08:30:00Z,False,0,11/16/2023 0:00,?,0.0,0.0,0.0,0.0,40,639,1,576,False,0.125,8,1,9,3,3,6,1,2,0
5411,1,2023-07-29T04:00:00Z,False,0,?,?,0.0,0.0,0.0,0.0,93,664,1,1180,False,,0,15,12,0,0,3,0,3,0
5412,1,2023-07-29T04:00:00Z,False,0,?,?,0.0,0.0,0.0,0.0,179,404,1,576,False,,0,0,12,2,0,11,0,3,0
5413,0,2023-07-28T19:58:00Z,False,0,?,Fatal,2.0,0.0,0.0,2.0,250,60,1,576,False,,0,0,13,1,0,1,0,3,1
5414,0,2023-07-28T17:30:00Z,False,0,1/4/2024 0:00,?,0.0,0.0,0.0,0.0,250,43,1,403,False,,5,15,0,3,3,3,1,2,0
5415,0,2023-07-28T15:10:00Z,False,0,?,Fatal,1.0,0.0,0.0,1.0,5,1753,1,1272,True,0.125,0,15,0,1,3,10,2,3,1
5416,0,2023-07-28T12:30:00Z,False,0,9/28/2023 0:00,?,0.0,0.0,0.0,0.0,301,818,1,2832,True,0.125,5,15,0,3,3,5,1,2,0
5417,0,2023-07-28T12:02:00Z,False,0,10/5/2023 0:00,?,0.0,0.0,0.0,0.0,896,1591,1,418,False,0.125,5,1,9,3,3,4,1,2,0
5418,1,2023-07-28T11:47:00Z,False,0,?,?,0.0,0.0,0.0,?,179,356,1,2425,False,0.25,0,0,12,0,0,1,0,3,0
5419,0,2023-07-28T11:39:00Z,False,0,?,?,0.0,0.0,0.0,0.0,896,179,1,576,False,,0,0,13,3,0,5,0,3,0
5420,0,2023-07-28T09:16:00Z,False,0,11/15/2023 0:00,Serious,0.0,1.0,0.0,1.0,179,378,1,576,False,0.25,6,0,4,0,1,3,1,2,0
5421,0,2023-07-28T04:00:00Z,False,0,?,Fatal,3.0,0.0,0.0,3.0,250,337,1,1966,False,,0,0,13,1,0,4,0,3,1
5422,0,2023-07-27T18:15:00Z,False,0,11/2/2023 0:00,?,0.0,0.0,0.0,0.0,250,493,1,1203,False,0.125,5,15,0,3,3,5,1,2,0
5423,0,2023-07-27T15:41:00Z,False,0,6/20/2024 0:00,?,0.0,0.0,0.0,0.0,896,1660,1,972,False,0.125,5,13,0,3,3,10,1,2,0
5424,0,2023-07-27T15:30:00Z,False,0,?,?,0.0,0.0,0.0,0.0,40,650,1,587,False,0.125,0,1,9,3,3,11,2,3,0
5425,0,2023-07-27T13:33:00Z,False,0,4/18/2024 0:00,Minor,0.0,0.0,2.0,2.0,1243,169,1,576,False,0.125,5,15,0,3,3,3,1,2,0
5426,0,2023-07-27T13:30:00Z,False,0,9/21/2023 0:00,Serious,0.0,2.0,0.0,2.0,250,83,1,576,False,0.125,5,15,0,3,3,1,1,2,0
5427,0,2023-07-27T13:11:00Z,False,0,11/30/2023 0:00,Minor,0.0,0.0,2.0,2.0,250,45,1,2068,False,0.125,5,13,0,3,3,1,1,2,0
5428,1,2023-07-27T07:40:00Z,False,0,?,Minor,0.0,0.0,1.0,1.0,45,531,1,576,False,0.25,0,0,4,0,0,3,0,3,0
5429,0,2023-07-26T18:30:00Z,False,0,?,Minor,0.0,0.0,2.0,2.0,771,1371,1,1651,False,0.125,0,15,0,3,3,2,2,3,0
5430,0,2023-07-26T18:12:00Z,False,0,?,?,?,?,?,?,250,32,1,873,False,0.125,0,0,13,3,0,13,0,3,0
5431,0,2023-07-26T15:45:00Z,False,0,10/5/2023 0:00,?,0.0,0.0,0.0,0.0,994,1725,6,576,False,0.125,5,1,9,3,3,6,1,2,0
5432,0,2023-07-26T15:00:00Z,False,0,10/5/2023 0:00,Serious,0.0,2.0,0.0,2.0,811,1390,1,843,False,0.125,5,13,0,3,3,5,1,2,0
5433,0,2023-07-26T12:00:00Z,False,0,10/17/2023 0:00,?,0.0,0.0,0.0,0.0,996,1727,6,576,False,0.125,5,1,0,3,3,9,1,2,0
5434,0,2023-07-25T20:06:00Z,False,0,10/30/2024 0:00,Fatal,1.0,0.0,0.0,1.0,896,1663,1,70,False,0.125,5,15,0,3,3,4,1,2,1
5435,0,2023-07-25T17:30:00Z,False,0,2/1/2024 0:00,?,0.0,0.0,0.0,0.0,367,942,1,576,False,0.125,5,6,0,3,3,10,1,2,0
5436,0,2023-07-25T11:00:00Z,False,0,?,?,?,?,?,?,1025,1725,6,576,False,0.125,0,0,13,1,0,4,0,3,0
5437,0,2023-07-25T09:30:00Z,False,0,?,Fatal,1.0,0.0,0.0,1.0,40,639,1,576,False,0.125,0,1,9,3,3,6,2,3,1
5438,0,2023-07-25T08:33:00Z,False,0,3/12/2025 0:00,Minor,0.0,0.0,1.0,1.0,583,2143,1,2181,True,0.125,5,15,0,3,3,4,1,2,0
5439,0,2023-07-24T17:30:00Z,False,0,9/18/2024 0:00,Serious,0.0,1.0,1.0,2.0,896,1594,1,2786,False,0.125,5,13,0,3,3,3,1,2,0
5440,0,2023-07-24T16:30:00Z,False,0,10/16/2023 0:00,Serious,0.0,1.0,0.0,1.0,179,356,1,576,False,0.25,6,0,4,0,1,1,1,2,0
5441,0,2023-07-24T12:00:00Z,False,0,?,?,0.0,0.0,0.0,0.0,179,411,1,576,False,0.25,0,0,4,2,0,3,0,3,0
5442,0,2023-07-23T22:24:00Z,False,0,2/20/2024 0:00,Serious,0.0,1.0,0.0,0.0,582,676,2,2089,False,0.0,0,3,0,0,3,9,1,2,0
5443,0,2023-07-23T15:20:00Z,False,0,?,Serious,0.0,1.0,0.0,1.0,160,143,6,576,False,0.125,0,8,7,3,3,6,2,3,0
5444,0,2023-07-23T14:05:00Z,False,0,9/8/2023 0:00,Serious,0.0,3.0,0.0,3.0,250,97,1,438,False,0.125,5,15,0,3,3,5,1,2,0
5445,0,2023-07-23T12:52:00Z,False,0,9/11/2024 0:00,Minor,0.0,0.0,3.0,3.0,157,1192,1,1311,False,0.125,5,15,0,3,3,1,1,2,0
5446,0,2023-07-23T04:00:00Z,False,0,7/18/2024 0:00,Serious,0.0,1.0,0.0,1.0,45,518,1,576,False,0.25,6,0,4,0,3,3,1,2,0
5447,0,2023-07-22T23:24:00Z,False,0,11/26/2024 0:00,Fatal,1.0,0.0,0.0,1.0,250,32,1,1471,False,0.125,5,15,0,3,3,1,1,2,1
5448,0,2023-07-22T20:40:00Z,False,0,2/26/2025 0:00,Serious,0.0,1.0,0.0,1.0,429,274,1,576,False,0.125,5,15,0,3,3,3,1,2,0
5449,0,2023-07-22T17:00:00Z,False,0,11/7/2024 0:00,?,0.0,0.0,0.0,0.0,61,1910,4,576,True,0.125,1,15,0,3,3,6,1,2,0
5450,0,2023-07-22T12:13:00Z,False,0,?,?,0.0,0.0,0.0,0.0,541,1118,1,576,False,0.125,0,1,9,3,3,6,2,3,0
5451,0,2023-07-22T11:00:00Z,False,0,11/2/2023 0:00,?,0.0,0.0,0.0,0.0,179,544,1,2330,False,0.125,5,15,0,3,3,5,1,2,0
5452,0,2023-07-22T09:41:00Z,False,0,?,Minor,0.0,0.0,1.0,1.0,250,45,1,1800,False,,0,0,13,1,0,10,0,3,0
5453,0,2023-07-22T08:37:00Z,False,0,1/25/2024 0:00,?,0.0,0.0,0.0,0.0,896,1600,1,1282,False,0.125,5,13,0,3,3,5,1,2,0
5454,0,2023-07-21T20:30:00Z,False,0,?,?,0.0,0.0,0.0,0.0,896,1657,1,2032,False,0.25,0,15,13,4,0,10,0,3,0
5455,0,2023-07-21T16:10:00Z,False,0,6/26/2024 0:00,Minor,0.0,0.0,2.0,2.0,896,1629,1,335,False,0.125,5,15,0,3,3,3,1,2,0
5456,0,2023-07-21T14:50:00Z,False,0,4/18/2024 0:00,Minor,0.0,0.0,2.0,2.0,1241,1777,1,576,True,0.125,5,15,0,3,3,3,1,2,0
5457,0,2023-07-21T12:30:00Z,False,0,11/9/2023 0:00,?,0.0,0.0,0.0,0.0,40,644,1,3,False,0.125,8,15,0,3,3,10,1,2,0
5458,0,2023-07-21T12:05:00Z,False,0,7/5/2024 0:00,Serious,0.0,2.0,0.0,2.0,160,142,6,576,False,0.125,9,3,0,3,3,12,1,2,0
5459,0,2023-07-21T11:40:00Z,False,0,8/31/2023 0:00,?,0.0,0.0,0.0,0.0,381,910,1,2359,False,0.125,5,13,0,3,3,5,1,2,0
5460,2,2023-07-21T09:30:00Z,False,0,?,?,?,?,?,?,179,356,1,576,False,,0,0,12,0,0,3,0,3,0
5461,0,2023-07-21T09:00:00Z,False,0,11/16/2023 0:00,?,0.0,0.0,0.0,0.0,896,1561,1,1303,False,0.125,5,15,0,3,3,5,1,2,0
5462,0,2023-07-20T19:45:00Z,False,0,2/8/2024 0:00,?,0.0,0.0,0.0,0.0,1241,1764,1,1652,True,0.125,5,15,0,3,3,5,1,2,0
5463,1,2023-07-20T15:42:00Z,False,0,?,?,0.0,0.0,0.0,0.0,569,1338,1,2370,True,0.125,0,4,0,2,3,3,2,3,0
5464,0,2023-07-20T13:55:00Z,False,0,?,Minor,0.0,0.0,2.0,2.0,157,787,1,2347,False,0.125,0,15,0,3,3,5,2,3,0
5465,0,2023-07-20T13:36:00Z,False,0,5/14/2024 0:00,Minor,0.0,0.0,1.0,1.0,157,536,1,2145,False,0.125,5,15,0,3,3,3,1,2,0
5466,0,2023-07-20T12:05:00Z,False,0,?,Fatal,4.0,0.0,0.0,4.0,160,143,6,576,False,0.125,0,6,8,1,3,3,2,3,1
5467,0,2023-07-20T10:40:00Z,False,0,11/2/2023 0:00,Minor,0.0,0.0,2.0,2.0,896,1594,1,1580,False,0.125,5,15,0,3,3,10,1,2,0
5468,0,2023-07-20T10:34:00Z,False,0,?,Fatal,1.0,0.0,0.0,1.0,896,1619,1,1302,False,0.25,0,9,0,1,3,10,2,3,1
5469,1,2023-07-20T04:00:00Z,False,0,?,?,0.0,0.0,0.0,0.0,179,356,1,576,False,,0,0,12,0,0,5,0,3,0
5470,0,2023-07-19T13:57:00Z,False,0,?,Fatal,6.0,0.0,0.0,6.0,250,156,1,576,False,,0,0,13,3,0,3,0,3,1
5471,0,2023-07-19T09:38:00Z,False,0,?,?,0.0,0.0,0.0,0.0,24,604,6,576,False,0.25,0,16,8,3,3,6,2,3,0
5472,0,2023-07-19T09:00:00Z,False,0,11/2/2023 0:00,Serious,0.0,1.0,0.0,1.0,1083,1962,8,576,False,0.125,5,15,2,3,3,10,1,2,0
5473,0,2023-07-19T07:15:00Z,False,0,10/23/2024 0:00,Minor,0.0,0.0,1.0,1.0,891,576,1,1509,True,0.125,5,15,0,3,3,3,1,2,0
5474,0,2023-07-18T16:05:00Z,False,0,9/28/2023 0:00,Serious,0.0,1.0,1.0,2.0,896,1600,1,1071,False,0.125,5,15,0,3,3,5,1,2,0
5475,0,2023-07-18T14:50:00Z,False,0,11/2/2023 0:00,?,0.0,0.0,0.0,0.0,250,37,1,2388,False,0.125,5,15,0,3,3,5,1,2,0
5476,0,2023-07-18T10:04:00Z,False,0,2/20/2025 0:00,Fatal,1.0,0.0,0.0,1.0,250,2053,1,2408,False,0.25,5,15,0,3,3,4,1,2,1
5477,0,2023-07-17T18:40:00Z,False,0,?,?,?,?,?,?,250,155,1,1109,False,,0,0,6,1,0,10,0,3,0
5478,0,2023-07-17T16:50:00Z,False,0,?,Fatal,4.0,0.0,0.0,4.0,993,1725,6,576,False,,0,0,13,1,0,13,0,3,1
5479,1,2023-07-17T15:40:00Z,False,0,?,?,0.0,0.0,0.0,0.0,179,397,1,1997,False,0.25,0,0,12,4,0,11,0,3,0
5480,0,2023-07-17T13:00:00Z,False,0,?,Fatal,1.0,0.0,0.0,1.0,250,156,1,576,False,,0,0,13,3,0,13,0,3,1
5481,0,2023-07-17T11:25:00Z,False,0,8/31/2023 0:00,?,0.0,0.0,0.0,0.0,909,2171,1,1747,False,0.125,5,15,0,3,3,5,1,2,0
5482,0,2023-07-17T08:55:00Z,False,0,11/26/2024 0:00,?,0.0,0.0,0.0,0.0,783,1155,1,466,True,0.125,5,15,0,3,3,4,1,2,0
5483,0,2023-07-17T08:20:00Z,False,0,1/4/2024 0:00,Minor,0.0,0.0,1.0,1.0,441,1750,11,1556,False,0.125,0,15,0,3,3,5,1,2,0
5484,0,2023-07-17T02:30:00Z,False,0,?,?,?,?,?,?,179,399,1,576,False,0.25,0,0,4,2,0,8,0,3,0
5485,0,2023-07-16T18:36:00Z,False,0,1/4/2024 0:00,?,0.0,0.0,0.0,0.0,896,1242,1,576,False,0.125,5,15,0,3,3,10,1,2,0
5486,0,2023-07-16T15:30:00Z,False,0,?,Fatal,1.0,0.0,0.0,1.0,250,1101,1,576,False,0.125,0,15,13,3,0,3,0,3,1
5487,0,2023-07-16T15:00:00Z,False,0,?,Fatal,1.0,0.0,0.0,1.0,442,198,1,1053,False,,0,0,13,1,0,6,0,3,1
5488,0,2023-07-16T14:00:00Z,False,0,?,?,0.0,0.0,0.0,0.0,160,142,6,576,False,,0,0,13,3,0,10,0,3,0
5489,1,2023-07-16T10:45:00Z,False,0,?,Minor,0.0,0.0,15.0,15.0,45,516,1,1748,False,,0,0,12,2,0,10,0,3,0
5490,0,2023-07-15T19:15:00Z,False,0,?,Serious,0.0,1.0,1.0,2.0,250,142,1,1831,False,,0,0,13,1,0,5,0,3,0
5491,0,2023-07-15T16:15:00Z,False,0,?,Fatal,1.0,0.0,1.0,2.0,896,1677,1,2019,False,0.125,0,15,0,3,3,1,2,3,1
5492,0,2023-07-14T22:50:00Z,False,0,12/21/2023 0:00,?,0.0,0.0,0.0,0.0,896,1601,1,851,False,0.125,5,13,0,3,3,10,1,2,0
5493,0,2023-07-14T20:30:00Z,False,0,5/14/2024 0:00,?,0.0,0.0,0.0,0.0,270,1958,1,1925,False,0.125,5,15,0,3,3,5,1,2,0
5494,0,2023-07-14T19:30:00Z,False,0,?,Minor,0.0,0.0,2.0,2.0,250,45,1,576,False,,0,0,13,3,0,3,0,3,0
5495,0,2023-07-14T17:30:00Z,False,0,10/17/2023 0:00,?,0.0,0.0,0.0,0.0,40,649,1,1531,False,0.125,8,1,9,3,3,6,1,2,0
5496,1,2023-07-14T15:00:00Z,False,0,?,?,0.0,0.0,0.0,0.0,179,356,1,576,False,,0,0,12,0,0,11,0,3,0
5497,0,2023-07-14T13:08:00Z,False,0,11/16/2023 0:00,?,0.0,0.0,0.0,0.0,896,1616,1,2047,False,0.25,5,15,0,3,3,5,1,2,0
5498,0,2023-07-14T08:18:00Z,False,0,10/5/2023 0:00,Serious,0.0,2.0,3.0,5.0,7,558,2,576,False,0.0,0,15,0,0,3,5,1,2,0
5499,0,2023-07-14T07:50:00Z,False,0,11/9/2023 0:00,Serious,0.0,2.0,2.0,4.0,1231,1484,2,576,False,0.0,4,4,0,0,3,5,1,2,0
5500,0,2023-07-14T04:00:00Z,False,0,?,?,0.0,0.0,0.0,0.0,250,60,1,576,False,,0,0,13,2,0,1,0,3,0
5501,0,2023-07-13T20:00:00Z,False,0,4/18/2024 0:00,?,0.0,0.0,0.0,0.0,996,1727,6,576,False,0.125,5,1,9,3,3,6,1,2,0
5502,0,2023-07-13T17:15:00Z,False,0,9/28/2023 0:00,?,0.0,0.0,0.0,0.0,605,241,6,576,False,0.125,9,1,9,3,3,6,1,2,0
5503,0,2023-07-13T16:30:00Z,False,0,2/1/2024 0:00,?,0.0,0.0,0.0,0.0,100,475,1,576,False,0.125,5,15,0,3,3,4,1,2,0
5504,0,2023-07-13T16:00:00Z,False,0,2/1/2024 0:00,Minor,0.0,0.0,1.0,1.0,896,1565,1,576,False,0.125,5,13,0,3,3,10,1,2,0
5505,0,2023-07-13T14:50:00Z,False,0,?,Serious,0.0,1.0,2.0,3.0,250,60,1,576,False,,0,0,13,3,0,3,0,3,0
5506,0,2023-07-13T12:57:00Z,False,0,11/21/2024 0:00,Fatal,2.0,1.0,0.0,3.0,896,1660,1,576,False,0.125,5,15,0,3,3,10,1,2,1
5507,1,2023-07-13T04:00:00Z,False,0,?,?,?,?,?,?,179,356,1,576,False,,0,0,12,0,0,3,0,3,0
5508,1,2023-07-12T19:04:00Z,False,0,?,?,0.0,0.0,0.0,0.0,45,538,1,576,False,,0,0,12,0,0,4,0,3,0
5509,0,2023-07-12T17:55:00Z,False,0,9/28/2023 0:00,?,0.0,0.0,0.0,0.0,250,72,1,1350,False,0.125,5,13,0,3,3,10,1,2,0
5510,0,2023-07-12T17:30:00Z,False,0,?,Serious,0.0,0.0,0.0,0.0,367,942,1,576,False,0.125,0,14,0,3,3,10,2,3,0
5511,0,2023-07-12T17:24:00Z,False,0,8/21/2024 0:00,?,0.0,0.0,0.0,0.0,1123,6,1,2083,False,0.125,5,15,0,3,3,3,1,2,0
5512,0,2023-07-12T17:20:00Z,False,0,5/16/2024 0:00,?,0.0,0.0,0.0,0.0,19,433,1,2225,False,0.125,5,15,0,3,3,3,1,2,0
5513,0,2023-07-12T16:10:00Z,False,0,10/19/2023 0:00,Serious,0.0,2.0,4.0,6.0,45,518,1,576,False,0.25,6,0,4,0,1,3,1,2,0
5514,0,2023-07-12T15:00:00Z,False,0,?,Serious,0.0,1.0,0.0,1.0,391,484,1,2084,False,0.125,0,17,0,3,3,10,2,3,0
5515,0,2023-07-12T14:35:00Z,False,0,9/18/2024 0:00,Minor,0.0,0.0,1.0,1.0,250,42,1,1018,False,0.125,5,15,0,3,3,10,1,2,0
5516,0,2023-07-12T11:09:00Z,False,0,?,?,?,?,?,?,160,560,6,576,False,0.125,0,1,12,1,0,6,0,3,0
5517,1,2023-07-12T10:35:00Z,False,0,?,?,0.0,0.0,0.0,0.0,179,405,1,576,False,,0,0,13,0,0,5,0,3,0
5518,0,2023-07-12T09:45:00Z,False,0,11/9/2023 0:00,?,0.0,0.0,0.0,0.0,109,1223,1,2298,True,0.125,5,15,0,3,3,5,1,2,0
5519,0,2023-07-12T07:48:00Z,False,0,10/17/2023 0:00,Serious,0.0,1.0,0.0,1.0,86,181,2,576,False,0.0,0,3,0,0,3,5,1,2,0
5520,0,2023-07-11T22:03:00Z,False,0,1/29/2025 0:00,Serious,0.0,1.0,0.0,1.0,270,1959,1,576,False,0.125,5,15,0,3,3,3,1,2,0
5521,0,2023-07-11T19:30:00Z,False,0,5/15/2024 0:00,?,0.0,0.0,0.0,0.0,367,940,1,576,False,0.125,5,0,8,3,3,5,1,2,0
5522,0,2023-07-11T18:50:00Z,False,0,11/7/2024 0:00,Minor,0.0,0.0,2.0,2.0,757,1392,5,537,True,0.125,5,15,0,3,3,1,1,2,0
5523,1,2023-07-11T18:05:00Z,False,0,?,?,0.0,0.0,0.0,0.0,45,527,1,576,False,,0,0,12,0,0,3,0,3,0
5524,0,2023-07-11T16:41:00Z,False,0,?,?,0.0,0.0,0.0,0.0,159,126,1,1335,False,,0,0,13,3,0,5,0,3,0
5525,0,2023-07-11T14:39:00Z,False,0,8/31/2023 0:00,?,0.0,0.0,0.0,0.0,896,1593,1,576,False,0.125,5,13,0,3,3,3,1,2,0
5526,0,2023-07-11T13:50:00Z,False,0,4/4/2024 0:00,?,0.0,0.0,0.0,0.0,1123,7,1,774,False,0.125,5,15,0,3,3,5,1,2,0
5527,0,2023-07-11T11:45:00Z,False,0,?,?,0.0,0.0,0.0,0.0,1089,1927,1,2284,False,0.125,0,13,0,3,3,10,2,3,0
5528,0,2023-07-11T09:40:00Z,False,0,?,?,0.0,0.0,0.0,0.0,160,2132,6,576,False,0.125,0,1,9,3,3,6,2,3,0
5529,0,2023-07-10T15:25:00Z,False,0,11/2/2023 0:00,Minor,0.0,0.0,1.0,1.0,250,72,1,1773,False,0.125,5,13,0,3,3,5,1,2,0
5530,0,2023-07-10T11:35:00Z,False,0,10/5/2023 0:00,Minor,0.0,0.0,1.0,1.0,1052,185,6,2648,False,0.125,5,13,0,3,3,9,1,2,0
5531,1,2023-07-10T00:59:00Z,False,0,?,?,0.0,0.0,0.0,0.0,250,39,1,576,False,,0,0,15,2,0,10,0,3,0
5532,0,2023-07-09T16:00:00Z,False,0,?,Minor,0.0,0.0,2.0,2.0,250,493,1,576,False,0.125,0,15,0,3,3,10,2,3,0
5533,0,2023-07-09T11:27:00Z,False,0,?,Minor,0.0,0.0,3.0,3.0,605,241,6,576,False,0.125,0,3,0,3,3,3,2,3,0
5534,0,2023-07-09T10:47:00Z,False,0,11/21/2024 0:00,?,0.0,0.0,0.0,0.0,996,1727,6,576,False,0.125,5,3,0,3,3,3,1,2,0
5535,0,2023-07-08T23:03:00Z,False,0,?,Fatal,1.0,1.0,0.0,2.0,250,72,1,806,False,0.125,0,15,0,3,3,1,2,3,1
5536,0,2023-07-08T21:00:00Z,False,0,10/17/2023 0:00,?,0.0,0.0,0.0,0.0,833,2142,1,576,False,0.125,10,15,0,3,3,5,1,2,0
5537,0,2023-07-08T20:30:00Z,False,0,11/9/2023 0:00,Serious,0.0,1.0,0.0,1.0,28,1789,2,576,False,0.0,0,3,0,0,3,5,1,2,0
5538,0,2023-07-08T15:33:00Z,False,0,11/2/2023 0:00,Serious,0.0,1.0,0.0,1.0,896,1581,1,576,False,0.125,5,15,0,3,3,3,1,2,0
5539,0,2023-07-08T15:00:00Z,False,0,11/2/2023 0:00,Minor,0.0,0.0,1.0,1.0,896,1558,1,576,False,0.125,5,15,0,3,3,10,1,2,0
5540,0,2023-07-08T14:52:00Z,False,0,11/2/2023 0:00,Minor,0.0,0.0,2.0,2.0,994,1722,6,576,False,0.125,5,13,0,3,3,6,1,2,0
5541,0,2023-07-08T13:30:00Z,False,0,1/25/2024 0:00,Serious,0.0,2.0,0.0,2.0,157,1532,1,64,False,0.125,5,15,0,3,3,5,1,2,0
5542,0,2023-07-08T11:00:00Z,False,0,11/9/2023 0:00,?,0.0,0.0,0.0,0.0,811,1382,1,2613,False,0.125,5,15,0,3,3,5,1,2,0
5543,0,2023-07-08T10:41:00Z,False,0,9/5/2024 0:00,Fatal,1.0,0.0,0.0,1.0,896,1613,1,576,False,0.25,5,15,0,3,3,1,1,2,1
5544,0,2023-07-08T10:10:00Z,False,0,9/28/2023 0:00,?,0.0,0.0,0.0,0.0,16,1319,1,576,False,0.125,5,13,0,3,3,5,1,2,0
5545,0,2023-07-08T05:14:00Z,False,0,?,Fatal,6.0,0.0,0.0,6.0,250,314,1,1151,False,0.25,0,15,0,1,1,5,2,3,1
5546,0,2023-07-08T02:00:00Z,False,0,11/2/2023 0:00,?,0.0,0.0,0.0,0.0,857,648,1,1775,False,0.125,5,15,0,3,3,5,1,2,0
5547,0,2023-07-07T21:30:00Z,False,0,2/20/2024 0:00,?,0.0,0.0,0.0,0.0,906,585,1,1866,False,0.125,5,15,0,3,3,5,1,2,0
5548,0,2023-07-07T18:00:00Z,False,0,1/4/2024 0:00,?,0.0,0.0,0.0,0.0,250,59,1,512,False,0.125,5,13,0,3,3,5,1,2,0
5549,0,2023-07-07T16:30:00Z,False,0,?,?,0.0,0.0,0.0,0.0,896,1659,1,1086,False,,0,12,13,3,0,10,0,3,0
5550,0,2023-07-07T15:51:00Z,False,0,6/26/2024 0:00,?,0.0,0.0,0.0,0.0,250,97,1,1181,False,0.125,5,15,0,3,3,5,1,2,0
5551,0,2023-07-07T09:30:00Z,False,0,9/28/2023 0:00,?,0.0,0.0,0.0,0.0,528,573,1,576,True,0.25,5,15,0,3,3,10,1,2,0
5552,0,2023-07-07T09:30:00Z,False,0,12/21/2023 0:00,?,0.0,0.0,0.0,0.0,1249,1945,1,967,False,0.125,5,14,0,3,3,5,1,2,0
5553,0,2023-07-07T01:23:00Z,False,0,?,Fatal,2.0,0.0,0.0,2.0,157,536,1,1882,False,0.125,0,15,0,1,2,13,2,3,1
5554,0,2023-07-06T19:45:00Z,False,0,?,Fatal,1.0,0.0,0.0,1.0,896,175,1,576,False,,0,0,13,1,0,1,0,3,1
5555,0,2023-07-06T16:17:00Z,False,0,?,?,0.0,0.0,0.0,0.0,993,1725,6,1106,False,,0,0,13,3,0,10,0,3,0
5556,0,2023-07-06T14:30:00Z,False,0,?,Fatal,1.0,0.0,0.0,1.0,896,1645,1,576,False,0.25,0,15,0,1,1,13,2,3,1
5557,0,2023-07-06T10:17:00Z,False,0,?,Fatal,1.0,0.0,0.0,1.0,250,110,1,2400,False,0.125,0,15,0,3,3,10,2,3,1
5558,2,2023-07-06T09:57:00Z,False,0,?,?,0.0,0.0,0.0,0.0,179,404,1,576,False,,0,0,12,2,0,5,0,3,0
5559,0,2023-07-06T09:24:00Z,False,0,10/26/2023 0:00,?,0.0,0.0,0.0,0.0,381,919,1,576,False,0.125,5,13,0,3,3,3,1,2,0
5560,0,2023-07-05T17:41:00Z,False,0,9/8/2023 0:00,?,0.0,0.0,0.0,0.0,160,145,6,2298,False,0.125,9,1,9,3,3,6,1,2,0
5561,0,2023-07-05T17:20:00Z,False,0,?,Fatal,2.0,0.0,0.0,2.0,716,238,1,1039,False,,0,0,13,1,0,13,0,3,1
5562,0,2023-07-05T16:45:00Z,False,0,11/16/2023 0:00,?,0.0,0.0,0.0,0.0,250,75,1,1541,False,0.125,5,13,0,3,3,5,1,2,0
5563,0,2023-07-05T15:50:00Z,False,0,8/31/2023 0:00,Serious,0.0,1.0,0.0,1.0,162,149,6,576,False,0.125,9,1,9,3,3,6,1,2,0
5564,0,2023-07-05T14:55:00Z,False,0,?,Minor,0.0,0.0,1.0,1.0,1190,1832,1,576,False,,0,0,13,3,0,6,0,3,0
5565,0,2023-07-05T13:15:00Z,False,0,10/5/2023 0:00,?,0.0,0.0,0.0,0.0,896,1603,1,861,False,0.125,5,15,0,3,3,10,1,2,0
5566,0,2023-07-05T13:10:00Z,False,0,10/5/2023 0:00,?,0.0,0.0,0.0,0.0,250,88,1,1304,False,0.125,5,15,0,3,3,5,1,2,0
5567,0,2023-07-05T12:50:00Z,False,0,?,Serious,0.0,1.0,0.0,1.0,96,563,4,576,True,0.125,0,15,0,3,3,3,2,3,0
5568,0,2023-07-04T20:30:00Z,False,0,8/31/2023 0:00,Minor,0.0,0.0,3.0,3.0,994,1725,6,2039,False,0.125,5,3,0,3,3,11,1,2,0
5569,0,2023-07-04T20:11:00Z,False,0,?,?,0.0,0.0,0.0,0.0,896,1644,1,2657,False,0.125,0,15,0,3,3,5,2,3,0
5570,0,2023-07-04T19:00:00Z,False,0,?,?,?,?,?,?,896,1584,1,2676,False,0.25,0,0,13,4,0,5,0,3,0
5571,0,2023-07-04T17:02:00Z,False,0,11/2/2023 0:00,Minor,0.0,0.0,1.0,1.0,771,1468,1,1545,False,0.125,5,15,0,3,3,5,1,2,0
5572,0,2023-07-04T17:00:00Z,False,0,10/26/2023 0:00,?,0.0,0.0,0.0,0.0,771,1370,1,2089,False,0.125,5,15,0,3,3,5,1,2,0
5573,0,2023-07-04T15:45:00Z,False,0,?,Fatal,1.0,0.0,0.0,1.0,160,286,6,576,False,,0,0,12,1,0,13,0,3,1
5574,0,2023-07-04T15:07:00Z,False,0,2/5/2025 0:00,?,0.0,0.0,0.0,0.0,544,557,1,576,False,0.125,5,15,0,3,3,3,1,2,0
5575,0,2023-07-04T14:57:00Z,False,0,7/5/2024 0:00,Fatal,1.0,3.0,0.0,4.0,250,72,1,1151,False,0.125,5,15,0,3,3,10,1,2,1
5576,1,2023-07-04T12:30:00Z,False,0,?,?,0.0,0.0,0.0,0.0,250,142,1,576,False,,0,0,13,2,0,3,0,3,0
5577,0,2023-07-04T10:15:00Z,False,0,6/26/2024 0:00,Minor,0.0,0.0,2.0,2.0,41,1049,11,576,True,0.125,5,15,0,3,3,6,1,2,0
5578,0,2023-07-04T10:00:00Z,False,0,10/10/2024 0:00,?,0.0,0.0,0.0,0.0,1110,1918,1,611,True,0.125,5,11,0,3,3,4,1,2,0
5579,0,2023-07-03T20:00:00Z,False,0,?,Fatal,2.0,0.0,0.0,2.0,250,142,1,1918,False,,0,0,13,3,0,5,0,3,1
5580,0,2023-07-03T19:40:00Z,False,0,10/17/2023 0:00,?,0.0,0.0,0.0,0.0,41,2211,11,576,False,0.125,5,15,0,3,3,5,1,2,0
5581,0,2023-07-03T19:00:00Z,False,0,?,?,?,?,?,?,343,2249,1,576,False,,0,0,13,4,0,10,0,3,0
5582,0,2023-07-03T14:50:00Z,False,0,8/31/2023 0:00,?,0.0,0.0,0.0,0.0,250,155,1,2477,False,0.125,8,21,0,3,3,5,1,2,0
5583,0,2023-07-03T12:09:00Z,False,0,11/2/2023 0:00,?,0.0,0.0,0.0,0.0,896,1565,1,1642,False,0.125,5,15,0,3,3,5,1,2,0
5584,0,2023-07-03T11:14:00Z,False,0,?,Fatal,3.0,0.0,0.0,3.0,896,1663,1,576,False,,0,0,13,3,0,3,0,3,1
5585,0,2023-07-03T11:00:00Z,False,0,?,?,0.0,0.0,0.0,0.0,896,1648,1,1761,False,0.125,0,0,15,3,0,10,0,3,0
5586,0,2023-07-03T09:30:00Z,False,0,11/2/2023 0:00,?,0.0,0.0,0.0,0.0,483,1085,1,2022,False,0.125,5,13,13,3,3,5,1,2,0
5587,0,2023-07-02T16:10:00Z,False,0,4/2/2025 0:00,Fatal,2.0,3.0,0.0,5.0,896,1622,1,576,False,0.125,5,6,8,3,3,6,1,2,1
5588,0,2023-07-02T14:20:00Z,False,0,8/31/2023 0:00,?,0.0,0.0,0.0,0.0,896,1587,1,4,False,0.125,5,15,0,3,3,5,1,2,0
5589,0,2023-07-02T12:02:00Z,False,0,?,Fatal,5.0,0.0,0.0,5.0,896,1625,1,898,False,0.125,0,15,0,1,3,10,2,3,1
5590,0,2023-07-02T11:30:00Z,False,0,8/10/2023 0:00,?,0.0,0.0,0.0,0.0,250,60,1,2383,False,0.125,5,13,0,3,3,5,1,2,0
5591,0,2023-07-01T21:00:00Z,False,0,11/9/2023 0:00,Serious,0.0,1.0,1.0,2.0,1082,1963,7,2865,False,0.125,5,15,0,3,3,4,1,2,0
5592,0,2023-07-01T19:12:00Z,False,0,12/7/2023 0:00,?,0.0,0.0,0.0,0.0,896,1578,1,576,False,0.125,5,15,0,3,3,6,1,2,0
5593,0,2023-07-01T13:40:00Z,False,0,1/25/2024 0:00,?,0.0,0.0,0.0,0.0,896,1565,1,576,False,0.125,5,15,0,3,3,10,1,2,0
5594,0,2023-07-01T13:30:00Z,False,0,11/2/2023 0:00,?,0.0,0.0,0.0,0.0,1241,1785,1,2120,True,0.125,5,15,0,3,3,5,1,2,0
5595,0,2023-07-01T13:00:00Z,False,0,?,Minor,0.0,0.0,1.0,1.0,1052,184,6,576,False,0.125,0,15,0,3,3,10,2,3,0
5596,0,2023-07-01T12:30:00Z,False,0,12/7/2023 0:00,?,0.0,0.0,0.0,0.0,771,1367,1,576,False,0.125,5,15,0,3,3,6,1,2,0
5597,0,2023-07-01T10:30:00Z,False,0,4/24/2025 0:00,Serious,0.0,1.0,0.0,1.0,896,1594,1,576,False,0.125,5,15,0,3,3,3,1,2,0
5598,0,2023-07-01T09:53:00Z,False,0,1/29/2025 0:00,?,0.0,0.0,0.0,0.0,218,312,1,850,False,0.125,5,11,0,3,3,3,1,2,0
5599,0,2023-06-30T15:50:00Z,False,0,?,Fatal,2.0,0.0,0.0,2.0,133,452,1,576,False,,0,0,13,3,0,6,0,3,1
5600,0,2023-06-30T15:30:00Z,False,0,?,?,?,?,?,?,811,1385,1,698,False,0.125,0,0,13,3,0,10,0,3,0
5601,0,2023-06-30T15:00:00Z,False,0,11/2/2023 0:00,?,0.0,0.0,0.0,0.0,250,77,1,998,False,0.125,5,15,0,3,3,5,1,2,0
5602,0,2023-06-30T14:49:00Z,False,0,?,Fatal,1.0,0.0,0.0,1.0,629,540,1,576,False,0.125,0,15,0,1,3,3,2,3,1
5603,0,2023-06-29T23:09:00Z,False,0,10/17/2023 0:00,?,0.0,0.0,0.0,0.0,250,72,1,2527,False,0.125,5,15,0,3,3,1,1,2,0
5604,0,2023-06-29T13:22:00Z,False,0,7/5/2024 0:00,Minor,0.0,0.0,1.0,1.0,379,920,1,576,False,0.125,5,15,0,3,3,10,1,2,0
5605,0,2023-06-29T11:30:00Z,False,0,?,Fatal,3.0,1.0,0.0,4.0,555,1140,1,576,False,,0,0,13,4,0,10,0,3,1
5606,0,2023-06-29T09:05:00Z,False,0,7/10/2024 0:00,?,0.0,0.0,0.0,0.0,1134,1978,10,576,False,0.75,1,11,0,3,3,6,1,2,0
5607,0,2023-06-28T20:00:00Z,False,0,?,?,0.0,0.0,0.0,0.0,250,32,1,576,False,,0,0,13,3,0,3,0,3,0
5608,0,2023-06-28T19:33:00Z,False,0,5/29/2024 0:00,?,0.0,0.0,0.0,0.0,250,1718,1,633,False,0.125,5,15,0,3,3,5,1,2,0
5609,0,2023-06-28T13:50:00Z,False,0,11/2/2023 0:00,?,0.0,0.0,0.0,0.0,175,818,1,576,True,0.125,5,15,0,3,3,5,1,2,0
5610,1,2023-06-28T11:19:00Z,False,0,1/29/2025 0:00,?,0.0,0.0,0.0,0.0,179,376,1,1132,False,0.25,6,0,4,2,2,11,1,2,0
5611,0,2023-06-28T09:58:00Z,False,0,?,?,0.0,0.0,0.0,0.0,179,354,1,860,False,0.25,0,0,4,3,0,5,2,3,0
5612,2,2023-06-28T04:00:00Z,False,0,?,?,?,?,?,?,179,416,1,576,False,,0,0,6,0,0,3,0,3,0
5613,2,2023-06-28T02:42:00Z,False,0,?,?,?,?,?,?,179,416,1,576,False,,0,0,6,0,0,5,0,3,0
5614,0,2023-06-27T23:14:00Z,False,0,?,?,0.0,0.0,0.0,0.0,546,1223,1,609,False,,0,0,13,3,0,5,0,3,0
5615,0,2023-06-27T19:55:00Z,False,0,9/5/2024 0:00,Fatal,1.0,0.0,0.0,1.0,1053,1119,1,576,False,0.125,8,1,9,3,3,6,1,2,1
5616,0,2023-06-27T18:30:00Z,False,0,12/7/2023 0:00,?,0.0,0.0,0.0,0.0,605,183,6,640,False,0.125,5,11,0,3,3,5,1,2,0
5617,0,2023-06-27T15:00:00Z,False,0,?,?,?,?,?,?,832,2032,9,576,False,,0,0,15,4,0,6,0,3,0
5618,1,2023-06-27T11:30:00Z,False,0,?,?,0.0,0.0,0.0,0.0,723,283,1,576,False,,0,0,13,2,0,5,0,3,0
5619,0,2023-06-27T11:12:00Z,False,0,10/23/2024 0:00,Serious,0.0,1.0,0.0,1.0,1247,2175,1,576,True,0.125,5,15,0,3,3,1,1,2,0
5620,0,2023-06-27T10:30:00Z,False,0,?,Fatal,1.0,0.0,0.0,1.0,993,1721,6,576,False,,0,14,13,3,0,6,0,3,1
5621,0,2023-06-27T08:59:00Z,False,0,?,Fatal,1.0,0.0,0.0,1.0,307,1512,1,576,False,0.125,0,15,0,3,3,4,2,3,1
5622,1,2023-06-26T20:57:00Z,False,0,?,?,?,?,?,?,179,356,1,576,False,,0,0,6,2,0,10,0,3,0
5623,0,2023-06-26T19:45:00Z,False,0,11/2/2023 0:00,?,0.0,0.0,0.0,0.0,896,1594,1,576,False,0.125,5,13,0,3,3,6,1,2,0
5624,0,2023-06-26T17:46:00Z,False,0,11/2/2023 0:00,?,0.0,0.0,0.0,0.0,1047,614,4,867,False,0.125,5,15,0,3,3,1,1,2,0
5625,0,2023-06-26T13:00:00Z,False,0,?,?,?,?,?,?,896,1660,0,576,False,,0,0,10,0,0,1,0,0,0
5626,0,2023-06-26T12:00:00Z,False,0,11/9/2023 0:00,Minor,0.0,0.0,1.0,1.0,896,1241,1,878,False,0.125,5,15,0,3,3,10,1,2,0
5627,0,2023-06-26T09:05:00Z,False,0,?,Fatal,1.0,1.0,0.0,2.0,250,83,1,1375,False,0.125,0,15,0,3,3,1,2,3,1
5628,2,2023-06-26T04:00:00Z,False,0,?,?,?,?,?,?,179,356,1,576,False,,0,0,6,2,0,10,0,3,0
5629,0,2023-06-25T21:20:00Z,False,0,?,Fatal,1.0,0.0,0.0,1.0,811,1390,1,2584,False,0.125,0,15,0,1,3,4,2,3,1
5630,0,2023-06-25T20:30:00Z,False,0,8/31/2023 0:00,?,0.0,0.0,0.0,0.0,162,145,6,576,False,0.125,9,1,9,3,3,5,1,2,0
5631,0,2023-06-25T15:10:00Z,False,0,7/27/2023 0:00,?,0.0,0.0,0.0,0.0,210,1478,1,251,True,0.125,5,15,0,3,3,5,1,2,0
5632,0,2023-06-25T13:32:00Z,False,0,?,Fatal,3.0,0.0,0.0,3.0,896,1613,1,917,False,0.25,0,13,0,3,3,4,2,3,1
5633,0,2023-06-25T13:30:00Z,False,0,?,Fatal,1.0,0.0,0.0,1.0,992,962,1,1815,False,,0,0,13,3,0,4,0,3,1
5634,0,2023-06-25T13:15:00Z,False,0,8/31/2023 0:00,?,0.0,0.0,0.0,0.0,530,251,1,2685,True,0.125,5,15,0,3,3,5,1,2,0
5635,0,2023-06-25T12:30:00Z,False,0,10/26/2023 0:00,?,0.0,0.0,0.0,0.0,250,28,1,576,False,0.125,5,15,0,3,3,10,1,2,0
5636,0,2023-06-25T12:14:00Z,False,0,?,Minor,0.0,0.0,1.0,1.0,250,97,1,1108,False,0.125,0,0,13,3,0,5,0,3,0
5637,0,2023-06-25T10:40:00Z,False,0,8/10/2023 0:00,Serious,0.0,1.0,0.0,1.0,415,1735,1,2316,True,0.125,5,15,0,3,3,10,1,2,0
5638,0,2023-06-25T10:00:00Z,False,0,?,Minor,0.0,0.0,1.0,1.0,896,1587,1,583,False,0.125,0,15,0,3,3,3,2,3,0
5639,0,2023-06-25T07:45:00Z,False,0,?,Fatal,1.0,0.0,0.0,1.0,363,349,2,576,False,,0,0,13,3,0,3,0,3,1
5640,2,2023-06-25T04:00:00Z,False,0,?,?,?,?,?,?,421,1035,1,576,False,,0,0,4,0,0,9,0,3,0
5641,0,2023-06-24T21:00:00Z,False,0,11/9/2023 0:00,Minor,0.0,0.0,1.0,1.0,355,2235,1,576,True,0.125,5,15,0,3,3,6,1,2,0
5642,0,2023-06-24T17:15:00Z,False,0,?,?,0.0,0.0,0.0,0.0,250,275,1,576,False,0.25,0,15,0,3,3,3,2,3,0
5643,0,2023-06-24T16:30:00Z,False,0,8/31/2023 0:00,?,0.0,0.0,0.0,0.0,898,1609,1,1884,False,0.125,5,13,0,3,3,1,1,2,0
5644,0,2023-06-24T12:30:00Z,False,0,10/5/2023 0:00,?,0.0,0.0,0.0,0.0,157,694,1,2675,False,0.125,5,15,0,3,3,4,1,2,0
5645,0,2023-06-24T11:30:00Z,False,0,5/14/2024 0:00,?,0.0,0.0,0.0,0.0,896,1601,1,2196,False,0.125,5,15,0,3,3,1,1,2,0
5646,0,2023-06-24T10:00:00Z,False,0,11/26/2024 0:00,?,0.0,0.0,0.0,0.0,711,128,1,288,True,0.125,5,15,0,3,3,10,1,2,0
5647,0,2023-06-24T09:00:00Z,False,0,11/16/2023 0:00,Serious,0.0,1.0,0.0,0.0,100,475,1,576,False,0.125,5,15,0,2,3,5,1,2,0
5648,0,2023-06-23T19:45:00Z,False,0,?,?,0.0,0.0,0.0,0.0,160,145,6,576,False,0.125,0,15,13,3,0,1,0,3,0
5649,0,2023-06-23T17:22:00Z,False,0,?,Serious,0.0,2.0,9.0,11.0,179,416,1,576,False,,0,0,12,0,0,13,0,3,0
5650,0,2023-06-23T15:58:00Z,False,0,4/18/2024 0:00,Minor,0.0,0.0,1.0,1.0,896,1612,1,1379,False,0.125,5,15,0,3,3,6,1,2,0
5651,0,2023-06-23T11:10:00Z,False,0,7/27/2023 0:00,?,0.0,0.0,0.0,0.0,1066,1040,1,1873,False,0.125,5,15,0,3,3,6,1,2,0
5652,0,2023-06-23T11:00:00Z,False,0,5/14/2024 0:00,?,0.0,0.0,0.0,0.0,942,840,1,2298,True,0.125,5,15,0,3,3,6,1,2,0
5653,0,2023-06-23T10:50:00Z,False,0,6/26/2024 0:00,?,0.0,0.0,0.0,0.0,19,20,1,2834,False,0.125,5,15,0,3,3,6,1,2,0
5654,0,2023-06-23T09:44:00Z,False,0,?,Fatal,1.0,0.0,1.0,2.0,102,1404,1,576,True,0.125,0,15,0,3,3,6,2,3,1
5655,0,2023-06-23T09:17:00Z,False,0,8/31/2023 0:00,Serious,0.0,4.0,0.0,4.0,250,104,1,576,False,0.125,5,15,0,1,3,6,1,2,0
5656,0,2023-06-23T08:34:00Z,False,0,11/21/2024 0:00,?,0.0,0.0,0.0,0.0,896,1657,1,576,False,0.25,5,15,0,3,3,4,1,2,0
5657,0,2023-06-23T05:00:00Z,False,0,?,?,0.0,0.0,0.0,0.0,250,69,1,576,False,0.125,0,15,0,3,3,3,2,3,0
5658,0,2023-06-23T02:30:00Z,False,0,?,Serious,0.0,1.0,0.0,1.0,629,540,1,576,False,,0,0,13,1,0,3,0,3,0
5659,0,2023-06-22T16:12:00Z,False,0,?,?,0.0,0.0,0.0,0.0,250,118,1,576,False,,0,0,13,3,0,6,0,3,0
5660,0,2023-06-22T13:15:00Z,False,0,10/5/2023 0:00,Serious,0.0,1.0,0.0,1.0,896,1591,1,941,False,0.125,5,11,0,3,3,10,1,2,0
5661,0,2023-06-21T18:00:00Z,False,0,12/7/2023 0:00,?,0.0,0.0,0.0,0.0,250,103,1,1436,False,0.125,5,15,0,3,3,5,1,2,0
5662,0,2023-06-21T17:00:00Z,False,0,10/26/2023 0:00,?,0.0,0.0,0.0,0.0,661,1651,1,2678,True,0.125,5,15,0,3,3,5,1,2,0
5663,0,2023-06-21T17:00:00Z,False,0,?,Fatal,1.0,0.0,0.0,1.0,39,658,1,576,False,,0,0,13,3,0,6,0,3,1
5664,0,2023-06-21T16:30:00Z,False,0,11/21/2024 0:00,Serious,0.0,1.0,1.0,2.0,728,1309,4,432,False,0.0,0,13,0,3,3,1,1,2,0
5665,0,2023-06-21T16:10:00Z,False,0,10/5/2023 0:00,?,0.0,0.0,0.0,0.0,250,87,1,1420,False,0.125,5,15,0,3,3,5,1,2,0
5666,0,2023-06-21T15:47:00Z,False,0,5/14/2024 0:00,?,0.0,0.0,0.0,0.0,250,80,1,1381,False,0.125,5,15,0,3,3,5,1,2,0
5667,0,2023-06-21T14:30:00Z,False,0,8/14/2024 0:00,Minor,0.0,0.0,2.0,2.0,254,435,1,576,False,0.125,5,15,0,3,3,4,1,2,0
5668,2,2023-06-21T14:14:00Z,False,0,?,?,?,?,?,?,45,516,1,576,False,,0,0,6,2,0,10,0,3,0
5669,0,2023-06-21T13:30:00Z,False,0,?,Fatal,2.0,0.0,0.0,2.0,160,268,6,576,False,,0,0,12,3,0,13,0,3,1
5670,0,2023-06-21T08:19:00Z,False,0,9/5/2024 0:00,Fatal,2.0,0.0,0.0,2.0,19,432,1,2892,False,0.125,5,15,0,3,3,1,1,2,1
5671,1,2023-06-20T19:45:00Z,False,0,?,?,0.0,0.0,0.0,0.0,179,356,1,576,False,,0,0,12,0,0,10,0,3,0
5672,1,2023-06-20T18:52:00Z,False,0,?,?,?,?,?,?,179,404,1,576,False,,0,0,6,2,0,0,0,3,0
5673,0,2023-06-20T15:45:00Z,False,0,?,?,0.0,0.0,0.0,0.0,39,658,1,576,False,0.125,0,1,9,3,3,6,2,3,0
5674,0,2023-06-20T13:55:00Z,False,0,9/28/2023 0:00,?,0.0,0.0,0.0,0.0,1164,1223,1,2142,True,0.125,5,15,0,3,3,5,1,2,0
5675,0,2023-06-20T08:19:00Z,False,0,?,?,0.0,0.0,0.0,0.0,250,206,1,576,False,,0,0,13,3,0,1,0,3,0
5676,0,2023-06-19T14:07:00Z,False,0,5/14/2024 0:00,?,0.0,0.0,0.0,0.0,994,1722,6,576,False,0.125,5,13,0,3,3,6,1,2,0
5677,0,2023-06-19T12:00:00Z,False,0,10/26/2023 0:00,?,0.0,0.0,0.0,0.0,250,87,1,2651,False,0.125,5,15,0,3,3,5,1,2,0
5678,0,2023-06-19T09:10:00Z,False,0,?,Minor,0.0,0.0,1.0,1.0,250,57,1,576,False,,0,0,13,3,0,10,0,3,0
5679,0,2023-06-18T21:00:00Z,False,0,?,Fatal,2.0,0.0,0.0,2.0,1097,1730,1,1115,False,,0,0,13,4,0,3,0,3,1
5680,0,2023-06-18T14:30:00Z,False,0,7/27/2023 0:00,?,0.0,0.0,0.0,0.0,40,640,1,323,False,0.125,8,1,9,3,3,5,1,2,0
5681,0,2023-06-18T13:35:00Z,False,0,9/28/2023 0:00,Minor,0.0,0.0,1.0,1.0,994,1722,6,576,False,0.125,5,1,9,3,3,6,1,2,0
5682,0,2023-06-18T09:43:00Z,False,0,8/29/2024 0:00,?,0.0,0.0,0.0,0.0,896,1677,1,858,False,0.125,5,15,0,3,3,3,1,2,0
5683,0,2023-06-18T09:00:00Z,False,0,9/8/2023 0:00,Minor,0.0,0.0,3.0,3.0,250,60,1,2658,False,0.125,5,13,0,3,3,10,1,2,0
5684,0,2023-06-18T04:00:00Z,False,0,?,?,0.0,0.0,0.0,0.0,179,424,1,576,False,0.25,0,0,12,2,0,10,0,3,0
5685,1,2023-06-18T04:00:00Z,False,0,?,?,?,?,?,?,179,353,1,576,False,0.25,0,0,12,0,0,3,0,3,0
5686,0,2023-06-18T04:00:00Z,False,0,?,?,0.0,0.0,0.0,0.0,993,1725,6,576,False,,0,0,13,3,0,13,0,3,0
5687,0,2023-06-17T19:26:00Z,False,0,?,?,0.0,0.0,0.0,0.0,1097,2072,1,576,False,0.125,0,22,13,3,0,10,0,3,0
5688,0,2023-06-17T17:25:00Z,False,0,10/26/2023 0:00,?,0.0,0.0,0.0,0.0,195,843,1,1781,False,0.125,5,13,0,3,3,10,1,2,0
5689,0,2023-06-17T15:30:00Z,False,0,3/19/2025 0:00,?,0.0,0.0,0.0,0.0,250,203,1,1719,False,0.125,5,15,0,3,3,10,1,2,0
5690,0,2023-06-17T15:00:00Z,False,0,?,?,0.0,0.0,0.0,0.0,811,1390,1,1754,False,0.125,0,0,13,3,0,10,0,3,0
5691,0,2023-06-17T13:45:00Z,False,0,8/31/2023 0:00,?,0.0,0.0,0.0,0.0,1263,256,1,954,False,0.125,5,15,0,3,3,5,1,2,0
5692,0,2023-06-17T12:30:00Z,False,0,7/27/2023 0:00,Minor,0.0,0.0,2.0,2.0,1223,1302,1,185,True,0.125,5,15,0,3,3,5,1,2,0
5693,1,2023-06-17T11:59:00Z,False,0,7/31/2024 0:00,?,0.0,0.0,0.0,0.0,547,1124,1,576,False,0.25,6,22,8,2,3,3,1,2,0
5694,0,2023-06-17T10:45:00Z,False,0,?,?,0.0,0.0,0.0,0.0,966,1057,1,1041,False,,0,0,13,3,0,13,0,3,0
5695,0,2023-06-17T09:45:00Z,False,0,9/5/2024 0:00,?,0.0,0.0,0.0,0.0,250,62,1,2500,False,0.125,5,15,0,3,3,1,1,2,0
5696,0,2023-06-17T06:06:00Z,False,0,?,Fatal,2.0,0.0,0.0,2.0,896,1613,1,563,False,0.25,0,15,0,1,1,4,2,3,1
5697,0,2023-06-17T04:00:00Z,False,0,?,?,?,?,?,?,711,1476,1,576,False,,0,0,13,3,0,3,0,3,0
5698,0,2023-06-16T23:57:00Z,False,0,2/26/2025 0:00,Minor,0.0,0.0,1.0,1.0,896,1594,1,576,False,0.125,5,15,0,3,3,3,1,2,0
5699,0,2023-06-16T20:13:00Z,False,0,10/26/2023 0:00,?,0.0,0.0,0.0,0.0,896,1601,1,1198,False,0.125,5,13,0,3,3,5,1,2,0
5700,0,2023-06-16T16:02:00Z,False,0,10/26/2023 0:00,?,0.0,0.0,0.0,0.0,250,59,1,1089,False,0.125,5,15,0,3,3,10,1,2,0
5701,0,2023-06-16T14:51:00Z,False,0,?,?,?,?,?,?,250,163,0,576,False,,0,0,10,0,0,5,0,0,0
5702,0,2023-06-16T12:35:00Z,False,0,?,Fatal,2.0,0.0,0.0,2.0,250,87,1,576,False,0.125,0,6,8,3,3,4,2,3,1
5703,1,2023-06-16T12:32:00Z,False,0,?,?,0.0,0.0,0.0,0.0,250,2051,1,576,False,,0,0,13,3,0,9,0,3,0
5704,0,2023-06-16T10:45:00Z,False,0,9/18/2024 0:00,Minor,0.0,0.0,1.0,1.0,896,1580,1,178,False,0.125,5,15,0,3,3,5,1,2,0
5705,0,2023-06-15T18:40:00Z,False,0,?,Serious,0.0,1.0,0.0,1.0,179,416,1,576,False,0.25,0,0,6,0,0,3,0,3,0
5706,0,2023-06-15T18:30:00Z,False,0,8/8/2024 0:00,?,0.0,0.0,0.0,0.0,157,458,1,576,False,0.25,5,15,0,3,3,5,1,2,0
5707,0,2023-06-15T12:30:00Z,False,0,10/17/2023 0:00,?,0.0,0.0,0.0,0.0,1175,719,1,1464,False,0.125,5,15,0,3,3,1,1,2,0
5708,0,2023-06-15T09:45:00Z,False,0,9/28/2023 0:00,?,0.0,0.0,0.0,0.0,40,636,1,1347,False,0.125,5,13,0,3,3,5,1,2,0
5709,0,2023-06-14T10:03:00Z,False,0,?,Fatal,2.0,0.0,0.0,2.0,811,1390,1,2381,False,0.125,0,15,0,1,1,3,2,3,1
5710,1,2023-06-14T04:00:00Z,False,0,?,?,?,?,?,?,179,356,1,576,False,,0,0,12,0,0,3,0,3,0
5711,0,2023-06-13T23:35:00Z,False,0,2/1/2024 0:00,Minor,0.0,0.0,1.0,1.0,942,840,1,1438,True,0.125,0,15,0,3,3,1,1,2,0
5712,0,2023-06-13T11:30:00Z,False,0,8/31/2023 0:00,?,0.0,0.0,0.0,0.0,379,922,1,576,False,0.125,5,15,0,3,3,10,1,2,0
5713,1,2023-06-13T04:00:00Z,False,0,?,?,?,?,?,?,364,956,1,576,False,,0,0,12,0,0,1,0,3,0
5714,0,2023-06-12T11:29:00Z,False,0,11/14/2024 0:00,Fatal,1.0,1.0,0.0,2.0,250,1720,1,2037,False,0.125,5,15,0,3,3,4,1,2,1
5715,0,2023-06-12T10:30:00Z,False,0,10/26/2023 0:00,Minor,0.0,0.0,1.0,1.0,663,1094,1,2388,True,0.125,5,15,0,3,3,1,1,2,0
5716,1,2023-06-12T07:22:00Z,False,0,?,?,?,?,?,?,179,356,1,576,False,,0,0,12,0,0,10,0,3,0
5717,0,2023-06-11T20:54:00Z,False,0,7/27/2023 0:00,?,0.0,0.0,0.0,0.0,811,1379,1,2892,False,0.125,5,15,0,3,3,10,1,2,0
5718,0,2023-06-11T18:10:00Z,False,0,10/20/2023 0:00,Serious,0.0,1.0,1.0,2.0,1241,1782,1,2088,True,0.125,5,15,0,3,3,5,1,2,0
5719,0,2023-06-11T16:06:00Z,False,0,10/3/2024 0:00,Fatal,1.0,0.0,0.0,1.0,1297,1195,1,416,True,0.125,5,15,0,3,3,6,1,2,1
5720,0,2023-06-11T15:10:00Z,False,0,?,?,0.0,0.0,0.0,0.0,157,536,1,576,False,,0,0,13,3,0,1,0,3,0
5721,0,2023-06-11T15:06:00Z,False,0,7/27/2023 0:00,Minor,0.0,0.0,2.0,2.0,160,145,6,2287,False,0.125,9,3,0,3,3,1,1,2,0
5722,1,2023-06-10T23:35:00Z,False,0,?,?,0.0,0.0,0.0,?,179,356,1,1293,False,,0,0,12,4,0,10,0,3,0
5723,0,2023-06-10T17:00:00Z,False,0,12/13/2023 0:00,?,0.0,0.0,0.0,0.0,896,1601,1,2047,False,0.125,5,13,0,3,3,10,1,2,0
5724,0,2023-06-10T16:00:00Z,False,0,10/20/2023 0:00,?,0.0,0.0,0.0,0.0,250,87,1,576,False,0.125,5,15,0,3,3,5,1,2,0
5725,0,2023-06-10T14:03:00Z,False,0,?,Serious,0.0,1.0,0.0,1.0,477,1393,5,2777,False,0.125,0,15,0,3,3,10,2,3,0
5726,0,2023-06-10T13:15:00Z,False,0,8/31/2023 0:00,?,0.0,0.0,0.0,0.0,896,1587,1,836,False,0.125,5,15,0,3,3,5,1,2,0
5727,0,2023-06-10T11:21:00Z,False,0,?,Fatal,1.0,0.0,0.0,1.0,157,703,1,576,False,0.125,0,15,0,1,3,3,2,3,1
5728,0,2023-06-10T07:51:00Z,False,0,4/24/2025 0:00,Fatal,2.0,0.0,0.0,2.0,280,2067,1,576,False,0.125,5,15,0,1,3,6,1,2,1
5729,0,2023-06-09T21:55:00Z,False,0,4/4/2024 0:00,?,0.0,0.0,0.0,0.0,250,1530,1,1643,False,0.125,5,15,0,3,3,5,1,2,0
5730,0,2023-06-09T17:45:00Z,False,0,10/20/2023 0:00,?,0.0,0.0,0.0,0.0,238,796,5,1481,True,0.125,5,15,0,3,3,5,1,2,0
5731,0,2023-06-09T16:03:00Z,False,0,?,Fatal,1.0,0.0,0.0,1.0,896,1626,1,576,False,0.125,0,0,13,1,0,3,0,3,1
5732,0,2023-06-09T13:03:00Z,False,0,8/31/2023 0:00,?,0.0,0.0,0.0,0.0,857,2030,1,886,False,0.125,5,15,0,3,3,5,1,2,0
5733,0,2023-06-09T08:50:00Z,False,0,10/20/2023 0:00,?,0.0,0.0,0.0,0.0,169,1739,1,707,True,0.125,5,15,0,3,3,5,1,2,0
5734,0,2023-06-08T18:30:00Z,False,0,10/5/2023 0:00,?,0.0,0.0,0.0,0.0,250,93,1,2574,False,0.125,5,15,0,3,3,5,1,2,0
5735,0,2023-06-08T15:00:00Z,False,0,10/20/2023 0:00,?,0.0,0.0,0.0,0.0,250,228,1,1537,False,0.25,5,15,0,3,3,11,1,2,0
5736,0,2023-06-08T13:19:00Z,False,0,?,?,0.0,0.0,0.0,0.0,896,1613,1,2713,False,0.25,0,15,0,3,3,5,2,3,0
5737,0,2023-06-08T12:40:00Z,False,0,?,Fatal,2.0,0.0,0.0,2.0,1110,1918,1,2119,True,0.125,0,15,0,3,3,13,2,3,1
5738,0,2023-06-07T15:45:00Z,False,0,10/20/2023 0:00,?,0.0,0.0,0.0,0.0,4,467,0,576,True,,0,0,10,0,0,0,0,0,0
5739,0,2023-06-07T15:15:00Z,False,0,11/7/2024 0:00,Minor,0.0,0.0,1.0,1.0,250,497,1,2742,False,0.125,5,1,9,1,3,6,1,2,0
5740,0,2023-06-07T15:00:00Z,False,0,3/19/2025 0:00,?,0.0,0.0,0.0,0.0,542,1119,1,505,False,0.125,8,1,9,3,3,10,1,2,0
5741,0,2023-06-07T11:15:00Z,False,0,6/26/2024 0:00,Fatal,2.0,0.0,0.0,2.0,1241,1780,1,2298,True,0.125,5,15,0,1,3,6,1,2,1
5742,0,2023-06-06T21:17:00Z,False,0,?,?,0.0,0.0,0.0,0.0,352,1081,1,1025,False,0.25,0,15,0,3,3,5,2,3,0
5743,0,2023-06-06T14:52:00Z,False,0,?,Fatal,2.0,0.0,0.0,2.0,269,1959,1,1617,False,0.125,0,13,0,1,3,4,2,3,1
5744,0,2023-06-06T13:08:00Z,False,0,8/29/2024 0:00,?,0.0,0.0,0.0,0.0,250,152,1,1383,False,0.125,5,1,0,3,3,4,1,2,0
5745,0,2023-06-06T12:10:00Z,False,0,?,?,?,?,?,?,896,1587,1,1952,False,,0,0,13,4,0,3,0,3,0
5746,0,2023-06-05T19:00:00Z,False,0,8/31/2023 0:00,Minor,0.0,0.0,1.0,1.0,896,1242,1,2298,False,0.125,5,15,0,3,3,5,1,2,0
5747,1,2023-06-05T17:54:00Z,False,0,?,?,0.0,0.0,0.0,0.0,1078,1854,6,576,False,0.25,0,6,8,0,0,3,0,3,0
5748,0,2023-06-05T17:00:00Z,False,0,4/4/2024 0:00,Minor,0.0,0.0,1.0,1.0,40,642,1,2,False,0.125,5,1,9,3,3,10,1,2,0
5749,0,2023-06-05T16:47:00Z,False,0,11/9/2023 0:00,?,0.0,0.0,0.0,0.0,160,145,6,2177,False,0.125,9,11,0,3,3,2,1,2,0
5750,0,2023-06-05T16:17:00Z,False,0,6/20/2024 0:00,?,0.0,0.0,0.0,0.0,250,75,1,2537,False,0.125,5,11,0,3,3,5,1,2,0
5751,0,2023-06-04T16:23:00Z,False,0,?,Fatal,4.0,0.0,0.0,4.0,250,316,1,2089,False,0.25,0,15,0,1,3,3,2,3,1
5752,0,2023-06-04T15:50:00Z,False,0,7/7/2023 0:00,Serious,0.0,1.0,1.0,2.0,250,261,1,2646,False,0.25,5,6,8,2,3,1,1,2,0
5753,0,2023-06-04T13:15:00Z,False,0,4/18/2024 0:00,?,0.0,0.0,0.0,0.0,157,536,1,1386,False,0.125,5,15,0,3,3,1,1,2,0
5754,0,2023-06-04T12:30:00Z,False,0,11/7/2024 0:00,Serious,0.0,2.0,0.0,2.0,896,1242,1,2305,False,0.125,5,13,0,3,3,3,1,2,0
5755,0,2023-06-04T11:30:00Z,False,0,8/31/2023 0:00,?,0.0,0.0,0.0,0.0,896,1570,1,576,False,0.125,5,15,0,3,3,5,1,2,0
5756,0,2023-06-04T10:05:00Z,False,0,10/20/2023 0:00,Serious,0.0,1.0,0.0,1.0,4,467,0,576,True,,0,0,10,0,0,0,0,0,0
5757,0,2023-06-03T19:00:00Z,False,0,10/5/2023 0:00,?,0.0,0.0,0.0,0.0,908,1808,1,2542,False,0.125,5,15,0,3,3,5,1,2,0
5758,0,2023-06-03T18:09:00Z,False,0,6/26/2024 0:00,Minor,0.0,0.0,1.0,1.0,642,1235,1,204,True,0.125,5,15,0,3,3,10,1,2,0
5759,0,2023-06-03T17:35:00Z,False,0,11/7/2024 0:00,Serious,0.0,1.0,0.0,1.0,1180,1144,1,2148,False,0.125,5,15,0,3,3,6,1,2,0
5760,0,2023-06-03T15:05:00Z,False,0,3/21/2024 0:00,?,0.0,0.0,0.0,0.0,728,1309,4,1909,False,0.0,0,13,0,3,3,5,1,2,0
5761,0,2023-06-03T14:20:00Z,False,0,2/5/2025 0:00,Fatal,1.0,0.0,0.0,1.0,1317,328,1,514,True,0.125,5,11,0,3,3,6,1,2,1
5762,0,2023-06-03T14:00:00Z,False,0,7/7/2023 0:00,?,0.0,0.0,0.0,0.0,254,442,1,1231,False,0.125,5,15,0,3,3,5,1,2,0
5763,0,2023-06-03T12:58:00Z,False,0,3/19/2025 0:00,?,0.0,0.0,0.0,0.0,40,642,1,576,False,0.125,8,1,9,3,3,4,1,2,0
5764,0,2023-06-03T11:40:00Z,False,0,10/20/2023 0:00,?,0.0,0.0,0.0,0.0,999,1807,1,576,False,0.125,8,1,9,3,3,10,1,2,0
5765,0,2023-06-03T11:34:00Z,False,0,10/26/2023 0:00,Minor,0.0,0.0,1.0,1.0,160,145,6,576,False,0.125,9,15,0,3,3,10,1,2,0
5766,0,2023-06-03T11:15:00Z,False,0,10/20/2023 0:00,?,0.0,0.0,0.0,0.0,250,60,1,2274,False,0.125,5,15,0,3,3,5,1,2,0
5767,0,2023-06-03T10:00:00Z,False,0,11/15/2023 0:00,?,0.0,0.0,0.0,0.0,896,1591,1,312,False,0.125,5,1,9,3,3,6,1,2,0
5768,0,2023-06-03T09:11:00Z,False,0,?,Fatal,2.0,0.0,0.0,2.0,896,1617,1,2688,False,0.25,0,15,0,1,3,10,2,3,1
5769,0,2023-06-02T22:49:00Z,False,0,?,?,0.0,0.0,0.0,0.0,781,298,6,576,False,,0,0,13,3,0,6,0,3,0
5770,0,2023-06-02T15:50:00Z,False,0,7/10/2024 0:00,Serious,0.0,1.0,1.0,2.0,700,2104,1,935,True,0.125,5,13,0,3,3,5,1,2,0
5771,0,2023-06-02T10:07:00Z,False,0,?,Fatal,1.0,0.0,0.0,1.0,1241,1783,1,576,True,0.125,0,15,0,1,1,3,2,3,1
5772,0,2023-06-02T09:20:00Z,False,0,9/28/2023 0:00,?,0.0,0.0,0.0,0.0,1086,1875,1,1216,True,0.125,5,15,0,3,3,10,1,2,0
5773,0,2023-06-01T18:06:00Z,False,0,10/16/2023 0:00,Serious,0.0,1.0,0.0,1.0,179,378,1,576,False,0.25,6,0,4,0,3,3,1,2,0
5774,0,2023-06-01T17:32:00Z,False,0,11/15/2023 0:00,Serious,0.0,1.0,0.0,1.0,50,519,1,576,False,0.25,6,0,4,0,1,3,1,2,0
5775,0,2023-06-01T15:55:00Z,False,0,?,Minor,0.0,0.0,1.0,1.0,157,2146,1,2630,False,0.125,0,15,0,3,3,10,2,3,0
5776,0,2023-06-01T15:40:00Z,False,0,?,?,0.0,0.0,0.0,0.0,896,1621,1,2026,False,0.125,0,0,13,3,0,3,0,3,0
5777,0,2023-06-01T14:30:00Z,False,0,4/18/2024 0:00,?,0.0,0.0,0.0,0.0,896,1601,1,2259,False,0.125,5,13,0,3,3,5,1,2,0
5778,0,2023-06-01T11:21:00Z,False,0,11/21/2024 0:00,Minor,0.0,0.0,1.0,1.0,299,1447,5,186,True,0.125,5,15,0,3,3,5,1,2,0
5779,0,2023-06-01T11:03:00Z,False,0,9/28/2023 0:00,?,0.0,0.0,0.0,0.0,1317,391,1,167,True,0.125,5,15,0,3,3,5,1,2,0
5780,0,2023-06-01T08:28:00Z,False,0,9/21/2023 0:00,?,0.0,0.0,0.0,0.0,969,1122,1,661,False,0.125,5,13,0,3,3,10,1,2,0
5781,1,2023-06-01T01:44:00Z,False,0,?,?,0.0,0.0,0.0,0.0,179,356,1,576,False,,0,0,12,0,0,3,0,3,0
5782,0,2023-05-31T21:30:00Z,False,0,4/18/2024 0:00,?,0.0,0.0,0.0,0.0,916,1889,1,966,True,0.125,5,15,0,3,3,1,1,2,0
5783,0,2023-05-31T18:30:00Z,False,0,7/7/2023 0:00,?,0.0,0.0,0.0,0.0,542,1117,1,576,False,0.125,8,1,9,3,3,10,1,2,0
5784,0,2023-05-31T16:45:00Z,False,0,6/26/2024 0:00,?,0.0,0.0,0.0,0.0,1000,347,1,2246,False,0.25,8,15,0,3,3,5,1,2,0
5785,0,2023-05-31T16:30:00Z,False,0,3/19/2025 0:00,?,0.0,0.0,0.0,0.0,203,1996,1,2075,True,0.125,5,15,0,3,3,10,1,2,0
5786,0,2023-05-31T15:35:00Z,False,0,12/5/2024 0:00,Fatal,1.0,1.0,0.0,2.0,250,87,1,922,False,0.125,5,15,0,3,3,3,1,2,1
5787,0,2023-05-31T14:00:00Z,False,0,9/28/2023 0:00,?,0.0,0.0,0.0,0.0,994,1725,6,2285,False,0.125,5,13,0,3,3,6,1,2,0
5788,0,2023-05-31T10:30:00Z,False,0,8/21/2024 0:00,?,0.0,0.0,0.0,0.0,1265,2060,1,149,True,0.125,5,15,0,3,3,10,1,2,0
5789,0,2023-05-30T15:05:00Z,False,0,11/16/2023 0:00,Minor,0.0,0.0,1.0,1.0,904,2179,1,2408,False,0.125,5,15,0,3,3,5,1,2,0
5790,0,2023-05-30T12:15:00Z,False,0,2/20/2025 0:00,?,0.0,0.0,0.0,0.0,250,156,1,2647,False,0.125,5,13,0,3,3,5,1,2,0
5791,0,2023-05-30T12:01:00Z,False,0,?,?,0.0,0.0,0.0,0.0,759,1394,5,576,True,0.125,0,15,0,3,3,4,2,3,0
5792,0,2023-05-30T11:07:00Z,False,0,7/7/2023 0:00,?,0.0,0.0,0.0,0.0,250,60,1,2656,False,0.125,5,13,0,3,3,5,1,2,0
5793,0,2023-05-30T08:44:00Z,False,0,10/17/2023 0:00,Minor,0.0,0.0,2.0,2.0,896,1570,1,576,False,0.125,5,17,14,3,3,6,1,2,0
5794,0,2023-05-29T19:15:00Z,False,0,?,?,0.0,0.0,0.0,0.0,896,1633,1,576,False,0.25,0,6,13,3,0,3,0,3,0
5795,1,2023-05-29T17:53:00Z,False,0,?,?,?,?,?,?,179,380,1,738,False,,0,0,12,2,0,5,0,3,0
5796,0,2023-05-29T14:30:00Z,False,0,11/7/2024 0:00,Serious,0.0,1.0,1.0,2.0,166,452,1,231,False,0.125,5,15,0,3,3,4,1,2,0
5797,0,2023-05-29T13:47:00Z,False,0,11/7/2024 0:00,Minor,0.0,0.0,2.0,2.0,250,62,1,576,False,0.125,5,15,0,3,3,3,1,2,0
5798,0,2023-05-29T13:00:00Z,False,0,11/15/2023 0:00,?,0.0,0.0,0.0,0.0,250,30,1,980,False,0.125,5,15,0,3,3,5,1,2,0
5799,0,2023-05-29T12:30:00Z,False,0,7/27/2023 0:00,Minor,0.0,0.0,1.0,1.0,542,1119,1,576,False,0.125,5,1,9,3,3,6,1,2,0
5800,0,2023-05-29T12:00:00Z,False,0,7/7/2023 0:00,?,0.0,0.0,0.0,0.0,700,1112,1,573,True,0.125,5,15,0,3,3,10,1,2,0
5801,0,2023-05-29T11:52:00Z,False,0,4/24/2025 0:00,?,0.0,0.0,0.0,0.0,896,1601,1,2715,False,0.125,5,13,0,3,3,4,1,2,0
5802,0,2023-05-29T11:30:00Z,False,0,?,?,0.0,0.0,0.0,0.0,896,1678,1,1772,False,0.125,0,6,13,1,0,10,0,3,0
5803,0,2023-05-29T09:30:00Z,False,0,10/20/2023 0:00,?,0.0,0.0,0.0,0.0,896,1570,1,238,False,0.125,5,14,0,3,3,5,1,2,0
5804,0,2023-05-28T19:52:00Z,False,0,?,Fatal,1.0,0.0,0.0,1.0,250,97,1,2142,False,0.125,0,21,0,3,3,6,2,3,1
5805,0,2023-05-28T19:15:00Z,False,0,?,Fatal,2.0,0.0,0.0,2.0,751,774,1,576,True,0.125,0,15,0,1,3,3,2,3,1
5806,0,2023-05-28T17:43:00Z,False,0,10/20/2023 0:00,?,0.0,0.0,0.0,0.0,250,81,1,576,False,0.125,5,15,0,3,3,4,1,2,0
5807,0,2023-05-28T17:00:00Z,False,0,10/20/2023 0:00,?,0.0,0.0,0.0,0.0,896,1558,1,576,False,0.125,5,15,0,3,3,10,1,2,0
5808,0,2023-05-28T13:40:00Z,False,0,7/27/2023 0:00,?,0.0,0.0,0.0,0.0,898,1601,1,1278,False,0.125,5,13,0,3,3,10,1,2,0
5809,0,2023-05-28T13:35:00Z,False,0,?,?,0.0,0.0,0.0,0.0,250,80,1,576,False,,0,15,13,4,0,3,0,3,0
5810,1,2023-05-27T22:56:00Z,False,0,?,?,0.0,0.0,0.0,0.0,179,356,1,1480,False,0.25,0,0,12,4,0,5,0,3,0
5811,0,2023-05-27T20:00:00Z,False,0,4/10/2024 0:00,?,0.0,0.0,0.0,0.0,942,840,1,576,True,0.125,5,15,0,3,3,3,1,2,0
5812,0,2023-05-27T16:17:00Z,False,0,2/1/2024 0:00,?,0.0,0.0,0.0,0.0,889,1516,1,2481,False,0.25,8,15,0,3,3,10,1,2,0
5813,0,2023-05-27T15:08:00Z,False,0,?,Fatal,2.0,0.0,0.0,2.0,250,60,1,2594,False,,0,13,13,1,0,10,0,3,1
5814,0,2023-05-27T13:00:00Z,False,0,9/28/2023 0:00,?,0.0,0.0,0.0,0.0,106,1835,1,2743,False,0.125,8,1,9,3,3,6,1,2,0
5815,0,2023-05-27T13:00:00Z,False,0,6/21/2024 0:00,?,0.0,0.0,0.0,0.0,250,87,1,1909,False,0.125,5,15,0,3,3,5,1,2,0
5816,1,2023-05-27T11:38:00Z,False,0,?,?,0.0,0.0,0.0,0.0,250,337,1,1095,False,0.25,0,0,12,0,0,4,0,3,0
5817,0,2023-05-26T12:18:00Z,False,0,6/20/2024 0:00,Fatal,2.0,0.0,0.0,2.0,250,60,1,1805,False,0.125,5,13,0,1,3,4,1,2,1
5818,0,2023-05-26T10:58:00Z,False,0,8/10/2023 0:00,?,0.0,0.0,0.0,0.0,963,701,1,576,False,0.25,8,15,0,3,3,3,1,2,0
5819,0,2023-05-26T10:40:00Z,False,0,?,?,0.0,0.0,0.0,0.0,270,1959,1,2033,False,0.125,0,0,13,3,0,5,0,3,0
5820,0,2023-05-26T04:50:00Z,False,0,10/20/2023 0:00,Serious,0.0,1.0,0.0,1.0,250,112,1,1440,False,0.125,5,3,0,2,3,9,1,2,0
5821,0,2023-05-25T19:46:00Z,False,0,?,Minor,0.0,0.0,1.0,1.0,811,1362,1,648,False,0.125,0,15,0,3,3,1,2,3,0
5822,0,2023-05-25T19:20:00Z,False,0,11/16/2023 0:00,?,0.0,0.0,0.0,0.0,270,1958,1,2413,False,0.125,5,15,0,3,3,5,1,2,0
5823,0,2023-05-25T13:45:00Z,False,0,11/14/2024 0:00,?,0.0,0.0,0.0,0.0,250,210,1,139,False,0.25,5,15,0,3,3,5,1,2,0
5824,0,2023-05-25T13:24:00Z,False,0,7/7/2023 0:00,?,0.0,0.0,0.0,0.0,846,845,1,1224,False,0.125,5,15,0,3,3,4,1,2,0
5825,0,2023-05-25T13:09:00Z,False,0,?,Serious,0.0,1.0,0.0,1.0,896,1592,1,1398,False,0.125,0,14,0,3,3,4,2,3,0
5826,1,2023-05-25T12:52:00Z,False,0,?,?,0.0,0.0,0.0,0.0,421,120,1,576,False,,0,0,12,0,0,1,0,3,0
5827,0,2023-05-25T12:01:00Z,False,0,?,Fatal,1.0,0.0,0.0,1.0,250,115,1,576,False,0.125,0,3,0,3,3,13,2,3,1
5828,0,2023-05-25T10:20:00Z,False,0,7/27/2023 0:00,?,0.0,0.0,0.0,0.0,542,1119,1,576,False,0.125,5,1,9,3,3,6,1,2,0
5829,0,2023-05-25T08:00:00Z,False,0,7/7/2023 0:00,?,0.0,0.0,0.0,0.0,1188,1344,1,414,True,0.125,5,15,0,3,3,5,1,2,0
5830,0,2023-05-24T10:40:00Z,False,0,2/20/2025 0:00,Serious,0.0,1.0,0.0,1.0,250,85,1,2690,False,0.125,5,15,0,3,3,4,1,2,0
5831,0,2023-05-24T10:00:00Z,False,0,6/20/2024 0:00,?,0.0,0.0,0.0,0.0,250,77,1,842,False,0.125,5,15,0,3,3,1,1,2,0
5832,0,2023-05-23T23:10:00Z,False,0,10/20/2023 0:00,?,0.0,0.0,0.0,0.0,433,601,6,2456,False,0.125,9,17,0,3,3,11,1,2,0
5833,0,2023-05-23T18:00:00Z,False,0,8/31/2023 0:00,?,0.0,0.0,0.0,0.0,67,552,1,576,False,0.125,5,15,0,3,3,3,1,2,0
5834,0,2023-05-23T17:40:00Z,False,0,?,Serious,0.0,1.0,0.0,1.0,421,137,1,576,False,,0,0,13,3,0,6,0,3,0
5835,0,2023-05-23T14:45:00Z,False,0,8/10/2023 0:00,?,0.0,0.0,0.0,0.0,1183,77,1,1515,False,0.125,5,13,0,3,3,11,1,2,0
5836,0,2023-05-23T13:45:00Z,False,0,7/7/2023 0:00,Minor,0.0,0.0,1.0,1.0,896,1660,1,2488,False,0.125,5,13,0,3,3,5,1,2,0
5837,0,2023-05-23T11:15:00Z,False,0,7/27/2023 0:00,?,0.0,0.0,0.0,0.0,163,267,6,1473,False,0.125,9,13,0,3,3,2,1,2,0
5838,0,2023-05-23T10:46:00Z,False,0,5/14/2024 0:00,?,0.0,0.0,0.0,0.0,474,877,1,432,False,0.125,5,15,0,3,3,5,1,2,0
5839,0,2023-05-23T10:00:00Z,False,0,9/28/2023 0:00,?,0.0,0.0,0.0,0.0,250,75,1,1817,False,0.125,5,13,0,3,3,5,1,2,0
5840,1,2023-05-22T16:40:00Z,False,0,?,?,0.0,0.0,0.0,0.0,421,1037,1,2593,False,,0,0,12,0,0,10,0,3,0
5841,0,2023-05-22T11:00:00Z,False,0,7/27/2023 0:00,?,0.0,0.0,0.0,0.0,551,1172,1,576,False,0.125,8,1,9,3,3,5,1,2,0
5842,0,2023-05-22T10:47:00Z,False,0,7/7/2023 0:00,?,0.0,0.0,0.0,0.0,896,1601,1,1931,False,0.125,5,13,0,3,3,10,1,2,0
5843,0,2023-05-21T16:40:00Z,False,0,10/20/2023 0:00,?,0.0,0.0,0.0,0.0,24,610,6,2248,False,0.125,9,13,0,3,3,2,1,2,0
5844,0,2023-05-21T16:30:00Z,False,0,?,Fatal,1.0,0.0,0.0,1.0,278,19,1,419,False,0.125,0,15,0,3,3,3,2,3,1
5845,0,2023-05-21T15:47:00Z,False,0,?,Fatal,1.0,0.0,0.0,1.0,250,1720,1,2074,False,0.125,0,15,0,1,3,10,2,3,1
5846,0,2023-05-21T15:35:00Z,False,0,3/19/2025 0:00,Minor,0.0,0.0,2.0,2.0,896,1660,1,576,False,0.125,5,15,0,3,3,3,1,2,0
5847,0,2023-05-21T13:38:00Z,False,0,10/20/2023 0:00,?,0.0,0.0,0.0,0.0,303,821,1,1692,True,0.125,5,15,0,3,3,10,1,2,0
5848,0,2023-05-21T12:15:00Z,False,0,?,Fatal,1.0,0.0,0.0,1.0,157,2145,1,2089,False,0.125,0,15,0,1,3,3,2,3,1
5849,0,2023-05-21T09:33:00Z,False,0,9/8/2023 0:00,?,0.0,0.0,0.0,0.0,100,475,1,380,False,0.125,5,15,0,3,3,5,1,2,0
5850,0,2023-05-20T14:00:00Z,False,0,4/24/2025 0:00,Fatal,2.0,0.0,0.0,2.0,1251,949,1,576,False,0.25,8,9,0,3,3,3,1,2,1
5851,0,2023-05-20T13:30:00Z,False,0,?,Fatal,3.0,0.0,0.0,3.0,269,1958,1,576,False,,0,0,13,1,0,3,0,3,1
5852,0,2023-05-20T13:30:00Z,False,0,12/13/2023 0:00,Minor,0.0,0.0,1.0,1.0,250,28,1,2708,False,0.125,5,15,0,3,3,4,1,2,0
5853,0,2023-05-20T13:30:00Z,False,0,8/31/2023 0:00,?,0.0,0.0,0.0,0.0,896,1603,1,368,False,0.125,5,13,0,3,3,5,1,2,0
5854,0,2023-05-20T12:05:00Z,False,0,7/7/2023 0:00,?,0.0,0.0,0.0,0.0,858,2030,1,1609,False,0.125,5,15,0,3,3,5,1,2,0
5855,0,2023-05-20T10:00:00Z,False,0,4/23/2025 0:00,Minor,0.0,0.0,1.0,1.0,250,156,1,2326,False,0.125,5,15,0,3,3,3,1,2,0
5856,0,2023-05-20T09:31:00Z,False,0,?,Fatal,3.0,0.0,0.0,3.0,103,962,1,1838,False,0.125,0,0,13,1,0,13,0,3,1
5857,0,2023-05-20T09:20:00Z,False,0,2/20/2025 0:00,Minor,0.0,0.0,2.0,2.0,1080,1353,1,915,False,0.125,5,13,0,3,3,4,1,2,0
5858,0,2023-05-19T18:02:00Z,False,0,10/20/2023 0:00,?,0.0,0.0,0.0,0.0,896,1570,1,2223,False,0.125,5,15,0,3,3,10,1,2,0
5859,0,2023-05-19T17:45:00Z,False,0,7/7/2023 0:00,?,0.0,0.0,0.0,0.0,896,1671,1,971,False,0.125,5,13,0,3,3,1,1,2,0
5860,0,2023-05-19T16:00:00Z,False,0,7/7/2023 0:00,Minor,0.0,0.0,1.0,1.0,505,1776,1,227,True,0.125,5,15,0,3,3,5,1,2,0
5861,1,2023-05-19T02:39:00Z,False,0,?,?,0.0,0.0,0.0,0.0,179,416,1,2156,False,,0,0,12,4,0,11,0,3,0
5862,0,2023-05-18T19:17:00Z,False,0,6/20/2024 0:00,Minor,0.0,0.0,1.0,1.0,250,67,1,576,False,0.125,5,15,0,3,3,3,1,2,0
5863,0,2023-05-18T19:00:00Z,False,0,3/28/2024 0:00,?,0.0,0.0,0.0,0.0,739,449,1,833,False,0.125,5,13,0,3,3,5,1,2,0
5864,0,2023-05-18T16:00:00Z,False,0,?,?,?,?,?,?,896,1648,1,1048,False,,0,0,13,1,0,1,0,3,0
5865,0,2023-05-18T15:00:00Z,False,0,8/31/2023 0:00,Minor,0.0,0.0,2.0,2.0,250,37,1,240,False,0.125,5,15,0,3,3,1,1,2,0
5866,0,2023-05-18T12:59:00Z,False,0,8/10/2023 0:00,?,0.0,0.0,0.0,0.0,157,333,1,2807,False,0.25,8,13,0,3,3,5,1,2,0
5867,0,2023-05-18T09:17:00Z,False,0,3/28/2024 0:00,?,0.0,0.0,0.0,0.0,157,234,1,1438,False,0.125,5,15,0,1,3,4,1,2,0
5868,0,2023-05-18T01:18:00Z,False,0,?,?,0.0,0.0,0.0,0.0,601,1193,1,1003,False,0.25,0,15,0,1,3,5,2,3,0
5869,0,2023-05-17T18:00:00Z,False,0,6/20/2024 0:00,Minor,0.0,0.0,1.0,1.0,201,730,1,576,True,0.125,5,15,0,3,3,3,1,2,0
5870,0,2023-05-17T16:59:00Z,False,0,12/21/2023 0:00,?,0.0,0.0,0.0,0.0,250,59,1,2634,False,0.125,5,15,0,3,3,5,1,2,0
5871,0,2023-05-17T13:37:00Z,False,0,?,Fatal,1.0,0.0,0.0,1.0,157,976,1,1252,False,0.25,0,15,0,1,1,3,2,3,1
5872,0,2023-05-17T13:35:00Z,False,0,12/5/2024 0:00,Fatal,1.0,0.0,0.0,1.0,896,1591,1,1398,False,0.125,5,5,0,1,3,4,1,2,1
5873,0,2023-05-17T13:22:00Z,False,0,10/20/2023 0:00,?,0.0,0.0,0.0,0.0,896,1666,1,252,False,0.25,5,6,8,3,1,1,1,2,0
5874,0,2023-05-17T11:55:00Z,False,0,10/20/2023 0:00,?,0.0,0.0,0.0,0.0,896,1655,1,639,False,0.125,5,15,0,3,3,5,1,2,0
5875,0,2023-05-16T20:12:00Z,False,0,10/23/2024 0:00,?,0.0,0.0,0.0,0.0,250,60,1,576,False,0.125,5,13,0,3,3,3,1,2,0
5876,0,2023-05-16T15:50:00Z,False,0,7/7/2023 0:00,?,0.0,0.0,0.0,0.0,250,494,1,1283,False,0.125,5,15,0,3,3,5,1,2,0
5877,0,2023-05-15T20:36:00Z,False,0,7/18/2024 0:00,?,0.0,0.0,0.0,0.0,513,1440,10,576,False,0.125,8,17,14,1,3,3,1,2,0
5878,0,2023-05-15T18:13:00Z,False,0,6/5/2024 0:00,?,0.0,0.0,0.0,0.0,257,2198,1,576,True,0.125,5,15,0,3,3,3,1,2,0
5879,0,2023-05-15T12:00:00Z,False,0,4/4/2024 0:00,?,0.0,0.0,0.0,0.0,996,1721,6,576,False,0.125,5,13,0,3,3,2,1,2,0
5880,0,2023-05-15T11:47:00Z,False,0,?,?,?,?,?,?,723,229,1,576,False,,0,0,12,1,0,10,0,3,0
5881,0,2023-05-14T22:25:00Z,False,0,2/26/2025 0:00,Fatal,1.0,0.0,0.0,1.0,250,60,1,576,False,0.125,5,15,0,3,1,6,1,2,1
5882,1,2023-05-14T18:01:00Z,False,0,?,?,0.0,0.0,0.0,0.0,179,380,1,1096,False,,0,0,6,2,0,5,0,3,0
5883,0,2023-05-14T11:35:00Z,False,0,4/24/2025 0:00,Fatal,2.0,0.0,0.0,2.0,250,2034,1,576,False,0.125,5,15,0,1,1,3,1,2,1
5884,1,2023-05-14T00:00:00Z,False,0,4/24/2025 0:00,Fatal,1.0,0.0,0.0,1.0,993,1723,6,2298,False,0.125,5,15,0,3,3,9,1,2,1
5885,0,2023-05-13T18:00:00Z,False,0,11/2/2023 0:00,?,0.0,0.0,0.0,0.0,250,493,1,223,False,0.125,5,13,0,3,3,5,1,2,0
5886,0,2023-05-13T16:42:00Z,False,0,7/27/2023 0:00,Serious,0.0,1.0,1.0,2.0,956,1849,1,1509,True,0.125,5,15,0,3,3,10,1,2,0
5887,0,2023-05-13T13:30:00Z,False,0,?,?,0.0,0.0,0.0,0.0,993,1728,6,576,False,,0,0,13,1,0,10,0,3,0
5888,2,2023-05-13T04:00:00Z,False,0,?,?,0.0,0.0,0.0,0.0,421,1033,1,576,False,0.25,0,9,0,2,0,5,0,3,0
5889,0,2023-05-12T11:45:00Z,False,0,12/21/2023 0:00,?,0.0,0.0,0.0,0.0,100,477,1,1089,False,0.125,5,15,0,3,3,5,1,2,0
5890,0,2023-05-11T20:15:00Z,False,0,6/20/2024 0:00,?,0.0,0.0,0.0,0.0,896,1660,1,576,False,0.125,5,15,0,3,3,3,1,2,0
5891,0,2023-05-11T18:30:00Z,False,0,8/31/2023 0:00,?,0.0,0.0,0.0,0.0,371,816,1,576,True,0.125,5,15,0,3,3,4,1,2,0
5892,0,2023-05-11T15:20:00Z,False,0,6/5/2024 0:00,Serious,0.0,2.0,1.0,3.0,250,60,1,328,False,0.125,5,15,0,3,3,10,1,2,0
5893,0,2023-05-11T13:10:00Z,False,0,3/28/2024 0:00,?,0.0,0.0,0.0,0.0,736,307,1,112,True,0.125,5,11,0,3,3,10,1,2,0
5894,0,2023-05-11T10:27:00Z,False,0,7/7/2023 0:00,?,0.0,0.0,0.0,0.0,996,1727,6,576,False,0.125,5,15,0,3,3,5,1,2,0
5895,1,2023-05-11T04:00:00Z,False,0,?,?,0.0,0.0,0.0,0.0,45,520,1,576,False,0.25,0,0,4,2,0,1,0,3,0
5896,0,2023-05-10T14:40:00Z,False,0,8/31/2023 0:00,Minor,0.0,0.0,1.0,1.0,1009,1045,6,576,True,0.125,5,15,0,3,3,5,1,2,0
5897,0,2023-05-10T14:10:00Z,False,0,8/31/2023 0:00,?,0.0,0.0,0.0,0.0,771,1373,1,2602,False,0.125,5,15,0,3,3,5,1,2,0
5898,1,2023-05-10T11:52:00Z,False,0,?,Serious,0.0,1.0,15.0,16.0,179,416,1,576,False,,0,0,6,0,0,3,0,3,0
5899,0,2023-05-10T08:49:00Z,False,0,?,Fatal,3.0,0.0,0.0,3.0,506,246,1,576,False,0.25,0,14,0,1,0,3,2,3,1
5900,1,2023-05-10T05:35:00Z,False,0,?,?,0.0,0.0,0.0,0.0,421,122,1,576,False,,0,0,12,2,0,5,0,3,0
5901,0,2023-05-09T18:50:00Z,False,0,5/14/2024 0:00,?,0.0,0.0,0.0,0.0,956,1805,1,471,True,0.125,5,15,0,3,3,3,1,2,0
5902,0,2023-05-09T13:15:00Z,False,0,6/26/2024 0:00,Serious,0.0,2.0,0.0,2.0,100,478,1,576,False,0.125,5,15,0,1,3,1,1,2,0
5903,0,2023-05-09T13:00:00Z,False,0,7/7/2023 0:00,Minor,0.0,0.0,2.0,2.0,994,1727,6,576,False,0.125,5,6,8,3,2,6,1,2,0
5904,0,2023-05-09T12:00:00Z,False,0,7/7/2023 0:00,?,0.0,0.0,0.0,0.0,1080,1354,1,1243,False,0.125,5,15,0,3,3,5,1,2,0
5905,0,2023-05-09T09:00:00Z,False,0,7/7/2023 0:00,?,0.0,0.0,0.0,0.0,270,1959,1,1632,False,0.125,5,15,0,3,3,3,1,2,0
5906,0,2023-05-08T18:15:00Z,False,0,?,Fatal,2.0,1.0,0.0,3.0,250,97,1,576,False,,0,0,13,3,0,1,0,3,1
5907,1,2023-05-08T09:44:00Z,False,0,?,?,?,?,?,?,179,416,1,576,False,,0,0,12,0,0,5,0,3,0
5908,0,2023-05-07T22:35:00Z,False,0,7/7/2023 0:00,Serious,0.0,2.0,0.0,2.0,250,43,1,387,False,0.125,5,15,0,3,3,10,1,2,0
5909,0,2023-05-07T20:30:00Z,False,0,9/8/2023 0:00,?,0.0,0.0,0.0,0.0,896,1580,1,576,False,0.125,5,15,0,3,3,5,1,2,0
5910,0,2023-05-07T19:48:00Z,False,0,?,Fatal,1.0,0.0,0.0,1.0,250,97,1,576,False,0.125,0,15,0,3,1,3,2,3,1
5911,1,2023-05-07T16:05:00Z,False,0,?,?,?,?,?,?,179,356,1,576,False,,0,0,12,3,0,5,0,3,0
5912,0,2023-05-07T14:40:00Z,False,0,9/8/2023 0:00,?,0.0,0.0,0.0,0.0,1233,1162,1,762,False,0.125,5,15,0,1,3,10,1,2,0
5913,0,2023-05-06T17:05:00Z,False,0,?,Serious,0.0,1.0,0.0,1.0,47,1002,6,576,False,0.125,0,3,0,0,3,6,2,3,0
5914,0,2023-05-06T16:22:00Z,False,0,2/20/2025 0:00,Fatal,1.0,2.0,0.0,3.0,250,208,1,1144,False,0.25,5,15,0,1,3,1,1,2,1
5915,0,2023-05-06T15:00:00Z,False,0,6/29/2023 0:00,Serious,0.0,1.0,0.0,1.0,157,1074,1,2674,False,0.125,5,15,0,2,3,9,1,2,0
5916,0,2023-05-06T14:07:00Z,False,0,6/5/2024 0:00,Serious,0.0,1.0,0.0,1.0,896,1594,1,2391,False,0.125,5,15,0,3,3,4,1,2,0
5917,0,2023-05-06T13:55:00Z,False,0,6/5/2024 0:00,Minor,0.0,0.0,1.0,1.0,812,1388,1,314,False,0.125,5,15,0,3,3,4,1,2,0
5918,0,2023-05-06T10:40:00Z,False,0,7/27/2023 0:00,?,0.0,0.0,0.0,0.0,1183,77,1,647,False,0.125,5,15,0,3,3,11,1,2,0
5919,0,2023-05-06T10:35:00Z,False,0,2/5/2025 0:00,Fatal,4.0,0.0,0.0,4.0,938,1717,1,149,False,0.125,5,15,0,1,3,3,1,2,1
5920,0,2023-05-06T08:30:00Z,False,0,9/21/2023 0:00,?,0.0,0.0,0.0,0.0,1120,1255,1,576,True,0.125,5,11,0,3,3,5,1,2,0
5921,0,2023-05-06T04:00:00Z,False,0,?,?,?,?,?,?,179,384,1,576,False,0.5,0,0,6,3,0,5,0,3,0
5922,1,2023-05-05T14:23:00Z,False,0,?,?,?,?,?,?,179,356,1,576,False,,0,0,12,0,0,3,0,3,0
5923,0,2023-05-05T10:45:00Z,False,0,9/21/2023 0:00,?,0.0,0.0,0.0,0.0,420,2150,1,2767,False,0.125,5,15,0,3,3,5,1,2,0
5924,0,2023-05-05T10:30:00Z,False,0,?,Fatal,2.0,0.0,0.0,2.0,425,273,1,576,False,0.125,0,0,13,3,0,13,0,3,1
5925,0,2023-05-05T10:00:00Z,False,0,3/19/2025 0:00,Serious,0.0,2.0,0.0,2.0,896,1600,1,2241,False,0.125,5,15,0,3,3,1,1,2,0
5926,0,2023-05-05T08:45:00Z,False,0,10/3/2024 0:00,?,0.0,0.0,0.0,0.0,19,434,1,576,False,0.125,5,15,0,3,3,3,1,2,0
5927,0,2023-05-05T05:54:00Z,False,0,7/18/2023 0:00,?,0.0,0.0,0.0,0.0,45,525,1,860,False,0.25,6,0,4,3,3,5,1,2,0
5928,0,2023-05-04T19:30:00Z,False,0,6/29/2023 0:00,?,0.0,0.0,0.0,0.0,250,77,1,1536,False,0.125,5,13,0,3,3,10,1,2,0
5929,0,2023-05-04T18:01:00Z,False,0,6/29/2023 0:00,?,0.0,0.0,0.0,0.0,166,54,1,2862,False,0.125,5,15,0,3,3,5,1,2,0
5930,0,2023-05-04T15:00:00Z,False,0,6/29/2023 0:00,?,0.0,0.0,0.0,0.0,550,553,1,972,False,0.125,5,13,0,3,3,10,1,2,0
5931,0,2023-05-04T13:15:00Z,False,0,6/29/2023 0:00,?,0.0,0.0,0.0,0.0,896,1663,1,361,False,0.125,5,15,0,3,3,10,1,2,0
5932,0,2023-05-03T20:00:00Z,False,0,6/29/2023 0:00,?,0.0,0.0,0.0,0.0,711,1230,1,576,True,0.125,5,15,0,3,3,10,1,2,0
5933,0,2023-05-03T19:35:00Z,False,0,11/7/2024 0:00,?,0.0,0.0,0.0,0.0,250,164,1,1659,False,0.125,5,15,0,3,3,5,1,2,0
5934,0,2023-05-03T14:29:00Z,False,0,10/5/2023 0:00,Serious,0.0,2.0,0.0,2.0,896,1631,1,576,False,0.25,5,13,0,3,3,6,1,2,0
5935,0,2023-05-03T09:15:00Z,False,0,?,?,0.0,0.0,0.0,0.0,250,1531,1,458,False,0.25,0,15,0,3,3,3,2,3,0
5936,0,2023-05-03T04:00:00Z,False,0,?,?,0.0,0.0,0.0,0.0,993,1721,6,576,False,,0,0,13,3,0,5,0,3,0
5937,0,2023-05-02T23:02:00Z,False,0,?,Serious,0.0,1.0,1.0,2.0,250,97,1,576,False,,0,0,13,3,0,5,0,3,0
5938,0,2023-05-02T21:13:00Z,False,0,5/14/2024 0:00,?,0.0,0.0,0.0,0.0,1317,1973,1,1511,True,0.125,5,15,0,3,3,5,1,2,0
5939,0,2023-05-02T20:00:00Z,False,0,6/29/2023 0:00,?,0.0,0.0,0.0,0.0,1062,1352,1,576,True,0.125,5,15,0,3,3,5,1,2,0
5940,0,2023-05-02T17:10:00Z,False,0,2/26/2025 0:00,?,0.0,0.0,0.0,0.0,15,1311,1,576,False,0.125,6,15,0,3,3,9,1,2,0
5941,0,2023-05-02T17:00:00Z,False,0,?,?,?,?,?,?,213,790,1,2770,False,,0,0,15,3,0,5,0,3,0
5942,0,2023-05-02T12:33:00Z,False,0,9/8/2023 0:00,?,0.0,0.0,0.0,0.0,129,1181,1,1680,True,0.125,5,15,0,3,3,5,1,2,0
5943,0,2023-05-02T07:35:00Z,False,0,?,Fatal,3.0,0.0,0.0,3.0,993,1716,6,576,False,,0,0,13,3,0,6,0,3,1
5944,0,2023-05-01T19:15:00Z,False,0,9/8/2023 0:00,?,0.0,0.0,0.0,0.0,250,2047,1,1681,False,0.125,5,15,0,3,3,5,1,2,0
5945,0,2023-05-01T14:59:00Z,False,0,4/1/2025 0:00,Fatal,3.0,0.0,0.0,3.0,157,536,1,1719,False,0.125,5,15,0,3,3,1,1,2,1
5946,0,2023-05-01T14:45:00Z,False,0,5/2/2024 0:00,?,0.0,0.0,0.0,0.0,250,101,1,2263,False,0.125,5,15,0,3,3,5,1,2,0
5947,0,2023-05-01T13:34:00Z,False,0,?,Fatal,7.0,0.0,0.0,7.0,250,142,1,576,False,,0,0,13,1,0,2,0,3,1
5948,0,2023-04-30T18:10:00Z,False,0,?,Fatal,2.0,0.0,0.0,2.0,250,116,1,576,False,,0,0,13,3,0,5,0,3,1
5949,0,2023-04-30T18:00:00Z,False,0,9/11/2024 0:00,Fatal,1.0,0.0,0.0,1.0,1193,2092,1,576,True,0.125,5,15,0,1,3,4,1,2,1
5950,0,2023-04-30T15:50:00Z,False,0,10/23/2024 0:00,?,0.0,0.0,0.0,0.0,739,450,1,576,False,0.125,5,15,0,3,3,1,1,2,0
5951,0,2023-04-29T20:50:00Z,False,0,?,Fatal,1.0,0.0,0.0,1.0,250,77,1,576,False,0.125,0,15,0,3,2,1,2,3,1
5952,0,2023-04-29T10:30:00Z,False,0,10/20/2023 0:00,?,0.0,0.0,0.0,0.0,250,59,1,379,False,0.125,5,15,0,3,3,5,1,2,0
5953,1,2023-04-29T09:45:00Z,False,0,?,?,0.0,0.0,0.0,0.0,45,523,1,2156,False,0.25,0,0,12,4,0,5,0,3,0
5954,1,2023-04-29T03:07:00Z,False,0,?,?,?,?,?,?,179,356,1,576,False,,0,0,12,2,0,9,0,3,0
5955,0,2023-04-28T19:15:00Z,False,0,?,?,0.0,0.0,0.0,0.0,269,1959,1,576,False,0.125,0,0,13,3,0,13,0,3,0
5956,0,2023-04-28T19:00:00Z,False,0,4/4/2024 0:00,?,0.0,0.0,0.0,0.0,690,1199,1,1091,True,0.125,5,15,0,3,3,5,1,2,0
5957,0,2023-04-28T16:26:00Z,False,0,11/15/2023 0:00,?,0.0,0.0,0.0,0.0,996,1727,6,1710,False,0.125,5,15,0,3,3,6,1,2,0
5958,0,2023-04-28T15:11:00Z,False,0,6/29/2023 0:00,?,0.0,0.0,0.0,0.0,250,73,1,2126,False,0.125,0,13,0,3,3,5,1,2,0
5959,0,2023-04-28T11:00:00Z,False,0,6/29/2023 0:00,Serious,0.0,1.0,0.0,1.0,548,1176,1,1426,False,0.25,6,7,0,0,3,10,1,2,0
5960,1,2023-04-27T15:00:00Z,False,0,3/20/2024 0:00,?,0.0,0.0,0.0,0.0,896,1240,1,1817,False,0.125,5,15,0,2,3,4,1,2,0
5961,0,2023-04-27T10:30:00Z,False,0,7/27/2023 0:00,?,0.0,0.0,0.0,0.0,517,1166,1,714,False,0.125,5,15,0,3,1,5,1,2,0
5962,0,2023-04-26T21:58:00Z,False,0,?,Fatal,5.0,0.0,0.0,5.0,250,142,1,2531,False,,0,0,13,1,0,6,0,3,1
5963,0,2023-04-26T19:00:00Z,False,0,9/8/2023 0:00,?,0.0,0.0,0.0,0.0,968,1748,1,1275,False,0.125,5,13,0,3,3,5,1,2,0
5964,0,2023-04-26T15:25:00Z,False,0,?,Fatal,2.0,0.0,0.0,2.0,250,85,1,2817,False,0.125,0,15,0,1,1,1,2,3,1
5965,0,2023-04-25T21:35:00Z,False,0,6/5/2024 0:00,Serious,0.0,1.0,0.0,1.0,1241,1780,1,576,True,0.125,5,15,0,3,3,3,1,2,0
5966,0,2023-04-25T20:00:00Z,False,0,9/8/2023 0:00,Minor,0.0,0.0,1.0,1.0,250,28,1,2890,False,0.125,5,15,0,3,3,10,1,2,0
5967,0,2023-04-24T20:00:00Z,False,0,8/7/2024 0:00,?,0.0,0.0,0.0,0.0,917,1700,1,576,True,0.125,5,15,0,3,3,3,1,2,0
5968,0,2023-04-24T14:45:00Z,False,0,9/8/2023 0:00,?,0.0,0.0,0.0,0.0,868,1012,1,2634,True,0.125,5,15,0,3,3,10,1,2,0
5969,0,2023-04-24T11:30:00Z,False,0,6/5/2024 0:00,Serious,0.0,1.0,0.0,1.0,1184,884,1,576,True,0.125,5,15,0,3,3,1,1,2,0
5970,0,2023-04-24T10:00:00Z,False,0,6/29/2023 0:00,?,0.0,0.0,0.0,0.0,40,638,1,2298,False,0.125,8,1,9,3,3,5,1,2,0
5971,0,2023-04-24T09:46:00Z,False,0,2/13/2025 0:00,Serious,0.0,1.0,0.0,1.0,771,1471,1,2617,False,0.125,5,14,0,3,3,2,1,2,0
5972,2,2023-04-23T18:29:00Z,False,0,11/21/2024 0:00,?,0.0,0.0,0.0,0.0,509,236,1,2238,False,0.25,6,16,0,0,3,3,1,2,0
5973,0,2023-04-23T15:33:00Z,False,0,?,Fatal,4.0,1.0,0.0,5.0,896,1668,1,576,False,,0,0,12,3,0,4,0,3,1
5974,0,2023-04-23T12:44:00Z,False,0,?,?,0.0,0.0,0.0,0.0,421,1028,1,576,False,,0,0,13,3,0,3,0,3,0
5975,1,2023-04-22T21:00:00Z,False,0,?,?,0.0,0.0,0.0,0.0,179,355,1,2505,False,,0,0,6,0,0,4,0,3,0
5976,0,2023-04-22T15:00:00Z,False,0,6/6/2023 0:00,?,0.0,0.0,0.0,0.0,896,1601,1,1198,False,0.125,5,13,0,3,3,5,1,2,0
5977,0,2023-04-22T13:45:00Z,False,0,6/6/2023 0:00,?,0.0,0.0,0.0,0.0,367,737,1,2602,False,0.125,5,15,0,3,3,5,1,2,0
5978,0,2023-04-22T13:30:00Z,False,0,3/19/2025 0:00,?,0.0,0.0,0.0,0.0,1052,184,6,576,False,0.125,5,13,0,3,3,6,1,2,0
5979,0,2023-04-22T13:00:00Z,False,0,7/18/2024 0:00,Serious,0.0,2.0,2.0,4.0,179,418,1,576,False,0.25,6,0,4,0,1,3,1,2,0
5980,0,2023-04-22T02:36:00Z,False,0,3/28/2024 0:00,Minor,0.0,0.0,1.0,1.0,250,40,1,997,False,0.125,5,15,0,3,3,3,1,2,0
5981,0,2023-04-22T00:30:00Z,False,0,?,?,?,?,?,?,250,32,1,576,False,,0,0,13,1,0,13,0,3,0
5982,0,2023-04-21T12:30:00Z,False,0,?,Fatal,1.0,0.0,0.0,1.0,716,238,1,576,False,,0,0,13,3,0,1,0,3,1
5983,0,2023-04-21T04:00:00Z,False,0,?,?,0.0,0.0,0.0,0.0,157,130,1,576,False,,0,0,13,3,0,5,0,3,0
5984,0,2023-04-20T23:00:00Z,False,0,?,?,0.0,0.0,0.0,0.0,250,495,1,576,False,,0,0,13,3,0,6,0,3,0
5985,0,2023-04-20T18:15:00Z,False,0,?,?,0.0,0.0,0.0,0.0,896,186,1,576,False,,0,0,15,3,0,6,0,3,0
5986,0,2023-04-20T15:16:00Z,False,0,?,Minor,0.0,0.0,2.0,2.0,896,1660,1,2510,False,0.125,0,0,12,3,0,10,0,3,0
5987,0,2023-04-20T11:05:00Z,False,0,3/28/2024 0:00,?,0.0,0.0,0.0,0.0,896,1601,1,1225,False,0.125,5,15,0,3,3,1,1,2,0
5988,1,2023-04-19T23:30:00Z,False,0,?,?,?,?,?,?,45,516,1,576,False,,0,0,12,0,0,4,0,3,0
5989,0,2023-04-19T22:40:00Z,False,0,?,?,0.0,0.0,0.0,0.0,896,1584,1,576,False,0.25,0,0,13,0,0,3,0,3,0
5990,0,2023-04-19T19:37:00Z,False,0,?,Serious,0.0,2.0,0.0,2.0,15,1307,1,2855,False,0.125,0,13,0,3,3,1,2,3,0
5991,0,2023-04-19T15:00:00Z,False,0,3/19/2025 0:00,?,0.0,0.0,0.0,0.0,250,1720,1,300,False,0.125,5,15,0,3,3,1,1,2,0
5992,0,2023-04-19T09:28:00Z,False,0,?,?,?,?,?,?,993,1725,6,576,False,,0,0,6,3,0,9,0,3,0
5993,0,2023-04-18T20:20:00Z,False,0,7/27/2023 0:00,?,0.0,0.0,0.0,0.0,896,1613,1,2480,False,0.25,5,15,0,3,3,5,1,2,0
5994,0,2023-04-18T19:30:00Z,False,0,?,?,0.0,0.0,0.0,0.0,421,1026,1,576,False,,0,0,13,3,0,3,0,3,0
5995,0,2023-04-18T19:20:00Z,False,0,2/20/2025 0:00,Fatal,2.0,0.0,0.0,2.0,250,60,1,2754,False,0.125,5,13,0,3,3,1,1,2,1
5996,0,2023-04-18T17:35:00Z,False,0,8/17/2023 0:00,?,0.0,0.0,0.0,0.0,1245,1731,1,1548,False,0.125,5,15,0,3,3,1,1,2,0
5997,0,2023-04-18T10:13:00Z,False,0,3/19/2025 0:00,?,0.0,0.0,0.0,0.0,999,11,1,2656,False,0.125,5,16,0,3,3,5,1,2,0
5998,0,2023-04-18T08:45:00Z,False,0,2/13/2025 0:00,?,0.0,0.0,0.0,0.0,969,1748,1,1275,False,0.125,5,13,0,3,3,4,1,2,0
5999,0,2023-04-18T04:00:00Z,False,0,?,?,0.0,0.0,0.0,0.0,250,60,1,576,False,,0,0,13,3,0,3,0,3,0
6000,1,2023-04-17T16:09:00Z,False,0,?,?,?,?,?,?,179,397,1,576,False,0.25,0,0,4,2,0,11,0,3,0
6001,0,2023-04-17T10:45:00Z,False,0,10/5/2023 0:00,?,0.0,0.0,0.0,0.0,250,77,1,2623,False,0.125,0,15,0,3,3,5,1,2,0
6002,1,2023-04-17T04:00:00Z,False,0,?,?,?,?,?,?,179,380,1,576,False,,0,0,12,0,0,10,0,3,0
6003,1,2023-04-17T04:00:00Z,False,0,?,?,0.0,0.0,0.0,0.0,179,380,1,1361,False,,0,0,12,2,0,10,0,3,0
6004,0,2023-04-17T04:00:00Z,False,0,?,Fatal,1.0,0.0,0.0,1.0,269,1959,1,2879,False,,0,0,13,3,0,5,0,3,1
6005,0,2023-04-16T15:30:00Z,False,0,?,?,0.0,0.0,0.0,0.0,1039,227,1,576,False,,0,0,12,3,0,5,0,3,0
6006,0,2023-04-16T11:10:00Z,False,0,11/7/2024 0:00,Minor,0.0,0.0,1.0,1.0,896,1600,1,1667,False,0.125,5,15,0,3,3,4,1,2,0
6007,0,2023-04-16T10:30:00Z,False,0,11/7/2024 0:00,?,0.0,0.0,0.0,0.0,250,2055,1,816,False,0.25,5,15,0,3,3,1,1,2,0
6008,0,2023-04-15T16:11:00Z,False,0,6/29/2023 0:00,Minor,0.0,0.0,1.0,1.0,1052,1899,4,487,False,0.0,0,13,0,3,3,5,1,2,0
6009,0,2023-04-15T15:50:00Z,False,0,6/29/2023 0:00,?,0.0,0.0,0.0,0.0,630,1874,1,1743,False,0.125,5,15,0,3,3,1,1,2,0
6010,0,2023-04-15T11:39:00Z,False,0,6/5/2024 0:00,Fatal,1.0,0.0,0.0,1.0,596,2170,1,2339,True,0.125,5,15,0,1,3,4,1,2,1
6011,1,2023-04-15T07:20:00Z,False,0,?,?,0.0,0.0,0.0,0.0,45,523,1,1343,False,,0,0,12,2,0,9,0,3,0
6012,0,2023-04-14T20:30:00Z,False,0,?,?,0.0,0.0,0.0,0.0,678,216,1,576,False,,0,0,13,3,0,5,0,3,0
6013,0,2023-04-14T18:00:00Z,False,0,8/24/2023 0:00,?,0.0,0.0,0.0,0.0,250,72,1,1708,False,0.125,5,13,0,3,3,5,1,2,0
6014,0,2023-04-14T17:00:00Z,False,0,?,Fatal,1.0,0.0,0.0,1.0,421,1023,1,2888,False,,0,0,13,3,0,6,0,3,1
6015,0,2023-04-14T17:00:00Z,False,0,12/13/2023 0:00,?,0.0,0.0,0.0,0.0,523,1144,1,819,False,0.125,5,15,0,3,3,5,1,2,0
6016,0,2023-04-14T16:30:00Z,False,0,?,?,0.0,0.0,0.0,0.0,896,1573,1,576,False,0.125,0,15,0,3,3,6,2,3,0
6017,0,2023-04-14T15:40:00Z,False,0,?,Serious,0.0,1.0,0.0,1.0,250,86,1,576,False,0.125,0,15,0,3,3,1,2,3,0
6018,0,2023-04-13T17:00:00Z,False,0,6/29/2023 0:00,?,0.0,0.0,0.0,0.0,1183,60,1,602,False,0.125,5,13,0,3,3,5,1,2,0
6019,0,2023-04-13T16:12:00Z,False,0,6/5/2024 0:00,Serious,0.0,1.0,0.0,1.0,981,1768,1,2800,True,0.125,5,15,0,3,3,1,1,2,0
6020,0,2023-04-13T14:30:00Z,False,0,2/13/2025 0:00,Fatal,1.0,0.0,0.0,1.0,681,678,1,576,True,0.125,5,15,0,3,3,6,1,2,1
6021,0,2023-04-13T13:00:00Z,False,0,3/28/2024 0:00,?,0.0,0.0,0.0,0.0,907,1911,1,1455,False,0.125,5,15,0,3,3,11,1,2,0
6022,0,2023-04-13T11:45:00Z,False,0,6/6/2023 0:00,?,0.0,0.0,0.0,0.0,179,545,1,1129,False,0.125,5,15,0,3,3,5,1,2,0
6023,1,2023-04-13T04:00:00Z,False,0,?,?,0.0,0.0,0.0,0.0,179,356,1,1803,False,,0,0,12,2,0,10,0,3,0
6024,0,2023-04-11T22:13:00Z,False,0,9/27/2023 0:00,Minor,0.0,0.0,1.0,1.0,1015,1491,1,2860,False,0.125,5,15,0,3,3,3,1,2,0
6025,0,2023-04-11T22:00:00Z,False,0,6/6/2023 0:00,Minor,0.0,0.0,1.0,1.0,107,1223,1,196,True,0.125,5,9,0,3,3,5,1,2,0
6026,0,2023-04-11T18:11:00Z,False,0,6/5/2024 0:00,?,0.0,0.0,0.0,0.0,250,67,1,576,False,0.125,5,15,0,3,3,3,1,2,0
6027,0,2023-04-11T17:12:00Z,False,0,6/29/2023 0:00,?,0.0,0.0,0.0,0.0,250,71,1,2679,False,0.125,0,13,0,3,3,5,1,2,0
6028,0,2023-04-11T12:32:00Z,False,0,6/5/2024 0:00,Fatal,1.0,1.0,0.0,2.0,800,1765,1,261,True,0.125,5,11,0,1,3,4,1,2,1
6029,0,2023-04-11T04:19:00Z,False,0,4/24/2025 0:00,Fatal,2.0,0.0,0.0,2.0,821,1161,1,123,True,0.125,5,15,0,3,3,1,1,2,1
6030,0,2023-04-10T20:20:00Z,False,0,6/29/2023 0:00,?,0.0,0.0,0.0,0.0,896,1601,1,602,False,0.125,5,13,0,3,3,10,1,2,0
6031,0,2023-04-10T18:59:00Z,False,0,3/19/2025 0:00,Minor,0.0,0.0,2.0,2.0,250,45,1,1001,False,0.125,5,13,0,3,3,1,1,2,0
6032,0,2023-04-09T17:11:00Z,False,0,6/12/2024 0:00,?,0.0,0.0,0.0,0.0,250,261,1,1214,False,0.25,5,0,8,3,3,5,1,2,0
6033,0,2023-04-09T09:45:00Z,False,0,7/10/2024 0:00,Minor,0.0,0.0,1.0,1.0,584,795,6,892,False,0.125,5,13,0,3,3,5,1,2,0
6034,0,2023-04-09T04:00:00Z,False,0,?,?,0.0,0.0,0.0,0.0,179,356,1,1080,False,,0,0,12,3,0,5,0,3,0
6035,0,2023-04-08T20:37:00Z,False,0,2/26/2025 0:00,?,0.0,0.0,0.0,0.0,1121,1773,1,576,True,0.125,5,15,0,3,3,3,1,2,0
6036,0,2023-04-08T19:30:00Z,False,0,3/28/2024 0:00,Minor,0.0,0.0,1.0,1.0,1241,1780,1,121,True,0.125,5,15,0,3,3,4,1,2,0
6037,0,2023-04-08T18:45:00Z,False,0,5/11/2023 0:00,?,0.0,0.0,0.0,0.0,896,1600,1,1588,False,0.125,5,13,0,3,3,5,1,2,0
6038,0,2023-04-08T13:00:00Z,False,0,7/7/2023 0:00,?,0.0,0.0,0.0,0.0,994,1722,6,576,False,0.125,5,13,0,3,3,5,1,2,0
6039,0,2023-04-08T12:00:00Z,False,0,11/16/2023 0:00,Minor,0.0,0.0,1.0,1.0,20,1341,1,2851,False,0.125,5,15,0,3,3,5,1,2,0
6040,0,2023-04-08T09:55:00Z,False,0,6/29/2023 0:00,?,0.0,0.0,0.0,0.0,896,1660,1,2535,False,0.125,5,15,0,3,3,10,1,2,0
6041,0,2023-04-08T04:00:00Z,False,0,?,?,?,?,?,?,250,156,1,576,False,,0,0,12,3,0,3,0,3,0
6042,0,2023-04-07T18:30:00Z,False,0,8/10/2023 0:00,Serious,0.0,1.0,1.0,2.0,729,1761,1,823,True,0.125,5,15,0,3,3,1,1,2,0
6043,0,2023-04-07T17:55:00Z,False,0,2/20/2025 0:00,?,0.0,0.0,0.0,0.0,280,2072,1,2386,False,0.125,8,13,0,1,3,1,1,2,0
6044,0,2023-04-07T17:48:00Z,False,0,2/20/2025 0:00,?,0.0,0.0,0.0,0.0,250,112,1,576,False,0.125,5,15,0,3,3,6,1,2,0
6045,0,2023-04-07T15:43:00Z,False,0,6/5/2024 0:00,Fatal,1.0,0.0,0.0,1.0,896,1621,1,2845,False,0.125,5,15,0,3,3,4,1,2,1
6046,0,2023-04-07T04:00:00Z,False,0,?,?,?,?,?,?,896,1618,1,576,False,,0,0,13,3,0,1,0,3,0
6047,0,2023-04-06T13:10:00Z,False,0,7/27/2023 0:00,?,0.0,0.0,0.0,0.0,884,1687,6,190,True,0.125,5,15,0,1,3,4,1,2,0
6048,0,2023-04-06T09:40:00Z,False,0,?,?,0.0,0.0,0.0,0.0,519,1142,1,576,False,,0,0,13,3,0,5,0,3,0
6049,0,2023-04-06T08:50:00Z,False,0,1/29/2025 0:00,Fatal,1.0,0.0,0.0,1.0,270,1959,1,1482,False,0.125,5,15,0,3,1,1,1,2,1
6050,0,2023-04-05T22:37:00Z,False,0,?,Fatal,4.0,0.0,0.0,4.0,896,1670,1,2777,False,0.125,0,15,0,1,3,4,2,3,1
6051,0,2023-04-05T16:00:00Z,False,0,8/17/2023 0:00,?,0.0,0.0,0.0,0.0,541,1123,1,1619,False,0.25,5,13,0,3,3,10,1,2,0
6052,0,2023-04-05T16:00:00Z,False,0,6/26/2024 0:00,?,0.0,0.0,0.0,0.0,157,458,1,1666,False,0.125,5,15,0,3,3,5,1,2,0
6053,0,2023-04-05T15:00:00Z,False,0,2/20/2024 0:00,?,0.0,0.0,0.0,0.0,250,277,1,1503,False,0.25,5,7,0,3,3,5,1,2,0
6054,1,2023-04-05T12:40:00Z,False,0,?,?,0.0,0.0,0.0,0.0,179,416,1,576,False,,0,0,12,0,0,3,0,3,0
6055,0,2023-04-05T12:30:00Z,False,0,11/15/2023 0:00,?,0.0,0.0,0.0,0.0,738,1924,1,576,True,0.125,5,15,0,3,3,5,1,2,0
6056,0,2023-04-04T22:36:00Z,False,0,?,Minor,0.0,0.0,2.0,2.0,250,60,1,2422,False,,0,0,13,3,0,4,0,3,0
6057,0,2023-04-04T12:12:00Z,False,0,?,Fatal,1.0,0.0,0.0,1.0,993,1725,6,576,False,,0,0,13,1,0,6,0,3,1
6058,0,2023-04-04T10:00:00Z,False,0,7/27/2023 0:00,?,0.0,0.0,0.0,0.0,771,1371,1,83,False,0.125,5,16,0,3,3,5,1,2,0
6059,0,2023-04-03T16:30:00Z,False,0,6/29/2023 0:00,?,0.0,0.0,0.0,0.0,896,1655,1,1378,False,0.125,5,15,0,3,3,5,1,2,0
6060,0,2023-04-03T14:35:00Z,False,0,?,Minor,0.0,0.0,1.0,1.0,250,2035,1,576,False,,0,0,13,3,0,6,0,3,0
6061,0,2023-04-02T20:50:00Z,False,0,?,?,0.0,0.0,0.0,0.0,250,206,1,1166,False,,0,0,13,3,0,5,0,3,0
6062,0,2023-04-02T19:00:00Z,False,0,?,Fatal,2.0,0.0,0.0,2.0,896,1660,1,576,False,,0,0,13,1,0,13,0,3,1
6063,1,2023-04-02T18:50:00Z,False,0,?,?,0.0,0.0,0.0,0.0,179,356,1,576,False,0.25,0,0,12,0,0,3,0,3,0
6064,0,2023-04-02T18:23:00Z,False,0,?,Fatal,2.0,1.0,0.0,3.0,47,997,6,576,False,0.125,0,0,8,3,3,6,2,3,1
6065,0,2023-04-02T17:30:00Z,False,0,8/17/2023 0:00,?,0.0,0.0,0.0,0.0,1044,958,4,695,False,0.0,0,15,0,3,3,5,1,2,0
6066,0,2023-04-02T17:20:00Z,False,0,8/31/2023 0:00,?,0.0,0.0,0.0,0.0,250,57,1,2228,False,0.125,5,13,0,3,3,10,1,2,0
6067,0,2023-04-02T12:50:00Z,False,0,6/29/2023 0:00,Minor,0.0,0.0,2.0,2.0,896,1594,1,870,False,0.125,5,15,0,3,3,5,1,2,0
6068,0,2023-04-02T10:50:00Z,False,0,4/1/2025 0:00,Fatal,2.0,0.0,0.0,2.0,270,1959,1,576,False,0.125,5,15,0,1,1,3,1,2,1
6069,0,2023-04-01T20:37:00Z,False,0,6/29/2023 0:00,?,0.0,0.0,0.0,0.0,250,391,1,744,False,0.25,6,16,0,3,3,5,1,2,0
6070,0,2023-04-01T14:43:00Z,False,0,7/7/2023 0:00,?,0.0,0.0,0.0,0.0,250,71,1,1690,False,0.125,5,13,0,3,3,5,1,2,0
6071,0,2023-04-01T09:23:00Z,False,0,10/20/2023 0:00,?,0.0,0.0,0.0,0.0,996,1727,6,1580,False,0.125,5,6,0,3,3,6,1,2,0
6072,0,2023-04-01T08:35:00Z,False,0,2/20/2025 0:00,Fatal,1.0,0.0,0.0,1.0,118,894,11,980,True,0.125,5,15,0,1,3,6,1,2,1
6073,0,2023-03-31T17:49:00Z,False,0,7/27/2023 0:00,?,0.0,0.0,0.0,0.0,380,913,1,1750,False,0.25,5,13,0,3,3,5,1,2,0
6074,2,2023-03-30T22:24:00Z,False,0,?,?,0.0,0.0,0.0,0.0,45,516,1,576,False,0.25,0,0,13,0,0,1,0,3,0
6075,0,2023-03-30T19:15:00Z,False,0,7/5/2024 0:00,?,0.0,0.0,0.0,0.0,250,309,1,2670,False,0.25,6,7,0,3,3,3,1,2,0
6076,1,2023-03-30T11:53:00Z,False,0,?,?,0.0,0.0,0.0,0.0,179,356,1,2821,False,0.25,0,0,12,4,0,5,0,3,0
6077,1,2023-03-30T04:00:00Z,False,0,?,?,?,?,?,?,179,368,1,576,False,0.25,0,0,4,0,0,4,0,3,0
6078,0,2023-03-29T20:15:00Z,False,0,3/28/2024 0:00,Serious,0.0,2.0,0.0,2.0,896,1668,1,576,False,0.125,5,15,0,3,3,1,1,2,0
6079,0,2023-03-29T19:53:00Z,False,0,1/2/2025 0:00,Fatal,1.0,1.0,0.0,2.0,1317,1972,1,1880,True,0.125,5,15,0,1,3,6,1,2,1
6080,0,2023-03-29T13:15:00Z,False,0,6/29/2023 0:00,Minor,0.0,0.0,2.0,2.0,584,795,6,854,False,0.125,5,13,0,3,3,6,1,2,0
6081,0,2023-03-29T12:40:00Z,False,0,?,?,0.0,0.0,0.0,0.0,269,1957,1,576,False,,0,0,13,3,0,3,0,3,0
6082,0,2023-03-29T10:23:00Z,False,0,5/4/2023 0:00,Minor,0.0,0.0,1.0,1.0,160,1504,6,576,False,0.125,9,1,9,3,3,6,1,2,0
6083,0,2023-03-29T10:17:00Z,False,0,6/29/2023 0:00,?,0.0,0.0,0.0,0.0,857,2030,1,1730,False,0.125,5,13,0,3,3,5,1,2,0
6084,0,2023-03-28T14:36:00Z,False,0,?,?,0.0,0.0,0.0,0.0,896,1618,1,576,False,,0,0,13,3,0,3,0,3,0
6085,0,2023-03-28T10:06:00Z,False,0,?,Serious,0.0,2.0,0.0,2.0,896,1594,1,576,False,,0,0,13,3,0,1,0,3,0
6086,1,2023-03-28T04:00:00Z,False,0,?,?,0.0,0.0,0.0,?,179,416,1,576,False,0.25,0,0,12,4,0,3,0,3,0
6087,0,2023-03-27T17:40:00Z,False,0,8/10/2023 0:00,?,0.0,0.0,0.0,0.0,691,1283,1,2719,False,0.125,5,15,0,3,3,5,1,2,0
6088,0,2023-03-27T16:50:00Z,False,0,6/23/2023 0:00,?,0.0,0.0,0.0,0.0,250,39,1,160,False,0.125,5,15,0,3,3,5,1,2,0
6089,0,2023-03-27T16:45:00Z,False,0,?,Fatal,1.0,0.0,0.0,1.0,541,1130,1,576,False,,0,0,13,3,0,6,0,3,1
6090,0,2023-03-27T13:26:00Z,False,0,6/29/2023 0:00,?,0.0,0.0,0.0,0.0,250,314,1,2301,False,0.25,6,6,0,3,3,5,1,2,0
6091,0,2023-03-27T12:38:00Z,False,0,6/29/2023 0:00,?,0.0,0.0,0.0,0.0,157,229,1,1702,False,0.125,5,15,0,3,3,5,1,2,0
6092,0,2023-03-26T12:30:00Z,False,0,7/7/2023 0:00,Minor,0.0,0.0,1.0,1.0,896,1597,1,2480,False,0.125,5,15,0,3,3,5,1,2,0
6093,0,2023-03-26T03:38:00Z,False,0,1/29/2025 0:00,Fatal,2.0,0.0,0.0,2.0,996,1727,6,576,False,0.125,5,3,0,1,1,6,1,2,1
6094,0,2023-03-25T20:00:00Z,False,0,?,?,0.0,0.0,0.0,0.0,896,1672,1,2493,False,0.25,0,15,13,3,0,3,0,3,0
6095,0,2023-03-25T19:30:00Z,False,0,7/27/2023 0:00,Minor,0.0,0.0,1.0,1.0,1175,722,1,576,False,0.125,5,15,0,3,3,5,1,2,0
6096,0,2023-03-25T14:52:00Z,False,0,4/2/2025 0:00,Fatal,1.0,0.0,0.0,1.0,719,594,5,576,True,0.125,5,15,0,3,3,6,1,2,1
6097,0,2023-03-25T13:51:00Z,False,0,9/5/2024 0:00,Fatal,1.0,0.0,0.0,1.0,896,1599,1,576,False,0.125,5,15,0,3,3,3,1,2,1
6098,0,2023-03-24T20:35:00Z,False,0,?,Minor,0.0,0.0,5.0,5.0,896,1632,1,2418,False,,0,0,12,3,0,4,0,3,0
6099,0,2023-03-24T18:15:00Z,False,0,7/18/2024 0:00,?,0.0,0.0,0.0,0.0,776,1414,1,1954,False,0.25,7,0,4,3,3,5,1,2,0
6100,0,2023-03-24T14:32:00Z,False,0,12/21/2023 0:00,?,0.0,0.0,0.0,0.0,896,1642,1,576,False,0.125,5,6,0,3,3,3,1,2,0
6101,0,2023-03-24T13:17:00Z,False,0,2/5/2025 0:00,Fatal,2.0,0.0,0.0,2.0,162,267,6,576,False,0.125,9,15,0,1,3,6,1,2,1
6102,0,2023-03-23T19:30:00Z,False,0,6/5/2024 0:00,?,0.0,0.0,0.0,0.0,250,83,1,576,False,0.125,5,13,0,3,3,3,1,2,0
6103,0,2023-03-23T16:44:00Z,False,0,4/24/2025 0:00,Serious,0.0,2.0,0.0,2.0,896,1643,1,2480,False,0.125,5,15,0,1,3,10,1,2,0
6104,1,2023-03-22T22:18:00Z,False,0,?,?,0.0,0.0,0.0,0.0,45,516,1,576,False,,0,0,12,0,0,3,0,3,0
6105,0,2023-03-22T18:26:00Z,False,0,6/16/2023 0:00,?,0.0,0.0,0.0,0.0,45,519,1,1427,False,0.25,6,0,4,3,3,5,1,2,0
6106,0,2023-03-22T17:48:00Z,False,0,6/12/2024 0:00,?,0.0,0.0,0.0,0.0,896,1574,1,2844,False,0.125,5,15,0,3,3,5,1,2,0
6107,0,2023-03-22T17:30:00Z,False,0,?,?,0.0,0.0,0.0,0.0,421,1021,1,651,False,,0,0,13,3,0,6,0,3,0
6108,0,2023-03-22T14:15:00Z,False,0,6/5/2024 0:00,?,0.0,0.0,0.0,0.0,1038,2217,1,2058,False,0.125,5,15,0,3,3,1,1,2,0
6109,1,2023-03-22T13:00:00Z,False,0,?,?,0.0,0.0,0.0,0.0,250,60,1,576,False,,0,0,13,2,0,3,0,3,0
6110,0,2023-03-22T05:53:00Z,False,0,?,Serious,0.0,1.0,0.0,1.0,179,416,1,576,False,,0,0,12,0,0,3,0,3,0
6111,1,2023-03-22T04:00:00Z,False,0,?,Minor,0.0,0.0,1.0,1.0,421,31,1,576,False,,0,0,12,0,0,4,0,3,0
6112,1,2023-03-21T20:27:00Z,False,0,?,?,0.0,0.0,0.0,0.0,391,930,1,576,False,,0,0,12,0,0,4,0,3,0
6113,0,2023-03-21T17:01:00Z,False,0,10/23/2024 0:00,Fatal,1.0,0.0,0.0,1.0,250,114,1,576,False,0.125,5,3,0,3,3,3,1,2,1
6114,0,2023-03-21T16:23:00Z,False,0,6/16/2023 0:00,Serious,0.0,1.0,0.0,1.0,179,419,1,576,False,0.25,6,0,4,0,3,3,1,2,0
6115,0,2023-03-21T16:00:00Z,False,0,6/29/2023 0:00,?,0.0,0.0,0.0,0.0,250,87,1,1850,False,0.125,5,15,0,3,3,11,1,2,0
6116,0,2023-03-21T14:30:00Z,False,0,6/23/2023 0:00,?,0.0,0.0,0.0,0.0,160,291,6,576,False,0.125,5,15,0,3,3,5,1,2,0
6117,0,2023-03-21T14:30:00Z,False,0,?,?,0.0,0.0,0.0,0.0,896,1659,1,576,False,,0,0,15,3,0,1,0,3,0
6118,0,2023-03-20T16:30:00Z,False,0,6/23/2023 0:00,Serious,0.0,1.0,0.0,1.0,771,1375,1,2441,False,0.125,5,13,0,3,3,5,1,2,0
6119,0,2023-03-19T17:20:00Z,False,0,6/23/2023 0:00,?,0.0,0.0,0.0,0.0,896,1601,1,2685,False,0.125,5,15,0,3,3,5,1,2,0
6120,0,2023-03-19T14:14:00Z,False,0,6/23/2023 0:00,?,0.0,0.0,0.0,0.0,250,58,1,1663,False,0.125,5,15,0,3,3,5,1,2,0
6121,0,2023-03-19T13:15:00Z,False,0,4/27/2023 0:00,?,0.0,0.0,0.0,0.0,896,1599,1,1913,False,0.125,0,15,0,3,3,5,1,2,0
6122,0,2023-03-18T18:00:00Z,False,0,?,Serious,0.0,1.0,0.0,1.0,250,32,1,576,False,,0,13,13,3,0,4,0,3,0
6123,0,2023-03-18T16:40:00Z,False,0,?,Fatal,2.0,0.0,0.0,2.0,379,920,1,576,False,,0,13,15,1,0,3,0,3,1
6124,0,2023-03-18T11:00:00Z,False,0,6/20/2024 0:00,Minor,0.0,0.0,1.0,1.0,13,5,1,291,False,0.125,5,15,0,3,3,5,1,2,0
6125,0,2023-03-18T11:00:00Z,False,0,6/23/2023 0:00,Minor,0.0,0.0,1.0,1.0,771,1368,1,1614,False,0.125,5,15,0,3,3,6,1,2,0
6126,0,2023-03-17T18:30:00Z,False,0,?,Fatal,4.0,0.0,0.0,4.0,993,1725,6,576,False,,0,0,15,3,0,1,0,3,1
6127,0,2023-03-17T17:00:00Z,False,0,8/10/2023 0:00,?,0.0,0.0,0.0,0.0,381,910,1,2824,False,0.125,5,13,0,3,3,5,1,2,0
6128,0,2023-03-17T15:14:00Z,False,0,5/16/2024 0:00,?,0.0,0.0,0.0,0.0,157,2145,1,576,False,0.125,5,15,0,3,3,3,1,2,0
6129,0,2023-03-17T13:57:00Z,False,0,9/8/2023 0:00,?,0.0,0.0,0.0,0.0,464,2172,1,579,True,0.125,5,13,0,3,3,5,1,2,0
6130,0,2023-03-17T13:40:00Z,False,0,6/23/2023 0:00,Serious,0.0,1.0,0.0,1.0,849,2217,1,576,False,0.125,5,15,0,3,3,3,1,2,0
6131,0,2023-03-17T12:40:00Z,False,0,8/7/2024 0:00,Fatal,1.0,0.0,0.0,1.0,157,320,1,1154,False,0.25,5,15,0,1,3,4,1,2,1
6132,0,2023-03-16T18:55:00Z,False,0,6/23/2023 0:00,?,0.0,0.0,0.0,0.0,157,787,1,2385,False,0.125,5,15,0,3,3,11,1,2,0
6133,0,2023-03-16T17:10:00Z,False,0,7/24/2024 0:00,?,0.0,0.0,0.0,0.0,250,113,1,354,False,0.125,5,15,0,3,3,5,1,2,0
6134,0,2023-03-15T14:35:00Z,False,0,11/14/2024 0:00,?,0.0,0.0,0.0,0.0,250,86,1,2560,False,0.125,5,15,0,3,3,5,1,2,0
6135,0,2023-03-14T11:06:00Z,False,0,6/23/2023 0:00,Serious,0.0,1.0,0.0,1.0,157,232,1,576,False,0.125,5,15,0,3,3,3,1,2,0
6136,0,2023-03-14T11:00:00Z,False,0,3/28/2024 0:00,?,0.0,0.0,0.0,0.0,164,591,10,576,False,0.5,1,11,0,3,3,5,1,2,0
6137,0,2023-03-13T12:52:00Z,False,0,4/20/2023 0:00,?,0.0,0.0,0.0,0.0,771,1374,1,2298,False,0.125,5,15,0,3,3,5,1,2,0
6138,0,2023-03-13T10:30:00Z,False,0,?,Minor,0.0,0.0,1.0,1.0,421,1022,1,576,False,,0,0,13,3,0,6,0,3,0
6139,0,2023-03-12T18:37:00Z,False,0,?,Fatal,1.0,0.0,0.0,1.0,993,281,6,576,False,,0,0,13,1,0,13,0,3,1
6140,0,2023-03-12T16:30:00Z,False,0,4/27/2023 0:00,?,0.0,0.0,0.0,0.0,467,1566,1,576,True,0.125,5,15,0,3,3,5,1,2,0
6141,0,2023-03-12T16:05:00Z,False,0,11/7/2024 0:00,Serious,0.0,1.0,0.0,1.0,668,807,1,576,True,0.125,5,15,0,3,3,6,1,2,0
6142,0,2023-03-12T15:30:00Z,False,0,6/23/2023 0:00,?,0.0,0.0,0.0,0.0,334,1537,1,176,False,0.125,5,13,0,3,3,5,1,2,0
6143,0,2023-03-11T23:33:00Z,False,0,6/6/2023 0:00,Serious,0.0,1.0,2.0,3.0,1097,2070,1,1182,False,0.125,5,15,0,1,1,5,1,2,0
6144,0,2023-03-11T17:30:00Z,False,0,1/2/2025 0:00,Serious,0.0,1.0,1.0,2.0,994,1725,6,576,False,0.125,5,3,0,3,3,6,1,2,0
6145,0,2023-03-11T17:15:00Z,False,0,?,Fatal,1.0,1.0,0.0,2.0,250,97,1,2600,False,,0,0,12,3,0,5,0,3,1
6146,1,2023-03-11T16:45:00Z,False,0,?,?,0.0,0.0,0.0,0.0,269,1959,1,576,False,0.125,0,6,13,2,0,3,0,3,0
6147,0,2023-03-11T15:31:00Z,False,0,5/14/2024 0:00,Serious,0.0,1.0,0.0,1.0,1247,2173,1,576,True,0.125,5,15,0,3,3,3,1,2,0
6148,1,2023-03-11T13:51:00Z,False,0,?,?,0.0,0.0,0.0,0.0,179,356,1,1026,False,0.25,0,0,12,0,0,13,0,3,0
6149,0,2023-03-11T13:30:00Z,False,0,6/5/2024 0:00,?,0.0,0.0,0.0,0.0,573,2232,1,745,True,0.125,5,15,0,3,3,5,1,2,0
6150,0,2023-03-11T13:30:00Z,False,0,4/20/2023 0:00,Minor,0.0,0.0,2.0,2.0,1200,2065,5,576,True,0.125,9,15,0,3,3,6,1,2,0
6151,0,2023-03-11T13:15:00Z,False,0,6/6/2023 0:00,?,0.0,0.0,0.0,0.0,250,70,1,1862,False,0.125,5,13,0,3,3,4,1,2,0
6152,0,2023-03-11T05:20:00Z,False,0,?,?,0.0,0.0,0.0,0.0,250,142,1,576,False,,0,0,13,3,0,0,0,3,0
6153,1,2023-03-10T20:20:00Z,False,0,?,?,?,?,?,?,179,356,1,576,False,,0,0,12,0,0,1,0,3,0
6154,1,2023-03-10T19:20:00Z,False,0,?,?,0.0,0.0,0.0,0.0,179,424,1,576,False,,0,0,12,0,0,1,0,3,0
6155,0,2023-03-10T12:45:00Z,False,0,3/28/2024 0:00,Minor,0.0,0.0,2.0,2.0,1318,328,1,28,True,0.125,5,15,0,3,3,4,1,2,0
6156,0,2023-03-09T20:57:00Z,False,0,6/6/2023 0:00,Minor,0.0,0.0,3.0,3.0,434,999,6,576,False,0.25,9,0,8,3,3,3,1,2,0
6157,0,2023-03-09T19:45:00Z,False,0,4/20/2023 0:00,?,0.0,0.0,0.0,0.0,157,790,1,730,False,0.25,8,16,0,3,3,11,1,2,0
6158,0,2023-03-09T19:00:00Z,False,0,6/23/2023 0:00,?,0.0,0.0,0.0,0.0,605,183,6,576,False,0.125,5,15,0,3,3,2,1,2,0
6159,0,2023-03-09T18:15:00Z,False,0,6/23/2023 0:00,?,0.0,0.0,0.0,0.0,250,72,1,2779,False,0.125,5,13,0,3,3,10,1,2,0
6160,1,2023-03-08T23:18:00Z,False,0,?,?,0.0,0.0,0.0,0.0,182,729,1,1127,False,0.25,0,0,12,4,0,5,0,3,0
6161,0,2023-03-07T19:22:00Z,False,0,5/2/2024 0:00,?,0.0,0.0,0.0,0.0,250,71,1,576,False,0.125,5,13,0,3,3,6,1,2,0
6162,0,2023-03-07T18:11:00Z,False,0,6/20/2024 0:00,Fatal,1.0,0.0,0.0,1.0,999,1807,1,576,False,0.125,8,1,9,3,3,6,1,2,1
6163,0,2023-03-07T16:00:00Z,False,0,2/5/2025 0:00,Fatal,4.0,0.0,0.0,4.0,896,1660,1,1282,False,0.125,5,13,0,3,3,1,1,2,1
6164,0,2023-03-07T15:05:00Z,False,0,6/23/2023 0:00,?,0.0,0.0,0.0,0.0,270,1960,1,972,False,0.125,5,6,0,3,3,10,1,2,0
6165,0,2023-03-07T14:04:00Z,False,0,4/27/2023 0:00,?,0.0,0.0,0.0,0.0,250,45,1,1357,False,0.125,5,13,0,2,3,11,1,2,0
6166,1,2023-03-07T00:36:00Z,False,0,?,?,0.0,0.0,0.0,0.0,179,356,1,1068,False,0.25,0,0,12,0,0,10,0,3,0
6167,0,2023-03-06T23:57:00Z,False,0,4/2/2025 0:00,Fatal,2.0,0.0,0.0,2.0,996,1725,6,576,False,0.125,5,15,0,1,1,10,1,2,1
6168,0,2023-03-06T21:45:00Z,False,0,6/23/2023 0:00,Minor,0.0,0.0,1.0,1.0,999,562,1,1608,False,0.25,8,15,0,3,3,3,1,2,0
6169,0,2023-03-06T20:15:00Z,False,0,10/30/2024 0:00,Fatal,1.0,0.0,0.0,1.0,250,2034,1,576,False,0.125,5,15,0,1,1,3,1,2,1
6170,0,2023-03-06T19:00:00Z,False,0,7/27/2023 0:00,?,0.0,0.0,0.0,0.0,250,493,1,1373,False,0.125,5,15,0,3,3,5,1,2,0
6171,0,2023-03-06T17:20:00Z,False,0,4/12/2023 0:00,?,0.0,0.0,0.0,0.0,157,975,1,1000,False,0.25,5,13,0,3,3,4,1,2,0
6172,0,2023-03-05T22:25:00Z,False,0,4/24/2025 0:00,Fatal,2.0,0.0,0.0,2.0,381,910,1,1805,False,0.125,5,15,0,3,3,6,1,2,1
6173,0,2023-03-05T20:09:00Z,False,0,8/31/2023 0:00,?,0.0,0.0,0.0,0.0,601,1193,1,1518,False,0.25,7,6,0,3,3,5,1,2,0
6174,1,2023-03-05T19:05:00Z,False,0,?,?,?,?,?,?,179,366,1,576,False,0.25,0,0,4,2,0,4,0,3,0
6175,0,2023-03-05T18:45:00Z,False,0,6/5/2024 0:00,?,0.0,0.0,0.0,0.0,157,1532,1,576,False,0.125,5,15,0,3,3,3,1,2,0
6176,0,2023-03-05T16:59:00Z,False,0,10/30/2024 0:00,Fatal,1.0,2.0,0.0,3.0,896,1599,1,1233,False,0.125,5,13,0,1,3,1,1,2,1
6177,0,2023-03-05T16:00:00Z,False,0,5/16/2024 0:00,?,0.0,0.0,0.0,0.0,426,1061,6,1781,False,0.125,5,15,0,3,3,5,1,2,0
6178,0,2023-03-05T13:14:00Z,False,0,3/19/2025 0:00,Fatal,1.0,0.0,0.0,1.0,896,1580,1,369,False,0.125,5,13,0,3,3,4,1,2,1
6179,0,2023-03-05T02:30:00Z,False,0,6/23/2023 0:00,?,0.0,0.0,0.0,0.0,250,60,1,1466,False,0.125,5,13,0,3,3,10,1,2,0
6180,0,2023-03-04T21:30:00Z,False,0,?,Fatal,1.0,0.0,0.0,1.0,908,1827,1,1735,True,0.125,0,0,13,1,0,6,0,3,1
6181,0,2023-03-04T16:37:00Z,False,0,?,?,0.0,0.0,0.0,0.0,898,1644,1,2645,False,0.125,0,15,0,3,3,5,2,3,0
6182,0,2023-03-04T13:00:00Z,False,0,6/20/2024 0:00,?,0.0,0.0,0.0,0.0,1123,6,1,576,False,0.125,5,15,0,3,3,3,1,2,0
6183,2,2023-03-04T01:45:00Z,False,0,?,?,0.0,0.0,0.0,0.0,269,1959,1,576,False,,0,0,13,0,0,3,0,3,0
6184,0,2023-03-03T18:00:00Z,False,0,12/5/2024 0:00,Fatal,1.0,0.0,0.0,1.0,183,724,1,711,False,0.25,6,15,0,2,3,3,1,2,1
6185,0,2023-03-03T17:06:00Z,False,0,?,Minor,0.0,0.0,1.0,1.0,250,60,1,576,False,,0,0,13,3,0,3,0,3,0
6186,0,2023-03-03T14:30:00Z,False,0,6/23/2023 0:00,Serious,0.0,1.0,0.0,1.0,542,1119,1,576,False,0.125,8,1,9,3,3,6,1,2,0
6187,0,2023-03-03T14:30:00Z,False,0,2/13/2025 0:00,Minor,0.0,0.0,2.0,2.0,896,1600,1,894,False,0.125,5,15,0,3,3,4,1,2,0
6188,0,2023-03-03T14:00:00Z,False,0,?,Fatal,2.0,0.0,0.0,2.0,39,654,1,576,False,,0,0,13,3,0,3,0,3,1
6189,0,2023-03-02T17:00:00Z,False,0,6/6/2023 0:00,?,0.0,0.0,0.0,0.0,160,2130,6,576,False,0.125,9,1,9,3,3,6,1,2,0
6190,0,2023-03-02T16:20:00Z,False,0,7/18/2024 0:00,Serious,0.0,1.0,0.0,1.0,45,521,1,576,False,0.25,7,0,4,0,3,1,1,2,0
6191,0,2023-03-02T15:05:00Z,False,0,5/14/2024 0:00,?,0.0,0.0,0.0,0.0,896,1608,1,576,False,0.125,5,15,0,3,3,3,1,2,0
6192,0,2023-03-02T03:22:00Z,False,0,?,Serious,0.0,1.0,0.0,1.0,775,298,6,576,False,,0,0,13,1,0,6,0,3,0
6193,0,2023-03-01T08:30:00Z,False,0,6/29/2023 0:00,?,?,?,?,?,250,37,1,1610,False,0.125,5,15,0,3,3,13,1,2,0
6194,0,2023-03-01T05:00:00Z,False,0,?,Fatal,4.0,0.0,0.0,4.0,1130,584,6,576,False,0.125,0,0,15,4,0,13,0,3,1
6195,0,2023-02-28T21:45:00Z,False,0,?,Fatal,2.0,0.0,0.0,2.0,250,154,1,576,False,,0,0,13,1,0,3,0,3,1
6196,0,2023-02-28T14:58:00Z,False,0,?,?,?,?,?,?,250,226,1,576,False,0.25,0,0,13,3,0,5,0,3,0
6197,0,2023-02-28T14:49:00Z,False,0,5/2/2024 0:00,Serious,0.0,1.0,1.0,2.0,1122,1874,1,448,True,0.125,5,11,0,3,3,1,1,2,0
6198,0,2023-02-28T13:11:00Z,False,0,6/15/2023 0:00,?,0.0,0.0,0.0,0.0,250,114,1,2842,False,0.125,5,15,0,3,3,5,1,2,0
6199,2,2023-02-27T22:06:00Z,False,0,?,?,?,?,?,?,179,356,1,576,False,,0,0,12,0,0,3,0,3,0
6200,1,2023-02-27T20:54:00Z,False,0,8/3/2023 0:00,?,0.0,0.0,0.0,0.0,724,322,1,1538,False,0.25,6,16,0,0,3,10,1,2,0
6201,0,2023-02-27T18:56:00Z,False,0,5/2/2024 0:00,Fatal,1.0,0.0,0.0,1.0,250,38,1,576,False,0.125,5,15,0,3,1,3,1,2,1
6202,0,2023-02-26T15:52:00Z,False,0,?,Serious,0.0,1.0,0.0,1.0,946,1171,1,2510,False,,0,0,13,3,0,3,0,3,0
6203,0,2023-02-26T11:15:00Z,False,0,3/30/2023 0:00,?,0.0,0.0,0.0,0.0,301,819,1,1081,True,0.125,5,15,0,3,3,5,1,2,0
6204,1,2023-02-26T05:00:00Z,False,0,?,?,0.0,0.0,0.0,0.0,421,1037,1,1361,False,,0,0,12,2,0,11,0,3,0
6205,0,2023-02-25T17:00:00Z,False,0,3/30/2023 0:00,?,0.0,0.0,0.0,0.0,250,77,1,2268,False,0.125,5,15,0,3,3,10,1,2,0
6206,0,2023-02-25T14:45:00Z,False,0,10/23/2024 0:00,Minor,0.0,0.0,2.0,2.0,896,1558,1,576,False,0.125,5,15,0,3,3,4,1,2,0
6207,0,2023-02-24T23:14:00Z,False,0,?,Fatal,5.0,0.0,0.0,5.0,894,1681,1,576,False,0.125,0,0,8,3,1,3,2,3,1
6208,0,2023-02-24T22:30:00Z,False,0,7/18/2024 0:00,Serious,0.0,1.0,0.0,0.0,421,1033,1,1483,False,0.25,6,0,4,0,2,9,1,2,0
6209,0,2023-02-24T20:20:00Z,False,0,6/6/2023 0:00,?,0.0,0.0,0.0,0.0,52,823,1,344,False,0.125,5,15,0,3,3,3,1,2,0
6210,0,2023-02-24T18:07:00Z,False,0,9/11/2024 0:00,Fatal,1.0,0.0,0.0,1.0,270,1959,1,576,False,0.125,5,15,0,1,3,1,1,2,1
6211,0,2023-02-24T14:15:00Z,False,0,3/23/2023 0:00,?,0.0,0.0,0.0,0.0,250,69,1,301,False,0.125,5,15,0,3,3,5,1,2,0
6212,0,2023-02-23T19:40:00Z,False,0,?,?,?,?,?,?,605,183,6,1780,False,,0,0,13,3,0,2,0,3,0
6213,0,2023-02-23T13:48:00Z,False,0,4/20/2023 0:00,?,0.0,0.0,0.0,0.0,896,1594,1,1442,False,0.125,5,15,0,3,3,4,1,2,0
6214,0,2023-02-23T04:33:00Z,False,0,?,?,?,?,?,?,157,121,1,576,False,,0,0,13,3,0,1,0,3,0
6215,1,2023-02-22T20:55:00Z,False,0,2/27/2025 0:00,?,0.0,0.0,0.0,0.0,183,1031,1,1540,False,0.25,6,0,4,0,3,10,1,2,0
6216,0,2023-02-22T20:15:00Z,False,0,?,?,0.0,0.0,0.0,0.0,421,1022,1,576,False,,0,0,13,3,0,5,0,3,0
6217,0,2023-02-22T18:28:00Z,False,0,?,?,0.0,0.0,0.0,0.0,931,1677,1,576,False,,0,0,13,3,0,5,0,3,0
6218,0,2023-02-22T13:56:00Z,False,0,2/13/2025 0:00,Fatal,5.0,0.0,0.0,5.0,157,695,1,1797,False,0.25,8,6,0,1,3,4,1,2,1
6219,0,2023-02-20T16:25:00Z,False,0,6/20/2024 0:00,?,0.0,0.0,0.0,0.0,896,1588,1,2340,False,0.125,5,15,0,3,3,5,1,2,0
6220,0,2023-02-20T14:39:00Z,False,0,4/20/2023 0:00,?,0.0,0.0,0.0,0.0,70,452,1,2301,False,0.125,5,15,0,3,3,5,1,2,0
6221,0,2023-02-20T13:00:00Z,False,0,3/30/2023 0:00,Minor,0.0,0.0,1.0,1.0,739,448,1,1299,False,0.125,5,15,0,3,3,5,1,2,0
6222,0,2023-02-19T20:10:00Z,False,0,7/27/2023 0:00,?,0.0,0.0,0.0,0.0,157,1135,1,1304,False,0.125,5,15,0,3,3,5,1,2,0
6223,0,2023-02-19T15:35:00Z,False,0,3/5/2025 0:00,Fatal,2.0,0.0,0.0,2.0,1294,1349,1,576,True,0.25,5,15,0,3,3,6,1,2,1
6224,0,2023-02-19T15:30:00Z,False,0,3/28/2024 0:00,?,0.0,0.0,0.0,0.0,739,449,1,1471,False,0.125,5,15,0,3,3,5,1,2,0
6225,0,2023-02-19T12:57:00Z,False,0,4/20/2023 0:00,Serious,0.0,1.0,0.0,1.0,556,2013,1,2089,True,0.125,5,15,0,3,3,10,1,2,0
6226,0,2023-02-19T12:15:00Z,False,0,6/15/2023 0:00,?,0.0,0.0,0.0,0.0,250,2096,1,897,False,0.125,5,15,0,3,3,5,1,2,0
6227,0,2023-02-19T11:10:00Z,False,0,4/6/2023 0:00,?,0.0,0.0,0.0,0.0,250,69,1,1943,False,0.125,5,13,0,3,3,5,1,2,0
6228,0,2023-02-18T19:32:00Z,False,0,6/15/2023 0:00,?,0.0,0.0,0.0,0.0,250,156,1,576,False,0.125,5,16,0,3,3,1,1,2,0
6229,0,2023-02-18T14:15:00Z,False,0,4/18/2024 0:00,?,0.0,0.0,0.0,0.0,1224,2093,1,576,True,0.125,5,15,0,3,3,10,1,2,0
6230,0,2023-02-18T13:00:00Z,False,0,4/18/2024 0:00,?,0.0,0.0,0.0,0.0,250,32,1,576,False,0.125,5,13,0,3,3,6,1,2,0
6231,1,2023-02-18T09:30:00Z,False,0,?,?,0.0,0.0,0.0,?,179,424,1,2880,False,0.25,0,0,12,0,0,1,0,3,0
6232,0,2023-02-18T05:00:00Z,False,0,?,?,0.0,0.0,0.0,0.0,250,2054,1,576,False,,0,0,15,3,0,4,0,3,0
6233,0,2023-02-18T00:50:00Z,False,0,?,?,?,?,?,?,250,227,1,576,False,,0,0,13,1,0,13,0,3,0
6234,0,2023-02-17T20:19:00Z,False,0,6/23/2023 0:00,?,0.0,0.0,0.0,0.0,270,1959,1,1202,False,0.125,5,15,0,3,3,5,1,2,0
6235,0,2023-02-17T13:16:00Z,False,0,3/13/2024 0:00,?,0.0,0.0,0.0,0.0,601,1193,1,1376,False,0.25,6,15,0,3,3,5,1,2,0
6236,0,2023-02-17T12:19:00Z,False,0,?,Fatal,1.0,1.0,0.0,2.0,993,281,6,576,False,,0,0,13,3,0,13,0,3,1
6237,1,2023-02-17T11:20:00Z,False,0,?,?,?,?,?,?,45,527,1,576,False,,0,0,12,2,0,9,0,3,0
6238,0,2023-02-17T11:00:00Z,False,0,?,?,?,?,?,?,47,1008,6,576,False,,0,0,6,3,0,13,0,3,0
6239,0,2023-02-17T05:00:00Z,False,0,?,Fatal,2.0,1.0,0.0,3.0,993,1725,6,576,False,,0,0,13,1,0,3,0,3,1
6240,0,2023-02-17T00:18:00Z,False,0,?,?,0.0,0.0,0.0,0.0,66,832,1,1900,False,0.125,0,13,13,3,0,5,0,3,0
6241,1,2023-02-16T22:59:00Z,False,0,2/26/2025 0:00,?,0.0,0.0,0.0,0.0,179,221,1,1694,False,0.25,6,0,6,0,3,1,1,2,0
6242,0,2023-02-16T16:31:00Z,False,0,5/2/2024 0:00,Serious,0.0,1.0,1.0,2.0,896,1601,1,2233,False,0.125,5,13,0,3,3,4,1,2,0
6243,0,2023-02-16T13:00:00Z,False,0,?,?,0.0,0.0,0.0,0.0,421,1021,1,576,False,,0,1,12,3,0,6,0,3,0
6244,0,2023-02-16T09:30:00Z,False,0,7/19/2023 0:00,Serious,0.0,1.0,2.0,3.0,45,515,1,576,False,0.25,6,0,4,0,3,3,1,2,0
6245,0,2023-02-15T19:30:00Z,False,0,2/20/2025 0:00,Fatal,1.0,0.0,0.0,1.0,1107,1925,1,58,True,0.125,5,15,0,1,3,6,1,2,1
6246,0,2023-02-15T17:20:00Z,False,0,9/8/2023 0:00,?,0.0,0.0,0.0,0.0,896,1632,1,1557,False,0.25,5,15,0,3,3,5,1,2,0
6247,0,2023-02-15T14:40:00Z,False,0,6/23/2023 0:00,?,0.0,0.0,0.0,0.0,896,1660,1,1592,False,0.125,5,13,0,3,3,5,1,2,0
6248,0,2023-02-15T12:00:00Z,False,0,6/15/2023 0:00,?,0.0,0.0,0.0,0.0,250,28,1,304,False,0.125,5,15,0,3,3,5,1,2,0
6249,0,2023-02-14T10:00:00Z,False,0,8/1/2024 0:00,Minor,0.0,0.0,1.0,1.0,250,1531,1,1647,False,0.25,5,6,8,3,3,10,1,2,0
6250,1,2023-02-14T05:00:00Z,False,0,?,?,0.0,0.0,0.0,0.0,896,1660,1,576,False,,0,0,13,0,0,3,0,3,0
6251,0,2023-02-13T17:20:00Z,False,0,?,Fatal,3.0,0.0,0.0,3.0,250,67,1,576,False,0.125,0,0,13,1,0,4,0,3,1
6252,0,2023-02-13T17:00:00Z,False,0,4/6/2023 0:00,?,0.0,0.0,0.0,0.0,250,2119,1,709,False,0.125,5,6,8,3,3,10,1,2,0
6253,2,2023-02-13T10:09:00Z,False,0,?,?,?,?,?,?,179,416,1,576,False,,0,0,6,0,0,0,0,3,0
6254,1,2023-02-13T00:34:00Z,False,0,?,?,?,?,?,?,93,664,1,2093,False,0.25,0,0,12,0,0,4,0,3,0
6255,0,2023-02-12T19:28:00Z,False,0,3/28/2024 0:00,Serious,0.0,1.0,1.0,2.0,250,67,1,153,False,0.125,5,15,0,3,3,4,1,2,0
6256,0,2023-02-12T18:00:00Z,False,0,3/23/2023 0:00,?,0.0,0.0,0.0,0.0,1123,7,1,305,False,0.125,5,15,0,3,3,5,1,2,0
6257,0,2023-02-12T11:58:00Z,False,0,9/11/2024 0:00,?,0.0,0.0,0.0,0.0,812,1381,1,576,False,0.125,5,15,0,3,3,1,1,2,0
6258,0,2023-02-11T16:06:00Z,False,0,1/2/2025 0:00,?,0.0,0.0,0.0,0.0,645,1236,1,971,False,0.125,5,15,0,3,3,3,1,2,0
6259,0,2023-02-11T14:50:00Z,False,0,10/3/2024 0:00,?,0.0,0.0,0.0,0.0,508,313,1,2361,False,0.25,6,15,0,3,3,5,1,2,0
6260,0,2023-02-10T23:51:00Z,False,0,3/12/2024 0:00,Serious,0.0,1.0,0.0,1.0,179,356,1,576,False,0.25,6,0,4,0,3,3,1,2,0
6261,0,2023-02-10T19:00:00Z,False,0,4/6/2023 0:00,?,0.0,0.0,0.0,0.0,896,1621,1,2653,False,0.125,5,15,0,3,3,5,1,2,0
6262,0,2023-02-10T15:00:00Z,False,0,?,?,0.0,0.0,0.0,0.0,250,155,1,576,False,0.125,0,0,13,3,0,3,0,3,0
6263,2,2023-02-10T13:30:00Z,False,0,?,?,0.0,0.0,0.0,?,179,411,1,576,False,0.25,0,0,12,4,0,3,0,3,0
6264,1,2023-02-10T03:10:00Z,False,0,?,?,?,?,?,?,179,356,1,576,False,,0,0,6,0,0,3,0,3,0
6265,0,2023-02-09T23:35:00Z,False,0,3/21/2025 0:00,Serious,0.0,1.0,0.0,1.0,179,394,1,576,False,0.25,6,0,4,0,3,3,1,2,0
6266,0,2023-02-09T20:30:00Z,False,0,?,Fatal,2.0,0.0,0.0,2.0,993,1725,6,576,False,,0,0,13,3,0,1,0,3,1
6267,2,2023-02-09T13:15:00Z,False,0,?,?,0.0,0.0,0.0,?,179,416,1,576,False,0.25,0,0,12,0,0,3,0,3,0
6268,1,2023-02-09T02:25:00Z,False,0,?,?,?,?,?,?,45,523,1,576,False,0.25,0,0,12,2,0,4,0,3,0
6269,1,2023-02-09T02:15:00Z,False,0,?,?,0.0,0.0,0.0,0.0,179,356,1,1180,False,0.25,0,0,12,4,0,5,0,3,0
6270,1,2023-02-08T19:50:00Z,False,0,?,?,0.0,0.0,0.0,0.0,896,1584,1,2038,False,0.25,0,0,13,3,0,3,0,3,0
6271,0,2023-02-08T19:00:00Z,False,0,12/14/2023 0:00,?,0.0,0.0,0.0,0.0,896,1563,1,2602,False,0.125,5,15,0,3,3,10,1,2,0
6272,0,2023-02-08T12:00:00Z,False,0,4/6/2023 0:00,?,0.0,0.0,0.0,0.0,270,1896,1,2736,False,0.125,6,15,0,3,3,5,1,2,0
6273,0,2023-02-07T08:45:00Z,False,0,3/23/2023 0:00,?,0.0,0.0,0.0,0.0,771,1376,1,1807,False,0.125,5,15,0,3,3,5,1,2,0
6274,0,2023-02-06T23:35:00Z,False,0,11/14/2024 0:00,Minor,0.0,0.0,1.0,1.0,160,1504,6,576,False,0.125,9,1,9,3,3,6,1,2,0
6275,0,2023-02-06T19:50:00Z,False,0,3/30/2023 0:00,?,0.0,0.0,0.0,0.0,381,919,1,1320,False,0.125,5,13,0,3,3,5,1,2,0
6276,0,2023-02-06T18:30:00Z,False,0,6/15/2023 0:00,?,0.0,0.0,0.0,0.0,381,911,1,157,False,0.125,5,13,0,3,3,5,1,2,0
6277,0,2023-02-06T18:14:00Z,False,0,?,Minor,0.0,0.0,2.0,2.0,179,359,1,576,False,0.25,0,10,13,1,0,6,0,3,0
6278,0,2023-02-06T17:45:00Z,False,0,5/2/2024 0:00,Minor,0.0,0.0,2.0,2.0,250,278,1,1534,False,0.25,8,15,0,3,3,11,1,2,0
6279,0,2023-02-06T16:32:00Z,False,0,5/2/2024 0:00,Serious,0.0,1.0,0.0,1.0,243,1771,1,221,True,0.125,5,15,0,3,3,4,1,2,0
6280,0,2023-02-06T14:00:00Z,False,0,4/20/2023 0:00,?,0.0,0.0,0.0,0.0,157,1074,1,671,False,0.125,5,15,0,3,3,4,1,2,0
6281,1,2023-02-05T18:57:00Z,False,0,?,?,?,?,?,?,45,516,1,576,False,,0,0,12,3,0,4,0,3,0
6282,0,2023-02-05T18:30:00Z,False,0,3/23/2023 0:00,?,0.0,0.0,0.0,0.0,605,184,6,576,False,0.125,5,15,0,3,3,6,1,2,0
6283,1,2023-02-05T16:53:00Z,False,0,?,?,0.0,0.0,0.0,0.0,1078,1817,6,1055,False,0.25,0,13,13,3,0,3,0,3,0
6284,0,2023-02-05T15:56:00Z,False,0,?,?,0.0,0.0,0.0,0.0,724,322,1,2031,False,0.25,0,0,15,3,0,5,0,3,0
6285,0,2023-02-05T15:16:00Z,False,0,6/5/2024 0:00,Minor,0.0,0.0,4.0,4.0,157,1075,1,26,False,0.125,5,15,0,3,3,1,1,2,0
6286,0,2023-02-05T14:55:00Z,False,0,3/28/2024 0:00,?,0.0,0.0,0.0,0.0,896,1598,1,1017,False,0.125,5,15,0,1,3,9,1,2,0
6287,0,2023-02-05T14:00:00Z,False,0,3/2/2023 0:00,?,0.0,0.0,0.0,0.0,250,45,1,991,False,0.125,5,13,0,3,3,10,1,2,0
6288,0,2023-02-04T18:30:00Z,False,0,4/18/2024 0:00,Minor,0.0,0.0,1.0,1.0,166,430,1,159,False,0.125,5,15,0,3,3,5,1,2,0
6289,0,2023-02-04T17:05:00Z,False,0,3/23/2023 0:00,Minor,0.0,0.0,1.0,1.0,896,1558,1,90,False,0.125,5,15,0,3,3,6,1,2,0
6290,0,2023-02-04T15:00:00Z,False,0,3/23/2023 0:00,?,0.0,0.0,0.0,0.0,250,32,1,1640,False,0.125,5,15,0,3,3,5,1,2,0
6291,1,2023-02-04T08:40:00Z,True,0,6/24/2024 0:00,?,0.0,0.0,0.0,0.0,179,410,1,676,False,0.25,6,0,4,0,1,10,1,2,0
6292,2,2023-02-04T05:00:00Z,False,0,?,Serious,0.0,1.0,0.0,0.0,179,406,1,576,False,0.25,0,0,4,0,0,9,0,3,0
6293,1,2023-02-03T14:40:00Z,False,0,?,?,0.0,0.0,0.0,0.0,250,142,1,576,False,,0,0,13,4,0,3,0,3,0
6294,1,2023-02-03T05:00:00Z,False,0,?,Serious,0.0,5.0,0.0,5.0,45,527,1,576,False,,0,0,12,4,0,3,0,3,0
6295,0,2023-02-02T15:29:00Z,False,0,4/20/2023 0:00,?,0.0,0.0,0.0,0.0,250,152,1,2208,False,0.125,5,6,8,3,3,5,1,2,0
6296,0,2023-02-02T14:00:00Z,False,0,6/15/2023 0:00,Serious,0.0,2.0,0.0,2.0,896,1677,1,480,False,0.125,5,15,0,3,3,10,1,2,0
6297,0,2023-02-02T11:00:00Z,False,0,?,?,0.0,0.0,0.0,0.0,723,322,1,576,False,,0,0,12,3,0,10,0,3,0
6298,0,2023-02-01T18:00:00Z,False,0,6/6/2023 0:00,?,0.0,0.0,0.0,0.0,250,77,1,1627,False,0.125,0,13,0,3,3,10,1,2,0
6299,0,2023-01-31T16:30:00Z,False,0,6/23/2023 0:00,?,0.0,0.0,0.0,0.0,535,2149,1,2852,True,0.125,5,15,0,3,3,10,1,2,0
6300,0,2023-01-31T13:45:00Z,False,0,7/5/2024 0:00,?,0.0,0.0,0.0,0.0,250,80,1,883,False,0.125,5,13,0,3,3,5,1,2,0
6301,0,2023-01-31T08:50:00Z,False,0,?,?,?,?,?,?,40,640,1,576,False,0.125,0,0,13,3,0,10,0,3,0
6302,0,2023-01-29T23:38:00Z,False,0,3/15/2023 0:00,Minor,0.0,0.0,1.0,1.0,250,70,1,455,False,0.125,5,15,0,3,1,1,1,2,0
6303,1,2023-01-29T20:15:00Z,False,0,?,?,?,?,?,?,45,523,1,576,False,0.25,0,0,12,2,0,3,0,3,0
6304,0,2023-01-29T18:00:00Z,False,0,6/23/2023 0:00,?,0.0,0.0,0.0,0.0,896,1578,1,1701,False,0.125,5,15,0,3,3,5,1,2,0
6305,0,2023-01-29T14:30:00Z,False,0,3/23/2023 0:00,?,0.0,0.0,0.0,0.0,302,813,1,576,False,0.125,5,13,0,3,3,10,1,2,0
6306,0,2023-01-28T21:02:00Z,False,0,2/5/2025 0:00,Fatal,1.0,0.0,0.0,1.0,250,60,1,576,False,0.125,5,15,0,1,1,3,1,2,1
6307,0,2023-01-28T19:51:00Z,False,0,5/2/2024 0:00,Serious,0.0,1.0,0.0,1.0,13,298,1,2446,False,0.25,5,16,0,3,3,3,1,2,0
6308,0,2023-01-28T19:20:00Z,False,0,9/5/2024 0:00,?,0.0,0.0,0.0,0.0,157,504,1,576,False,0.125,5,15,0,3,3,3,1,2,0
6309,0,2023-01-28T17:42:00Z,False,0,5/2/2024 0:00,Serious,0.0,1.0,0.0,1.0,980,1328,1,1349,True,0.125,8,15,0,3,3,10,1,2,0
6310,0,2023-01-28T15:10:00Z,False,0,2/20/2025 0:00,Serious,0.0,1.0,1.0,2.0,811,1384,1,931,False,0.125,5,15,0,1,3,4,1,2,0
6311,0,2023-01-28T13:12:00Z,False,0,?,?,0.0,0.0,0.0,0.0,896,1677,1,2742,False,,0,0,13,3,0,5,0,3,0
6312,0,2023-01-27T10:37:00Z,False,0,2/13/2025 0:00,Serious,0.0,1.0,1.0,2.0,250,2047,1,1151,False,0.125,5,15,0,3,3,1,1,2,0
6313,1,2023-01-27T07:00:00Z,False,0,?,?,?,?,?,?,179,420,1,628,False,,0,0,12,2,0,5,0,3,0
6314,1,2023-01-27T06:23:00Z,False,0,?,?,?,?,?,?,182,857,1,576,False,,0,0,12,0,0,3,0,3,0
6315,1,2023-01-27T05:00:00Z,False,0,?,?,?,?,?,?,250,316,1,576,False,,0,0,15,4,0,3,0,3,0
6316,0,2023-01-26T14:15:00Z,False,0,3/23/2023 0:00,?,0.0,0.0,0.0,0.0,771,1465,1,657,False,0.125,5,15,0,3,3,5,1,2,0
6317,1,2023-01-26T11:05:00Z,False,0,?,?,0.0,0.0,0.0,0.0,179,356,1,2810,False,,0,0,12,2,0,11,0,3,0
6318,0,2023-01-25T15:00:00Z,False,0,4/20/2023 0:00,?,0.0,0.0,0.0,0.0,250,23,1,1579,False,0.125,5,15,0,3,3,10,1,2,0
6319,0,2023-01-25T05:00:00Z,False,0,?,?,0.0,0.0,0.0,0.0,179,404,1,2092,False,,0,0,6,3,0,11,0,3,0
6320,0,2023-01-24T19:45:00Z,False,0,6/23/2023 0:00,?,0.0,0.0,0.0,0.0,157,784,1,576,False,0.125,5,15,0,3,3,3,1,2,0
6321,0,2023-01-24T18:42:00Z,False,0,5/2/2024 0:00,?,0.0,0.0,0.0,0.0,896,1594,1,576,False,0.125,5,13,0,3,3,6,1,2,0
6322,0,2023-01-24T17:39:00Z,False,0,4/27/2023 0:00,Fatal,1.0,0.0,0.0,1.0,270,1958,1,2703,False,0.125,5,15,0,1,3,6,1,2,1
6323,0,2023-01-24T15:00:00Z,False,0,11/7/2024 0:00,?,0.0,0.0,0.0,0.0,688,1276,6,576,False,0.125,9,8,7,3,3,6,1,2,0
6324,0,2023-01-24T09:00:00Z,False,0,?,Fatal,6.0,0.0,0.0,6.0,250,142,1,576,False,,0,0,13,3,0,13,0,3,1
6325,0,2023-01-23T20:44:00Z,False,0,6/15/2023 0:00,?,0.0,0.0,0.0,0.0,896,1660,1,2329,False,0.125,5,15,0,3,3,9,1,2,0
6326,0,2023-01-23T18:30:00Z,False,0,5/14/2024 0:00,?,0.0,0.0,0.0,0.0,250,57,1,1612,False,0.125,5,13,0,3,3,5,1,2,0
6327,1,2023-01-23T18:10:00Z,False,0,2/26/2025 0:00,?,0.0,0.0,0.0,0.0,4,467,0,576,True,,0,0,10,0,0,0,0,0,0
6328,0,2023-01-23T11:58:00Z,False,0,3/2/2023 0:00,?,0.0,0.0,0.0,0.0,896,1593,1,1182,False,0.125,5,13,0,3,3,5,1,2,0
6329,1,2023-01-23T10:30:00Z,False,0,?,?,0.0,0.0,0.0,0.0,775,925,1,576,False,,0,0,6,0,0,3,0,3,0
6330,0,2023-01-22T18:20:00Z,False,0,?,?,0.0,0.0,0.0,0.0,160,142,6,576,False,0.125,0,0,13,3,0,3,0,3,0
6331,0,2023-01-22T13:27:00Z,False,0,3/5/2025 0:00,?,0.0,0.0,0.0,0.0,157,1395,1,576,False,0.125,5,3,0,3,3,3,1,2,0
6332,0,2023-01-21T17:30:00Z,False,0,8/17/2023 0:00,?,0.0,0.0,0.0,0.0,250,71,1,91,False,0.125,5,15,0,3,3,5,1,2,0
6333,0,2023-01-21T14:00:00Z,False,0,?,Serious,0.0,1.0,0.0,1.0,179,356,1,1029,False,0.25,0,0,12,0,0,9,0,3,0
6334,0,2023-01-20T20:30:00Z,False,0,3/2/2023 0:00,?,0.0,0.0,0.0,0.0,70,452,1,148,False,0.125,5,15,0,3,3,5,1,2,0
6335,0,2023-01-20T18:34:00Z,False,0,3/28/2024 0:00,?,0.0,0.0,0.0,0.0,1298,2193,1,990,False,0.125,5,15,0,3,3,1,1,2,0
6336,0,2023-01-20T17:15:00Z,False,0,6/15/2023 0:00,Minor,0.0,0.0,1.0,1.0,366,1977,1,846,True,0.125,5,15,0,3,3,5,1,2,0
6337,0,2023-01-20T15:40:00Z,False,0,6/15/2023 0:00,Minor,0.0,0.0,1.0,1.0,418,1691,4,576,False,0.0,4,15,0,3,3,6,1,2,0
6338,0,2023-01-20T11:30:00Z,False,0,3/2/2023 0:00,?,0.0,0.0,0.0,0.0,250,123,1,918,False,0.125,5,15,0,3,3,5,1,2,0
6339,0,2023-01-20T10:50:00Z,False,0,3/30/2023 0:00,?,0.0,0.0,0.0,0.0,896,1594,1,143,False,0.125,5,13,0,3,3,5,1,2,0
6340,0,2023-01-19T19:29:00Z,False,0,3/19/2025 0:00,Fatal,2.0,0.0,0.0,2.0,157,536,1,1378,False,0.125,5,15,0,3,1,3,1,2,1
6341,0,2023-01-19T13:15:00Z,False,0,6/15/2023 0:00,?,0.0,0.0,0.0,0.0,786,1283,1,1895,True,0.125,5,15,0,3,3,11,1,2,0
6342,0,2023-01-19T10:00:00Z,False,0,3/5/2025 0:00,?,0.0,0.0,0.0,0.0,896,1663,1,576,False,0.125,5,13,0,3,3,3,1,2,0
6343,0,2023-01-18T15:07:00Z,False,0,8/7/2024 0:00,Fatal,1.0,0.0,0.0,1.0,250,270,1,1974,False,0.25,5,15,0,3,3,1,1,2,1
6344,0,2023-01-18T11:03:00Z,False,0,10/3/2024 0:00,?,0.0,0.0,0.0,0.0,896,1618,1,481,False,0.25,5,6,8,3,1,5,1,2,0
6345,0,2023-01-18T10:18:00Z,False,0,3/15/2023 0:00,?,0.0,0.0,0.0,0.0,963,731,1,2269,False,0.25,8,7,8,3,1,1,1,2,0
6346,1,2023-01-18T05:00:00Z,False,0,?,?,0.0,0.0,0.0,0.0,179,356,1,576,False,,0,0,15,0,0,3,0,3,0
6347,0,2023-01-17T16:44:00Z,False,0,3/2/2023 0:00,?,0.0,0.0,0.0,0.0,896,1570,1,493,False,0.125,5,14,14,3,3,5,1,2,0
6348,0,2023-01-17T12:36:00Z,False,0,2/13/2025 0:00,Fatal,4.0,1.0,0.0,5.0,896,1677,1,2624,False,0.125,8,6,0,3,1,1,1,2,1
6349,0,2023-01-17T04:01:00Z,False,0,?,?,0.0,0.0,0.0,0.0,159,1913,1,576,False,,0,0,13,3,0,5,0,3,0
6350,0,2023-01-16T16:08:00Z,False,0,4/6/2023 0:00,?,0.0,0.0,0.0,0.0,896,1558,1,577,False,0.125,5,15,0,3,3,5,1,2,0
6351,0,2023-01-16T14:42:00Z,False,0,2/5/2025 0:00,Fatal,2.0,0.0,0.0,2.0,896,1624,1,576,False,0.125,5,13,0,1,3,6,1,2,1
6352,1,2023-01-16T14:36:00Z,False,0,?,?,?,?,?,?,723,229,1,576,False,,0,0,15,2,0,4,0,3,0
6353,0,2023-01-16T12:30:00Z,False,0,6/23/2023 0:00,?,0.0,0.0,0.0,0.0,771,1462,1,2730,False,0.125,5,15,0,3,3,5,1,2,0
6354,0,2023-01-16T07:15:00Z,False,0,6/6/2023 0:00,Serious,0.0,1.0,1.0,2.0,250,155,1,1935,False,0.125,9,6,8,3,3,1,1,2,0
6355,0,2023-01-15T19:30:00Z,False,0,?,Minor,0.0,0.0,1.0,1.0,896,1670,1,576,False,,0,15,13,1,0,5,0,3,0
6356,0,2023-01-15T12:30:00Z,False,0,3/2/2023 0:00,?,0.0,0.0,0.0,0.0,896,1600,1,2034,False,0.125,5,13,0,3,3,10,1,2,0
6357,0,2023-01-15T11:30:00Z,False,0,6/22/2023 0:00,?,0.0,0.0,0.0,0.0,262,1200,1,576,True,0.125,5,15,0,3,3,3,1,2,0
6358,0,2023-01-15T05:00:00Z,False,0,?,?,?,?,?,?,93,664,1,576,False,,0,0,6,1,0,1,0,3,0
6359,0,2023-01-14T16:25:00Z,False,0,3/28/2024 0:00,Serious,0.0,1.0,1.0,2.0,908,1435,1,576,True,0.125,5,15,0,3,3,6,1,2,0
6360,0,2023-01-14T13:15:00Z,False,0,3/28/2024 0:00,?,0.0,0.0,0.0,0.0,250,113,1,494,False,0.125,5,13,0,3,3,1,1,2,0
6361,1,2023-01-13T22:44:00Z,True,0,6/12/2024 0:00,?,0.0,0.0,0.0,0.0,179,418,1,1616,False,0.25,6,0,4,0,3,10,1,2,0
6362,0,2023-01-13T17:30:00Z,False,0,10/5/2023 0:00,?,0.0,0.0,0.0,0.0,1175,746,1,576,False,0.125,5,15,0,3,3,3,1,2,0
6363,0,2023-01-13T14:01:00Z,False,0,4/27/2023 0:00,Minor,0.0,0.0,1.0,1.0,896,1571,1,576,False,0.125,5,15,0,3,3,5,1,2,0
6364,0,2023-01-12T22:17:00Z,False,0,5/2/2024 0:00,Fatal,1.0,0.0,0.0,1.0,896,1600,1,576,False,0.125,5,15,0,1,1,3,1,2,1
6365,1,2023-01-12T21:17:00Z,False,0,?,?,0.0,0.0,0.0,0.0,179,380,1,1952,False,,0,0,6,2,0,4,0,3,0
6366,0,2023-01-12T15:00:00Z,False,0,3/23/2023 0:00,?,0.0,0.0,0.0,0.0,157,463,1,24,False,0.25,5,15,0,3,3,5,1,2,0
6367,0,2023-01-12T13:00:00Z,False,0,6/23/2023 0:00,?,0.0,0.0,0.0,0.0,250,96,1,1725,False,0.125,5,15,0,3,3,1,1,2,0
6368,1,2023-01-12T08:52:00Z,False,0,?,?,?,?,?,?,45,529,1,576,False,0.25,0,0,4,2,0,5,0,3,0
6369,0,2023-01-11T21:24:00Z,False,0,9/5/2024 0:00,Fatal,2.0,0.0,0.0,2.0,250,39,1,1507,False,0.125,5,13,0,3,3,1,1,2,1
6370,0,2023-01-11T20:09:00Z,False,0,?,Fatal,1.0,0.0,0.0,1.0,896,1626,1,576,False,0.125,0,6,0,1,1,3,2,3,1
6371,0,2023-01-11T09:30:00Z,False,0,?,Serious,0.0,1.0,1.0,2.0,993,1721,6,2493,False,,0,0,13,3,0,3,0,3,0
6372,0,2023-01-10T18:43:00Z,False,0,6/15/2023 0:00,?,0.0,0.0,0.0,0.0,896,1598,1,1249,False,0.125,5,13,0,3,3,1,1,2,0
6373,0,2023-01-10T15:58:00Z,False,0,3/2/2023 0:00,?,0.0,0.0,0.0,0.0,157,1134,1,576,False,0.125,5,15,0,3,3,1,1,2,0
6374,0,2023-01-10T14:40:00Z,False,0,3/23/2023 0:00,Minor,0.0,0.0,1.0,1.0,994,1725,6,576,False,0.125,5,3,0,3,3,6,1,2,0
6375,0,2023-01-10T14:30:00Z,False,0,?,Fatal,1.0,0.0,0.0,1.0,113,2223,6,576,False,,0,0,13,1,0,13,0,3,1
6376,0,2023-01-10T14:30:00Z,False,0,?,?,?,?,?,?,39,655,1,576,False,,0,0,12,3,0,6,0,3,0
6377,2,2023-01-10T00:59:00Z,False,0,?,?,0.0,0.0,0.0,0.0,179,424,1,576,False,,0,0,12,0,0,3,0,3,0
6378,0,2023-01-08T17:08:00Z,False,0,8/24/2023 0:00,?,0.0,0.0,0.0,0.0,1283,1775,1,272,True,0.125,5,15,0,3,3,5,1,2,0
6379,1,2023-01-08T05:00:00Z,False,0,?,?,0.0,0.0,0.0,0.0,993,1725,6,576,False,,0,0,7,0,0,1,0,3,0
6380,0,2023-01-07T15:18:00Z,False,0,1/29/2025 0:00,Serious,0.0,2.0,0.0,2.0,942,840,1,576,False,0.125,5,16,0,3,3,4,1,2,0
6381,0,2023-01-07T14:13:00Z,False,0,5/2/2024 0:00,Fatal,2.0,0.0,0.0,2.0,896,1660,1,576,False,0.125,5,15,0,1,3,1,1,2,1
6382,0,2023-01-07T05:00:00Z,False,0,?,Serious,0.0,1.0,0.0,1.0,179,356,1,576,False,,0,0,6,0,0,1,0,3,0
6383,0,2023-01-06T21:20:00Z,False,0,?,Fatal,1.0,0.0,0.0,1.0,250,118,1,2457,False,,0,1,12,3,0,3,0,3,1
6384,0,2023-01-06T19:52:00Z,False,0,3/28/2024 0:00,Fatal,1.0,0.0,0.0,1.0,157,1395,1,1252,False,0.125,5,15,0,1,3,1,1,2,1
6385,0,2023-01-06T12:15:00Z,False,0,?,?,0.0,0.0,0.0,0.0,896,1584,1,2030,False,0.25,0,0,13,3,0,4,0,3,0
6386,0,2023-01-05T18:04:00Z,False,0,6/15/2023 0:00,Minor,0.0,0.0,1.0,1.0,896,1594,1,243,False,0.125,5,15,0,3,3,4,1,2,0
6387,0,2023-01-05T15:19:00Z,False,0,6/15/2023 0:00,?,0.0,0.0,0.0,0.0,1127,575,1,931,True,0.25,5,15,0,3,3,5,1,2,0
6388,0,2023-01-05T13:20:00Z,False,0,6/22/2023 0:00,?,0.0,0.0,0.0,0.0,250,109,1,812,False,0.125,5,15,0,3,3,1,1,2,0
6389,1,2023-01-05T02:53:00Z,False,0,?,?,?,?,?,?,179,408,1,576,False,0.25,0,0,12,0,0,8,0,3,0
6390,0,2023-01-04T16:56:00Z,False,0,3/19/2025 0:00,Fatal,1.0,0.0,0.0,1.0,898,1633,1,576,False,0.25,5,15,0,1,1,3,1,2,1
6391,0,2023-01-03T19:04:00Z,False,0,3/30/2023 0:00,?,0.0,0.0,0.0,0.0,250,32,1,2321,False,0.125,5,15,0,3,3,5,1,2,0
6392,0,2023-01-03T18:22:00Z,False,0,6/15/2023 0:00,?,0.0,0.0,0.0,0.0,250,228,1,576,False,0.25,5,15,0,3,3,3,1,2,0
6393,1,2023-01-03T17:30:00Z,False,0,?,?,?,?,?,?,179,404,1,576,False,,0,0,15,2,0,10,0,3,0
6394,0,2023-01-03T14:35:00Z,False,0,6/15/2023 0:00,?,0.0,0.0,0.0,0.0,250,72,1,2165,False,0.125,5,13,0,3,3,11,1,2,0
6395,0,2023-01-02T18:35:00Z,False,0,7/17/2024 0:00,?,0.0,0.0,0.0,0.0,183,527,1,1616,False,0.25,6,0,6,2,3,11,1,2,0
6396,0,2023-01-02T18:18:00Z,False,0,?,Fatal,2.0,0.0,0.0,2.0,1088,252,1,576,False,,0,0,15,3,0,13,0,3,1
6397,0,2023-01-02T16:57:00Z,False,0,3/30/2023 0:00,Minor,0.0,0.0,1.0,1.0,896,1570,1,625,False,0.125,5,15,0,3,3,5,1,2,0
6398,0,2023-01-02T14:30:00Z,False,0,?,?,0.0,0.0,0.0,0.0,250,1066,1,576,False,,0,0,13,3,0,3,0,3,0
6399,0,2023-01-02T12:35:00Z,False,0,4/24/2025 0:00,Fatal,1.0,2.0,1.0,4.0,422,1017,1,2299,False,0.25,6,15,0,3,1,10,1,2,1
6400,0,2023-01-02T05:00:00Z,False,0,?,?,?,?,?,?,433,1003,6,576,False,,0,0,15,3,0,13,0,3,0
6401,0,2023-01-01T21:30:00Z,False,0,6/15/2023 0:00,?,0.0,0.0,0.0,0.0,896,1627,1,279,False,0.125,5,15,0,3,3,1,1,2,0
6402,0,2023-01-01T20:14:00Z,False,0,?,?,?,?,?,?,250,45,1,576,False,,0,0,13,1,0,6,0,3,0
6403,0,2023-01-01T16:40:00Z,False,0,3/2/2023 0:00,Serious,0.0,1.0,0.0,1.0,250,60,1,2835,False,0.125,5,13,0,3,3,4,1,2,0
6404,0,2023-01-01T16:00:00Z,False,0,4/20/2023 0:00,?,0.0,0.0,0.0,0.0,250,69,1,1564,False,0.125,5,13,0,3,3,5,1,2,0
6405,0,2024-12-31T14:30:00Z,False,0,?,?,0.0,0.0,0.0,0.0,250,72,1,636,False,0.125,0,13,0,3,3,10,2,3,0
6406,0,2024-12-31T14:15:00Z,False,0,4/22/2025 0:00,?,0.0,0.0,0.0,0.0,250,109,1,1731,False,0.125,5,15,0,3,3,5,1,2,0
6407,0,2024-12-31T13:20:00Z,False,0,1/30/2025 0:00,?,0.0,0.0,0.0,0.0,994,1725,6,576,False,0.125,5,16,0,3,3,10,1,2,0
6408,0,2024-12-30T16:15:00Z,False,0,?,Fatal,1.0,0.0,0.0,1.0,250,206,1,576,False,0.25,0,9,0,3,3,13,2,3,1
6409,0,2024-12-29T05:00:00Z,False,0,?,Fatal,173.0,2.0,0.0,175.0,179,356,0,576,False,,0,0,12,0,0,5,0,0,1
6410,0,2024-12-29T05:00:00Z,False,0,?,Serious,0.0,1.0,0.0,1.0,179,409,0,576,False,,0,0,4,0,0,3,2,0,0
6411,0,2024-12-28T20:04:00Z,False,0,?,?,0.0,0.0,0.0,0.0,179,356,0,576,False,,0,0,10,0,0,5,0,0,0
6412,0,2024-12-28T16:00:00Z,False,0,4/22/2025 0:00,?,0.0,0.0,0.0,0.0,381,911,1,2025,False,0.125,5,15,0,3,3,5,1,2,0
6413,0,2024-12-28T14:25:00Z,False,0,4/22/2025 0:00,Serious,0.0,1.0,0.0,1.0,336,900,1,257,True,0.125,5,15,0,3,3,1,1,2,0
6414,1,2024-12-28T05:00:00Z,False,0,?,?,?,?,?,?,179,356,1,576,False,,0,0,12,2,0,10,0,3,0
6415,0,2024-12-27T23:45:00Z,False,0,1/30/2025 0:00,Serious,0.0,2.0,1.0,3.0,896,1593,1,1530,False,0.125,5,15,0,3,3,1,1,2,0
6416,0,2024-12-27T22:03:00Z,False,0,?,?,0.0,0.0,0.0,0.0,250,2045,1,1314,False,0.125,0,15,0,3,3,1,2,3,0
6417,0,2024-12-27T19:30:00Z,False,0,?,?,0.0,0.0,0.0,0.0,157,319,1,1215,False,0.25,0,15,0,4,0,5,2,3,0
6418,0,2024-12-27T14:09:00Z,False,0,?,?,0.0,0.0,0.0,0.0,250,316,1,2283,False,0.25,0,15,0,3,1,10,2,3,0
6419,0,2024-12-27T14:05:00Z,False,0,?,?,0.0,0.0,0.0,0.0,213,985,1,2555,False,,0,0,13,3,0,5,0,3,0
6420,0,2024-12-26T19:57:00Z,False,0,?,Serious,0.0,2.0,0.0,2.0,157,403,1,1941,False,0.25,0,13,0,3,0,3,2,3,0
6421,0,2024-12-26T14:44:00Z,False,0,?,Serious,0.0,2.0,1.0,3.0,179,376,0,576,False,,0,0,4,0,0,3,2,0,0
6422,0,2024-12-25T18:00:00Z,False,0,4/22/2025 0:00,Serious,0.0,1.0,0.0,1.0,19,46,1,443,False,0.125,5,15,0,3,3,1,1,2,0
6423,0,2024-12-24T17:00:00Z,False,0,?,?,0.0,0.0,0.0,0.0,896,1570,1,576,False,0.125,0,15,0,3,0,5,2,3,0
6424,0,2024-12-23T12:00:00Z,False,0,?,?,0.0,0.0,0.0,0.0,250,99,1,576,False,0.125,0,15,0,3,3,5,2,3,0
6425,0,2024-12-22T17:39:00Z,False,0,?,Minor,0.0,0.0,1.0,1.0,1241,1774,1,576,True,0.125,0,15,0,3,3,3,2,3,0
6426,0,2024-12-22T16:45:00Z,False,0,4/22/2025 0:00,?,0.0,0.0,0.0,0.0,1089,1927,1,889,False,0.125,5,15,0,3,3,3,1,2,0
6427,0,2024-12-22T10:13:00Z,False,0,?,Fatal,10.0,0.0,0.0,10.0,896,1675,1,2568,False,0.25,0,15,13,1,0,10,0,3,1
6428,0,2024-12-22T05:00:00Z,False,0,?,?,0.0,0.0,0.0,0.0,929,749,1,576,False,,0,0,13,1,0,13,0,3,0
6429,0,2024-12-21T19:30:00Z,False,0,?,Serious,0.0,1.0,0.0,?,1239,1222,10,576,False,,0,0,15,3,3,6,2,3,0
6430,0,2024-12-21T19:00:00Z,False,0,?,Serious,0.0,1.0,0.0,1.0,196,967,7,576,False,0.125,0,15,0,0,3,10,2,3,0
6431,0,2024-12-21T17:12:00Z,False,0,?,Minor,0.0,0.0,2.0,2.0,896,1660,1,576,False,0.125,0,0,13,1,0,1,0,3,0
6432,0,2024-12-21T17:10:00Z,False,0,?,?,0.0,0.0,0.0,0.0,969,1747,1,778,False,0.125,0,15,0,3,3,1,2,3,0
6433,0,2024-12-21T16:27:00Z,False,0,2/21/2025 0:00,Minor,0.0,0.0,1.0,1.0,994,1722,6,266,False,0.125,5,13,0,1,3,9,1,2,0
6434,0,2024-12-21T00:15:00Z,False,0,?,?,0.0,0.0,0.0,0.0,963,791,1,1369,False,0.25,0,14,8,3,3,9,2,3,0
6435,0,2024-12-20T15:00:00Z,False,0,?,Fatal,1.0,0.0,0.0,1.0,250,60,1,2650,False,0.125,0,15,0,3,3,3,2,3,1
6436,0,2024-12-20T14:00:00Z,False,0,?,Fatal,2.0,0.0,0.0,2.0,250,206,1,576,False,,0,0,13,1,0,13,0,3,1
6437,0,2024-12-19T17:20:00Z,False,0,4/22/2025 0:00,?,0.0,0.0,0.0,0.0,896,1612,1,2296,False,0.125,5,15,0,3,3,1,1,2,0
6438,0,2024-12-19T17:00:00Z,False,0,4/22/2025 0:00,Minor,0.0,0.0,1.0,1.0,250,60,1,2045,False,0.125,5,15,0,3,3,1,1,2,0
6439,0,2024-12-19T16:50:00Z,False,0,?,?,0.0,0.0,0.0,0.0,157,713,1,832,False,0.25,0,13,0,3,3,5,2,3,0
6440,0,2024-12-19T16:15:00Z,False,0,?,?,0.0,0.0,0.0,0.0,896,1587,1,1198,False,0.125,0,15,0,3,3,3,2,3,0
6441,0,2024-12-19T12:30:00Z,False,0,?,?,0.0,0.0,0.0,0.0,250,69,1,1452,False,0.125,0,13,0,3,1,3,2,3,0
6442,0,2024-12-19T12:22:00Z,False,0,?,Fatal,1.0,0.0,0.0,1.0,157,536,1,770,False,0.125,0,15,0,1,3,3,2,3,1
6443,1,2024-12-19T05:00:00Z,False,0,?,?,0.0,0.0,0.0,0.0,179,356,1,576,False,0.25,0,0,12,2,0,5,0,3,0
6444,0,2024-12-18T17:30:00Z,False,0,?,Minor,0.0,0.0,1.0,1.0,39,656,1,576,False,0.125,0,9,0,3,3,3,2,3,0
6445,0,2024-12-18T17:19:00Z,False,0,?,Fatal,2.0,0.0,0.0,2.0,182,727,1,2406,False,0.25,0,22,15,3,3,5,0,3,1
6446,0,2024-12-18T17:00:00Z,False,0,?,?,0.0,0.0,0.0,0.0,734,248,1,576,False,0.5,0,0,4,3,3,3,2,3,0
6447,1,2024-12-18T05:00:00Z,False,0,?,?,?,?,?,?,179,356,1,1778,False,0.25,0,0,12,0,0,5,0,3,0
6448,0,2024-12-17T16:15:00Z,False,0,?,Fatal,2.0,0.0,0.0,2.0,250,155,1,1369,False,0.125,0,13,0,1,3,4,2,3,1
6449,0,2024-12-16T17:47:00Z,False,0,?,Serious,0.0,1.0,0.0,1.0,179,356,1,576,False,0.25,0,0,12,0,0,9,0,3,0
6450,0,2024-12-16T11:30:00Z,False,0,?,Fatal,1.0,0.0,0.0,1.0,74,611,6,576,False,0.125,0,17,14,3,3,3,2,3,1
6451,0,2024-12-16T10:58:00Z,False,0,4/22/2025 0:00,?,0.0,0.0,0.0,0.0,65,1434,10,2234,False,0.75,1,11,0,3,3,5,1,2,0
6452,0,2024-12-16T10:58:00Z,False,0,4/22/2025 0:00,?,0.0,0.0,0.0,0.0,65,1434,10,2234,False,0.75,1,11,0,3,3,5,1,2,0
6453,0,2024-12-15T12:35:00Z,False,0,?,Minor,0.0,0.0,1.0,1.0,245,1105,1,99,False,0.125,0,15,0,3,0,4,2,3,0
6454,0,2024-12-14T17:00:00Z,False,0,?,Minor,0.0,0.0,4.0,4.0,993,1725,6,576,False,,0,0,13,3,0,3,0,3,0
6455,0,2024-12-14T15:25:00Z,False,0,?,?,0.0,0.0,0.0,0.0,250,71,1,279,False,0.125,0,13,0,2,3,11,2,3,0
6456,0,2024-12-14T13:00:00Z,False,0,?,Fatal,1.0,0.0,0.0,1.0,254,452,1,576,False,0.125,0,0,13,1,0,6,0,3,1
6457,0,2024-12-13T13:09:00Z,False,0,4/22/2025 0:00,?,0.0,0.0,0.0,0.0,250,71,1,2647,False,0.125,0,13,0,3,3,5,1,2,0
6458,0,2024-12-13T12:00:00Z,False,0,?,Fatal,2.0,0.0,0.0,2.0,265,994,1,2451,False,,0,0,13,3,0,6,0,3,1
6459,1,2024-12-13T05:00:00Z,False,0,?,?,?,?,?,?,179,380,0,576,False,,0,0,10,0,0,13,0,0,0
6460,0,2024-12-12T19:46:00Z,False,0,?,Fatal,1.0,1.0,0.0,2.0,335,1523,1,1378,False,0.125,0,15,0,3,3,3,2,3,1
6461,0,2024-12-12T14:15:00Z,False,0,?,Minor,0.0,0.0,1.0,1.0,1315,1252,1,2109,False,0.125,0,13,0,3,3,5,2,3,0
6462,0,2024-12-12T13:10:00Z,False,0,?,Fatal,1.0,0.0,0.0,1.0,896,1659,1,576,False,,0,0,15,3,0,3,0,3,1
6463,0,2024-12-12T12:35:00Z,False,0,?,?,0.0,0.0,0.0,0.0,1296,1690,1,2643,True,0.125,0,15,0,3,3,9,2,3,0
6464,0,2024-12-11T21:00:00Z,False,0,?,?,0.0,0.0,0.0,0.0,250,60,1,1478,False,0.125,0,13,0,3,3,5,2,3,0
6465,0,2024-12-11T19:05:00Z,False,0,3/20/2025 0:00,?,0.0,0.0,0.0,0.0,896,1608,1,1924,False,0.125,5,15,0,3,3,5,1,2,0
6466,0,2024-12-11T16:13:00Z,False,0,?,?,?,?,?,?,250,60,1,1118,False,,0,0,13,2,0,3,0,3,0
6467,0,2024-12-11T16:00:00Z,False,0,1/21/2025 0:00,Serious,0.0,1.0,4.0,1.0,896,1618,1,2762,False,0.25,5,3,0,3,3,1,1,2,0
6468,0,2024-12-11T15:12:00Z,False,0,?,?,0.0,0.0,0.0,0.0,544,552,1,1854,False,0.125,0,3,0,3,3,5,2,3,0
6469,0,2024-12-11T05:00:00Z,False,0,?,?,?,?,?,?,179,356,1,576,False,,0,0,12,3,0,5,0,3,0
6470,0,2024-12-11T03:30:00Z,False,0,?,?,0.0,0.0,0.0,0.0,250,316,1,669,False,0.25,0,16,0,3,1,9,2,3,0
6471,0,2024-12-10T18:30:00Z,False,0,?,Minor,0.0,0.0,1.0,1.0,250,97,1,576,False,,0,0,15,3,0,3,0,3,0
6472,0,2024-12-10T13:10:00Z,False,0,4/22/2025 0:00,Minor,0.0,0.0,2.0,2.0,433,599,6,2528,False,0.125,9,13,14,3,3,6,1,2,0
6473,0,2024-12-10T12:30:00Z,False,0,?,Serious,0.0,1.0,0.0,1.0,1241,1785,1,503,True,0.125,0,15,0,3,3,10,2,3,0
6474,0,2024-12-09T17:30:00Z,False,0,4/2/2025 0:00,?,0.0,0.0,0.0,0.0,250,1660,1,2245,False,0.125,5,13,0,3,3,1,1,2,0
6475,0,2024-12-09T15:20:00Z,False,0,?,?,0.0,0.0,0.0,0.0,250,118,1,576,False,,0,0,13,3,0,10,0,3,0
6476,0,2024-12-09T15:07:00Z,False,0,4/22/2025 0:00,?,0.0,0.0,0.0,0.0,4,467,0,576,True,,0,0,10,0,0,0,0,0,0
6477,0,2024-12-09T14:32:00Z,False,0,?,Fatal,1.0,0.0,0.0,1.0,758,1361,5,401,True,0.125,0,15,0,3,3,4,2,3,1
6478,1,2024-12-08T16:22:00Z,False,0,?,?,?,?,?,?,179,404,1,576,False,,0,0,12,2,0,10,0,3,0
6479,0,2024-12-08T15:00:00Z,False,0,?,?,0.0,0.0,0.0,0.0,179,545,1,2463,False,0.125,0,15,0,3,3,5,2,3,0
6480,0,2024-12-08T13:07:00Z,False,0,?,Serious,0.0,1.0,0.0,1.0,1317,2245,1,576,True,0.125,0,15,0,1,3,13,2,3,0
6481,0,2024-12-08T10:15:00Z,False,0,?,Serious,0.0,2.0,0.0,2.0,250,887,1,576,False,,0,13,6,4,0,10,0,3,0
6482,0,2024-12-07T17:27:00Z,False,0,4/22/2025 0:00,Serious,0.0,1.0,0.0,1.0,1291,859,1,2775,True,0.125,5,15,0,3,3,5,1,2,0
6483,0,2024-12-06T21:06:00Z,False,0,?,Fatal,1.0,0.0,0.0,1.0,1242,1766,1,576,False,0.125,0,15,0,3,3,6,2,3,1
6484,1,2024-12-06T18:39:00Z,False,0,?,?,?,?,?,?,577,1203,1,576,False,,0,0,15,2,0,3,0,3,0
6485,0,2024-12-06T14:35:00Z,False,0,4/22/2025 0:00,Serious,0.0,1.0,1.0,2.0,250,42,1,1908,False,0.125,5,13,0,3,3,1,1,2,0
6486,0,2024-12-06T13:40:00Z,False,0,?,Fatal,1.0,0.0,0.0,1.0,1046,625,4,2851,False,0.0,0,15,0,3,3,1,2,3,1
6487,0,2024-12-05T14:03:00Z,False,0,?,?,0.0,0.0,0.0,0.0,1241,1778,1,576,True,0.125,0,15,0,3,3,3,2,3,0
6488,0,2024-12-05T11:00:00Z,False,0,4/22/2025 0:00,Minor,0.0,0.0,2.0,2.0,4,467,0,576,True,,0,0,10,0,0,0,0,0,0
6489,1,2024-12-05T06:05:00Z,False,0,?,?,0.0,0.0,0.0,0.0,179,1410,1,2533,False,,0,0,13,2,0,5,0,3,0
6490,0,2024-12-05T05:00:00Z,False,0,?,?,?,?,?,?,1221,1832,0,576,False,,0,0,13,0,0,6,0,0,0
6491,0,2024-12-04T15:51:00Z,False,0,?,Fatal,1.0,0.0,0.0,1.0,1203,2162,1,1811,True,0.125,0,6,0,3,3,6,2,3,1
6492,0,2024-12-04T15:20:00Z,False,0,?,?,0.0,0.0,0.0,0.0,250,42,1,576,False,0.125,0,15,0,3,3,3,2,3,0
6493,0,2024-12-04T13:23:00Z,False,0,?,Fatal,1.0,0.0,0.0,1.0,993,1725,0,576,False,,0,1,13,0,0,6,0,0,1
6494,1,2024-12-04T08:15:00Z,False,0,?,?,?,?,?,?,45,527,0,576,False,,0,0,10,0,0,3,0,0,0
6495,0,2024-12-03T05:00:00Z,False,0,?,Serious,0.0,1.0,0.0,1.0,179,427,0,576,False,,0,0,4,0,0,3,2,0,0
6496,0,2024-12-02T16:30:00Z,False,0,?,?,0.0,0.0,0.0,0.0,549,346,1,2474,False,0.25,0,15,0,3,1,1,2,3,0
6497,0,2024-12-02T15:15:00Z,False,0,?,Minor,0.0,0.0,2.0,2.0,250,228,1,576,False,0.25,0,13,13,1,0,13,0,3,0
6498,1,2024-12-02T11:00:00Z,False,0,?,?,?,?,?,?,179,362,1,576,False,,0,0,12,0,0,3,0,3,0
6499,0,2024-12-01T19:21:00Z,False,0,4/1/2025 0:00,?,0.0,0.0,0.0,0.0,896,1608,1,2188,False,0.125,5,13,0,3,3,3,1,2,0
6500,0,2024-12-01T15:38:00Z,False,0,?,?,0.0,0.0,0.0,0.0,69,551,1,75,False,0.125,0,15,0,3,3,4,2,3,0
6501,0,2024-12-01T14:00:00Z,False,0,?,?,0.0,0.0,0.0,0.0,157,230,1,2201,False,0.125,0,15,0,4,3,6,2,3,0
6502,1,2024-12-01T05:00:00Z,False,0,?,?,?,?,?,?,179,356,1,576,False,,0,0,12,0,0,13,0,3,0
6503,1,2024-12-01T04:35:00Z,False,0,?,?,?,?,?,?,45,516,1,576,False,,0,0,12,0,0,3,0,3,0
6504,0,2024-11-30T15:58:00Z,False,0,1/21/2025 0:00,?,0.0,0.0,0.0,0.0,250,28,1,1854,False,0.125,5,13,0,3,3,5,1,2,0
6505,0,2024-11-30T14:40:00Z,False,0,4/22/2025 0:00,Minor,0.0,0.0,4.0,4.0,250,80,1,576,False,0.125,5,15,0,3,3,10,1,2,0
6506,0,2024-11-29T14:05:00Z,False,0,?,?,0.0,0.0,0.0,0.0,250,87,1,576,False,0.125,0,15,0,3,3,5,2,3,0
6507,0,2024-11-28T11:19:00Z,False,0,?,?,0.0,0.0,0.0,0.0,157,701,1,103,False,0.25,0,15,0,3,3,5,2,3,0
6508,0,2024-11-28T11:01:00Z,False,0,?,?,0.0,0.0,0.0,0.0,896,1677,1,1793,False,,0,0,13,3,0,5,0,3,0
6509,0,2024-11-27T19:30:00Z,False,0,?,Fatal,2.0,0.0,0.0,2.0,336,1429,1,576,True,0.125,0,15,0,1,3,3,2,3,1
6510,0,2024-11-27T17:26:00Z,False,0,?,?,0.0,0.0,0.0,0.0,179,356,1,576,False,,0,0,6,3,0,5,0,3,0
6511,0,2024-11-27T14:19:00Z,False,0,?,Serious,0.0,1.0,0.0,1.0,58,754,1,407,False,0.125,0,11,0,3,3,4,2,3,0
6512,1,2024-11-27T05:00:00Z,False,0,?,?,0.0,0.0,0.0,0.0,45,219,1,2515,False,,0,0,6,2,0,10,0,3,0
6513,0,2024-11-27T01:05:00Z,False,0,3/12/2025 0:00,Minor,0.0,0.0,2.0,2.0,250,227,1,1937,False,0.25,5,15,0,3,3,1,1,2,0
6514,0,2024-11-26T19:30:00Z,False,0,4/22/2025 0:00,?,0.0,0.0,0.0,0.0,270,1896,1,1198,False,0.125,7,15,0,3,3,10,1,2,0
6515,0,2024-11-25T19:26:00Z,False,0,?,?,0.0,0.0,0.0,0.0,293,1525,1,754,False,0.25,0,22,8,3,3,11,2,3,0
6516,0,2024-11-25T18:36:00Z,False,0,1/21/2025 0:00,?,0.0,0.0,0.0,0.0,250,28,1,2640,False,0.125,5,13,0,3,3,5,1,2,0
6517,0,2024-11-25T14:55:00Z,False,0,?,Serious,0.0,2.0,0.0,2.0,811,1386,1,1242,False,0.125,0,15,0,3,3,4,2,3,0
6518,0,2024-11-25T13:27:00Z,False,0,?,Fatal,5.0,0.0,0.0,5.0,250,2116,1,1991,False,,0,0,13,3,0,3,0,3,1
6519,2,2024-11-25T05:10:00Z,False,0,?,Fatal,1.0,0.0,0.0,1.0,179,356,0,576,False,,0,0,6,0,0,5,0,0,1
6520,0,2024-11-24T19:09:00Z,False,0,?,Fatal,1.0,0.0,0.0,1.0,811,1387,1,576,False,0.125,0,15,0,3,3,3,2,3,1
6521,0,2024-11-24T17:30:00Z,False,0,?,Minor,0.0,0.0,2.0,2.0,896,1608,1,1266,False,0.125,0,15,0,3,3,10,2,3,0
6522,0,2024-11-24T06:33:00Z,False,0,2/21/2025 0:00,Serious,0.0,1.0,0.0,1.0,896,1594,1,2195,False,0.125,5,15,0,3,3,6,1,2,0
6523,0,2024-11-24T00:00:00Z,False,0,?,Serious,0.0,1.0,0.0,1.0,179,418,0,576,False,,0,0,4,0,0,3,2,0,0
6524,0,2024-11-23T15:40:00Z,False,0,4/22/2025 0:00,?,0.0,0.0,0.0,0.0,250,493,1,576,False,0.125,5,15,0,3,3,5,1,2,0
6525,0,2024-11-23T12:15:00Z,False,0,?,Fatal,2.0,1.0,0.0,3.0,250,115,1,576,False,0.125,0,17,14,1,3,6,2,3,1
6526,0,2024-11-22T17:25:00Z,False,0,?,Fatal,2.0,0.0,0.0,2.0,896,1594,1,576,False,,0,0,13,1,0,3,0,3,1
6527,0,2024-11-22T12:45:00Z,False,0,?,Fatal,1.0,1.0,0.0,2.0,24,605,6,576,False,,0,0,13,3,0,6,0,3,1
6528,0,2024-11-21T13:10:00Z,False,0,?,?,0.0,0.0,0.0,0.0,160,145,6,1730,False,0.125,0,15,0,3,0,5,2,3,0
6529,0,2024-11-20T19:46:00Z,False,0,?,Serious,0.0,2.0,0.0,2.0,423,1032,1,576,False,0.25,0,0,4,0,0,3,2,3,0
6530,0,2024-11-20T16:53:00Z,False,0,?,?,0.0,0.0,0.0,0.0,599,842,1,885,True,0.125,0,15,0,3,3,10,2,3,0
6531,0,2024-11-20T14:30:00Z,False,0,?,Serious,0.0,1.0,0.0,1.0,77,799,4,483,False,0.125,0,15,0,3,3,3,2,3,0
6532,0,2024-11-20T06:20:00Z,False,0,?,Fatal,1.0,0.0,0.0,1.0,250,118,1,576,False,0.125,0,0,13,3,0,3,0,3,1
6533,0,2024-11-19T19:51:00Z,False,0,?,Minor,0.0,0.0,2.0,2.0,250,77,1,843,False,0.125,0,13,0,3,1,4,2,3,0
6534,0,2024-11-19T10:30:00Z,False,0,4/22/2025 0:00,?,0.0,0.0,0.0,0.0,100,475,1,2552,False,0.125,5,15,0,3,3,10,1,2,0
6535,2,2024-11-19T05:00:00Z,False,0,?,?,?,?,?,?,179,404,1,576,False,,0,0,6,4,0,5,0,3,0
6536,0,2024-11-18T18:35:00Z,False,0,?,Serious,0.0,1.0,0.0,1.0,179,396,0,576,False,,0,0,4,0,0,3,2,0,0
6537,0,2024-11-18T17:30:00Z,False,0,?,?,0.0,0.0,0.0,0.0,179,545,1,576,False,0.125,0,15,0,3,3,3,2,3,0
6538,0,2024-11-18T16:30:00Z,False,0,?,Minor,0.0,0.0,1.0,1.0,651,1270,1,576,True,0.125,0,15,0,3,3,10,2,3,0
6539,0,2024-11-18T15:35:00Z,False,0,?,?,?,?,?,?,250,1720,1,1833,False,0.125,0,15,0,3,0,5,2,3,0
6540,0,2024-11-18T13:21:00Z,False,0,?,Serious,0.0,3.0,0.0,3.0,157,536,1,1004,False,0.125,0,15,0,3,0,1,2,3,0
6541,0,2024-11-18T10:53:00Z,False,0,?,?,0.0,0.0,0.0,0.0,781,239,6,576,False,,0,0,13,3,0,6,0,3,0
6542,0,2024-11-18T05:00:00Z,False,0,?,Minor,0.0,0.0,2.0,2.0,781,298,0,576,False,,0,0,10,0,0,11,0,0,0
6543,0,2024-11-17T18:45:00Z,False,0,?,?,0.0,0.0,0.0,0.0,193,742,1,1259,False,0.125,0,15,0,3,3,5,2,3,0
6544,0,2024-11-17T15:15:00Z,False,0,?,?,0.0,0.0,0.0,0.0,908,1826,1,142,True,0.125,0,15,0,3,3,6,2,3,0
6545,0,2024-11-17T14:20:00Z,False,0,4/22/2025 0:00,?,0.0,0.0,0.0,0.0,664,715,1,2231,True,0.125,5,15,0,3,3,5,1,2,0
6546,0,2024-11-17T14:10:00Z,False,0,4/22/2025 0:00,?,0.0,0.0,0.0,0.0,250,1177,1,2274,False,0.125,5,13,0,2,3,11,1,2,0
6547,0,2024-11-17T13:11:00Z,False,0,4/22/2025 0:00,?,0.0,0.0,0.0,0.0,270,1960,1,1661,False,0.125,5,15,0,3,3,5,1,2,0
6548,0,2024-11-17T12:50:00Z,False,0,?,Fatal,3.0,0.0,0.0,3.0,250,60,1,1798,False,,0,0,13,1,0,13,0,3,1
6549,0,2024-11-17T12:10:00Z,False,0,?,Serious,0.0,1.0,3.0,4.0,896,1622,1,1657,False,0.125,0,15,0,3,3,1,2,3,0
6550,0,2024-11-17T10:45:00Z,False,0,?,?,0.0,0.0,0.0,0.0,183,848,1,1615,False,0.25,0,0,1,3,3,11,2,3,0
6551,0,2024-11-17T10:30:00Z,False,0,?,Minor,0.0,0.0,1.0,1.0,250,68,1,2890,False,0.125,0,15,0,3,3,3,2,3,0
6552,1,2024-11-16T21:10:00Z,False,0,?,?,?,?,?,?,45,518,1,576,False,0.25,0,0,6,0,0,1,0,3,0
6553,0,2024-11-15T17:39:00Z,False,0,?,?,0.0,0.0,0.0,0.0,896,1583,1,292,False,0.25,0,13,0,3,3,4,2,3,0
6554,0,2024-11-15T17:39:00Z,False,0,?,?,0.0,0.0,0.0,0.0,380,913,1,948,False,0.25,0,9,0,3,3,5,2,3,0
6555,0,2024-11-15T17:15:00Z,False,0,4/22/2025 0:00,Serious,0.0,1.0,0.0,1.0,1029,972,5,576,True,0.125,5,15,0,3,3,6,1,2,0
6556,0,2024-11-15T14:30:00Z,False,0,?,Minor,0.0,0.0,1.0,1.0,896,1584,1,2035,False,0.25,0,0,13,3,0,5,0,3,0
6557,0,2024-11-15T11:00:00Z,False,0,?,Fatal,1.0,0.0,0.0,1.0,157,232,1,576,False,0.125,0,15,0,1,3,13,2,3,1
6558,0,2024-11-15T10:45:00Z,False,0,?,Serious,0.0,2.0,0.0,2.0,179,427,0,576,False,,0,0,4,0,0,3,2,0,0
6559,0,2024-11-15T10:03:00Z,False,0,?,?,0.0,0.0,0.0,0.0,367,948,1,775,False,0.25,0,14,8,3,3,5,2,3,0
6560,0,2024-11-15T05:47:00Z,False,0,4/22/2025 0:00,?,0.0,0.0,0.0,0.0,1009,1054,6,641,True,0.125,5,15,0,3,3,6,1,2,0
6561,0,2024-11-14T13:18:00Z,False,0,?,?,0.0,0.0,0.0,0.0,261,816,1,2298,True,0.125,0,15,0,3,3,5,2,3,0
6562,0,2024-11-14T11:45:00Z,False,0,?,Fatal,1.0,0.0,0.0,1.0,39,657,1,2888,False,,0,0,13,3,0,6,0,3,1
6563,0,2024-11-14T08:04:00Z,False,0,?,?,0.0,0.0,0.0,0.0,250,68,1,2779,False,0.125,0,15,0,3,3,10,2,3,0
6564,0,2024-11-13T15:16:00Z,False,0,4/22/2025 0:00,?,0.0,0.0,0.0,0.0,896,1660,1,1147,False,0.125,5,15,0,3,3,5,1,2,0
6565,0,2024-11-13T12:30:00Z,False,0,?,Minor,0.0,0.0,1.0,1.0,996,1724,6,576,False,0.125,0,13,0,3,3,5,2,3,0
6566,0,2024-11-13T11:15:00Z,False,0,1/3/2025 0:00,?,0.0,0.0,0.0,0.0,92,1775,1,991,True,0.125,5,15,0,3,3,5,1,2,0
6567,2,2024-11-13T05:00:00Z,False,0,?,?,?,?,?,?,179,356,1,576,False,,0,0,6,0,0,3,0,3,0
6568,0,2024-11-12T20:20:00Z,False,0,?,Serious,0.0,1.0,0.0,1.0,160,140,6,576,False,,0,0,13,4,0,10,0,3,0
6569,1,2024-11-11T15:51:00Z,False,0,?,?,0.0,0.0,0.0,0.0,179,356,0,576,False,,0,0,6,0,0,10,0,0,0
6570,0,2024-11-11T15:40:00Z,False,0,2/21/2025 0:00,Minor,0.0,0.0,1.0,1.0,333,1479,6,576,True,0.125,5,15,0,3,3,6,1,2,0
6571,0,2024-11-11T11:50:00Z,False,0,2/12/2025 0:00,?,0.0,0.0,0.0,0.0,163,305,6,2382,False,0.125,9,13,0,3,3,2,1,2,0
6572,1,2024-11-11T07:25:00Z,False,0,?,?,?,?,?,?,179,424,1,576,False,,0,0,6,2,0,8,0,3,0
6573,0,2024-11-11T05:50:00Z,False,0,?,Fatal,2.0,0.0,0.0,2.0,250,60,0,576,False,,0,0,10,0,0,13,0,0,1
6574,1,2024-11-10T22:41:00Z,False,0,?,?,?,?,?,?,179,355,0,576,False,,0,0,12,0,0,10,0,0,0
6575,0,2024-11-09T20:03:00Z,False,0,4/2/2025 0:00,?,0.0,0.0,0.0,0.0,1052,185,6,576,False,0.125,5,15,0,3,3,13,1,2,0
6576,0,2024-11-09T13:55:00Z,False,0,1/21/2025 0:00,?,0.0,0.0,0.0,0.0,250,45,1,2855,False,0.125,5,13,0,1,3,1,1,2,0
6577,0,2024-11-09T12:04:00Z,False,0,4/22/2025 0:00,?,0.0,0.0,0.0,0.0,250,212,1,2705,False,0.25,5,6,0,3,3,11,1,2,0
6578,0,2024-11-09T12:02:00Z,False,0,4/22/2025 0:00,?,0.0,0.0,0.0,0.0,468,1770,1,1190,True,0.125,5,15,0,3,3,3,1,2,0
6579,0,2024-11-09T04:40:00Z,False,0,?,?,0.0,0.0,0.0,0.0,179,356,0,576,False,,0,0,12,0,0,1,0,0,0
6580,1,2024-11-09T02:02:00Z,False,0,?,?,0.0,0.0,0.0,0.0,45,518,1,576,False,0.25,0,0,12,0,0,3,0,3,0
6581,1,2024-11-08T17:44:00Z,False,0,?,?,0.0,0.0,0.0,0.0,45,516,1,1748,False,0.25,0,0,12,0,0,10,0,3,0
6582,0,2024-11-08T14:15:00Z,False,0,1/23/2025 0:00,Minor,0.0,0.0,1.0,1.0,1241,1786,1,48,True,0.125,5,15,0,3,3,5,1,2,0
6583,0,2024-11-08T14:00:00Z,False,0,4/21/2025 0:00,?,0.0,0.0,0.0,0.0,4,467,0,576,True,,0,0,10,0,0,0,0,0,0
6584,0,2024-11-07T15:20:00Z,False,0,?,Minor,0.0,0.0,2.0,2.0,896,1666,1,576,False,,0,0,13,3,0,3,0,3,0
6585,0,2024-11-07T13:53:00Z,False,0,?,?,0.0,0.0,0.0,0.0,250,1529,1,870,False,0.125,0,13,0,3,3,5,2,3,0
6586,0,2024-11-07T09:37:00Z,False,0,?,?,0.0,0.0,0.0,0.0,996,1727,6,576,False,0.125,0,8,7,3,3,6,2,3,0
6587,0,2024-11-07T07:42:00Z,False,0,4/22/2025 0:00,?,0.0,0.0,0.0,0.0,1183,77,1,1658,False,0.125,5,13,0,3,3,11,1,2,0
6588,0,2024-11-06T18:27:00Z,False,0,1/23/2025 0:00,?,0.0,0.0,0.0,0.0,579,1138,1,828,False,0.25,5,15,0,3,3,5,1,2,0
6589,0,2024-11-06T16:55:00Z,False,0,?,Minor,0.0,0.0,1.0,1.0,364,938,1,367,False,0.125,0,15,0,3,3,1,2,3,0
6590,0,2024-11-06T16:00:00Z,False,0,?,?,?,?,?,?,1074,1881,0,576,False,,0,0,10,0,0,13,0,0,0
6591,0,2024-11-06T11:15:00Z,False,0,4/22/2025 0:00,?,0.0,0.0,0.0,0.0,250,102,1,576,False,0.125,5,15,0,3,3,5,1,2,0
6592,0,2024-11-05T17:39:00Z,False,0,?,Fatal,5.0,1.0,0.0,5.0,600,1194,1,1198,False,0.25,0,15,0,1,3,10,2,3,1
6593,0,2024-11-05T14:00:00Z,False,0,1/21/2025 0:00,Minor,0.0,0.0,1.0,1.0,605,241,6,688,False,0.125,9,8,7,3,3,6,1,2,0
6594,1,2024-11-05T02:45:00Z,False,0,?,Minor,0.0,0.0,5.0,5.0,179,356,1,576,False,0.25,0,0,12,0,0,9,0,3,0
6595,1,2024-11-04T16:15:00Z,False,0,?,?,?,?,?,?,1078,1818,0,576,False,,0,0,13,0,0,4,0,0,0
6596,0,2024-11-03T15:00:00Z,False,0,1/21/2025 0:00,?,0.0,0.0,0.0,0.0,370,2163,1,371,True,0.125,5,15,0,3,3,5,1,2,0
6597,1,2024-11-03T10:23:00Z,False,0,?,?,0.0,0.0,0.0,0.0,894,1683,0,576,False,,0,0,10,0,0,3,0,0,0
6598,0,2024-11-03T09:00:00Z,False,0,3/27/2025 0:00,Serious,0.0,1.0,0.0,1.0,179,409,1,576,False,0.25,6,0,4,0,3,3,1,2,0
6599,0,2024-11-02T14:36:00Z,False,0,?,Serious,0.0,1.0,0.0,1.0,302,813,1,2214,False,0.125,0,20,0,3,3,10,2,3,0
6600,0,2024-11-02T10:15:00Z,False,0,?,Minor,0.0,0.0,2.0,2.0,78,1301,1,2733,True,0.125,0,13,0,3,3,4,2,3,0
6601,1,2024-11-02T04:00:00Z,False,0,?,?,?,?,?,?,179,424,1,576,False,0.25,0,0,6,0,0,3,0,3,0
6602,0,2024-11-01T21:06:00Z,False,0,?,Fatal,3.0,0.0,0.0,3.0,996,1727,6,576,False,0.125,0,15,0,1,3,13,2,3,1
6603,0,2024-10-31T18:37:00Z,False,0,?,Fatal,1.0,0.0,0.0,1.0,250,37,1,576,False,0.125,0,15,0,1,2,3,2,3,1
6604,0,2024-10-31T16:20:00Z,False,0,?,?,0.0,0.0,0.0,0.0,896,1622,1,2280,False,0.125,0,15,0,3,3,3,2,3,0
6605,0,2024-10-31T10:00:00Z,False,0,1/21/2025 0:00,Minor,0.0,0.0,2.0,2.0,250,123,1,527,False,0.125,5,15,0,3,3,5,1,2,0
6606,1,2024-10-30T18:35:00Z,False,0,?,?,?,?,?,?,179,370,0,576,False,,0,0,10,0,3,1,2,0,0
6607,0,2024-10-29T16:45:00Z,False,0,?,Serious,0.0,1.0,6.0,7.0,346,2075,1,1656,False,0.125,0,15,0,3,3,10,2,3,0
6608,0,2024-10-29T14:26:00Z,False,0,?,Fatal,1.0,0.0,0.0,1.0,157,319,1,576,False,0.25,0,15,0,1,3,3,2,3,1
6609,0,2024-10-29T11:00:00Z,False,0,?,?,0.0,0.0,0.0,0.0,39,652,0,576,False,,0,0,10,0,0,10,0,0,0
6610,0,2024-10-29T04:00:00Z,False,0,?,?,?,?,?,?,45,511,0,576,False,,0,0,4,0,0,5,2,0,0
6611,0,2024-10-28T11:10:00Z,False,0,?,Serious,0.0,1.0,0.0,1.0,179,356,1,576,False,,0,0,6,0,0,9,0,3,0
6612,1,2024-10-28T09:05:00Z,False,0,?,?,0.0,0.0,0.0,0.0,179,380,1,576,False,,0,0,12,2,0,4,0,3,0
6613,0,2024-10-27T17:55:00Z,False,0,2/21/2025 0:00,?,0.0,0.0,0.0,0.0,157,536,1,207,False,0.125,5,15,0,3,3,5,1,2,0
6614,0,2024-10-27T17:55:00Z,False,0,?,Fatal,2.0,0.0,0.0,2.0,196,967,7,2298,False,0.125,0,15,0,3,3,5,2,3,1
6615,0,2024-10-27T17:12:00Z,False,0,?,?,0.0,0.0,0.0,0.0,270,1958,1,2483,False,0.125,0,13,0,1,3,4,2,3,0
6616,0,2024-10-27T14:35:00Z,False,0,1/21/2025 0:00,?,0.0,0.0,0.0,0.0,162,149,6,576,False,0.125,9,16,8,3,3,3,1,2,0
6617,0,2024-10-27T12:15:00Z,False,0,4/1/2025 0:00,Minor,0.0,0.0,1.0,1.0,301,800,1,2136,True,0.125,5,15,0,1,3,4,1,2,0
6618,0,2024-10-27T11:30:00Z,False,0,?,?,0.0,0.0,0.0,0.0,896,1660,1,334,False,0.125,0,13,0,3,3,5,2,3,0
6619,0,2024-10-27T09:15:00Z,False,0,?,Minor,0.0,0.0,1.0,1.0,206,2187,1,576,True,0.125,0,15,0,3,3,3,2,3,0
6620,0,2024-10-27T08:30:00Z,False,0,4/1/2025 0:00,Minor,0.0,0.0,1.0,1.0,994,1722,6,1854,False,0.125,5,15,0,3,3,10,1,2,0
6621,1,2024-10-27T07:15:00Z,False,0,?,?,?,?,?,?,45,527,1,576,False,,0,0,12,0,0,3,0,3,0
6622,0,2024-10-27T04:00:00Z,False,0,?,Serious,0.0,5.0,0.0,5.0,250,228,1,576,False,0.25,0,0,13,1,0,1,0,3,0
6623,0,2024-10-27T04:00:00Z,False,0,?,?,0.0,0.0,0.0,0.0,99,485,1,576,False,0.125,0,15,0,3,3,5,2,3,0
6624,0,2024-10-26T14:40:00Z,False,0,?,Fatal,1.0,0.0,0.0,1.0,250,112,1,1511,False,0.125,0,21,0,0,3,9,2,3,1
6625,0,2024-10-26T14:05:00Z,False,0,?,?,?,?,?,?,1123,1312,1,2235,False,0.125,0,15,0,3,3,5,2,3,0
6626,0,2024-10-26T11:55:00Z,False,0,1/21/2025 0:00,?,0.0,0.0,0.0,0.0,250,2049,1,1223,False,0.125,5,15,0,3,3,5,1,2,0
6627,0,2024-10-26T10:04:00Z,False,0,?,?,0.0,0.0,0.0,0.0,250,32,1,576,False,0.125,0,15,0,3,3,3,2,3,0
6628,0,2024-10-26T08:45:00Z,False,0,?,?,0.0,0.0,0.0,0.0,1262,941,1,576,False,,0,0,13,3,0,5,0,3,0
6629,0,2024-10-26T04:00:00Z,False,0,?,Fatal,1.0,0.0,0.0,1.0,250,111,1,576,False,,0,0,13,1,0,13,0,3,1
6630,0,2024-10-25T15:45:00Z,False,0,4/22/2025 0:00,Minor,0.0,0.0,1.0,1.0,896,1558,1,576,False,0.125,5,15,0,3,3,5,1,2,0
6631,0,2024-10-25T12:30:00Z,False,0,4/22/2025 0:00,?,0.0,0.0,0.0,0.0,383,1772,1,1711,True,0.125,5,13,0,3,3,5,1,2,0
6632,0,2024-10-25T11:30:00Z,False,0,?,?,0.0,0.0,0.0,0.0,896,1655,1,576,False,0.125,0,15,0,3,3,5,2,3,0
6633,0,2024-10-25T11:30:00Z,False,0,?,Serious,0.0,1.0,0.0,0.0,14,632,1,2832,False,0.125,0,13,0,2,3,5,2,3,0
6634,1,2024-10-25T05:43:00Z,False,0,?,?,?,?,?,?,179,424,1,576,False,,0,0,12,2,0,8,0,3,0
6635,1,2024-10-25T04:00:00Z,False,0,?,?,?,?,?,?,179,356,0,576,False,,0,0,10,0,0,4,0,0,0
6636,0,2024-10-24T15:35:00Z,False,0,?,?,0.0,0.0,0.0,0.0,250,32,1,1813,False,0.125,0,15,0,3,3,3,2,3,0
6637,0,2024-10-24T13:45:00Z,False,0,1/21/2025 0:00,?,0.0,0.0,0.0,0.0,270,1958,1,576,False,0.125,5,15,0,3,3,3,1,2,0
6638,0,2024-10-24T08:50:00Z,False,0,2/21/2025 0:00,?,0.0,0.0,0.0,0.0,250,73,1,1219,False,0.125,5,13,0,3,3,10,1,2,0
6639,0,2024-10-24T04:00:00Z,False,0,?,Fatal,8.0,0.0,0.0,8.0,1078,1851,0,576,False,,0,0,10,0,0,1,0,0,1
6640,0,2024-10-24T04:00:00Z,False,0,?,?,?,?,?,?,179,376,0,576,False,,0,0,4,0,0,5,2,0,0
6641,2,2024-10-22T15:13:00Z,False,0,?,?,?,?,?,?,1216,1138,0,576,False,,0,0,10,0,0,10,0,0,0
6642,0,2024-10-22T04:00:00Z,False,0,?,Fatal,1.0,0.0,0.0,1.0,250,42,1,576,False,,0,0,13,3,0,13,0,3,1
6643,0,2024-10-21T15:45:00Z,False,0,1/3/2025 0:00,Minor,0.0,0.0,1.0,1.0,250,32,1,306,False,0.125,5,15,0,3,3,5,1,2,0
6644,0,2024-10-21T14:08:00Z,False,0,1/21/2025 0:00,?,0.0,0.0,0.0,0.0,179,545,1,1484,False,0.125,5,15,0,3,3,5,1,2,0
6645,0,2024-10-21T11:00:00Z,False,0,2/21/2025 0:00,?,0.0,0.0,0.0,0.0,179,544,1,991,False,0.125,5,15,0,3,3,4,1,2,0
6646,1,2024-10-21T07:05:00Z,False,0,?,?,0.0,0.0,0.0,0.0,179,356,1,1269,False,,0,0,12,0,0,5,0,3,0
6647,1,2024-10-21T04:52:00Z,False,0,?,?,?,?,?,?,179,424,1,576,False,,0,0,12,2,0,5,0,3,0
6648,0,2024-10-20T19:51:00Z,False,0,?,Fatal,4.0,0.0,0.0,4.0,993,1725,6,576,False,0.125,0,6,0,1,3,6,2,3,1
6649,0,2024-10-20T16:22:00Z,False,0,4/8/2025 0:00,?,0.0,0.0,0.0,0.0,1065,1209,1,1089,True,0.125,5,15,0,3,3,5,1,2,0
6650,0,2024-10-20T16:00:00Z,False,0,?,Fatal,2.0,0.0,0.0,2.0,512,1327,1,908,True,0.125,0,15,0,3,3,6,2,3,1
6651,0,2024-10-20T14:24:00Z,False,0,?,Fatal,1.0,0.0,0.0,1.0,458,988,1,1832,False,0.125,0,4,0,1,3,6,2,3,1
6652,0,2024-10-20T12:54:00Z,False,0,1/3/2025 0:00,?,0.0,0.0,0.0,0.0,157,321,1,1457,False,0.25,5,15,0,3,3,5,1,2,0
6653,1,2024-10-19T21:50:00Z,False,0,?,?,?,?,?,?,381,910,1,1773,False,0.25,0,15,0,0,3,5,2,3,0
6654,0,2024-10-19T17:20:00Z,False,0,?,?,0.0,0.0,0.0,0.0,250,493,1,2882,False,0.125,0,13,0,3,3,5,2,3,0
6655,0,2024-10-19T16:30:00Z,False,0,3/20/2025 0:00,?,0.0,0.0,0.0,0.0,908,1806,1,2298,False,0.125,5,15,0,3,3,5,1,2,0
6656,0,2024-10-19T14:00:00Z,False,0,2/21/2025 0:00,?,0.0,0.0,0.0,0.0,759,1393,5,175,True,0.125,5,15,0,3,3,10,1,2,0
6657,0,2024-10-19T14:00:00Z,False,0,?,?,?,?,?,?,1015,1491,1,484,False,0.125,0,15,0,3,0,10,2,3,0
6658,0,2024-10-19T14:00:00Z,False,0,?,?,0.0,0.0,0.0,0.0,581,1777,1,576,True,0.125,0,15,0,3,3,3,2,3,0
6659,0,2024-10-19T12:30:00Z,False,0,?,?,?,?,?,?,896,1557,1,2298,False,0.125,0,15,0,3,0,5,2,3,0
6660,1,2024-10-19T11:15:00Z,False,0,?,?,0.0,0.0,0.0,0.0,179,411,1,576,False,0.25,0,0,6,0,0,10,0,3,0
6661,0,2024-10-18T18:26:00Z,False,0,?,Fatal,1.0,0.0,0.0,1.0,250,32,1,1315,False,0.125,0,15,0,3,0,5,2,3,1
6662,0,2024-10-18T08:13:00Z,False,0,?,?,?,?,?,?,45,523,1,1080,False,0.25,0,0,12,3,0,5,0,3,0
6663,0,2024-10-17T19:00:00Z,False,0,1/21/2025 0:00,?,0.0,0.0,0.0,0.0,474,877,1,2475,False,0.125,5,15,0,3,3,5,1,2,0
6664,0,2024-10-17T16:00:00Z,False,0,2/21/2025 0:00,?,0.0,0.0,0.0,0.0,1165,1051,1,594,False,0.25,8,15,0,3,3,13,1,2,0
6665,0,2024-10-17T15:15:00Z,False,0,4/2/2025 0:00,?,0.0,0.0,0.0,0.0,1327,326,1,645,True,0.125,5,15,0,3,3,4,1,2,0
6666,0,2024-10-17T14:30:00Z,False,0,?,?,0.0,0.0,0.0,0.0,812,1388,1,1835,False,0.125,0,15,0,3,3,5,2,3,0
6667,0,2024-10-17T14:30:00Z,False,0,4/22/2025 0:00,?,0.0,0.0,0.0,0.0,1183,2038,1,2677,False,0.125,5,15,0,3,3,10,1,2,0
6668,0,2024-10-17T10:43:00Z,False,0,1/21/2025 0:00,?,0.0,0.0,0.0,0.0,607,1055,6,2264,True,0.125,5,15,0,3,3,5,1,2,0
6669,0,2024-10-17T09:47:00Z,False,0,?,Minor,0.0,0.0,3.0,3.0,896,1626,1,576,False,0.125,0,15,0,3,3,3,2,3,0
6670,0,2024-10-17T07:30:00Z,False,0,4/8/2025 0:00,?,0.0,0.0,0.0,0.0,236,482,2,576,False,0.0,4,6,0,3,3,1,1,2,0
6671,0,2024-10-16T17:00:00Z,False,0,11/19/2024 0:00,?,0.0,0.0,0.0,0.0,157,319,1,990,False,0.25,5,7,0,3,3,5,1,2,0
6672,1,2024-10-16T14:27:00Z,False,0,?,?,0.0,0.0,0.0,0.0,179,356,1,2822,False,,0,0,6,2,0,11,0,3,0
6673,0,2024-10-16T12:15:00Z,False,0,4/22/2025 0:00,Minor,0.0,0.0,3.0,3.0,250,97,1,322,False,0.125,5,15,0,3,3,5,1,2,0
6674,0,2024-10-16T11:10:00Z,False,0,?,?,0.0,0.0,0.0,0.0,896,1597,1,818,False,0.125,0,15,0,3,3,4,2,3,0
6675,0,2024-10-16T09:16:00Z,False,0,?,Fatal,2.0,0.0,0.0,2.0,862,1935,1,1052,False,,0,0,13,1,0,10,0,3,1
6676,0,2024-10-16T08:18:00Z,False,0,1/3/2025 0:00,?,0.0,0.0,0.0,0.0,896,1613,1,2080,False,0.25,5,15,0,3,3,5,1,2,0
6677,0,2024-10-15T15:14:00Z,False,0,?,Fatal,1.0,0.0,0.0,1.0,956,1821,1,576,False,0.125,0,11,0,1,3,1,2,3,1
6678,1,2024-10-15T04:00:00Z,False,0,?,?,?,?,?,?,182,1188,0,576,False,,0,0,10,0,0,3,0,0,0
6679,1,2024-10-14T07:30:00Z,False,0,?,?,?,?,?,?,179,416,1,576,False,,0,0,12,0,0,5,0,3,0
6680,0,2024-10-13T22:30:00Z,False,0,?,Fatal,1.0,0.0,1.0,2.0,250,224,1,2595,False,0.25,0,15,0,3,3,1,2,3,1
6681,0,2024-10-13T16:20:00Z,False,0,4/8/2025 0:00,?,0.0,0.0,0.0,0.0,656,1732,1,576,True,0.125,5,15,0,3,3,10,1,2,0
6682,0,2024-10-13T14:10:00Z,False,0,4/8/2025 0:00,?,0.0,0.0,0.0,0.0,250,85,1,471,False,0.125,5,15,0,3,3,5,1,2,0
6683,0,2024-10-13T11:40:00Z,False,0,4/21/2025 0:00,Minor,0.0,0.0,2.0,2.0,250,87,1,576,False,0.125,5,15,0,4,3,6,1,2,0
6684,0,2024-10-12T15:18:00Z,False,0,4/22/2025 0:00,?,0.0,0.0,0.0,0.0,250,492,1,718,False,0.125,5,15,0,3,3,5,1,2,0
6685,0,2024-10-12T14:32:00Z,False,0,2/21/2025 0:00,Serious,0.0,2.0,1.0,3.0,250,97,1,2832,False,0.125,5,15,0,3,3,5,1,2,0
6686,0,2024-10-12T11:15:00Z,False,0,?,?,0.0,0.0,0.0,0.0,250,308,1,576,False,,0,0,13,3,0,5,0,3,0
6687,0,2024-10-12T11:00:00Z,False,0,1/21/2025 0:00,?,0.0,0.0,0.0,0.0,771,1401,1,366,False,0.125,5,15,0,3,3,5,1,2,0
6688,0,2024-10-12T08:15:00Z,False,0,4/8/2025 0:00,?,0.0,0.0,0.0,0.0,731,446,2,576,False,0.0,0,15,0,3,3,5,1,2,0
6689,1,2024-10-12T04:00:00Z,False,0,?,?,?,?,?,?,179,356,1,576,False,0.25,0,0,12,0,0,5,0,3,0
6690,0,2024-10-11T18:40:00Z,False,0,?,?,0.0,0.0,0.0,0.0,99,485,1,366,False,0.125,0,15,0,3,3,5,2,3,0
6691,0,2024-10-11T18:20:00Z,False,0,?,Serious,0.0,1.0,3.0,2.0,896,1593,1,1818,False,0.125,0,13,0,3,3,3,2,3,0
6692,0,2024-10-11T18:15:00Z,False,0,1/21/2025 0:00,?,0.0,0.0,0.0,0.0,386,923,1,576,True,0.125,5,15,0,3,3,3,1,2,0
6693,0,2024-10-11T16:50:00Z,False,0,4/2/2025 0:00,Minor,0.0,0.0,2.0,2.0,1009,1045,6,797,True,0.125,5,13,0,3,3,1,1,2,0
6694,0,2024-10-11T16:47:00Z,False,0,4/2/2025 0:00,?,0.0,0.0,0.0,0.0,1141,1183,1,2804,True,0.125,5,15,0,3,3,1,1,2,0
6695,0,2024-10-11T15:10:00Z,False,0,?,Fatal,1.0,0.0,0.0,1.0,39,655,1,576,False,,0,0,13,1,0,3,0,3,1
6696,0,2024-10-11T14:10:00Z,False,0,4/8/2025 0:00,?,0.0,0.0,0.0,0.0,521,1967,4,45,False,0.0,0,15,0,3,3,1,1,2,0
6697,0,2024-10-10T14:24:00Z,False,0,3/13/2025 0:00,?,0.0,0.0,0.0,0.0,896,1613,1,2478,False,0.25,5,13,0,3,3,5,1,2,0
6698,0,2024-10-09T17:34:00Z,False,0,1/21/2025 0:00,?,0.0,0.0,0.0,0.0,1321,325,1,2540,True,0.125,5,15,0,3,3,5,1,2,0
6699,0,2024-10-09T16:00:00Z,False,0,4/8/2025 0:00,?,0.0,0.0,0.0,0.0,427,188,6,576,False,0.125,5,1,9,3,3,6,1,2,0
6700,0,2024-10-09T08:05:00Z,False,0,4/8/2025 0:00,Serious,0.0,1.0,0.0,1.0,236,2237,2,576,False,0.0,4,15,0,2,3,5,1,2,0
6701,0,2024-10-09T04:00:00Z,False,0,?,?,0.0,0.0,0.0,0.0,157,130,1,576,False,,0,0,13,3,0,3,0,3,0
6702,0,2024-10-08T20:05:00Z,False,0,?,Fatal,5.0,0.0,0.0,5.0,157,461,1,576,False,0.25,0,15,0,3,2,4,2,3,1
6703,0,2024-10-08T14:55:00Z,False,0,1/21/2025 0:00,?,0.0,0.0,0.0,0.0,250,60,1,1818,False,0.125,5,15,0,3,3,5,1,2,0
6704,0,2024-10-08T14:00:00Z,False,0,1/21/2025 0:00,?,0.0,0.0,0.0,0.0,40,650,1,576,False,0.125,8,10,9,3,3,5,1,2,0
6705,0,2024-10-08T12:35:00Z,False,0,4/1/2025 0:00,?,0.0,0.0,0.0,0.0,811,1385,1,2840,False,0.125,5,15,0,3,3,4,1,2,0
6706,0,2024-10-08T10:55:00Z,False,0,3/12/2025 0:00,Serious,0.0,1.0,0.0,1.0,946,1168,1,2681,True,0.125,5,15,0,3,3,4,1,2,0
6707,0,2024-10-08T10:30:00Z,False,0,4/9/2025 0:00,?,0.0,0.0,0.0,0.0,39,655,1,2298,False,0.125,8,1,9,3,3,1,1,2,0
6708,0,2024-10-08T07:45:00Z,False,0,?,?,0.0,0.0,0.0,0.0,896,1635,1,576,False,0.125,0,1,9,3,3,6,2,3,0
6709,0,2024-10-08T04:30:00Z,False,0,4/8/2025 0:00,Minor,0.0,0.0,1.0,1.0,36,671,6,576,False,0.25,9,6,8,3,3,5,1,2,0
6710,0,2024-10-08T04:00:00Z,False,0,?,Minor,0.0,0.0,1.0,1.0,250,2116,1,576,False,,0,0,15,1,0,3,0,3,0
6711,0,2024-10-07T19:39:00Z,False,0,?,Fatal,1.0,0.0,0.0,1.0,157,792,1,2133,False,0.25,0,6,8,1,3,13,2,3,1
6712,0,2024-10-07T18:15:00Z,False,0,?,?,0.0,0.0,0.0,0.0,896,1581,1,576,False,0.125,0,15,0,4,0,5,2,3,0
6713,0,2024-10-07T17:35:00Z,False,0,?,Fatal,3.0,0.0,0.0,3.0,160,150,6,2892,False,0.125,0,6,8,1,3,6,2,3,1
6714,0,2024-10-07T16:00:00Z,False,0,3/20/2025 0:00,Serious,0.0,2.0,0.0,2.0,1007,808,5,1552,False,0.125,5,15,0,3,3,6,1,2,0
6715,0,2024-10-07T12:40:00Z,False,0,?,Fatal,1.0,0.0,0.0,1.0,254,435,1,576,False,0.125,0,15,0,3,3,3,2,3,1
6716,0,2024-10-07T08:45:00Z,False,0,?,?,0.0,0.0,0.0,0.0,421,298,1,576,False,,0,0,13,2,0,3,0,3,0
6717,0,2024-10-07T08:15:00Z,False,0,?,Minor,0.0,0.0,1.0,1.0,896,1659,1,576,False,,0,0,13,3,0,3,0,3,0
6718,0,2024-10-07T07:03:00Z,False,0,?,Fatal,2.0,0.0,0.0,2.0,270,1959,0,576,False,,0,0,10,0,0,13,0,0,1
6719,0,2024-10-06T20:39:00Z,False,0,?,?,0.0,0.0,0.0,0.0,250,70,1,1101,False,0.125,0,15,0,3,3,3,2,3,0
6720,0,2024-10-06T20:35:00Z,False,0,?,?,0.0,0.0,0.0,0.0,250,76,1,2585,False,,0,0,13,4,0,3,0,3,0
6721,0,2024-10-06T18:15:00Z,False,0,2/21/2025 0:00,Serious,0.0,1.0,0.0,1.0,911,1917,7,576,False,0.125,5,15,0,2,3,4,1,2,0
6722,0,2024-10-06T14:50:00Z,False,0,4/8/2025 0:00,Minor,0.0,0.0,1.0,1.0,1046,618,4,1236,False,0.0,0,15,0,3,3,5,1,2,0
6723,0,2024-10-05T18:00:00Z,False,0,4/22/2025 0:00,?,0.0,0.0,0.0,0.0,250,87,1,576,False,0.125,5,15,0,3,3,5,1,2,0
6724,1,2024-10-05T15:10:00Z,False,0,?,Minor,0.0,0.0,0.0,0.0,45,524,1,1734,False,0.25,0,0,4,4,3,3,2,3,0
6725,0,2024-10-05T14:56:00Z,False,0,?,Fatal,1.0,0.0,0.0,1.0,478,903,1,2100,True,0.125,0,4,0,1,3,6,2,3,1
6726,0,2024-10-05T14:50:00Z,False,0,4/2/2025 0:00,?,0.0,0.0,0.0,0.0,896,1660,1,884,False,0.125,5,15,0,3,3,4,1,2,0
6727,0,2024-10-04T17:30:00Z,False,0,?,Fatal,1.0,1.0,0.0,2.0,250,87,1,576,False,0.125,0,15,0,3,3,13,2,3,1
6728,0,2024-10-04T13:44:00Z,False,0,1/10/2025 0:00,Serious,0.0,2.0,0.0,2.0,179,984,1,2616,False,0.125,5,15,0,3,3,4,1,2,0
6729,0,2024-10-04T13:40:00Z,False,0,?,?,?,?,?,?,963,791,1,719,False,0.25,0,15,0,0,3,3,2,3,0
6730,0,2024-10-04T11:30:00Z,False,0,?,?,?,?,?,?,250,2117,1,576,False,0.125,0,15,0,3,0,5,2,3,0
6731,0,2024-10-03T17:30:00Z,False,0,?,Minor,0.0,0.0,2.0,2.0,857,1490,1,1231,False,0.125,0,15,0,3,3,1,2,3,0
6732,0,2024-10-03T16:03:00Z,False,0,?,Fatal,3.0,0.0,0.0,3.0,250,265,1,2010,False,0.25,0,0,13,3,0,10,0,3,1
6733,1,2024-10-03T15:30:00Z,False,0,?,?,0.0,0.0,0.0,0.0,250,2035,1,2464,False,,0,0,13,2,0,3,0,3,0
6734,0,2024-10-03T13:09:00Z,False,0,4/22/2025 0:00,?,0.0,0.0,0.0,0.0,896,1658,1,576,False,0.125,5,15,0,3,3,3,1,2,0
6735,0,2024-10-03T11:40:00Z,False,0,?,?,0.0,0.0,0.0,0.0,896,1660,1,2557,False,0.125,0,13,0,3,3,1,2,3,0
6736,0,2024-10-03T11:30:00Z,False,0,?,Fatal,1.0,0.0,0.0,1.0,1174,1232,1,402,False,0.125,0,15,0,3,3,5,2,3,1
6737,0,2024-10-02T18:40:00Z,False,0,?,Minor,0.0,0.0,2.0,2.0,1052,184,6,576,False,0.125,0,15,0,3,3,2,2,3,0
6738,0,2024-10-02T15:00:00Z,False,0,4/8/2025 0:00,?,0.0,0.0,0.0,0.0,381,919,1,1198,False,0.125,5,13,0,2,3,5,1,2,0
6739,0,2024-10-02T14:00:00Z,False,0,?,?,0.0,0.0,0.0,0.0,721,1345,1,2764,False,0.125,0,15,0,3,3,5,2,3,0
6740,0,2024-10-02T13:47:00Z,False,0,?,Serious,0.0,1.0,0.0,1.0,270,1959,1,719,False,0.125,0,15,0,3,3,3,2,3,0
6741,0,2024-10-01T17:20:00Z,False,0,?,?,?,?,?,?,40,638,1,576,False,0.125,0,1,9,3,0,5,2,3,0
6742,0,2024-10-01T15:40:00Z,False,0,?,Fatal,1.0,0.0,0.0,1.0,157,458,1,838,False,0.25,0,15,0,1,3,3,2,3,1
6743,0,2024-10-01T15:13:00Z,False,0,11/8/2024 0:00,?,0.0,0.0,0.0,0.0,250,2096,1,647,False,0.125,5,15,0,3,3,5,1,2,0
6744,0,2024-10-01T14:57:00Z,False,0,3/20/2025 0:00,Minor,0.0,0.0,1.0,1.0,771,1371,1,2725,False,0.125,5,15,0,3,3,5,1,2,0
6745,2,2024-10-01T05:55:00Z,False,0,?,?,?,?,?,?,179,356,1,576,False,,0,0,6,2,0,5,0,3,0
6746,0,2024-09-30T17:30:00Z,False,0,?,?,0.0,0.0,0.0,0.0,896,1668,1,837,False,,0,14,0,3,3,1,2,3,0
6747,0,2024-09-30T14:30:00Z,False,0,1/10/2025 0:00,?,0.0,0.0,0.0,0.0,896,1622,1,576,False,0.125,5,15,0,3,3,3,1,2,0
6748,0,2024-09-30T12:30:00Z,False,0,2/21/2025 0:00,?,0.0,0.0,0.0,0.0,778,242,6,292,False,0.125,9,13,0,3,3,2,1,2,0
6749,1,2024-09-29T19:43:00Z,False,0,4/1/2025 0:00,?,0.0,0.0,0.0,0.0,250,308,1,1539,False,0.25,6,0,8,0,3,5,1,2,0
6750,0,2024-09-29T17:15:00Z,False,0,1/21/2025 0:00,?,0.0,0.0,0.0,0.0,166,26,1,833,False,0.125,5,15,0,1,3,5,1,2,0
6751,0,2024-09-29T09:00:00Z,False,0,4/8/2025 0:00,?,0.0,0.0,0.0,0.0,969,1147,1,576,False,0.125,5,15,0,3,3,5,1,2,0
6752,0,2024-09-29T07:50:00Z,False,0,?,Fatal,3.0,0.0,0.0,3.0,160,142,6,576,False,,0,3,13,1,0,13,0,3,1
6753,0,2024-09-28T18:18:00Z,False,0,?,Fatal,5.0,0.0,0.0,5.0,270,1959,1,1193,False,0.125,0,15,0,1,3,5,2,3,1
6754,0,2024-09-28T10:50:00Z,False,0,12/19/2024 0:00,?,0.0,0.0,0.0,0.0,896,1570,1,614,False,0.125,5,15,0,3,3,1,1,2,0
6755,0,2024-09-27T21:14:00Z,False,0,11/19/2024 0:00,?,0.0,0.0,0.0,0.0,896,1642,1,1182,False,0.125,5,15,0,3,3,3,1,2,0
6756,1,2024-09-27T18:15:00Z,False,0,?,?,0.0,0.0,0.0,?,421,1037,1,576,False,0.25,0,0,12,4,0,3,0,3,0
6757,0,2024-09-27T18:00:00Z,False,0,3/20/2025 0:00,?,0.0,0.0,0.0,0.0,1242,1765,1,147,False,0.125,5,15,0,3,3,10,1,2,0
6758,0,2024-09-27T16:10:00Z,False,0,1/10/2025 0:00,?,0.0,0.0,0.0,0.0,250,157,1,834,False,0.125,5,15,0,3,3,5,1,2,0
6759,0,2024-09-27T11:10:00Z,False,0,?,Fatal,2.0,0.0,0.0,2.0,270,1959,1,2299,False,0.125,0,15,0,3,3,6,2,3,1
6760,0,2024-09-27T08:45:00Z,False,0,1/10/2025 0:00,Serious,0.0,1.0,0.0,1.0,86,181,2,576,False,0.0,0,3,0,0,3,5,1,2,0
6761,0,2024-09-26T21:15:00Z,False,0,?,Minor,0.0,0.0,4.0,4.0,250,2033,1,2423,False,,0,0,13,3,0,10,0,3,0
6762,0,2024-09-26T16:40:00Z,False,0,?,?,0.0,0.0,0.0,0.0,160,148,6,576,False,0.125,0,9,0,3,3,3,2,3,0
6763,0,2024-09-26T14:23:00Z,False,0,12/2/2024 0:00,?,0.0,0.0,0.0,0.0,896,1591,1,576,False,0.125,5,1,9,3,3,3,1,2,0
6764,0,2024-09-26T13:00:00Z,False,0,3/13/2025 0:00,Serious,0.0,1.0,1.0,2.0,4,467,0,576,True,,0,0,10,0,0,0,0,0,0
6765,0,2024-09-25T19:33:00Z,False,0,?,Serious,0.0,1.0,1.0,2.0,270,1959,1,287,False,0.125,0,15,0,3,3,5,2,3,0
6766,0,2024-09-25T19:20:00Z,False,0,3/13/2025 0:00,Serious,0.0,1.0,0.0,1.0,160,142,6,576,False,0.125,9,1,9,3,3,6,1,2,0
6767,1,2024-09-25T16:26:00Z,False,0,?,?,0.0,0.0,0.0,0.0,421,1030,1,2172,False,0.25,0,0,4,0,3,5,2,3,0
6768,0,2024-09-25T08:10:00Z,False,0,?,Fatal,2.0,0.0,0.0,2.0,441,1749,11,2886,False,0.125,0,13,0,1,3,6,2,3,1
6769,0,2024-09-24T17:15:00Z,False,0,11/8/2024 0:00,?,0.0,0.0,0.0,0.0,1183,77,1,1496,False,0.125,5,13,0,3,3,5,1,2,0
6770,0,2024-09-24T15:45:00Z,False,0,?,Fatal,1.0,0.0,0.0,1.0,250,142,1,576,False,0.125,0,14,0,3,3,4,2,3,1
6771,0,2024-09-24T14:41:00Z,False,0,?,?,0.0,0.0,0.0,0.0,896,1615,1,1056,False,0.25,0,0,13,3,0,5,0,3,0
6772,0,2024-09-23T20:45:00Z,False,0,1/21/2025 0:00,?,0.0,0.0,0.0,0.0,996,1727,6,576,False,0.125,5,15,0,3,3,6,1,2,0
6773,1,2024-09-23T18:51:00Z,False,0,?,?,0.0,0.0,0.0,0.0,179,356,1,576,False,0.25,0,0,12,2,0,11,0,3,0
6774,0,2024-09-23T15:42:00Z,False,0,?,Minor,0.0,0.0,2.0,2.0,896,1660,1,1774,False,0.125,0,13,0,3,3,2,2,3,0
6775,0,2024-09-23T14:00:00Z,False,0,3/13/2025 0:00,?,0.0,0.0,0.0,0.0,301,811,1,576,False,0.125,5,3,0,3,3,11,1,2,0
6776,0,2024-09-23T13:57:00Z,False,0,4/24/2025 0:00,Fatal,1.0,0.0,0.0,1.0,100,1801,1,2661,False,0.125,5,15,0,3,3,6,1,2,1
6777,1,2024-09-22T22:33:00Z,False,0,?,?,0.0,0.0,0.0,0.0,45,527,1,576,False,0.25,0,0,12,4,0,3,0,3,0
6778,1,2024-09-22T16:40:00Z,False,0,?,?,0.0,0.0,0.0,0.0,993,1725,0,576,False,,0,0,10,0,0,3,0,0,0
6779,0,2024-09-22T13:48:00Z,False,0,?,Fatal,1.0,0.0,1.0,2.0,1309,844,1,576,False,0.125,0,15,0,3,3,6,2,3,1
6780,0,2024-09-22T10:30:00Z,False,0,1/21/2025 0:00,?,0.0,0.0,0.0,0.0,250,32,1,1112,False,0.125,5,13,0,3,3,5,1,2,0
6781,0,2024-09-21T20:11:00Z,False,0,3/13/2025 0:00,Minor,0.0,0.0,2.0,2.0,250,85,1,2332,False,0.125,5,15,0,3,3,5,1,2,0
6782,0,2024-09-21T18:43:00Z,False,0,?,?,0.0,0.0,0.0,0.0,100,474,1,576,False,0.125,0,13,0,3,3,5,2,3,0
6783,0,2024-09-21T17:30:00Z,False,0,1/21/2025 0:00,?,0.0,0.0,0.0,0.0,739,448,1,1823,False,0.125,5,15,0,3,3,5,1,2,0
6784,0,2024-09-21T16:20:00Z,False,0,?,?,0.0,0.0,0.0,0.0,160,142,6,576,False,0.125,0,15,13,1,0,4,0,3,0
6785,0,2024-09-21T12:10:00Z,False,0,?,?,0.0,0.0,0.0,0.0,894,1683,1,923,False,,0,0,13,3,0,3,0,3,0
6786,0,2024-09-21T10:15:00Z,False,0,1/10/2025 0:00,?,0.0,0.0,0.0,0.0,541,1118,1,576,False,0.125,5,1,9,3,3,3,1,2,0
6787,0,2024-09-21T09:30:00Z,False,0,3/13/2025 0:00,?,0.0,0.0,0.0,0.0,282,2151,1,2720,True,0.125,5,15,0,3,3,5,1,2,0
6788,0,2024-09-21T03:30:00Z,False,0,?,?,0.0,0.0,0.0,0.0,896,1580,1,2204,False,0.125,0,6,8,4,3,10,2,3,0
6789,0,2024-09-20T21:23:00Z,False,0,4/22/2025 0:00,?,0.0,0.0,0.0,0.0,627,1174,1,718,False,0.25,5,15,0,2,3,9,1,2,0
6790,0,2024-09-20T20:30:00Z,False,0,1/10/2025 0:00,Minor,0.0,0.0,2.0,2.0,711,1231,1,2699,True,0.125,5,15,0,3,3,4,1,2,0
6791,0,2024-09-20T17:48:00Z,False,0,?,Fatal,1.0,0.0,0.0,1.0,956,1823,1,430,False,0.125,0,15,0,3,3,10,2,3,1
6792,0,2024-09-20T16:48:00Z,False,0,4/1/2025 0:00,?,0.0,0.0,0.0,0.0,250,71,1,564,False,0.125,5,15,0,3,3,5,1,2,0
6793,0,2024-09-20T16:43:00Z,False,0,?,Minor,0.0,0.0,1.0,1.0,250,69,1,2553,False,0.125,0,11,0,3,3,4,2,3,0
6794,0,2024-09-20T14:58:00Z,False,0,?,?,0.0,0.0,0.0,0.0,250,75,1,1808,False,0.125,0,13,0,4,3,5,2,3,0
6795,0,2024-09-20T13:45:00Z,False,0,4/22/2025 0:00,?,0.0,0.0,0.0,0.0,1309,2216,1,2835,False,0.125,5,15,0,2,3,11,1,2,0
6796,0,2024-09-20T13:04:00Z,False,0,?,Serious,0.0,2.0,0.0,2.0,896,1640,1,1182,False,0.25,0,13,0,3,3,1,2,3,0
6797,1,2024-09-20T07:21:00Z,False,0,?,?,?,?,?,?,45,516,1,576,False,,0,0,12,0,0,3,0,3,0
6798,1,2024-09-20T04:00:00Z,False,0,?,?,?,?,?,?,775,1419,1,576,False,,0,0,12,0,0,3,0,3,0
6799,0,2024-09-19T21:03:00Z,False,0,?,Minor,0.0,0.0,2.0,2.0,35,672,6,1468,False,0.125,0,0,8,3,3,5,2,3,0
6800,0,2024-09-19T20:35:00Z,False,0,11/8/2024 0:00,?,0.0,0.0,0.0,0.0,905,2179,1,1532,False,0.125,5,15,0,3,3,5,1,2,0
6801,0,2024-09-19T16:30:00Z,False,0,4/2/2025 0:00,Minor,0.0,0.0,1.0,1.0,250,69,1,576,False,0.125,5,15,0,3,3,3,1,2,0
6802,1,2024-09-19T15:05:00Z,False,0,?,?,?,?,?,?,179,356,1,576,False,,0,0,12,0,0,4,0,3,0
6803,0,2024-09-19T13:47:00Z,False,0,3/27/2025 0:00,Serious,0.0,2.0,2.0,4.0,179,395,1,576,False,0.25,6,0,4,0,3,3,1,2,0
6804,0,2024-09-19T11:03:00Z,False,0,1/21/2025 0:00,Minor,0.0,0.0,1.0,1.0,301,819,1,158,True,0.125,5,15,0,3,3,5,1,2,0
6805,0,2024-09-19T09:19:00Z,False,0,?,Minor,0.0,0.0,1.0,1.0,250,2120,1,1679,False,0.125,0,14,0,3,3,3,2,3,0
6806,0,2024-09-18T21:30:00Z,False,0,?,Minor,0.0,0.0,1.0,1.0,541,1130,1,576,False,,0,0,13,3,0,6,0,3,0
6807,0,2024-09-18T17:40:00Z,False,0,?,?,0.0,0.0,0.0,0.0,896,1580,1,576,False,0.125,0,6,8,4,3,11,2,3,0
6808,0,2024-09-18T10:50:00Z,False,0,1/21/2025 0:00,?,0.0,0.0,0.0,0.0,250,122,1,1005,False,0.125,5,15,0,3,3,5,1,2,0
6809,0,2024-09-18T08:15:00Z,False,0,?,?,?,?,?,?,1179,1523,0,576,False,,0,0,13,0,0,6,0,0,0
6810,0,2024-09-17T18:30:00Z,False,0,4/1/2025 0:00,?,0.0,0.0,0.0,0.0,250,261,1,754,False,0.25,5,0,8,3,3,4,1,2,0
6811,0,2024-09-17T15:30:00Z,False,0,3/20/2025 0:00,?,0.0,0.0,0.0,0.0,250,70,1,964,False,0.125,5,13,0,3,3,4,1,2,0
6812,0,2024-09-17T10:55:00Z,False,0,4/24/2025 0:00,Serious,0.0,1.0,1.0,2.0,250,72,1,4,False,0.125,5,15,0,3,3,3,1,2,0
6813,0,2024-09-17T01:40:00Z,False,0,3/13/2025 0:00,?,0.0,0.0,0.0,0.0,963,695,1,1857,False,0.25,8,14,8,3,3,5,1,2,0
6814,1,2024-09-16T23:30:00Z,False,0,?,?,?,?,?,?,179,366,1,576,False,0.25,0,0,6,0,0,3,0,3,0
6815,0,2024-09-16T19:00:00Z,False,0,?,?,0.0,0.0,0.0,0.0,250,57,1,576,False,0.125,0,15,0,3,0,1,2,3,0
6816,0,2024-09-16T13:23:00Z,False,0,?,?,0.0,0.0,0.0,0.0,250,154,1,576,False,,0,0,13,3,0,5,0,3,0
6817,0,2024-09-16T10:46:00Z,False,0,?,Fatal,1.0,0.0,0.0,1.0,1182,1144,1,1909,False,0.125,0,13,0,3,3,1,2,3,1
6818,1,2024-09-16T04:00:00Z,False,0,?,?,?,?,?,?,391,931,1,576,False,,0,0,12,0,0,3,0,3,0
6819,1,2024-09-16T04:00:00Z,False,0,?,?,?,?,?,?,45,523,1,576,False,,0,0,12,0,0,4,0,3,0
6820,0,2024-09-15T23:04:00Z,False,0,?,Fatal,4.0,0.0,0.0,4.0,250,152,1,1689,False,0.125,0,15,0,1,1,1,2,3,1
6821,0,2024-09-15T18:00:00Z,False,0,?,Serious,0.0,3.0,0.0,3.0,996,1727,6,576,False,0.125,0,15,0,3,3,10,2,3,0
6822,0,2024-09-15T16:00:00Z,False,0,?,?,?,?,?,?,896,1570,1,576,False,0.125,0,15,0,3,0,5,2,3,0
6823,0,2024-09-15T14:00:00Z,False,0,?,?,?,?,?,?,896,1570,1,576,False,0.125,0,15,0,3,0,11,2,3,0
6824,1,2024-09-15T13:25:00Z,False,0,?,?,0.0,0.0,0.0,0.0,767,1402,1,576,True,,0,0,13,2,0,13,0,3,0
6825,0,2024-09-15T13:00:00Z,False,0,?,?,0.0,0.0,0.0,0.0,896,1570,1,576,False,0.125,0,15,0,3,3,10,2,3,0
6826,0,2024-09-15T12:30:00Z,False,0,?,?,0.0,0.0,0.0,0.0,250,45,1,576,False,,0,0,13,3,0,3,0,3,0
6827,0,2024-09-15T09:30:00Z,False,0,?,?,0.0,0.0,0.0,0.0,101,472,1,2682,False,0.125,0,15,0,3,3,5,2,3,0
6828,0,2024-09-14T15:05:00Z,False,0,?,?,0.0,0.0,0.0,0.0,896,1668,1,780,False,0.125,0,15,0,3,3,4,2,3,0
6829,1,2024-09-14T12:48:00Z,False,0,?,?,0.0,0.0,0.0,0.0,270,1896,1,676,False,0.125,0,15,0,2,3,1,2,3,0
6830,0,2024-09-14T10:30:00Z,False,0,?,Fatal,1.0,0.0,0.0,1.0,665,1262,1,39,True,0.125,0,15,0,3,3,13,2,3,1
6831,0,2024-09-13T21:00:00Z,False,0,?,?,0.0,0.0,0.0,0.0,1123,9,1,576,False,0.125,0,15,0,3,3,3,2,3,0
6832,0,2024-09-13T20:00:00Z,False,0,?,?,0.0,0.0,0.0,0.0,250,97,1,576,False,0.125,0,15,0,3,3,5,2,3,0
6833,0,2024-09-13T19:35:00Z,False,0,1/21/2025 0:00,?,0.0,0.0,0.0,0.0,28,1790,2,576,False,0.125,0,15,0,3,3,1,1,2,0
6834,0,2024-09-13T17:30:00Z,False,0,1/21/2025 0:00,Minor,0.0,0.0,1.0,1.0,1271,2152,1,1484,True,0.125,5,15,0,3,3,5,1,2,0
6835,0,2024-09-13T17:00:00Z,False,0,?,Minor,0.0,0.0,1.0,1.0,250,89,1,1781,False,0.125,0,15,0,4,3,3,2,3,0
6836,0,2024-09-13T09:03:00Z,False,0,?,Fatal,2.0,0.0,0.0,2.0,254,441,1,576,False,0.125,0,15,0,3,3,13,2,3,1
6837,0,2024-09-12T19:35:00Z,False,0,?,Fatal,2.0,0.0,4.0,6.0,896,1584,1,2038,False,0.25,0,0,13,3,0,1,0,3,1
6838,0,2024-09-12T14:30:00Z,False,0,3/20/2025 0:00,Minor,0.0,0.0,1.0,1.0,683,2025,1,2298,True,0.125,5,15,0,3,3,1,1,2,0
6839,0,2024-09-12T13:05:00Z,False,0,?,?,0.0,0.0,0.0,0.0,896,1558,1,576,False,0.125,0,15,0,3,3,3,2,3,0
6840,0,2024-09-12T12:37:00Z,False,0,?,Fatal,1.0,0.0,0.0,1.0,579,1136,1,1771,False,0.125,0,15,0,1,3,4,2,3,1
6841,1,2024-09-12T10:14:00Z,False,0,?,?,0.0,0.0,0.0,0.0,179,365,1,749,False,0.25,0,0,4,2,0,10,2,3,0
6842,1,2024-09-11T18:15:00Z,False,0,?,?,0.0,0.0,0.0,0.0,421,1025,1,1120,False,0.25,0,0,13,0,0,3,0,3,0
6843,0,2024-09-11T17:00:00Z,False,0,11/19/2024 0:00,?,0.0,0.0,0.0,0.0,683,1219,1,853,True,0.125,5,15,0,3,3,10,1,2,0
6844,0,2024-09-11T15:00:00Z,False,0,?,?,0.0,0.0,0.0,0.0,605,239,6,576,False,0.125,0,8,7,3,3,6,2,3,0
6845,0,2024-09-11T13:12:00Z,False,0,?,Minor,0.0,0.0,1.0,1.0,250,58,1,499,False,0.125,0,15,0,3,3,3,2,3,0
6846,0,2024-09-11T11:46:00Z,False,0,11/8/2024 0:00,?,0.0,0.0,0.0,0.0,896,1594,1,2116,False,0.125,5,13,0,3,3,1,1,2,0
6847,0,2024-09-11T10:40:00Z,False,0,?,Minor,0.0,0.0,2.0,2.0,250,60,1,576,False,0.125,0,13,0,3,3,4,2,3,0
6848,0,2024-09-11T06:37:00Z,False,0,?,?,0.0,0.0,0.0,0.0,689,1281,6,576,False,,0,0,13,3,0,3,0,3,0
6849,0,2024-09-10T17:12:00Z,False,0,1/21/2025 0:00,?,0.0,0.0,0.0,0.0,187,2197,1,714,True,0.125,5,15,0,3,3,10,1,2,0
6850,0,2024-09-10T13:45:00Z,False,0,4/24/2025 0:00,Fatal,1.0,0.0,0.0,1.0,1099,1940,1,256,True,0.125,5,15,0,3,3,10,1,2,1
6851,0,2024-09-10T12:00:00Z,False,0,1/10/2025 0:00,?,0.0,0.0,0.0,0.0,157,536,1,2636,False,0.125,5,15,0,3,3,5,1,2,0
6852,0,2024-09-10T11:07:00Z,False,0,?,Minor,0.0,0.0,1.0,1.0,840,535,1,1524,False,0.25,0,0,4,2,3,11,2,3,0
6853,0,2024-09-10T09:43:00Z,False,0,?,?,0.0,0.0,0.0,0.0,40,649,1,576,False,0.125,0,1,9,3,3,6,2,3,0
6854,0,2024-09-09T23:10:00Z,False,0,?,Minor,0.0,0.0,1.0,1.0,250,97,0,576,False,,0,0,15,0,0,1,0,0,0
6855,0,2024-09-09T15:57:00Z,False,0,?,?,0.0,0.0,0.0,?,157,130,0,576,False,,0,0,12,0,0,3,0,0,0
6856,0,2024-09-09T02:35:00Z,False,0,?,Serious,0.0,3.0,0.0,3.0,93,663,1,576,False,,0,0,12,3,0,10,0,3,0
6857,1,2024-09-08T21:35:00Z,False,0,?,?,?,?,?,?,45,523,0,576,False,,0,0,10,0,0,4,0,0,0
6858,0,2024-09-08T16:33:00Z,False,0,?,Serious,0.0,1.0,0.0,1.0,166,438,1,2344,False,0.125,0,16,0,3,3,3,2,3,0
6859,0,2024-09-08T15:00:00Z,False,0,1/3/2025 0:00,?,0.0,0.0,0.0,0.0,157,319,1,2329,False,0.25,5,15,0,3,3,10,1,2,0
6860,0,2024-09-08T13:25:00Z,False,0,?,Fatal,4.0,0.0,0.0,4.0,896,1663,1,699,False,0.125,0,13,0,3,3,13,2,3,1
6861,0,2024-09-08T07:50:00Z,False,0,?,Serious,0.0,1.0,0.0,1.0,811,1386,1,2202,False,0.125,0,15,0,3,3,3,2,3,0
6862,0,2024-09-07T16:50:00Z,False,0,1/3/2025 0:00,?,0.0,0.0,0.0,0.0,896,1600,1,576,False,0.125,5,15,0,3,3,3,1,2,0
6863,0,2024-09-07T15:40:00Z,False,0,?,Fatal,2.0,0.0,0.0,2.0,320,60,1,576,False,,0,0,6,1,0,3,0,3,1
6864,0,2024-09-07T15:40:00Z,False,0,?,Fatal,2.0,0.0,0.0,2.0,250,60,1,1031,False,,0,0,13,1,0,10,0,3,1
6865,0,2024-09-07T12:30:00Z,False,0,11/8/2024 0:00,Minor,0.0,0.0,1.0,1.0,963,319,1,1258,False,0.25,5,15,0,3,3,5,1,2,0
6866,0,2024-09-07T11:30:00Z,False,0,?,?,0.0,0.0,0.0,0.0,1175,722,1,576,False,0.125,0,15,0,3,3,3,2,3,0
6867,0,2024-09-07T10:24:00Z,False,0,?,Fatal,1.0,0.0,4.0,5.0,160,145,6,576,False,0.125,0,0,8,3,1,6,2,3,1
6868,0,2024-09-07T10:02:00Z,False,0,?,Fatal,1.0,0.0,0.0,1.0,533,194,1,576,False,0.125,0,0,13,1,0,13,0,3,1
6869,0,2024-09-06T16:25:00Z,False,0,1/21/2025 0:00,?,0.0,0.0,0.0,0.0,811,1381,1,2192,False,0.125,5,13,0,3,3,5,1,2,0
6870,0,2024-09-06T13:59:00Z,False,0,?,Fatal,1.0,1.0,0.0,2.0,179,543,1,576,False,0.125,0,15,0,3,3,3,2,3,1
6871,0,2024-09-06T11:52:00Z,False,0,3/13/2025 0:00,?,0.0,0.0,0.0,0.0,65,1434,10,2234,False,0.75,1,11,0,1,3,3,1,2,0
6872,0,2024-09-06T11:30:00Z,False,0,1/10/2025 0:00,?,0.0,0.0,0.0,0.0,994,1725,6,1278,False,0.125,5,13,0,3,3,6,1,2,0
6873,0,2024-09-06T10:48:00Z,False,0,?,Fatal,4.0,0.0,0.0,4.0,898,1556,1,608,False,0.125,0,15,0,1,3,1,2,3,1
6874,0,2024-09-06T01:44:00Z,False,0,?,?,?,?,?,?,179,427,1,576,False,,0,0,12,2,0,3,0,3,0
6875,0,2024-09-06T01:36:00Z,False,0,?,Serious,0.0,2.0,0.0,2.0,896,1587,1,1354,False,0.125,0,15,0,1,3,10,2,3,0
6876,0,2024-09-05T11:14:00Z,False,0,?,Fatal,1.0,0.0,0.0,1.0,40,644,1,576,False,0.125,0,1,9,3,3,6,2,3,1
6877,0,2024-09-04T21:30:00Z,False,0,1/3/2025 0:00,?,0.0,0.0,0.0,0.0,896,1594,1,576,False,0.125,5,3,0,3,3,3,1,2,0
6878,0,2024-09-04T20:50:00Z,False,0,?,?,0.0,0.0,0.0,0.0,896,1606,1,1924,False,0.125,0,15,0,3,3,5,2,3,0
6879,0,2024-09-04T20:30:00Z,False,0,?,Minor,0.0,0.0,1.0,1.0,896,1601,1,2538,False,0.125,0,13,0,3,3,1,2,3,0
6880,0,2024-09-04T18:00:00Z,False,0,3/20/2025 0:00,?,0.0,0.0,0.0,0.0,1183,155,1,453,False,0.125,8,15,0,3,3,10,1,2,0
6881,0,2024-09-04T12:21:00Z,False,0,?,Fatal,2.0,0.0,0.0,2.0,544,552,1,2292,False,0.125,0,13,0,3,3,3,2,3,1
6882,0,2024-09-04T11:00:00Z,False,0,?,?,0.0,0.0,0.0,0.0,896,1573,1,576,False,0.125,0,15,0,3,0,10,2,3,0
6883,0,2024-09-04T10:57:00Z,False,0,?,Serious,0.0,1.0,0.0,1.0,179,424,1,576,False,,0,0,6,2,0,3,0,3,0
6884,1,2024-09-02T17:24:00Z,False,0,?,?,?,?,?,?,45,534,1,576,False,,0,0,12,2,0,4,0,3,0
6885,0,2024-09-02T16:30:00Z,False,0,?,?,0.0,0.0,0.0,0.0,896,1594,1,367,False,0.125,0,15,0,3,3,10,2,3,0
6886,0,2024-09-02T13:15:00Z,False,0,?,Fatal,1.0,0.0,0.0,1.0,84,872,11,576,False,0.125,0,15,0,3,3,6,2,3,1
6887,0,2024-09-02T11:30:00Z,False,0,4/22/2025 0:00,?,0.0,0.0,0.0,0.0,250,45,1,576,False,0.125,5,15,0,3,3,10,1,2,0
6888,0,2024-09-02T10:14:00Z,False,0,1/2/2025 0:00,Minor,0.0,0.0,2.0,2.0,1326,2246,1,576,True,0.125,5,15,0,3,3,3,1,2,0
6889,0,2024-09-02T02:15:00Z,False,0,3/13/2025 0:00,?,0.0,0.0,0.0,0.0,896,1601,1,1646,False,0.125,5,13,0,3,3,11,1,2,0
6890,0,2024-09-01T17:20:00Z,False,0,10/22/2024 0:00,?,0.0,0.0,0.0,0.0,728,1306,4,576,False,0.0,0,15,0,3,3,5,1,2,0
6891,0,2024-09-01T16:20:00Z,False,0,?,?,0.0,0.0,0.0,0.0,379,921,1,2864,False,0.25,0,15,0,3,3,5,2,3,0
6892,0,2024-09-01T15:30:00Z,False,0,3/6/2025 0:00,?,?,?,?,?,1189,2083,1,859,True,0.125,5,15,0,3,3,5,1,2,0
6893,0,2024-09-01T14:10:00Z,False,0,1/10/2025 0:00,Minor,0.0,0.0,3.0,3.0,250,85,1,1971,False,0.125,5,15,0,3,3,5,1,2,0
6894,0,2024-09-01T12:38:00Z,False,0,1/21/2025 0:00,Serious,0.0,1.0,1.0,2.0,965,1772,1,576,True,0.125,5,15,0,3,3,3,1,2,0
6895,0,2024-09-01T12:02:00Z,False,0,?,Fatal,1.0,1.0,0.0,2.0,70,451,1,882,False,0.125,0,15,0,1,3,3,2,3,1
6896,1,2024-09-01T11:30:00Z,False,0,?,?,?,?,?,?,250,2119,0,576,False,,0,0,13,0,0,1,0,0,0
6897,0,2024-09-01T09:00:00Z,False,0,4/22/2025 0:00,?,0.0,0.0,0.0,0.0,474,876,1,2497,False,0.125,5,15,0,3,3,5,1,2,0
6898,0,2024-08-31T19:00:00Z,False,0,?,?,0.0,0.0,0.0,0.0,896,1570,1,576,False,0.125,0,15,0,3,3,5,2,3,0
6899,0,2024-08-31T16:50:00Z,False,0,?,Fatal,1.0,0.0,0.0,1.0,13,135,1,998,False,0.125,0,15,0,3,3,10,2,3,1
6900,0,2024-08-31T16:30:00Z,False,0,2/11/2025 0:00,?,?,?,?,?,250,101,1,576,False,0.125,5,22,0,3,3,13,1,2,0
6901,0,2024-08-31T15:40:00Z,False,0,3/6/2025 0:00,?,0.0,0.0,0.0,0.0,875,393,1,344,False,0.125,8,21,0,3,3,13,1,2,0
6902,0,2024-08-31T13:40:00Z,False,0,?,?,0.0,0.0,0.0,0.0,166,451,1,188,False,0.125,0,15,0,3,3,5,2,3,0
6903,0,2024-08-31T12:30:00Z,False,0,1/10/2025 0:00,?,0.0,0.0,0.0,0.0,250,83,1,1859,False,,5,15,0,3,3,10,1,2,0
6904,0,2024-08-31T11:30:00Z,False,0,?,Fatal,3.0,0.0,0.0,2.0,250,277,1,2686,False,0.25,0,15,0,3,3,13,2,3,1
6905,0,2024-08-31T11:15:00Z,False,0,?,Fatal,1.0,0.0,1.0,2.0,896,247,1,1749,False,,0,0,13,3,0,5,0,3,1
6906,0,2024-08-31T11:00:00Z,False,0,?,Fatal,?,?,?,?,896,1570,1,576,False,0.125,0,6,0,3,3,13,2,3,1
6907,0,2024-08-31T04:00:00Z,False,0,?,?,?,?,?,?,45,534,0,576,False,,0,0,6,0,0,11,2,0,0
6908,0,2024-08-30T17:18:00Z,False,0,?,Serious,0.0,2.0,0.0,2.0,250,39,1,576,False,0.125,0,15,0,3,3,13,2,3,0
6909,0,2024-08-30T16:16:00Z,False,0,1/21/2025 0:00,Serious,0.0,1.0,1.0,2.0,811,1388,1,334,False,0.125,5,15,0,3,3,5,1,2,0
6910,0,2024-08-30T14:30:00Z,False,0,4/8/2025 0:00,?,0.0,0.0,0.0,0.0,739,443,1,712,False,0.125,5,15,0,3,3,3,1,2,0
6911,0,2024-08-30T14:21:00Z,False,0,4/1/2025 0:00,Fatal,1.0,0.0,0.0,1.0,1047,614,4,219,False,0.125,5,15,0,3,3,10,1,2,1
6912,0,2024-08-30T13:02:00Z,False,0,?,?,?,?,?,?,179,984,0,576,False,,0,0,10,0,0,6,0,0,0
6913,0,2024-08-30T12:27:00Z,False,0,3/13/2025 0:00,?,0.0,0.0,0.0,0.0,250,2038,1,2890,False,0.125,5,15,0,3,3,5,1,2,0
6914,0,2024-08-30T08:05:00Z,False,0,4/22/2025 0:00,Serious,0.0,1.0,0.0,1.0,1292,2132,6,2890,False,0.125,9,1,9,3,3,6,1,2,0
6915,0,2024-08-29T20:00:00Z,False,0,?,?,0.0,0.0,0.0,0.0,896,1655,1,576,False,0.125,0,15,0,3,3,6,2,3,0
6916,0,2024-08-29T18:30:00Z,False,0,?,?,?,?,?,?,179,356,1,576,False,,0,0,12,3,0,5,0,3,0
6917,0,2024-08-29T18:23:00Z,False,0,?,?,0.0,0.0,0.0,0.0,250,60,1,2794,False,0.125,0,11,0,3,3,2,2,3,0
6918,0,2024-08-29T16:40:00Z,False,0,?,Fatal,2.0,0.0,0.0,2.0,1183,2038,1,295,False,0.125,0,15,0,1,3,5,2,3,1
6919,0,2024-08-28T16:15:00Z,False,0,3/6/2025 0:00,?,0.0,0.0,0.0,0.0,1003,735,1,228,True,0.125,5,15,0,3,3,5,1,2,0
6920,0,2024-08-28T12:00:00Z,False,0,?,?,0.0,0.0,0.0,0.0,250,99,1,2251,False,0.125,0,6,0,3,3,5,2,3,0
6921,0,2024-08-27T20:07:00Z,False,0,12/19/2024 0:00,Minor,0.0,0.0,1.0,1.0,254,436,1,576,False,0.125,5,15,0,3,3,3,1,2,0
6922,0,2024-08-27T19:50:00Z,False,0,?,?,0.0,0.0,0.0,0.0,179,405,1,2123,False,,0,0,12,3,0,5,0,3,0
6923,0,2024-08-27T18:45:00Z,False,0,10/24/2024 0:00,?,0.0,0.0,0.0,0.0,432,2181,1,2181,True,0.125,5,15,0,3,3,10,1,2,0
6924,0,2024-08-27T18:45:00Z,False,0,?,?,?,?,?,?,157,1239,1,786,False,0.125,0,15,0,3,3,5,2,3,0
6925,0,2024-08-27T17:24:00Z,False,0,?,?,0.0,0.0,0.0,0.0,250,45,1,1110,False,0.125,0,13,13,3,0,6,0,3,0
6926,0,2024-08-27T11:00:00Z,False,0,?,Fatal,1.0,0.0,0.0,1.0,896,1648,1,576,False,,0,0,13,1,0,10,0,3,1
6927,0,2024-08-26T14:01:00Z,False,0,12/19/2024 0:00,?,0.0,0.0,0.0,0.0,157,693,1,1482,False,0.25,8,15,0,3,3,5,1,2,0
6928,0,2024-08-26T11:05:00Z,False,0,?,Fatal,1.0,0.0,0.0,1.0,157,319,1,576,False,,0,0,13,1,0,3,0,3,1
6929,0,2024-08-26T10:44:00Z,False,0,?,Fatal,1.0,0.0,0.0,1.0,896,1594,1,576,False,0.125,0,15,0,3,0,3,2,3,1
6930,0,2024-08-26T09:41:00Z,False,0,?,Fatal,1.0,0.0,0.0,1.0,956,1825,1,576,True,0.125,0,15,0,3,1,3,2,3,1
6931,0,2024-08-26T09:15:00Z,False,0,11/8/2024 0:00,Minor,0.0,0.0,1.0,1.0,19,336,1,861,False,0.125,5,15,0,3,3,10,1,2,0
6932,0,2024-08-25T15:20:00Z,False,0,11/8/2024 0:00,?,0.0,0.0,0.0,0.0,250,201,1,264,False,0.125,5,13,0,3,3,5,1,2,0
6933,0,2024-08-25T13:24:00Z,False,0,?,Serious,0.0,1.0,0.0,1.0,908,1819,1,2606,True,0.125,0,15,0,1,3,1,2,3,0
6934,1,2024-08-25T09:36:00Z,False,0,?,?,0.0,0.0,0.0,0.0,179,356,1,576,False,0.25,0,0,12,0,0,3,0,3,0
6935,0,2024-08-24T21:45:00Z,False,0,?,?,0.0,0.0,0.0,0.0,896,1580,1,576,False,0.125,0,15,0,3,3,5,2,3,0
6936,0,2024-08-24T11:10:00Z,False,0,?,Fatal,1.0,0.0,0.0,1.0,250,493,1,576,False,0.125,0,15,0,3,3,5,2,3,1
6937,0,2024-08-24T10:00:00Z,False,0,?,Minor,0.0,0.0,3.0,3.0,726,592,6,576,False,,0,0,15,1,0,13,0,3,0
6938,0,2024-08-24T04:00:00Z,False,0,?,Serious,0.0,1.0,0.0,?,179,394,1,576,False,0.25,0,0,12,0,0,9,0,3,0
6939,0,2024-08-23T18:00:00Z,False,0,?,?,0.0,0.0,0.0,0.0,250,99,1,576,False,0.125,0,6,0,3,0,10,2,3,0
6940,0,2024-08-23T14:30:00Z,False,0,?,Fatal,1.0,0.0,1.0,1.0,89,1505,6,576,False,0.125,0,1,9,3,3,5,2,3,1
6941,0,2024-08-23T11:50:00Z,False,0,3/6/2025 0:00,?,0.0,0.0,0.0,0.0,250,111,1,229,False,0.125,5,15,0,3,3,11,1,2,0
6942,0,2024-08-23T11:30:00Z,False,0,?,?,0.0,0.0,0.0,0.0,165,305,6,1886,False,0.125,0,13,0,3,3,5,2,3,0
6943,1,2024-08-23T09:01:00Z,False,0,?,?,0.0,0.0,0.0,0.0,250,261,1,1244,False,,0,0,13,3,0,5,0,3,0
6944,0,2024-08-22T18:00:00Z,False,0,?,?,0.0,0.0,0.0,0.0,993,1728,6,576,False,0.125,0,0,13,3,3,4,0,3,0
6945,0,2024-08-22T17:00:00Z,False,0,11/8/2024 0:00,?,0.0,0.0,0.0,0.0,250,60,1,1801,False,0.125,5,15,0,3,3,5,1,2,0
6946,0,2024-08-22T13:15:00Z,False,0,1/21/2025 0:00,?,0.0,0.0,0.0,0.0,250,97,1,2096,False,0.125,5,15,0,3,3,5,1,2,0
6947,0,2024-08-22T12:20:00Z,False,0,?,Fatal,2.0,0.0,0.0,2.0,880,1535,1,1788,False,,0,0,13,3,0,10,0,3,1
6948,0,2024-08-22T04:00:00Z,False,0,?,Fatal,9.0,0.0,0.0,9.0,250,154,1,576,False,,0,0,15,3,0,13,0,3,1
6949,0,2024-08-21T17:30:00Z,False,0,11/19/2024 0:00,Minor,0.0,0.0,1.0,1.0,896,1600,1,169,False,0.125,5,13,0,3,3,1,1,2,0
6950,0,2024-08-21T09:11:00Z,False,0,?,?,?,?,?,?,179,356,1,2577,False,0.25,0,0,12,3,0,9,0,3,0
6951,0,2024-08-20T19:00:00Z,False,0,9/27/2024 0:00,?,0.0,0.0,0.0,0.0,242,766,1,903,False,0.125,5,15,0,3,3,5,1,2,0
6952,0,2024-08-20T15:42:00Z,False,0,9/19/2024 0:00,?,0.0,0.0,0.0,0.0,550,554,1,2098,False,0.125,5,15,0,3,3,5,1,2,0
6953,0,2024-08-20T15:15:00Z,False,0,2/11/2025 0:00,Minor,0.0,0.0,1.0,1.0,250,60,1,2701,False,0.125,5,13,0,3,3,5,1,2,0
6954,0,2024-08-20T09:19:00Z,False,0,?,Fatal,1.0,1.0,0.0,2.0,735,573,1,1909,True,0.25,0,15,0,3,3,4,2,3,1
6955,0,2024-08-20T08:00:00Z,False,0,?,Fatal,2.0,1.0,0.0,2.0,250,314,1,2128,False,0.25,0,15,0,1,3,10,2,3,1
6956,0,2024-08-20T06:20:00Z,False,0,?,Fatal,2.0,0.0,0.0,2.0,250,45,1,576,False,,0,0,13,4,0,3,0,3,1
6957,0,2024-08-19T20:45:00Z,False,0,9/19/2024 0:00,?,0.0,0.0,0.0,0.0,250,491,1,1224,False,0.125,5,13,0,3,3,5,1,2,0
6958,0,2024-08-19T14:45:00Z,False,0,1/16/2025 0:00,Serious,0.0,1.0,0.0,1.0,179,356,1,576,False,0.25,6,0,4,0,3,3,1,2,0
6959,0,2024-08-19T14:20:00Z,False,0,?,Fatal,1.0,0.0,0.0,1.0,39,658,1,576,False,0.125,0,0,13,3,3,6,0,3,1
6960,0,2024-08-19T10:45:00Z,False,0,3/20/2025 0:00,Serious,0.0,1.0,0.0,1.0,896,1570,1,2276,False,0.125,5,15,0,3,3,4,1,2,0
6961,0,2024-08-19T09:58:00Z,False,0,11/8/2024 0:00,?,0.0,0.0,0.0,0.0,157,198,1,1337,False,0.25,8,15,0,3,3,5,1,2,0
6962,0,2024-08-18T22:39:00Z,False,0,?,Minor,0.0,0.0,1.0,0.0,250,340,1,2127,False,0.25,0,16,0,3,0,5,2,3,0
6963,0,2024-08-18T21:00:00Z,False,0,?,?,?,?,?,?,45,534,6,576,False,,0,0,6,4,0,13,0,3,0
6964,0,2024-08-18T17:00:00Z,False,0,?,?,0.0,0.0,0.0,0.0,993,1725,6,1369,False,0.125,0,6,8,3,3,9,2,3,0
6965,0,2024-08-18T13:46:00Z,False,0,4/8/2025 0:00,Minor,0.0,0.0,2.0,2.0,996,1727,6,576,False,0.125,5,14,8,3,3,5,1,2,0
6966,0,2024-08-17T17:00:00Z,False,0,3/6/2025 0:00,?,0.0,0.0,0.0,0.0,250,88,1,753,False,0.125,5,15,0,3,3,5,1,2,0
6967,0,2024-08-17T16:49:00Z,False,0,12/19/2024 0:00,?,0.0,0.0,0.0,0.0,896,1587,1,1400,False,0.125,5,15,0,3,3,5,1,2,0
6968,1,2024-08-17T04:00:00Z,False,0,?,?,0.0,0.0,0.0,0.0,179,356,1,2360,False,0.25,0,0,12,0,0,5,0,3,0
6969,0,2024-08-16T20:17:00Z,False,0,9/27/2024 0:00,?,0.0,0.0,0.0,0.0,250,60,1,2177,False,0.125,5,13,0,4,3,5,1,2,0
6970,0,2024-08-16T18:26:00Z,False,0,?,?,0.0,0.0,0.0,0.0,896,1660,1,576,False,0.125,0,0,13,3,0,10,0,3,0
6971,0,2024-08-16T18:00:00Z,False,0,?,?,?,?,?,?,1269,2011,1,576,False,,0,0,13,3,0,3,0,3,0
6972,0,2024-08-16T16:10:00Z,False,0,?,?,0.0,0.0,0.0,0.0,896,1648,1,576,False,,0,0,13,4,0,10,0,3,0
6973,0,2024-08-16T12:44:00Z,False,0,1/23/2025 0:00,?,0.0,0.0,0.0,0.0,250,32,1,1298,False,0.125,5,13,0,3,3,5,1,2,0
6974,0,2024-08-16T08:30:00Z,False,0,12/19/2024 0:00,?,0.0,0.0,0.0,0.0,1093,1711,1,576,True,0.125,5,15,0,3,3,1,1,2,0
6975,0,2024-08-16T08:15:00Z,False,0,?,Fatal,1.0,0.0,0.0,1.0,896,1237,1,576,False,0.125,0,15,0,3,3,13,2,3,1
6976,0,2024-08-15T20:15:00Z,False,0,12/6/2024 0:00,?,0.0,0.0,0.0,0.0,250,60,1,851,False,0.125,5,15,0,3,3,10,1,2,0
6977,0,2024-08-15T19:20:00Z,False,0,?,?,0.0,0.0,0.0,0.0,896,1570,1,576,False,0.125,0,15,0,3,3,10,2,3,0
6978,0,2024-08-15T15:30:00Z,False,0,4/8/2025 0:00,?,0.0,0.0,0.0,0.0,250,59,1,576,False,0.125,5,15,0,3,3,10,1,2,0
6979,0,2024-08-15T14:40:00Z,False,0,?,?,0.0,0.0,0.0,0.0,896,1632,1,1939,False,0.25,0,0,15,3,0,5,0,3,0
6980,0,2024-08-15T14:35:00Z,False,0,?,?,0.0,0.0,0.0,0.0,439,1196,1,1297,False,0.125,0,15,0,3,3,4,2,3,0
6981,0,2024-08-15T08:00:00Z,False,0,?,Fatal,5.0,0.0,0.0,5.0,157,790,1,576,False,0.25,0,0,13,1,0,3,0,3,1
6982,1,2024-08-15T04:00:00Z,False,0,?,?,0.0,0.0,0.0,0.0,1138,1862,1,576,False,,0,0,12,0,0,3,0,3,0
6983,0,2024-08-14T21:21:00Z,False,0,4/1/2025 0:00,?,0.0,0.0,0.0,0.0,1241,1785,1,60,True,0.125,5,15,0,3,3,4,1,2,0
6984,0,2024-08-14T16:00:00Z,False,0,?,?,0.0,0.0,0.0,0.0,250,492,1,575,False,0.125,0,15,0,3,3,10,2,3,0
6985,0,2024-08-14T13:30:00Z,False,0,11/8/2024 0:00,Minor,0.0,0.0,1.0,1.0,896,1621,1,2865,False,0.125,5,15,0,3,3,5,1,2,0
6986,0,2024-08-14T12:30:00Z,False,0,10/31/2024 0:00,?,0.0,0.0,0.0,0.0,1311,669,1,1905,True,0.125,5,15,0,3,3,5,1,2,0
6987,0,2024-08-13T12:00:00Z,False,0,3/6/2025 0:00,Serious,0.0,1.0,0.0,1.0,542,1119,1,2186,False,0.125,8,1,9,3,3,6,1,2,0
6988,1,2024-08-13T04:00:00Z,False,0,?,?,?,?,?,?,179,383,1,576,False,0.5,0,0,4,3,0,10,0,3,0
6989,0,2024-08-12T17:30:00Z,False,0,?,?,?,?,?,?,160,142,6,576,False,,0,0,13,3,0,13,0,3,0
6990,1,2024-08-12T16:21:00Z,False,0,?,?,?,?,?,?,179,356,1,576,False,0.25,0,0,12,0,0,3,0,3,0
6991,0,2024-08-12T13:07:00Z,False,0,?,?,0.0,0.0,0.0,0.0,270,1959,1,576,False,0.125,0,0,13,3,0,5,0,3,0
6992,0,2024-08-12T12:54:00Z,False,0,12/6/2024 0:00,?,0.0,0.0,0.0,0.0,698,879,1,964,True,0.125,5,15,0,3,3,5,1,2,0
6993,0,2024-08-12T12:45:00Z,False,0,?,?,?,?,?,?,250,118,1,576,False,,0,1,12,3,0,10,0,3,0
6994,1,2024-08-12T11:50:00Z,False,0,?,?,?,?,?,?,1138,1862,1,576,False,,0,0,12,2,0,3,0,3,0
6995,0,2024-08-12T04:00:00Z,False,0,?,Fatal,1.0,0.0,0.0,1.0,993,1716,6,576,False,,0,0,13,1,0,13,0,3,1
6996,0,2024-08-11T19:17:00Z,False,0,11/19/2024 0:00,?,0.0,0.0,0.0,0.0,250,154,1,319,False,0.125,8,15,0,3,3,5,1,2,0
6997,0,2024-08-11T11:34:00Z,False,0,2/27/2025 0:00,?,0.0,0.0,0.0,0.0,896,1570,1,786,False,0.125,5,13,0,3,3,3,1,2,0
6998,1,2024-08-11T03:45:00Z,False,0,?,?,?,?,?,?,179,356,1,576,False,,0,0,12,0,0,1,0,3,0
6999,0,2024-08-10T17:30:00Z,False,0,12/2/2024 0:00,Minor,0.0,0.0,1.0,1.0,1309,2218,1,2168,True,0.125,5,15,0,3,3,5,1,2,0
7000,0,2024-08-10T17:15:00Z,False,0,10/24/2024 0:00,?,0.0,0.0,0.0,0.0,956,1785,1,789,True,0.125,5,13,0,3,3,5,1,2,0
7001,0,2024-08-10T16:00:00Z,False,0,3/6/2025 0:00,?,0.0,0.0,0.0,0.0,157,1488,1,236,False,0.125,5,15,0,3,3,5,1,2,0
7002,1,2024-08-10T10:16:00Z,False,0,?,?,?,?,?,?,179,409,1,576,False,0.25,0,0,4,0,0,11,0,3,0
7003,2,2024-08-09T23:50:00Z,False,0,?,?,?,?,?,?,240,853,1,576,False,,0,0,6,0,0,3,0,3,0
7004,0,2024-08-09T18:45:00Z,False,0,?,?,0.0,0.0,0.0,0.0,270,1896,1,1712,False,0.125,0,6,0,4,3,5,2,3,0
7005,0,2024-08-09T17:20:00Z,False,0,?,Fatal,1.0,1.0,2.0,4.0,250,225,1,576,False,,0,0,13,3,0,4,0,3,1
7006,0,2024-08-09T17:00:00Z,False,0,?,?,0.0,0.0,0.0,0.0,541,1130,1,576,False,0.125,0,1,9,3,3,6,2,3,0
7007,0,2024-08-09T15:47:00Z,False,0,?,Fatal,1.0,0.0,0.0,1.0,250,45,1,576,False,,0,0,13,4,0,3,0,3,1
7008,1,2024-08-09T14:20:00Z,False,0,?,?,0.0,0.0,0.0,0.0,269,1959,1,576,False,,0,0,13,3,0,10,0,3,0
7009,0,2024-08-09T14:00:00Z,False,0,2/27/2025 0:00,?,0.0,0.0,0.0,0.0,200,1129,4,1909,False,0.0,0,15,0,3,3,3,1,2,0
7010,0,2024-08-09T13:30:00Z,False,0,3/6/2025 0:00,?,0.0,0.0,0.0,0.0,896,1622,1,1717,False,0.125,5,15,0,3,3,11,1,2,0
7011,0,2024-08-09T10:36:00Z,False,0,?,Fatal,7.0,0.0,0.0,7.0,896,1666,1,576,False,0.25,0,0,12,1,0,13,0,3,1
7012,0,2024-08-08T20:59:00Z,False,0,?,?,0.0,0.0,0.0,0.0,896,1613,1,1549,False,0.25,0,15,0,3,0,5,2,3,0
7013,0,2024-08-08T19:17:00Z,False,0,1/16/2025 0:00,Serious,0.0,1.0,3.0,4.0,45,525,1,576,False,0.25,6,0,4,0,3,3,1,2,0
7014,0,2024-08-08T13:55:00Z,False,0,?,Fatal,3.0,0.0,0.0,3.0,250,107,1,576,False,0.125,0,15,0,3,3,3,2,3,1
7015,0,2024-08-08T11:00:00Z,False,0,4/8/2025 0:00,?,0.0,0.0,0.0,0.0,250,493,1,576,False,0.125,5,6,8,3,3,5,1,2,0
7016,0,2024-08-07T21:30:00Z,False,0,?,Fatal,1.0,0.0,0.0,1.0,250,97,1,576,False,,0,0,13,3,0,3,0,3,1
7017,0,2024-08-07T20:15:00Z,False,0,2/27/2025 0:00,Minor,0.0,0.0,1.0,1.0,972,1167,1,1597,True,0.125,5,13,0,3,3,5,1,2,0
7018,0,2024-08-07T16:44:00Z,False,0,4/1/2025 0:00,?,0.0,0.0,0.0,0.0,157,175,1,1346,False,0.125,5,15,0,3,3,1,1,2,0
7019,0,2024-08-07T15:30:00Z,False,0,10/28/2024 0:00,Serious,0.0,1.0,0.0,1.0,179,356,1,576,False,0.25,6,0,4,0,3,3,1,2,0
7020,0,2024-08-07T15:10:00Z,False,0,4/1/2025 0:00,Serious,0.0,1.0,0.0,0.0,1307,1514,10,576,False,0.5,1,1,9,2,3,5,1,2,0
7021,0,2024-08-07T09:09:00Z,False,0,?,Fatal,5.0,0.0,0.0,5.0,47,607,6,576,False,,0,0,13,1,0,13,0,3,1
7022,0,2024-08-07T09:00:00Z,False,0,?,Fatal,1.0,0.0,0.0,1.0,425,1029,1,576,False,0.125,0,15,0,1,3,13,2,3,1
7023,1,2024-08-07T05:45:00Z,False,0,?,?,?,?,?,?,179,516,1,576,False,,0,0,12,0,0,3,0,3,0
7024,2,2024-08-06T21:18:00Z,False,0,?,?,?,?,?,?,240,853,1,576,False,,0,0,6,0,0,9,0,3,0
7025,0,2024-08-06T19:20:00Z,False,0,?,Fatal,1.0,0.0,0.0,1.0,250,65,1,225,False,0.125,0,15,0,3,3,4,2,3,1
7026,0,2024-08-06T18:38:00Z,False,0,1/10/2025 0:00,?,0.0,0.0,0.0,0.0,157,319,1,697,False,0.25,5,6,8,3,3,5,1,2,0
7027,0,2024-08-06T18:15:00Z,False,0,10/22/2024 0:00,?,0.0,0.0,0.0,0.0,157,975,1,1924,False,0.25,5,15,0,3,3,5,1,2,0
7028,0,2024-08-06T18:00:00Z,False,0,4/8/2025 0:00,?,0.0,0.0,0.0,0.0,367,736,1,2298,False,0.125,5,6,8,3,3,5,1,2,0
7029,0,2024-08-06T14:26:00Z,False,0,?,Fatal,4.0,0.0,0.0,4.0,157,1073,1,1386,False,0.125,0,15,0,1,3,10,2,3,1
7030,0,2024-08-06T14:02:00Z,False,0,3/6/2025 0:00,?,0.0,0.0,0.0,0.0,771,1396,1,1691,False,0.125,5,15,0,3,3,5,1,2,0
7031,0,2024-08-06T12:00:00Z,False,0,12/2/2024 0:00,?,0.0,0.0,0.0,0.0,250,60,1,115,False,0.125,5,13,0,3,3,5,1,2,0
7032,0,2024-08-06T09:33:00Z,False,0,1/10/2025 0:00,?,0.0,0.0,0.0,0.0,269,1959,1,1421,False,0.125,5,15,0,3,3,5,1,2,0
7033,0,2024-08-05T12:58:00Z,False,0,4/8/2025 0:00,?,0.0,0.0,0.0,0.0,896,1666,1,2209,False,0.25,5,22,8,3,3,5,1,2,0
7034,0,2024-08-05T11:11:00Z,False,0,?,Serious,0.0,1.0,1.0,2.0,250,391,1,1485,False,0.25,0,6,0,3,3,4,2,3,0
7035,0,2024-08-05T11:00:00Z,False,0,?,?,?,?,?,?,179,356,1,576,False,,0,0,12,3,0,9,0,3,0
7036,0,2024-08-05T10:00:00Z,False,0,?,?,0.0,0.0,0.0,0.0,896,1633,1,1909,False,0.25,0,15,0,3,3,10,2,3,0
7037,0,2024-08-04T14:15:00Z,False,0,?,Minor,0.0,0.0,1.0,1.0,896,1610,1,1893,False,0.125,0,15,0,3,3,4,2,3,0
7038,0,2024-08-04T14:15:00Z,False,0,?,?,?,?,?,?,250,32,1,576,False,,0,0,13,3,0,3,0,3,0
7039,0,2024-08-04T11:50:00Z,False,0,?,?,?,?,?,?,190,758,0,576,False,,0,0,10,0,0,3,0,0,0
7040,2,2024-08-04T08:17:00Z,False,0,?,?,?,?,?,?,179,362,1,576,False,,0,0,12,0,0,4,0,3,0
7041,0,2024-08-03T23:56:00Z,False,0,1/16/2025 0:00,Serious,0.0,1.0,2.0,3.0,179,418,1,576,False,0.25,6,0,4,0,3,3,1,2,0
7042,0,2024-08-03T21:58:00Z,False,0,?,Fatal,1.0,0.0,0.0,1.0,400,971,5,2298,True,0.125,0,15,0,3,3,4,2,3,1
7043,0,2024-08-03T14:45:00Z,False,0,?,Fatal,3.0,0.0,0.0,3.0,157,464,1,576,False,,0,0,15,1,0,12,0,3,1
7044,0,2024-08-03T14:37:00Z,False,0,?,?,0.0,0.0,0.0,0.0,994,1725,6,576,False,0.125,0,1,9,3,3,5,2,3,0
7045,0,2024-08-03T14:04:00Z,False,0,11/8/2024 0:00,?,0.0,0.0,0.0,0.0,100,477,1,576,False,0.125,5,15,0,3,3,10,1,2,0
7046,1,2024-08-03T14:00:00Z,False,0,1/2/2025 0:00,?,0.0,0.0,0.0,0.0,270,1960,1,2687,False,0.125,5,9,0,3,3,9,1,2,0
7047,0,2024-08-03T13:45:00Z,False,0,?,?,0.0,0.0,0.0,0.0,917,1700,1,132,True,0.125,0,15,0,3,3,3,2,3,0
7048,0,2024-08-03T13:37:00Z,False,0,?,?,?,?,?,?,896,1648,1,2882,False,0.125,0,15,0,3,3,5,2,3,0
7049,0,2024-08-03T12:25:00Z,False,0,?,Serious,0.0,1.0,0.0,1.0,615,1182,1,497,True,0.125,0,11,0,3,3,5,2,3,0
7050,0,2024-08-03T11:30:00Z,False,0,?,Fatal,1.0,0.0,0.0,1.0,1321,834,1,576,False,,0,0,13,1,0,5,0,3,1
7051,0,2024-08-03T11:00:00Z,False,0,11/14/2024 0:00,Minor,0.0,0.0,1.0,1.0,1173,2191,1,6,True,0.125,5,15,0,3,3,3,1,2,0
7052,0,2024-08-02T22:07:00Z,False,0,?,Minor,0.0,0.0,4.0,4.0,160,267,6,576,False,0.125,0,16,14,3,3,3,2,3,0
7053,0,2024-08-02T15:20:00Z,False,0,9/4/2024 0:00,?,0.0,0.0,0.0,0.0,250,84,1,509,False,0.125,5,13,0,3,3,5,1,2,0
7054,0,2024-08-02T14:04:00Z,False,0,2/27/2025 0:00,?,0.0,0.0,0.0,0.0,811,1386,1,1143,False,0.125,5,15,0,3,3,4,1,2,0
7055,0,2024-08-02T12:40:00Z,False,0,12/19/2024 0:00,?,0.0,0.0,0.0,0.0,157,536,1,863,False,0.125,5,15,0,3,3,4,1,2,0
7056,0,2024-08-02T09:24:00Z,False,0,?,?,0.0,0.0,0.0,0.0,364,953,1,2214,False,0.125,0,6,8,3,3,10,2,3,0
7057,0,2024-08-02T08:00:00Z,False,0,11/8/2024 0:00,Serious,0.0,1.0,0.0,1.0,86,181,2,576,False,0.0,0,6,0,0,3,5,1,2,0
7058,0,2024-08-01T14:45:00Z,False,0,?,?,?,?,?,?,993,281,6,576,False,,0,0,13,1,0,2,0,3,0
7059,0,2024-07-31T23:30:00Z,False,0,?,Fatal,2.0,0.0,0.0,2.0,160,142,6,576,False,,0,0,13,1,0,13,0,3,1
7060,0,2024-07-31T16:40:00Z,False,0,4/23/2025 0:00,?,0.0,0.0,0.0,0.0,270,1958,1,591,False,0.125,5,15,0,3,3,3,1,2,0
7061,0,2024-07-31T11:00:00Z,False,0,11/19/2024 0:00,?,0.0,0.0,0.0,0.0,166,451,1,2358,False,0.125,5,13,0,3,3,5,1,2,0
7062,0,2024-07-31T09:36:00Z,False,0,?,?,0.0,0.0,0.0,0.0,896,1632,1,576,False,0.25,0,15,0,3,3,3,2,3,0
7063,0,2024-07-31T08:20:00Z,False,0,?,Fatal,1.0,0.0,0.0,1.0,896,1600,1,576,False,0.125,0,15,0,1,1,7,2,3,1
7064,0,2024-07-30T20:15:00Z,False,0,1/21/2025 0:00,?,0.0,0.0,0.0,0.0,250,37,1,911,False,0.125,5,15,0,3,3,10,1,2,0
7065,0,2024-07-30T19:29:00Z,False,0,?,?,?,?,?,?,165,305,6,576,False,0.125,0,0,6,3,0,3,0,3,0
7066,0,2024-07-30T19:00:00Z,False,0,?,?,0.0,0.0,0.0,0.0,250,1067,1,1078,False,0.125,0,13,13,3,0,3,0,3,0
7067,0,2024-07-30T12:15:00Z,False,0,9/19/2024 0:00,?,0.0,0.0,0.0,0.0,157,1074,1,1808,False,0.125,5,15,0,3,3,5,1,2,0
7068,0,2024-07-30T09:00:00Z,False,0,?,?,0.0,0.0,0.0,0.0,250,2033,1,576,False,0.125,0,0,13,3,0,2,0,3,0
7069,0,2024-07-29T22:30:00Z,False,0,9/4/2024 0:00,?,0.0,0.0,0.0,0.0,896,1627,1,898,False,0.125,5,15,0,3,3,5,1,2,0
7070,1,2024-07-29T21:30:00Z,False,0,?,?,0.0,0.0,0.0,0.0,179,512,1,2434,False,0.25,0,0,12,2,0,8,0,3,0
7071,0,2024-07-29T16:55:00Z,False,0,4/8/2025 0:00,?,0.0,0.0,0.0,0.0,200,1129,4,576,False,0.0,0,15,0,3,3,5,1,2,0
7072,0,2024-07-29T15:15:00Z,False,0,?,?,0.0,0.0,0.0,0.0,438,1043,1,576,False,,0,15,0,3,3,11,2,3,0
7073,0,2024-07-29T14:30:00Z,False,0,?,Fatal,1.0,0.0,0.0,1.0,160,142,6,576,False,0.125,0,1,9,3,3,6,2,3,1
7074,0,2024-07-29T14:17:00Z,False,0,?,Minor,0.0,0.0,2.0,2.0,896,1677,1,576,False,,0,0,13,4,0,3,0,3,0
7075,0,2024-07-29T13:10:00Z,False,0,?,?,0.0,0.0,0.0,0.0,963,536,1,649,False,0.125,0,15,0,3,3,4,2,3,0
7076,0,2024-07-28T17:08:00Z,False,0,11/8/2024 0:00,?,0.0,0.0,0.0,0.0,533,195,1,2100,False,0.125,5,4,0,2,3,6,1,2,0
7077,0,2024-07-28T15:13:00Z,False,0,10/22/2024 0:00,Minor,0.0,0.0,1.0,1.0,474,877,1,239,False,0.125,5,15,0,3,3,1,1,2,0
7078,0,2024-07-28T14:00:00Z,False,0,?,Fatal,1.0,0.0,0.0,1.0,1133,1946,1,576,True,0.125,0,0,13,3,0,5,0,3,1
7079,0,2024-07-28T12:30:00Z,False,0,4/2/2025 0:00,?,0.0,0.0,0.0,0.0,896,1677,1,576,False,0.125,5,15,0,3,3,3,1,2,0
7080,0,2024-07-28T10:50:00Z,False,0,9/4/2024 0:00,?,0.0,0.0,0.0,0.0,250,1599,1,1453,False,0.125,5,13,0,3,3,11,1,2,0
7081,0,2024-07-28T09:30:00Z,False,0,?,Fatal,2.0,0.0,0.0,2.0,250,32,1,576,False,,0,0,13,3,0,13,0,3,1
7082,0,2024-07-28T09:15:00Z,False,0,?,Minor,0.0,0.0,1.0,1.0,157,784,1,1089,False,0.125,0,15,0,3,3,10,2,3,0
7083,2,2024-07-28T04:00:00Z,False,0,?,?,?,?,?,?,179,356,1,576,False,,0,0,6,0,0,1,0,3,0
7084,0,2024-07-27T18:00:00Z,False,0,4/8/2025 0:00,?,0.0,0.0,0.0,0.0,991,1986,1,1178,True,0.125,5,15,0,3,3,10,1,2,0
7085,0,2024-07-27T15:50:00Z,False,0,1/23/2025 0:00,?,0.0,0.0,0.0,0.0,426,189,6,337,False,0.125,5,13,0,3,3,6,1,2,0
7086,0,2024-07-27T14:58:00Z,False,0,?,Minor,0.0,0.0,2.0,2.0,896,1242,1,576,False,0.125,0,15,0,3,3,3,2,3,0
7087,0,2024-07-27T14:18:00Z,False,0,3/20/2025 0:00,?,0.0,0.0,0.0,0.0,250,73,1,338,False,0.125,5,13,0,3,3,5,1,2,0
7088,0,2024-07-27T13:42:00Z,False,0,?,Fatal,1.0,0.0,0.0,1.0,1052,184,6,576,False,0.125,0,15,0,3,3,6,2,3,1
7089,0,2024-07-27T12:57:00Z,False,0,?,?,0.0,0.0,0.0,0.0,19,20,1,576,False,0.125,0,15,0,3,3,3,2,3,0
7090,0,2024-07-27T12:00:00Z,False,0,10/22/2024 0:00,?,0.0,0.0,0.0,0.0,896,1607,1,409,False,0.125,5,15,0,3,3,5,1,2,0
7091,0,2024-07-27T12:00:00Z,False,0,12/2/2024 0:00,?,0.0,0.0,0.0,0.0,896,1242,1,2620,False,0.125,5,15,0,3,3,10,1,2,0
7092,1,2024-07-27T05:25:00Z,False,0,?,?,0.0,0.0,0.0,0.0,179,517,1,2525,False,0.25,0,0,4,2,0,11,2,3,0
7093,1,2024-07-27T04:15:00Z,False,0,?,?,0.0,0.0,0.0,0.0,179,355,1,576,False,,0,0,12,0,0,10,0,3,0
7094,0,2024-07-26T14:22:00Z,False,0,?,Minor,0.0,0.0,2.0,2.0,13,130,1,2775,False,0.125,0,15,0,3,3,1,2,3,0
7095,0,2024-07-26T14:13:00Z,False,0,?,?,0.0,0.0,0.0,0.0,106,1835,1,576,False,0.125,0,16,0,3,3,6,2,3,0
7096,0,2024-07-26T14:04:00Z,False,0,?,Fatal,7.0,0.0,0.0,7.0,895,1682,1,576,False,0.125,0,15,0,1,3,3,2,3,1
7097,1,2024-07-26T11:40:00Z,False,0,?,?,?,?,?,?,160,267,6,576,False,0.125,0,16,8,3,0,2,2,3,0
7098,0,2024-07-26T08:15:00Z,False,0,2/27/2025 0:00,?,0.0,0.0,0.0,0.0,380,913,1,2181,False,0.25,5,15,0,3,3,5,1,2,0
7099,1,2024-07-25T19:15:00Z,False,0,?,?,?,?,?,?,421,1037,0,576,False,,0,0,12,0,0,3,0,0,0
7100,0,2024-07-25T19:00:00Z,False,0,?,Fatal,1.0,0.0,0.0,1.0,40,650,1,576,False,0.125,0,10,14,3,3,6,2,3,1
7101,0,2024-07-25T18:46:00Z,False,0,?,Serious,0.0,2.0,0.0,2.0,250,162,1,576,False,0.125,0,0,13,3,0,3,0,3,0
7102,0,2024-07-25T18:35:00Z,False,0,?,?,0.0,0.0,0.0,0.0,433,600,0,576,False,,0,0,10,0,0,6,0,0,0
7103,0,2024-07-25T17:30:00Z,False,0,9/4/2024 0:00,?,0.0,0.0,0.0,0.0,715,1321,1,576,False,0.125,5,15,0,3,3,10,1,2,0
7104,0,2024-07-25T14:30:00Z,False,0,2/27/2025 0:00,?,0.0,0.0,0.0,0.0,521,1967,4,576,False,0.0,0,15,0,3,3,5,1,2,0
7105,0,2024-07-25T13:25:00Z,False,0,?,Fatal,2.0,0.0,0.0,2.0,270,1959,1,723,False,0.125,0,15,0,1,1,1,2,3,1
7106,0,2024-07-25T11:15:00Z,False,0,2/27/2025 0:00,?,0.0,0.0,0.0,0.0,179,545,1,862,False,0.125,5,15,0,3,3,5,1,2,0
7107,0,2024-07-25T09:40:00Z,False,0,2/27/2025 0:00,?,0.0,0.0,0.0,0.0,241,1197,1,2181,False,0.125,5,15,0,3,3,5,1,2,0
7108,0,2024-07-25T07:10:00Z,False,0,?,Fatal,2.0,0.0,0.0,2.0,993,1721,6,576,False,,0,0,15,3,0,6,0,3,1
7109,0,2024-07-24T17:00:00Z,False,0,11/8/2024 0:00,Serious,0.0,1.0,0.0,1.0,250,497,1,576,False,0.125,5,1,9,3,3,6,1,2,0
7110,0,2024-07-24T16:55:00Z,False,0,?,Serious,0.0,1.0,1.0,2.0,896,1633,1,2138,False,0.25,0,13,0,3,3,1,2,3,0
7111,1,2024-07-24T12:45:00Z,False,0,2/21/2025 0:00,?,0.0,0.0,0.0,0.0,811,1387,1,671,False,0.125,5,15,0,2,3,11,1,2,0
7112,0,2024-07-24T12:03:00Z,False,0,9/12/2024 0:00,?,0.0,0.0,0.0,0.0,439,1196,1,892,False,0.125,5,13,0,3,3,5,1,2,0
7113,0,2024-07-24T08:30:00Z,False,0,3/6/2025 0:00,?,0.0,0.0,0.0,0.0,591,2128,6,576,False,0.125,5,15,0,3,3,5,1,2,0
7114,0,2024-07-24T04:00:00Z,False,0,?,Fatal,19.0,1.0,0.0,19.0,182,855,1,2778,False,,0,0,12,1,0,4,0,3,1
7115,0,2024-07-23T19:00:00Z,False,0,12/2/2024 0:00,?,0.0,0.0,0.0,0.0,474,877,1,576,False,0.125,5,15,0,3,3,5,1,2,0
7116,0,2024-07-23T17:30:00Z,False,0,?,Fatal,2.0,0.0,0.0,2.0,723,229,1,2601,False,0.25,0,22,13,1,0,1,0,3,1
7117,0,2024-07-23T12:04:00Z,False,0,?,Fatal,2.0,0.0,0.0,2.0,1183,2038,1,2106,False,0.125,0,6,0,1,3,5,2,3,1
7118,1,2024-07-23T12:00:00Z,False,0,?,?,0.0,0.0,0.0,0.0,179,380,1,576,False,,0,0,12,0,0,9,0,3,0
7119,0,2024-07-23T09:45:00Z,False,0,?,?,0.0,0.0,0.0,0.0,711,1999,1,1626,True,0.125,0,15,0,3,3,4,2,3,0
7120,1,2024-07-23T03:16:00Z,False,0,?,?,?,?,?,?,179,356,1,576,False,,0,0,12,0,0,9,0,3,0
7121,0,2024-07-22T19:30:00Z,False,0,?,Fatal,1.0,0.0,0.0,1.0,40,644,1,576,False,0.125,0,1,9,1,0,6,2,3,1
7122,0,2024-07-22T19:12:00Z,False,0,?,Fatal,2.0,0.0,0.0,2.0,157,536,1,1467,False,0.125,0,15,0,3,3,4,2,3,1
7123,0,2024-07-22T13:12:00Z,False,0,?,Fatal,2.0,0.0,0.0,2.0,716,1038,1,2181,True,0.125,0,15,0,1,3,1,2,3,1
7124,0,2024-07-22T04:00:00Z,False,0,?,?,?,?,?,?,250,97,1,2596,False,,0,0,13,1,0,10,0,3,0
7125,0,2024-07-21T20:33:00Z,False,0,?,Serious,0.0,1.0,1.0,2.0,254,436,1,1987,False,0.125,0,15,0,3,3,3,2,3,0
7126,0,2024-07-21T18:54:00Z,False,0,?,Fatal,1.0,0.0,0.0,1.0,1293,2088,1,478,False,0.125,0,15,0,3,3,6,2,3,1
7127,1,2024-07-21T17:54:00Z,False,0,?,?,0.0,0.0,0.0,0.0,179,356,1,576,False,,0,0,12,2,0,10,0,3,0
7128,0,2024-07-21T12:00:00Z,False,0,9/27/2024 0:00,Minor,0.0,0.0,1.0,1.0,160,145,6,576,False,0.125,9,1,9,3,3,6,1,2,0
7129,0,2024-07-21T11:07:00Z,False,0,9/4/2024 0:00,?,0.0,0.0,0.0,0.0,250,493,1,1934,False,0.125,5,15,0,3,3,5,1,2,0
7130,0,2024-07-20T21:15:00Z,False,0,12/2/2024 0:00,?,0.0,0.0,0.0,0.0,160,142,6,576,False,0.125,9,1,9,3,3,6,1,2,0
7131,0,2024-07-20T20:00:00Z,False,0,9/12/2024 0:00,Serious,0.0,1.0,0.0,1.0,441,1750,11,2365,False,0.125,5,15,0,3,3,1,1,2,0
7132,0,2024-07-20T18:30:00Z,False,0,10/22/2024 0:00,Serious,0.0,1.0,0.0,1.0,946,1169,1,11,False,0.125,5,15,0,3,3,4,1,2,0
7133,0,2024-07-20T16:21:00Z,False,0,?,?,0.0,0.0,0.0,0.0,682,1209,1,2181,True,,0,15,0,3,3,5,2,3,0
7134,0,2024-07-20T15:21:00Z,False,0,?,Fatal,3.0,0.0,0.0,3.0,157,533,1,576,False,0.125,0,15,0,1,2,3,2,3,1
7135,0,2024-07-20T14:39:00Z,False,0,?,?,0.0,0.0,0.0,0.0,579,1204,1,2641,False,0.25,0,16,0,3,3,10,2,3,0
7136,0,2024-07-20T12:40:00Z,False,0,?,Fatal,1.0,0.0,0.0,1.0,250,154,1,576,False,0.125,0,21,0,1,3,3,2,3,1
7137,0,2024-07-20T08:45:00Z,False,0,4/8/2025 0:00,?,0.0,0.0,0.0,0.0,367,739,1,576,False,0.125,5,14,0,3,3,10,1,2,0
7138,0,2024-07-19T20:04:00Z,False,0,?,Fatal,3.0,0.0,0.0,3.0,157,690,1,2877,False,0.25,0,15,0,3,3,1,2,3,1
7139,0,2024-07-19T17:00:00Z,False,0,11/19/2024 0:00,?,0.0,0.0,0.0,0.0,250,60,1,996,False,0.125,5,15,0,3,3,5,1,2,0
7140,0,2024-07-19T16:00:00Z,False,0,12/6/2024 0:00,?,0.0,0.0,0.0,0.0,250,123,1,440,False,0.125,5,15,0,3,3,5,1,2,0
7141,0,2024-07-19T15:30:00Z,False,0,1/29/2025 0:00,Fatal,1.0,0.0,1.0,2.0,1069,1285,1,372,True,0.125,5,15,0,3,3,10,1,2,1
7142,0,2024-07-19T14:08:00Z,False,0,3/20/2025 0:00,?,0.0,0.0,0.0,0.0,160,1504,6,576,False,0.125,9,1,9,3,3,6,1,2,0
7143,0,2024-07-19T13:30:00Z,False,0,?,?,0.0,0.0,0.0,0.0,250,97,1,1764,False,,0,0,13,3,0,3,0,3,0
7144,0,2024-07-19T11:30:00Z,False,0,?,Fatal,1.0,0.0,0.0,1.0,411,974,1,817,False,,0,0,13,3,0,6,0,3,1
7145,1,2024-07-19T06:30:00Z,False,0,?,?,0.0,0.0,0.0,0.0,179,356,1,576,False,,0,0,12,0,0,3,0,3,0
7146,0,2024-07-18T20:45:00Z,False,0,?,Fatal,3.0,0.0,0.0,3.0,250,277,0,576,False,,0,0,10,0,0,4,0,0,1
7147,0,2024-07-18T19:35:00Z,False,0,4/1/2025 0:00,?,0.0,0.0,0.0,0.0,250,97,1,2886,False,0.125,5,15,0,3,3,3,1,2,0
7148,0,2024-07-18T17:25:00Z,False,0,2/27/2025 0:00,Minor,0.0,0.0,1.0,1.0,994,1725,6,1559,False,0.125,5,13,0,3,3,10,1,2,0
7149,0,2024-07-18T11:00:00Z,False,0,2/27/2025 0:00,?,0.0,0.0,0.0,0.0,179,711,1,1561,False,0.125,5,13,0,3,3,5,1,2,0
7150,0,2024-07-18T08:20:00Z,False,0,9/19/2024 0:00,?,0.0,0.0,0.0,0.0,270,1958,1,1212,False,0.125,5,15,0,3,3,5,1,2,0
7151,0,2024-07-17T16:00:00Z,False,0,?,?,0.0,0.0,0.0,0.0,40,644,1,576,False,0.125,0,1,9,3,0,6,2,3,0
7152,0,2024-07-17T15:30:00Z,False,0,?,?,?,?,?,?,250,118,1,576,False,,0,0,13,3,0,6,0,3,0
7153,1,2024-07-17T09:25:00Z,False,0,?,?,0.0,0.0,0.0,0.0,179,356,1,576,False,0.25,0,0,12,0,0,13,0,3,0
7154,0,2024-07-17T00:16:00Z,False,0,10/16/2024 0:00,Serious,0.0,1.0,1.0,2.0,45,519,1,1895,False,0.25,6,0,4,0,3,11,1,2,0
7155,0,2024-07-16T18:47:00Z,False,0,2/26/2025 0:00,Minor,0.0,0.0,2.0,2.0,896,1601,1,684,False,0.125,5,15,0,3,3,4,1,2,0
7156,0,2024-07-16T15:30:00Z,False,0,?,?,0.0,0.0,0.0,0.0,896,1636,1,576,False,0.125,0,1,9,3,3,6,2,3,0
7157,0,2024-07-16T11:50:00Z,False,0,?,Fatal,2.0,0.0,0.0,2.0,896,1672,1,1986,False,,0,0,12,1,0,10,0,3,1
7158,0,2024-07-16T10:32:00Z,False,0,?,Fatal,1.0,0.0,0.0,1.0,250,261,1,576,False,0.25,0,16,0,3,3,6,2,3,1
7159,0,2024-07-16T01:55:00Z,False,0,2/26/2025 0:00,Serious,0.0,1.0,4.0,5.0,778,324,6,576,False,0.125,9,18,14,1,3,6,1,2,0
7160,0,2024-07-15T22:25:00Z,False,0,9/27/2024 0:00,?,0.0,0.0,0.0,0.0,896,1660,1,641,False,0.125,5,13,0,3,3,10,1,2,0
7161,0,2024-07-15T16:53:00Z,False,0,?,?,?,?,?,?,227,751,1,576,False,,0,0,13,1,0,1,0,3,0
7162,0,2024-07-15T16:00:00Z,False,0,9/27/2024 0:00,?,0.0,0.0,0.0,0.0,250,495,1,546,False,0.125,5,1,9,3,3,10,1,2,0
7163,0,2024-07-15T12:45:00Z,False,0,?,?,0.0,0.0,0.0,0.0,250,43,1,247,False,0.125,0,15,0,3,3,3,2,3,0
7164,0,2024-07-14T18:35:00Z,False,0,8/22/2024 0:00,?,0.0,0.0,0.0,0.0,250,75,1,348,False,0.125,5,15,0,3,3,5,1,2,0
7165,0,2024-07-14T16:00:00Z,False,0,11/8/2024 0:00,Minor,0.0,0.0,2.0,2.0,250,87,1,2298,False,0.125,5,15,0,3,3,5,1,2,0
7166,0,2024-07-14T15:35:00Z,False,0,11/8/2024 0:00,?,0.0,0.0,0.0,0.0,811,1387,1,2009,False,0.125,5,15,0,3,3,5,1,2,0
7167,0,2024-07-14T10:30:00Z,False,0,2/21/2025 0:00,?,0.0,0.0,0.0,0.0,250,87,1,576,False,0.125,5,15,0,3,3,10,1,2,0
7168,0,2024-07-13T18:00:00Z,False,0,?,?,0.0,0.0,0.0,0.0,250,1526,1,576,False,0.125,0,22,13,4,0,1,0,3,0
7169,0,2024-07-13T17:30:00Z,False,0,?,?,0.0,0.0,0.0,0.0,250,60,1,576,False,,0,0,13,3,0,3,0,3,0
7170,0,2024-07-13T16:27:00Z,False,0,?,Fatal,1.0,0.0,0.0,1.0,39,658,1,576,False,0.125,0,1,9,3,3,6,2,3,1
7171,0,2024-07-13T12:20:00Z,False,0,?,Minor,0.0,0.0,2.0,2.0,250,32,1,576,False,,0,0,13,3,0,3,0,3,0
7172,0,2024-07-13T11:52:00Z,False,0,9/27/2024 0:00,Minor,0.0,0.0,2.0,2.0,250,66,1,1122,False,0.125,5,15,0,3,3,5,1,2,0
7173,0,2024-07-13T11:45:00Z,False,0,?,?,0.0,0.0,0.0,0.0,778,242,6,2202,False,0.125,0,6,8,3,3,6,2,3,0
7174,0,2024-07-13T11:35:00Z,False,0,?,?,0.0,0.0,0.0,0.0,994,1727,6,576,False,0.125,0,13,0,3,3,2,2,3,0
7175,0,2024-07-13T08:49:00Z,False,0,?,Minor,0.0,0.0,2.0,2.0,250,99,1,576,False,0.125,0,15,0,3,3,3,2,3,0
7176,0,2024-07-13T08:00:00Z,False,0,?,Fatal,1.0,0.0,0.0,1.0,442,130,1,576,False,,0,15,13,1,3,13,0,3,1
7177,0,2024-07-13T07:50:00Z,False,0,2/21/2025 0:00,Serious,0.0,1.0,0.0,1.0,704,717,2,576,False,0.0,0,15,0,0,3,5,1,2,0
7178,0,2024-07-12T18:00:00Z,False,0,?,?,0.0,0.0,0.0,0.0,367,945,1,576,False,0.125,0,0,8,3,3,3,2,3,0
7179,0,2024-07-12T15:21:00Z,False,0,8/30/2024 0:00,?,0.0,0.0,0.0,0.0,1087,1283,1,2823,True,0.125,5,15,0,3,3,5,1,2,0
7180,0,2024-07-12T15:00:00Z,False,0,11/8/2024 0:00,?,0.0,0.0,0.0,0.0,39,657,1,963,False,0.125,8,16,9,3,3,5,1,2,0
7181,0,2024-07-12T13:30:00Z,False,0,10/22/2024 0:00,?,0.0,0.0,0.0,0.0,250,156,1,2017,False,0.125,5,15,0,3,3,5,1,2,0
7182,0,2024-07-12T12:10:00Z,False,0,3/28/2025 0:00,?,0.0,0.0,0.0,0.0,157,334,1,2892,False,0.25,5,6,8,3,3,10,1,2,0
7183,0,2024-07-12T10:45:00Z,False,0,9/27/2024 0:00,?,0.0,0.0,0.0,0.0,157,319,1,282,False,0.25,5,15,0,3,3,5,1,2,0
7184,0,2024-07-12T06:30:00Z,False,0,1/10/2025 0:00,?,0.0,0.0,0.0,0.0,295,1908,1,1502,True,0.125,5,15,0,1,3,1,1,2,0
7185,0,2024-07-11T21:35:00Z,False,0,2/21/2025 0:00,?,0.0,0.0,0.0,0.0,896,1608,1,2536,False,0.125,5,15,0,3,3,10,1,2,0
7186,0,2024-07-11T18:05:00Z,False,0,3/6/2025 0:00,Minor,0.0,0.0,1.0,1.0,160,267,6,576,False,0.125,9,10,14,3,3,6,1,2,0
7187,0,2024-07-11T15:07:00Z,False,0,?,Fatal,1.0,0.0,0.0,1.0,40,650,1,576,False,0.125,0,1,9,2,3,3,2,3,1
7188,0,2024-07-11T14:05:00Z,False,0,?,Fatal,3.0,0.0,0.0,3.0,994,1725,6,576,False,0.125,0,6,0,3,3,13,2,3,1
7189,0,2024-07-11T11:00:00Z,False,0,2/26/2025 0:00,?,0.0,0.0,0.0,0.0,544,554,1,2195,False,0.125,5,15,0,3,3,10,1,2,0
7190,0,2024-07-11T10:46:00Z,False,0,4/8/2025 0:00,?,0.0,0.0,0.0,0.0,307,776,1,1102,False,0.25,5,6,5,3,3,10,1,2,0
7191,0,2024-07-11T10:23:00Z,False,0,?,Fatal,1.0,0.0,1.0,1.0,250,263,1,759,False,0.25,0,15,0,1,3,1,2,3,1
7192,0,2024-07-10T15:08:00Z,False,0,4/1/2025 0:00,Fatal,2.0,0.0,0.0,2.0,896,1599,1,1147,False,0.125,5,13,0,3,3,4,1,2,1
7193,0,2024-07-10T13:30:00Z,False,0,?,?,0.0,0.0,0.0,0.0,667,1347,1,576,True,0.125,0,15,0,3,3,3,2,3,0
7194,0,2024-07-10T13:10:00Z,False,0,?,Fatal,1.0,0.0,0.0,1.0,40,650,1,576,False,0.125,0,0,14,3,3,5,2,3,1
7195,0,2024-07-10T11:50:00Z,False,0,9/4/2024 0:00,?,0.0,0.0,0.0,0.0,896,1660,1,316,False,0.125,5,13,0,3,3,1,1,2,0
7196,0,2024-07-09T19:06:00Z,False,0,2/12/2025 0:00,?,0.0,0.0,0.0,0.0,250,98,1,1615,False,0.125,5,15,0,3,3,5,1,2,0
7197,0,2024-07-09T17:34:00Z,False,0,?,?,0.0,0.0,0.0,0.0,250,166,6,576,False,,0,0,13,2,0,13,0,3,0
7198,0,2024-07-09T12:30:00Z,False,0,3/28/2025 0:00,Minor,0.0,0.0,1.0,1.0,486,1286,1,2237,True,0.125,5,15,0,3,3,10,1,2,0
7199,0,2024-07-09T12:25:00Z,False,0,?,?,0.0,0.0,0.0,?,179,712,1,1791,False,,0,0,12,3,0,10,0,3,0
7200,0,2024-07-09T10:35:00Z,False,0,11/19/2024 0:00,?,0.0,0.0,0.0,0.0,778,239,6,576,False,0.125,9,13,0,3,3,5,1,2,0
7201,0,2024-07-08T21:10:00Z,False,0,4/8/2025 0:00,?,0.0,0.0,0.0,0.0,896,1570,1,1506,False,0.125,5,15,0,3,3,5,1,2,0
7202,0,2024-07-08T20:00:00Z,False,0,1/21/2025 0:00,?,0.0,0.0,0.0,0.0,160,150,6,576,False,0.125,9,1,9,3,3,10,1,2,0
7203,0,2024-07-08T13:30:00Z,False,0,?,?,?,?,?,?,250,60,1,576,False,,0,0,13,3,0,3,0,3,0
7204,0,2024-07-08T09:50:00Z,False,0,11/8/2024 0:00,Minor,0.0,0.0,1.0,1.0,542,1119,1,576,False,0.125,8,1,9,3,3,6,1,2,0
7205,1,2024-07-08T04:00:00Z,False,0,?,?,0.0,0.0,0.0,0.0,45,532,1,576,False,,0,0,6,0,0,5,0,3,0
7206,0,2024-07-07T22:07:00Z,False,0,?,Fatal,3.0,0.0,0.0,3.0,250,97,1,576,False,0.125,0,16,0,3,0,3,2,3,1
7207,0,2024-07-07T19:00:00Z,False,0,?,Fatal,1.0,0.0,0.0,1.0,463,583,1,576,False,0.125,0,15,0,3,3,13,2,3,1
7208,0,2024-07-07T17:35:00Z,False,0,?,Serious,0.0,1.0,0.0,1.0,803,1982,1,278,False,0.125,0,15,0,3,0,1,2,3,0
7209,0,2024-07-07T04:00:00Z,False,0,?,?,0.0,0.0,0.0,0.0,250,60,1,576,False,,0,0,13,3,0,5,0,3,0
7210,0,2024-07-06T22:22:00Z,False,0,?,Fatal,2.0,0.0,0.0,2.0,254,441,1,233,False,0.125,0,15,0,3,3,10,2,3,1
7211,1,2024-07-06T15:26:00Z,False,0,?,?,0.0,0.0,0.0,0.0,250,1718,1,576,False,0.125,0,13,0,2,3,6,2,3,0
7212,0,2024-07-06T14:35:00Z,False,0,2/12/2025 0:00,?,0.0,0.0,0.0,0.0,896,1580,1,2390,False,0.125,5,15,0,3,3,5,1,2,0
7213,0,2024-07-06T14:15:00Z,False,0,2/21/2025 0:00,?,0.0,0.0,0.0,0.0,153,1968,1,1691,True,0.125,5,15,0,3,3,5,1,2,0
7214,0,2024-07-06T14:14:00Z,False,0,9/4/2024 0:00,?,0.0,0.0,0.0,0.0,896,1601,1,2253,False,0.125,5,13,0,3,3,6,1,2,0
7215,0,2024-07-06T10:55:00Z,False,0,11/8/2024 0:00,Minor,0.0,0.0,2.0,2.0,915,1996,1,576,False,0.125,5,15,0,3,3,5,1,2,0
7216,0,2024-07-06T10:15:00Z,False,0,9/19/2024 0:00,Minor,0.0,0.0,1.0,1.0,1241,1785,1,431,True,0.125,5,15,0,3,3,5,1,2,0
7217,0,2024-07-06T09:40:00Z,False,0,9/4/2024 0:00,?,0.0,0.0,0.0,0.0,1202,1888,1,2089,False,0.125,5,13,0,3,3,5,1,2,0
7218,0,2024-07-06T06:43:00Z,False,0,?,?,0.0,0.0,0.0,0.0,250,97,1,576,False,,0,0,13,3,0,10,0,3,0
7219,0,2024-07-05T20:40:00Z,False,0,?,?,0.0,0.0,0.0,0.0,896,1657,1,576,False,,0,0,13,3,0,1,0,3,0
7220,0,2024-07-05T09:01:00Z,False,0,?,Fatal,1.0,0.0,0.0,1.0,459,1878,6,576,True,0.125,0,15,0,1,3,3,2,3,1
7221,0,2024-07-04T21:15:00Z,False,0,11/19/2024 0:00,Minor,0.0,0.0,1.0,1.0,523,1144,1,2618,False,0.125,5,15,0,3,3,10,1,2,0
7222,0,2024-07-04T20:20:00Z,False,0,1/21/2025 0:00,Fatal,1.0,0.0,0.0,1.0,196,967,7,576,False,0.125,5,15,0,1,3,6,1,2,1
7223,0,2024-07-04T20:00:00Z,False,0,?,?,?,?,?,?,683,2025,1,576,False,,0,0,13,1,0,10,0,3,0
7224,0,2024-07-04T19:30:00Z,False,0,10/22/2024 0:00,?,0.0,0.0,0.0,0.0,996,1727,6,576,False,0.125,5,1,9,3,3,6,1,2,0
7225,0,2024-07-04T18:25:00Z,False,0,?,Fatal,1.0,0.0,0.0,1.0,500,1143,1,313,False,0.125,0,15,0,3,3,6,2,3,1
7226,0,2024-07-04T17:00:00Z,False,0,4/1/2025 0:00,Minor,0.0,0.0,1.0,1.0,166,451,1,576,False,0.125,5,5,0,3,3,6,1,2,0
7227,0,2024-07-04T15:30:00Z,False,0,8/22/2024 0:00,?,0.0,0.0,0.0,0.0,40,649,1,576,False,0.125,8,10,9,3,3,10,1,2,0
7228,0,2024-07-04T12:30:00Z,False,0,8/22/2024 0:00,?,0.0,0.0,0.0,0.0,250,57,1,802,False,0.125,5,13,0,3,3,5,1,2,0
7229,0,2024-07-04T11:43:00Z,False,0,?,?,0.0,0.0,0.0,0.0,1009,50,6,2873,True,0.125,0,15,0,3,3,6,2,3,0
7230,0,2024-07-04T11:30:00Z,False,0,11/14/2024 0:00,?,0.0,0.0,0.0,0.0,250,270,1,1867,False,0.25,5,15,0,3,3,5,1,2,0
7231,0,2024-07-04T11:10:00Z,False,0,?,Fatal,1.0,0.0,0.0,1.0,250,72,1,1786,False,0.125,0,13,0,1,3,4,2,3,1
7232,0,2024-07-04T09:02:00Z,False,0,8/22/2024 0:00,?,0.0,0.0,0.0,0.0,250,87,1,1252,False,0.125,5,15,0,3,3,10,1,2,0
7233,0,2024-07-04T05:00:00Z,False,0,1/16/2025 0:00,?,0.0,0.0,0.0,0.0,896,1630,1,560,False,0.125,5,15,0,3,3,10,1,2,0
7234,0,2024-07-03T16:22:00Z,False,0,?,Minor,0.0,0.0,2.0,2.0,474,877,1,576,False,0.125,0,0,13,3,0,10,0,3,0
7235,0,2024-07-03T12:00:00Z,False,0,?,?,0.0,0.0,0.0,0.0,250,32,1,576,False,,0,0,12,3,0,2,0,3,0
7236,0,2024-07-03T10:00:00Z,False,0,2/12/2025 0:00,?,0.0,0.0,0.0,0.0,250,28,1,576,False,0.125,5,15,0,3,3,6,1,2,0
7237,1,2024-07-03T04:00:00Z,False,0,?,?,?,?,?,?,179,416,1,576,False,,0,0,12,2,0,11,0,3,0
7238,0,2024-07-02T18:15:00Z,False,0,?,?,0.0,0.0,0.0,0.0,1052,184,6,576,False,,0,0,13,3,0,6,0,3,0
7239,0,2024-07-02T16:45:00Z,False,0,3/28/2025 0:00,?,0.0,0.0,0.0,0.0,364,953,1,576,False,0.125,5,6,8,3,3,10,1,2,0
7240,0,2024-07-02T14:30:00Z,False,0,?,Serious,0.0,1.0,0.0,1.0,1242,1766,1,2554,False,0.125,0,15,0,3,3,6,2,3,0
7241,0,2024-07-02T13:00:00Z,False,0,?,Minor,0.0,0.0,1.0,1.0,250,72,1,2034,False,0.125,0,15,0,3,3,4,2,3,0
7242,0,2024-07-01T21:31:00Z,False,0,10/22/2024 0:00,?,0.0,0.0,0.0,0.0,157,461,1,2241,False,0.25,5,15,0,3,3,1,1,2,0
7243,0,2024-07-01T16:30:00Z,False,0,2/12/2025 0:00,?,0.0,0.0,0.0,0.0,250,59,1,2647,False,0.125,5,15,0,3,3,5,1,2,0
7244,1,2024-07-01T05:50:00Z,False,0,?,?,?,?,?,?,179,424,1,576,False,,0,0,12,0,0,3,0,3,0
7245,0,2024-06-30T20:48:00Z,False,0,9/4/2024 0:00,Minor,0.0,0.0,2.0,2.0,250,2045,1,2745,False,0.125,5,15,0,3,3,5,1,2,0
7246,0,2024-06-30T19:20:00Z,False,0,4/22/2025 0:00,?,0.0,0.0,0.0,0.0,157,694,1,576,False,0.125,5,15,0,3,3,6,1,2,0
7247,0,2024-06-30T18:52:00Z,False,0,?,Fatal,2.0,0.0,0.0,2.0,1266,2219,1,576,False,0.125,0,15,0,1,1,6,2,3,1
7248,0,2024-06-30T18:52:00Z,False,0,12/19/2024 0:00,?,0.0,0.0,0.0,0.0,250,308,1,2341,False,0.25,6,6,0,3,1,5,1,2,0
7249,0,2024-06-30T14:55:00Z,False,0,?,Fatal,5.0,0.0,0.0,5.0,896,1677,1,576,False,0.125,0,15,0,3,3,3,2,3,1
7250,0,2024-06-30T13:00:00Z,False,0,?,Minor,0.0,0.0,1.0,1.0,250,495,1,576,False,,0,1,12,3,0,3,0,3,0
7251,0,2024-06-30T12:15:00Z,False,0,?,Minor,0.0,0.0,2.0,2.0,963,536,1,1809,False,0.125,0,15,0,3,3,10,2,3,0
7252,0,2024-06-30T11:30:00Z,False,0,10/22/2024 0:00,?,0.0,0.0,0.0,0.0,40,637,1,2298,False,0.125,8,1,9,3,3,4,1,2,0
7253,0,2024-06-30T11:13:00Z,False,0,9/4/2024 0:00,Serious,0.0,2.0,0.0,2.0,288,1788,1,447,True,0.125,5,6,0,3,3,1,1,2,0
7254,0,2024-06-29T19:40:00Z,False,0,?,?,0.0,0.0,0.0,0.0,541,1118,1,2667,False,0.125,0,16,0,3,3,5,2,3,0
7255,0,2024-06-29T19:00:00Z,False,0,?,?,0.0,0.0,0.0,0.0,250,68,1,576,False,0.125,0,15,0,3,3,3,2,3,0
7256,0,2024-06-29T17:45:00Z,False,0,11/7/2024 0:00,?,0.0,0.0,0.0,0.0,68,1332,1,1885,True,0.125,5,9,0,3,3,5,1,2,0
7257,0,2024-06-29T14:00:00Z,False,0,?,Fatal,1.0,0.0,0.0,1.0,993,1721,6,576,False,0.125,0,15,13,1,0,6,0,3,1
7258,0,2024-06-29T04:00:00Z,False,0,?,?,0.0,0.0,0.0,0.0,896,1601,1,576,False,0.125,0,0,13,3,0,5,0,3,0
7259,0,2024-06-28T19:02:00Z,False,0,2/12/2025 0:00,?,0.0,0.0,0.0,0.0,250,70,1,2193,False,0.125,5,13,0,3,3,10,1,2,0
7260,0,2024-06-28T18:28:00Z,False,0,?,Fatal,1.0,1.0,0.0,2.0,250,97,1,2720,False,0.125,0,15,0,3,3,5,2,3,1
7261,0,2024-06-28T16:25:00Z,False,0,3/28/2025 0:00,?,0.0,0.0,0.0,0.0,369,940,1,1489,False,0.125,5,6,0,3,3,4,1,2,0
7262,0,2024-06-28T16:09:00Z,False,0,?,Fatal,1.0,1.0,0.0,2.0,1108,542,1,1023,False,0.125,0,0,13,3,0,3,0,3,1
7263,1,2024-06-28T12:22:00Z,False,0,?,?,0.0,0.0,0.0,0.0,179,416,1,576,False,,0,0,12,0,0,10,0,3,0
7264,0,2024-06-28T12:15:00Z,False,0,2/12/2025 0:00,?,0.0,0.0,0.0,0.0,100,479,1,821,False,0.125,5,15,0,3,3,5,1,2,0
7265,0,2024-06-27T23:40:00Z,False,0,?,Fatal,1.0,0.0,0.0,1.0,250,206,1,576,False,,0,0,13,3,0,3,0,3,1
7266,0,2024-06-27T16:34:00Z,False,0,7/25/2024 0:00,?,0.0,0.0,0.0,0.0,47,607,6,2473,False,0.125,9,20,14,3,3,6,1,2,0
7267,0,2024-06-27T13:30:00Z,False,0,10/22/2024 0:00,Minor,0.0,0.0,1.0,1.0,402,3,1,880,True,0.125,5,15,0,3,3,10,1,2,0
7268,0,2024-06-27T12:45:00Z,False,0,?,?,0.0,0.0,0.0,0.0,250,215,1,974,False,0.25,0,15,0,3,3,10,2,3,0
7269,0,2024-06-27T11:40:00Z,False,0,1/21/2025 0:00,?,0.0,0.0,0.0,0.0,122,631,1,576,False,0.125,5,1,9,3,3,3,1,2,0
7270,0,2024-06-27T11:28:00Z,False,0,?,Fatal,2.0,1.0,0.0,3.0,250,271,1,2652,False,0.25,0,15,0,1,3,3,2,3,1
7271,0,2024-06-27T09:40:00Z,False,0,?,Fatal,1.0,0.0,0.0,1.0,250,60,0,576,False,,0,0,10,0,0,6,0,0,1
7272,0,2024-06-26T15:59:00Z,False,0,4/1/2025 0:00,Serious,0.0,2.0,0.0,2.0,58,666,1,964,True,0.125,5,11,0,3,3,4,1,2,0
7273,0,2024-06-26T15:30:00Z,False,0,3/28/2025 0:00,?,0.0,0.0,0.0,0.0,519,1140,1,581,False,0.125,5,6,8,3,3,10,1,2,0
7274,0,2024-06-26T13:30:00Z,False,0,3/28/2025 0:00,?,0.0,0.0,0.0,0.0,250,103,1,576,False,0.125,5,15,0,3,3,5,1,2,0
7275,0,2024-06-26T10:56:00Z,False,0,?,Minor,0.0,0.0,1.0,1.0,1194,2018,1,1720,True,0.125,0,15,0,3,3,1,2,3,0
7276,0,2024-06-26T09:10:00Z,False,0,?,Serious,0.0,1.0,0.0,1.0,896,1672,1,576,False,,0,0,13,3,0,3,0,3,0
7277,0,2024-06-26T08:30:00Z,False,0,2/12/2025 0:00,Serious,0.0,1.0,0.0,1.0,1231,2041,2,1687,False,0.25,4,3,0,0,3,5,1,2,0
7278,0,2024-06-25T18:30:00Z,False,0,3/20/2025 0:00,Minor,0.0,0.0,1.0,1.0,250,32,1,1906,False,0.125,5,15,0,3,3,5,1,2,0
7279,0,2024-06-25T18:18:00Z,False,0,3/6/2025 0:00,?,0.0,0.0,0.0,0.0,1044,958,4,2713,False,0.0,0,15,0,3,3,5,1,2,0
7280,0,2024-06-25T14:39:00Z,False,0,?,Fatal,1.0,0.0,0.0,1.0,542,1118,1,576,False,0.125,0,13,0,1,0,6,2,3,1
7281,0,2024-06-25T14:13:00Z,False,0,9/4/2024 0:00,?,0.0,0.0,0.0,0.0,896,1657,1,1916,False,0.25,5,15,0,3,3,5,1,2,0
7282,0,2024-06-25T13:55:00Z,False,0,?,Minor,0.0,0.0,1.0,1.0,1095,1888,1,576,True,0.125,0,15,0,3,3,3,2,3,0
7283,0,2024-06-25T12:30:00Z,False,0,11/22/2024 0:00,?,0.0,0.0,0.0,0.0,523,1146,1,1194,False,0.125,5,15,0,3,3,5,1,2,0
7284,0,2024-06-25T11:53:00Z,False,0,11/22/2024 0:00,?,0.0,0.0,0.0,0.0,250,1720,1,115,False,0.125,5,15,0,3,3,5,1,2,0
7285,0,2024-06-25T09:20:00Z,False,0,?,Fatal,1.0,0.0,0.0,1.0,39,655,1,576,False,0.125,0,1,9,3,3,6,2,3,1
7286,0,2024-06-25T08:50:00Z,False,0,2/12/2025 0:00,?,0.0,0.0,0.0,0.0,805,1736,1,489,True,0.125,5,13,0,3,3,5,1,2,0
7287,0,2024-06-25T06:54:00Z,False,0,?,?,0.0,0.0,0.0,0.0,542,1119,1,2298,False,0.125,0,16,0,3,3,10,2,3,0
7288,1,2024-06-25T06:43:00Z,False,0,?,?,0.0,0.0,0.0,0.0,179,363,1,1665,False,0.25,0,0,4,0,3,10,2,3,0
7289,0,2024-06-24T13:15:00Z,False,0,?,?,0.0,0.0,0.0,0.0,896,1597,1,1199,False,0.125,0,13,0,3,3,3,2,3,0
7290,0,2024-06-24T12:55:00Z,False,0,8/8/2024 0:00,Serious,0.0,1.0,0.0,1.0,59,615,4,125,False,0.125,5,15,0,3,3,3,1,2,0
7291,0,2024-06-23T20:42:00Z,False,0,?,?,0.0,0.0,0.0,0.0,250,98,1,576,False,0.125,0,15,0,3,3,3,2,3,0
7292,1,2024-06-23T19:55:00Z,False,0,?,?,?,?,?,?,1183,154,1,576,False,0.125,0,0,8,4,0,10,0,3,0
7293,0,2024-06-23T19:47:00Z,False,0,3/28/2025 0:00,?,0.0,0.0,0.0,0.0,250,59,1,2237,False,0.125,5,15,0,3,3,5,1,2,0
7294,0,2024-06-23T19:30:00Z,False,0,3/28/2025 0:00,?,0.0,0.0,0.0,0.0,250,116,1,2205,False,0.125,5,15,0,3,3,5,1,2,0
7295,0,2024-06-23T12:00:00Z,False,0,7/25/2024 0:00,?,0.0,0.0,0.0,0.0,285,1520,1,576,False,0.125,5,15,0,3,3,3,1,2,0
7296,0,2024-06-23T11:50:00Z,False,0,1/10/2025 0:00,?,0.0,0.0,0.0,0.0,250,75,1,2445,False,0.125,5,13,0,3,3,5,1,2,0
7297,0,2024-06-23T10:45:00Z,False,0,8/30/2024 0:00,?,0.0,0.0,0.0,0.0,250,493,1,1217,False,0.125,5,15,0,3,3,5,1,2,0
7298,0,2024-06-23T10:06:00Z,False,0,?,?,0.0,0.0,0.0,0.0,270,1960,1,384,False,0.125,0,13,0,3,3,10,2,3,0
7299,0,2024-06-23T09:50:00Z,False,0,2/13/2025 0:00,Minor,0.0,0.0,1.0,1.0,771,1471,1,1723,False,0.125,5,15,0,3,3,5,1,2,0
7300,1,2024-06-22T18:37:00Z,False,0,?,?,?,?,?,?,179,366,1,576,False,,0,0,6,0,0,4,0,3,0
7301,1,2024-06-22T18:05:00Z,False,0,?,?,0.0,0.0,0.0,0.0,179,356,1,576,False,,0,0,12,0,0,13,0,3,0
7302,0,2024-06-22T17:35:00Z,False,0,?,?,0.0,0.0,0.0,0.0,896,1660,1,1060,False,0.125,0,0,13,2,0,1,0,3,0
7303,1,2024-06-22T16:00:00Z,False,0,?,?,?,?,?,?,179,523,1,576,False,,0,0,12,0,0,11,0,3,0
7304,0,2024-06-22T13:00:00Z,False,0,2/12/2025 0:00,?,0.0,0.0,0.0,0.0,250,87,1,2726,False,0.125,5,15,0,3,3,10,1,2,0
7305,0,2024-06-22T11:10:00Z,False,0,8/1/2024 0:00,?,0.0,0.0,0.0,0.0,250,28,1,1727,False,0.125,5,13,0,3,3,5,1,2,0
7306,0,2024-06-22T10:15:00Z,False,0,?,Minor,0.0,0.0,2.0,2.0,250,97,1,2572,False,0.125,0,21,13,3,0,10,0,3,0
7307,0,2024-06-22T09:35:00Z,False,0,4/23/2025 0:00,Minor,0.0,0.0,1.0,1.0,973,1559,1,2891,True,0.125,5,11,0,3,3,1,1,2,0
7308,1,2024-06-22T04:00:00Z,False,0,?,?,0.0,0.0,0.0,0.0,179,356,1,576,False,,0,0,12,0,0,1,0,3,0
7309,0,2024-06-21T19:45:00Z,False,0,9/4/2024 0:00,?,0.0,0.0,0.0,0.0,10,1888,1,2089,True,0.125,5,15,0,3,3,5,1,2,0
7310,0,2024-06-21T13:10:00Z,False,0,?,?,0.0,0.0,0.0,0.0,250,60,1,576,False,0.125,0,13,0,3,3,3,2,3,0
7311,0,2024-06-21T11:45:00Z,False,0,?,Fatal,1.0,0.0,0.0,1.0,40,650,1,576,False,0.125,0,16,0,1,1,6,2,3,1
7312,0,2024-06-21T10:20:00Z,False,0,2/12/2025 0:00,Minor,0.0,0.0,1.0,1.0,367,737,1,1423,False,0.125,5,15,0,3,3,5,1,2,0
7313,0,2024-06-20T23:45:00Z,False,0,10/22/2024 0:00,?,0.0,0.0,0.0,0.0,896,1600,1,830,False,0.125,5,15,0,3,3,10,1,2,0
7314,0,2024-06-20T19:00:00Z,False,0,3/28/2025 0:00,?,0.0,0.0,0.0,0.0,367,737,1,576,False,0.125,5,6,0,3,3,10,1,2,0
7315,0,2024-06-20T17:00:00Z,False,0,11/22/2024 0:00,?,0.0,0.0,0.0,0.0,250,60,1,387,False,0.125,5,15,0,3,3,5,1,2,0
7316,0,2024-06-20T14:06:00Z,False,0,?,Minor,0.0,0.0,1.0,1.0,433,607,6,576,False,,0,0,13,3,0,6,0,3,0
7317,0,2024-06-20T13:58:00Z,False,0,?,Fatal,1.0,1.0,0.0,2.0,40,649,1,576,False,0.125,0,1,9,3,3,6,2,3,1
7318,2,2024-06-20T12:50:00Z,False,0,?,?,?,?,?,?,179,356,1,576,False,,0,0,6,0,0,5,0,3,0
7319,0,2024-06-20T11:31:00Z,False,0,4/23/2025 0:00,?,0.0,0.0,0.0,0.0,717,1337,1,576,False,0.125,5,15,0,3,3,3,1,2,0
7320,0,2024-06-20T07:06:00Z,False,0,4/24/2025 0:00,?,0.0,0.0,0.0,0.0,106,1832,1,576,False,0.125,8,1,9,3,3,6,1,2,0
7321,1,2024-06-20T04:00:00Z,False,0,?,Minor,0.0,0.0,3.0,3.0,179,424,1,576,False,,0,0,6,0,0,3,0,3,0
7322,0,2024-06-19T17:20:00Z,False,0,?,Fatal,2.0,0.0,0.0,2.0,996,1727,6,576,False,0.125,0,15,0,1,3,2,2,3,1
7323,0,2024-06-19T15:30:00Z,False,0,2/12/2025 0:00,Serious,0.0,1.0,0.0,1.0,896,1242,1,2890,False,0.125,5,15,0,3,3,3,1,2,0
7324,0,2024-06-19T15:20:00Z,False,0,?,?,0.0,0.0,0.0,0.0,896,1660,1,2184,False,0.125,0,0,13,3,0,9,0,3,0
7325,0,2024-06-19T13:45:00Z,False,0,9/19/2024 0:00,?,0.0,0.0,0.0,0.0,250,65,1,2369,False,0.125,5,13,0,3,3,5,1,2,0
7326,2,2024-06-19T13:07:00Z,False,0,?,?,?,?,?,?,179,664,1,576,False,,0,0,6,0,0,10,0,3,0
7327,0,2024-06-19T12:23:00Z,False,0,10/22/2024 0:00,?,0.0,0.0,0.0,0.0,270,1958,1,576,False,0.125,5,13,0,3,3,6,1,2,0
7328,0,2024-06-19T11:30:00Z,False,0,7/25/2024 0:00,?,0.0,0.0,0.0,0.0,481,825,1,367,True,0.125,5,15,0,3,3,5,1,2,0
7329,1,2024-06-19T10:30:00Z,False,0,?,?,?,?,?,?,145,1259,1,576,False,,0,0,12,0,0,1,0,3,0
7330,0,2024-06-18T20:09:00Z,False,0,4/24/2025 0:00,?,0.0,0.0,0.0,0.0,157,320,1,576,False,0.25,5,7,0,3,3,3,1,2,0
7331,0,2024-06-18T19:00:00Z,False,0,11/8/2024 0:00,?,0.0,0.0,0.0,0.0,250,75,1,1899,False,0.125,5,13,0,3,3,5,1,2,0
7332,0,2024-06-18T15:00:00Z,False,0,?,Fatal,2.0,0.0,0.0,2.0,896,1570,1,576,False,0.125,0,13,0,3,3,13,2,3,1
7333,0,2024-06-18T14:30:00Z,False,0,1/22/2025 0:00,Minor,0.0,0.0,1.0,1.0,502,1505,6,576,False,0.125,9,1,9,3,3,6,1,2,0
7334,0,2024-06-18T11:00:00Z,False,0,2/12/2025 0:00,Minor,0.0,0.0,2.0,2.0,896,1666,1,1645,False,0.25,8,3,0,3,3,3,1,2,0
7335,0,2024-06-18T10:24:00Z,False,0,2/12/2025 0:00,?,0.0,0.0,0.0,0.0,671,735,1,2695,True,0.125,5,15,0,3,3,5,1,2,0
7336,0,2024-06-18T04:00:00Z,False,0,?,Fatal,1.0,0.0,0.0,1.0,39,640,1,576,False,,0,0,13,3,0,6,0,3,1
7337,0,2024-06-17T20:49:00Z,False,0,?,Serious,0.0,3.0,0.0,3.0,734,22,1,412,False,0.25,0,15,0,3,3,5,2,3,0
7338,0,2024-06-17T17:23:00Z,False,0,?,Fatal,2.0,0.0,0.0,2.0,250,275,1,2433,False,0.25,0,15,0,1,3,1,2,3,1
7339,0,2024-06-17T15:15:00Z,False,0,?,Fatal,1.0,0.0,0.0,1.0,1241,1780,1,576,True,0.125,0,15,0,3,3,4,2,3,1
7340,0,2024-06-17T11:00:00Z,False,0,?,?,0.0,0.0,0.0,0.0,1191,1831,1,576,False,0.125,0,1,9,3,3,6,2,3,0
7341,0,2024-06-17T09:16:00Z,False,0,?,Fatal,1.0,0.0,1.0,1.0,896,1666,1,632,False,0.25,0,16,0,1,3,4,2,3,1
7342,0,2024-06-17T05:27:00Z,False,0,?,?,0.0,0.0,0.0,0.0,179,407,1,576,False,0.25,0,22,6,3,3,3,2,3,0
7343,2,2024-06-17T04:00:00Z,False,0,?,?,?,?,?,?,179,356,1,576,False,,0,0,6,0,0,5,0,3,0
7344,2,2024-06-17T00:12:00Z,False,0,?,?,?,?,?,?,179,383,1,576,False,0.5,0,0,4,2,0,10,0,3,0
7345,0,2024-06-16T16:35:00Z,False,0,12/2/2024 0:00,?,0.0,0.0,0.0,0.0,250,60,1,576,False,0.125,5,14,0,3,3,3,1,2,0
7346,0,2024-06-16T16:30:00Z,False,0,7/25/2024 0:00,?,0.0,0.0,0.0,0.0,669,1264,4,878,True,0.125,1,15,0,3,3,5,1,2,0
7347,0,2024-06-16T14:00:00Z,False,0,?,?,0.0,0.0,0.0,0.0,250,60,1,576,False,,0,22,13,4,0,5,0,3,0
7348,0,2024-06-16T13:05:00Z,False,0,1/21/2025 0:00,?,0.0,0.0,0.0,0.0,250,59,1,1490,False,0.125,5,15,0,3,3,5,1,2,0
7349,0,2024-06-16T13:00:00Z,False,0,9/4/2024 0:00,?,0.0,0.0,0.0,0.0,250,60,1,1024,False,0.125,5,13,0,3,3,5,1,2,0
7350,0,2024-06-16T12:55:00Z,False,0,?,Fatal,1.0,1.0,3.0,5.0,364,953,1,576,False,0.125,0,0,13,4,0,4,0,3,1
7351,0,2024-06-16T11:48:00Z,False,0,?,Minor,0.0,0.0,1.0,1.0,19,429,1,576,False,0.125,0,15,0,3,3,3,2,3,0
7352,0,2024-06-16T08:41:00Z,False,0,?,Serious,0.0,2.0,0.0,2.0,293,1522,1,881,False,0.25,0,13,0,3,3,2,2,3,0
7353,0,2024-06-16T04:00:00Z,False,0,?,Serious,0.0,1.0,0.0,1.0,157,229,1,576,False,,0,0,13,3,0,3,0,3,0
7354,0,2024-06-15T13:36:00Z,False,0,?,Fatal,2.0,0.0,0.0,2.0,734,25,1,872,False,0.25,0,15,0,3,3,4,2,3,1
7355,0,2024-06-15T13:25:00Z,False,0,8/1/2024 0:00,?,0.0,0.0,0.0,0.0,988,1257,1,1472,True,0.125,5,6,0,3,3,5,1,2,0
7356,1,2024-06-15T07:10:00Z,False,0,?,?,?,?,?,?,179,708,1,576,False,,0,0,12,0,0,3,0,3,0
7357,0,2024-06-14T19:27:00Z,False,0,4/1/2025 0:00,?,0.0,0.0,0.0,0.0,1009,1045,6,507,True,0.125,5,15,0,3,3,1,1,2,0
7358,0,2024-06-14T14:19:00Z,False,0,?,?,?,?,?,?,39,655,1,2511,False,,0,0,13,4,0,10,0,3,0
7359,0,2024-06-14T13:48:00Z,False,0,?,Fatal,2.0,0.0,0.0,2.0,896,1660,1,1682,False,0.125,0,13,0,1,3,1,2,3,1
7360,0,2024-06-14T13:45:00Z,False,0,9/4/2024 0:00,Serious,0.0,1.0,0.0,1.0,1241,1780,1,961,True,0.125,5,15,0,3,3,5,1,2,0
7361,0,2024-06-14T09:40:00Z,False,0,?,Fatal,1.0,1.0,0.0,2.0,39,655,1,576,False,0.125,0,1,9,3,3,6,2,3,1
7362,0,2024-06-14T08:00:00Z,False,0,?,Fatal,1.0,0.0,0.0,1.0,40,644,1,576,False,0.125,0,1,9,1,3,6,2,3,1
7363,0,2024-06-13T21:15:00Z,False,0,12/6/2024 0:00,Minor,0.0,0.0,1.0,1.0,811,1387,1,646,False,0.125,5,15,0,3,3,5,1,2,0
7364,0,2024-06-13T16:55:00Z,False,0,8/22/2024 0:00,Minor,0.0,0.0,1.0,1.0,13,1832,1,576,False,0.125,8,1,9,3,3,6,1,2,0
7365,0,2024-06-13T16:30:00Z,False,0,9/12/2024 0:00,?,0.0,0.0,0.0,0.0,250,68,1,593,False,0.125,5,13,0,3,3,5,1,2,0
7366,0,2024-06-13T16:15:00Z,False,0,2/11/2025 0:00,?,0.0,0.0,0.0,0.0,250,492,1,1634,False,0.125,5,22,0,3,3,10,1,2,0
7367,0,2024-06-13T16:00:00Z,False,0,?,?,0.0,0.0,0.0,0.0,250,1530,1,2371,False,0.125,0,15,0,3,3,10,2,3,0
7368,0,2024-06-13T13:30:00Z,False,0,11/22/2024 0:00,?,0.0,0.0,0.0,0.0,1215,60,1,888,False,0.125,5,15,0,3,3,5,1,2,0
7369,0,2024-06-13T12:10:00Z,False,0,8/30/2024 0:00,?,0.0,0.0,0.0,0.0,896,1632,1,853,False,0.25,5,15,0,3,3,5,1,2,0
7370,0,2024-06-13T12:10:00Z,False,0,4/24/2025 0:00,Minor,0.0,0.0,1.0,1.0,1276,865,1,595,True,0.125,5,11,0,3,3,4,1,2,0
7371,0,2024-06-13T00:00:00Z,False,0,7/25/2024 0:00,?,0.0,0.0,0.0,0.0,250,201,1,486,False,0.125,5,15,0,3,3,5,1,2,0
7372,0,2024-06-12T18:30:00Z,False,0,2/12/2025 0:00,?,0.0,0.0,0.0,0.0,896,1591,1,2059,False,0.125,5,12,0,3,3,5,1,2,0
7373,0,2024-06-12T16:25:00Z,False,0,?,Fatal,2.0,0.0,0.0,2.0,739,448,1,2693,False,0.125,0,22,0,3,3,13,2,3,1
7374,0,2024-06-12T15:17:00Z,False,0,?,Serious,0.0,2.0,0.0,2.0,993,1725,6,576,False,,0,0,13,3,0,13,0,3,0
7375,0,2024-06-12T12:00:00Z,False,0,?,?,0.0,0.0,0.0,0.0,250,493,1,2112,False,0.125,0,15,0,3,3,3,2,3,0
7376,0,2024-06-12T11:06:00Z,False,0,?,Fatal,1.0,2.0,0.0,3.0,250,85,1,1435,False,0.125,0,15,0,1,3,3,2,3,1
7377,0,2024-06-12T10:35:00Z,False,0,7/18/2024 0:00,?,0.0,0.0,0.0,0.0,896,1625,1,2467,False,0.125,5,13,0,3,3,5,1,2,0
7378,0,2024-06-11T21:45:00Z,False,0,?,Fatal,1.0,1.0,0.0,2.0,250,60,1,1289,False,0.125,0,13,0,3,3,13,2,3,1
7379,0,2024-06-11T13:50:00Z,False,0,?,?,0.0,0.0,0.0,0.0,250,43,1,690,False,0.125,0,15,0,3,3,3,2,3,0
7380,0,2024-06-11T12:00:00Z,False,0,8/30/2024 0:00,?,0.0,0.0,0.0,0.0,1326,1971,1,785,True,0.125,5,15,0,3,3,5,1,2,0
7381,1,2024-06-11T04:00:00Z,False,0,?,?,0.0,0.0,0.0,0.0,179,380,1,1428,False,,0,0,4,2,0,5,0,3,0
7382,0,2024-06-11T00:33:00Z,False,0,?,Fatal,1.0,5.0,0.0,6.0,250,142,1,576,False,,0,0,13,3,0,13,0,3,1
7383,0,2024-06-10T22:00:00Z,False,0,1/21/2025 0:00,Minor,0.0,0.0,1.0,1.0,157,909,1,886,False,0.25,5,13,0,3,3,5,1,2,0
7384,0,2024-06-10T21:30:00Z,False,0,3/28/2025 0:00,?,0.0,0.0,0.0,0.0,302,813,1,584,False,0.125,5,17,14,3,3,5,1,2,0
7385,0,2024-06-10T21:08:00Z,False,0,?,Serious,0.0,1.0,0.0,1.0,330,1989,1,2775,True,0.125,0,11,0,3,3,3,2,3,0
7386,0,2024-06-10T17:35:00Z,False,0,?,Serious,0.0,0.0,1.0,1.0,367,738,1,576,False,0.125,0,6,0,3,3,3,2,3,0
7387,1,2024-06-10T15:00:00Z,False,0,?,?,0.0,0.0,0.0,0.0,179,355,1,576,False,,0,0,12,4,0,1,0,3,0
7388,0,2024-06-10T14:11:00Z,False,0,?,Fatal,1.0,1.0,0.0,2.0,896,1660,1,576,False,0.125,0,13,0,3,3,3,2,3,1
7389,0,2024-06-09T17:35:00Z,False,0,7/25/2024 0:00,Minor,0.0,0.0,2.0,2.0,1123,2185,1,1149,False,0.125,5,15,0,3,3,5,1,2,0
7390,0,2024-06-09T04:00:00Z,False,0,?,?,0.0,0.0,0.0,0.0,993,1725,6,576,False,,0,0,13,3,0,13,0,3,0
7391,0,2024-06-09T04:00:00Z,False,0,?,?,?,?,?,?,1252,936,0,576,False,,0,0,10,0,0,5,0,0,0
7392,0,2024-06-09T04:00:00Z,False,0,?,?,0.0,0.0,0.0,0.0,320,60,0,576,False,,0,0,10,0,0,13,0,0,0
7393,0,2024-06-08T20:50:00Z,False,0,9/19/2024 0:00,Minor,0.0,0.0,1.0,1.0,1290,1254,1,576,True,0.125,5,15,0,3,3,3,1,2,0
7394,0,2024-06-08T20:50:00Z,False,0,1/16/2025 0:00,Minor,0.0,0.0,1.0,1.0,1317,352,1,2125,True,0.125,5,15,0,3,3,1,1,2,0
7395,0,2024-06-08T20:33:00Z,False,0,11/22/2024 0:00,?,0.0,0.0,0.0,0.0,717,1337,1,1987,False,0.125,5,15,0,3,3,5,1,2,0
7396,0,2024-06-08T16:14:00Z,False,0,4/24/2025 0:00,Serious,0.0,2.0,0.0,2.0,356,1458,1,2790,True,0.125,5,15,0,3,3,1,1,2,0
7397,0,2024-06-08T14:45:00Z,False,0,3/28/2025 0:00,?,0.0,0.0,0.0,0.0,250,142,1,189,False,0.125,0,6,8,3,3,10,1,2,0
7398,0,2024-06-08T14:15:00Z,False,0,?,Minor,0.0,0.0,2.0,2.0,250,45,1,576,False,,0,0,13,3,0,3,0,3,0
7399,0,2024-06-08T13:10:00Z,False,0,2/11/2025 0:00,?,0.0,0.0,0.0,0.0,905,585,1,511,False,0.125,5,15,0,3,3,5,1,2,0
7400,0,2024-06-08T12:30:00Z,False,0,8/30/2024 0:00,Serious,0.0,1.0,0.0,1.0,1052,1897,4,1330,False,0.0,0,13,0,2,3,5,1,2,0
7401,0,2024-06-08T11:57:00Z,False,0,7/18/2024 0:00,Serious,0.0,2.0,0.0,2.0,250,97,1,552,False,0.125,5,15,0,3,3,1,1,2,0
7402,0,2024-06-08T11:25:00Z,False,0,12/2/2024 0:00,?,0.0,0.0,0.0,0.0,359,1357,1,187,True,0.125,5,15,0,3,3,5,1,2,0
7403,0,2024-06-08T11:15:00Z,False,0,?,?,0.0,0.0,0.0,0.0,896,1660,1,2886,False,0.125,0,13,0,3,3,4,2,3,0
7404,0,2024-06-08T11:08:00Z,False,0,?,Minor,0.0,0.0,1.0,1.0,1193,2056,1,1970,True,0.125,0,15,0,3,3,5,2,3,0
7405,0,2024-06-08T08:21:00Z,False,0,?,Fatal,1.0,0.0,0.0,1.0,491,1734,1,576,True,0.125,0,15,0,3,3,13,2,3,1
7406,0,2024-06-08T07:45:00Z,False,0,?,Minor,0.0,0.0,1.0,1.0,857,1490,1,2643,False,0.125,0,15,0,3,3,10,2,3,0
7407,1,2024-06-08T04:00:00Z,False,0,?,?,?,?,?,?,364,955,1,576,False,,0,0,13,2,0,5,0,3,0
7408,0,2024-06-07T19:20:00Z,False,0,7/25/2024 0:00,?,0.0,0.0,0.0,0.0,179,984,1,394,False,0.125,5,15,0,3,3,5,1,2,0
7409,0,2024-06-07T18:00:00Z,False,0,3/6/2025 0:00,?,0.0,0.0,0.0,0.0,545,1121,1,25,False,0.125,8,1,9,3,3,10,1,2,0
7410,0,2024-06-07T16:05:00Z,False,0,4/23/2025 0:00,?,0.0,0.0,0.0,0.0,250,142,1,576,False,0.125,5,15,0,3,3,2,1,2,0
7411,0,2024-06-07T12:40:00Z,False,0,?,Fatal,1.0,0.0,0.0,1.0,157,539,1,576,False,0.125,0,15,0,3,3,6,2,3,1
7412,0,2024-06-07T10:30:00Z,False,0,?,Fatal,1.0,3.0,0.0,4.0,157,2146,1,576,False,0.125,0,15,0,1,3,2,2,3,1
7413,0,2024-06-07T10:00:00Z,False,0,7/18/2024 0:00,?,0.0,0.0,0.0,0.0,896,1663,1,2780,False,0.125,5,13,0,3,3,9,1,2,0
7414,0,2024-06-07T06:55:00Z,False,0,3/6/2025 0:00,Minor,0.0,0.0,1.0,1.0,896,1570,1,576,False,0.125,5,14,14,3,3,6,1,2,0
7415,0,2024-06-07T06:47:00Z,False,0,?,Fatal,2.0,0.0,0.0,2.0,896,1677,1,2494,False,,0,0,13,1,0,3,0,3,1
7416,0,2024-06-06T17:00:00Z,False,0,12/2/2024 0:00,?,0.0,0.0,0.0,0.0,994,1722,6,580,False,0.125,5,13,0,3,3,2,1,2,0
7417,0,2024-06-06T14:30:00Z,False,0,3/28/2025 0:00,?,0.0,0.0,0.0,0.0,896,1577,1,2219,False,0.125,5,13,0,3,3,5,1,2,0
7418,0,2024-06-06T14:15:00Z,False,0,10/22/2024 0:00,Serious,0.0,1.0,0.0,1.0,40,637,1,576,False,0.125,8,1,9,1,3,6,1,2,0
7419,0,2024-06-06T12:59:00Z,False,0,?,Fatal,1.0,0.0,0.0,1.0,1242,1765,1,2397,True,0.125,0,15,0,3,3,1,2,3,1
7420,0,2024-06-05T17:39:00Z,False,0,2/12/2025 0:00,Serious,0.0,1.0,0.0,1.0,4,467,0,576,True,,0,0,10,0,0,0,0,0,0
7421,0,2024-06-05T16:45:00Z,False,0,12/2/2024 0:00,?,0.0,0.0,0.0,0.0,975,1744,1,766,False,0.125,5,15,0,3,3,10,1,2,0
7422,0,2024-06-05T16:40:00Z,False,0,8/30/2024 0:00,?,0.0,0.0,0.0,0.0,381,919,1,1501,False,0.125,5,13,0,3,3,1,1,2,0
7423,0,2024-06-05T07:30:00Z,False,0,4/2/2025 0:00,Minor,0.0,0.0,1.0,1.0,896,1591,1,576,False,0.125,5,1,9,3,3,4,1,2,0
7424,0,2024-06-04T21:12:00Z,False,0,1/21/2025 0:00,?,0.0,0.0,0.0,0.0,250,97,1,576,False,0.125,5,13,0,3,3,3,1,2,0
7425,0,2024-06-04T09:53:00Z,False,0,3/13/2025 0:00,Minor,0.0,0.0,1.0,1.0,373,1459,1,128,False,0.125,5,15,0,3,3,10,1,2,0
7426,1,2024-06-04T04:00:00Z,False,0,?,?,0.0,0.0,0.0,0.0,179,422,1,576,False,0.25,0,0,4,4,0,10,0,3,0
7427,0,2024-06-03T21:45:00Z,False,0,?,Fatal,2.0,0.0,0.0,2.0,157,313,1,576,False,,0,0,13,1,0,3,0,3,1
7428,0,2024-06-03T11:55:00Z,False,0,1/16/2025 0:00,Minor,0.0,0.0,1.0,1.0,250,60,1,2052,False,0.125,5,13,0,3,3,3,1,2,0
7429,0,2024-06-02T20:30:00Z,False,0,2/21/2025 0:00,Minor,0.0,0.0,1.0,1.0,416,2103,1,1210,True,0.125,5,15,0,3,3,10,1,2,0
7430,0,2024-06-02T19:54:00Z,False,0,8/30/2024 0:00,Serious,0.0,2.0,1.0,3.0,86,456,2,576,False,0.0,0,15,0,3,3,6,1,2,0
7431,0,2024-06-02T19:27:00Z,False,0,12/2/2024 0:00,?,0.0,0.0,0.0,0.0,1078,1810,6,576,False,0.125,9,14,0,3,3,6,1,2,0
7432,0,2024-06-02T17:20:00Z,False,0,11/8/2024 0:00,?,0.0,0.0,0.0,0.0,200,1127,4,576,False,0.0,0,15,0,3,3,6,1,2,0
7433,0,2024-06-02T17:00:00Z,False,0,4/23/2025 0:00,?,0.0,0.0,0.0,0.0,250,153,1,717,False,0.125,5,22,8,3,3,10,1,2,0
7434,0,2024-06-02T14:15:00Z,False,0,6/28/2024 0:00,?,0.0,0.0,0.0,0.0,993,1725,6,576,False,0.125,5,15,0,3,3,10,1,2,0
7435,0,2024-06-02T13:51:00Z,False,0,2/12/2025 0:00,Minor,0.0,0.0,2.0,2.0,241,1197,1,1974,False,0.125,5,15,0,3,3,3,1,2,0
7436,0,2024-06-02T09:30:00Z,False,0,3/28/2025 0:00,?,0.0,0.0,0.0,0.0,815,1010,11,576,True,0.125,5,15,0,3,3,5,1,2,0
7437,1,2024-06-02T04:00:00Z,False,0,?,?,?,?,?,?,776,1411,1,576,False,0.25,0,0,4,2,0,5,0,3,0
7438,0,2024-06-01T18:05:00Z,False,0,2/27/2025 0:00,Serious,0.0,1.0,0.0,1.0,13,797,1,487,False,0.125,5,12,0,3,3,6,1,2,0
7439,0,2024-06-01T15:30:00Z,False,0,10/31/2024 0:00,?,0.0,0.0,0.0,0.0,19,20,1,938,False,0.125,5,15,0,3,3,10,1,2,0
7440,0,2024-06-01T15:16:00Z,False,0,4/1/2025 0:00,Serious,0.0,2.0,0.0,2.0,250,32,1,2490,False,0.125,5,13,0,3,3,10,1,2,0
7441,0,2024-06-01T14:55:00Z,False,0,9/27/2024 0:00,?,0.0,0.0,0.0,0.0,896,1637,1,969,False,0.125,5,15,0,3,3,4,1,2,0
7442,0,2024-06-01T14:55:00Z,False,0,?,?,0.0,0.0,0.0,0.0,157,234,1,2034,False,0.125,0,15,0,3,3,1,2,3,0
7443,1,2024-06-01T14:35:00Z,False,0,?,?,0.0,0.0,0.0,0.0,611,790,1,1064,False,0.25,0,0,13,2,0,10,0,3,0
7444,0,2024-06-01T13:48:00Z,False,0,8/30/2024 0:00,Serious,0.0,1.0,0.0,1.0,605,183,6,576,False,0.125,5,15,0,3,3,5,1,2,0
7445,0,2024-06-01T13:18:00Z,False,0,11/14/2024 0:00,Minor,0.0,0.0,1.0,1.0,269,1958,1,610,False,0.125,5,15,0,3,3,1,1,2,0
7446,0,2024-06-01T12:41:00Z,False,0,7/25/2024 0:00,?,0.0,0.0,0.0,0.0,1186,1764,1,2396,True,0.125,5,15,0,3,3,5,1,2,0
7447,0,2024-05-31T23:15:00Z,False,0,3/28/2025 0:00,?,0.0,0.0,0.0,0.0,1123,8,1,717,False,0.125,5,15,0,3,3,5,1,2,0
7448,0,2024-05-31T21:40:00Z,False,0,7/2/2024 0:00,?,0.0,0.0,0.0,0.0,1248,1215,6,576,True,0.125,5,11,0,3,3,6,1,2,0
7449,0,2024-05-31T20:09:00Z,False,0,?,?,0.0,0.0,0.0,0.0,1181,2098,1,576,False,0.125,0,16,0,3,3,3,2,3,0
7450,0,2024-05-31T20:00:00Z,False,0,4/2/2025 0:00,?,0.0,0.0,0.0,0.0,250,58,1,2227,False,0.125,5,15,0,3,3,5,1,2,0
7451,0,2024-05-31T19:00:00Z,False,0,11/22/2024 0:00,?,0.0,0.0,0.0,0.0,771,1370,1,576,False,0.125,5,15,0,3,3,5,1,2,0
7452,0,2024-05-31T18:05:00Z,False,0,3/28/2025 0:00,?,0.0,0.0,0.0,0.0,250,94,1,576,False,0.125,5,15,0,3,3,10,1,2,0
7453,0,2024-05-31T13:45:00Z,False,0,?,Minor,0.0,0.0,1.0,1.0,896,1587,1,886,False,0.125,0,15,0,3,3,1,2,3,0
7454,0,2024-05-31T12:00:00Z,False,0,12/19/2024 0:00,Minor,0.0,0.0,1.0,1.0,896,1600,1,2713,False,0.125,5,15,0,3,3,3,1,2,0
7455,0,2024-05-31T11:35:00Z,False,0,3/28/2025 0:00,?,0.0,0.0,0.0,0.0,670,1952,1,576,True,0.125,5,15,0,3,3,10,1,2,0
7456,0,2024-05-30T21:30:00Z,False,0,8/30/2024 0:00,?,0.0,0.0,0.0,0.0,250,32,1,1251,False,0.125,5,13,0,3,3,10,1,2,0
7457,0,2024-05-30T19:15:00Z,False,0,8/30/2024 0:00,?,0.0,0.0,0.0,0.0,994,1722,6,2890,False,0.125,5,15,0,3,3,6,1,2,0
7458,0,2024-05-30T17:10:00Z,False,0,?,?,0.0,0.0,0.0,0.0,150,1287,1,125,False,0.125,0,15,0,3,0,5,2,3,0
7459,0,2024-05-30T15:30:00Z,False,0,9/19/2024 0:00,?,0.0,0.0,0.0,0.0,250,66,1,1309,False,0.125,5,15,0,3,3,5,1,2,0
7460,0,2024-05-30T13:17:00Z,False,0,6/28/2024 0:00,?,0.0,0.0,0.0,0.0,896,1671,1,320,False,0.125,5,15,0,3,3,10,1,2,0
7461,0,2024-05-30T12:03:00Z,False,0,7/25/2024 0:00,?,0.0,0.0,0.0,0.0,866,819,1,2265,True,0.125,5,15,0,3,3,5,1,2,0
7462,0,2024-05-30T08:54:00Z,False,0,4/8/2025 0:00,?,0.0,0.0,0.0,0.0,994,1722,6,576,False,0.125,5,13,0,3,3,5,1,2,0
7463,0,2024-05-30T04:00:00Z,False,0,?,?,?,?,?,?,45,516,1,844,False,,0,0,12,4,0,5,0,3,0
7464,0,2024-05-29T16:26:00Z,False,0,1/3/2025 0:00,?,0.0,0.0,0.0,0.0,250,85,1,167,False,0.125,5,13,0,3,3,5,1,2,0
7465,0,2024-05-29T16:05:00Z,False,0,11/22/2024 0:00,?,0.0,0.0,0.0,0.0,896,1580,1,1357,False,0.125,5,15,0,3,3,5,1,2,0
7466,1,2024-05-29T11:21:00Z,False,0,?,?,0.0,0.0,0.0,?,579,515,1,957,False,0.25,0,22,0,0,3,10,2,3,0
7467,1,2024-05-28T22:30:00Z,False,0,?,?,?,?,?,?,179,425,1,576,False,0.25,0,0,12,0,0,3,0,3,0
7468,0,2024-05-28T15:00:00Z,False,0,11/22/2024 0:00,?,0.0,0.0,0.0,0.0,250,95,1,2037,False,0.125,5,15,0,3,3,5,1,2,0
7469,0,2024-05-28T14:46:00Z,False,0,?,Fatal,1.0,0.0,0.0,1.0,1053,1119,1,576,False,0.125,0,0,9,3,3,10,2,3,1
7470,0,2024-05-28T13:30:00Z,False,0,7/25/2024 0:00,?,0.0,0.0,0.0,0.0,250,58,1,2180,False,0.125,5,15,0,3,3,5,1,2,0
7471,0,2024-05-28T11:09:00Z,False,0,?,?,0.0,0.0,0.0,0.0,250,1066,1,1798,False,,0,0,13,3,0,10,0,3,0
7472,0,2024-05-28T10:14:00Z,False,0,?,Fatal,2.0,1.0,0.0,3.0,896,1632,1,2469,False,,0,0,13,1,0,1,0,3,1
7473,0,2024-05-27T17:47:00Z,False,0,3/28/2025 0:00,?,0.0,0.0,0.0,0.0,367,737,1,2004,False,0.125,5,16,0,3,3,4,1,2,0
7474,0,2024-05-27T17:40:00Z,False,0,11/22/2024 0:00,?,0.0,0.0,0.0,0.0,222,1699,1,1340,False,0.125,5,13,0,3,3,5,1,2,0
7475,0,2024-05-27T16:20:00Z,False,0,?,Serious,0.0,1.0,0.0,1.0,250,73,1,576,False,0.125,0,16,0,3,3,3,2,3,0
7476,0,2024-05-27T12:45:00Z,False,0,2/20/2025 0:00,Minor,0.0,0.0,2.0,2.0,896,1660,1,2621,False,0.125,5,15,0,3,3,4,1,2,0
7477,0,2024-05-27T08:00:00Z,False,0,4/24/2025 0:00,Minor,0.0,0.0,3.0,3.0,24,1865,6,576,False,0.125,9,15,0,3,3,4,1,2,0
7478,0,2024-05-27T08:00:00Z,False,0,7/25/2024 0:00,?,0.0,0.0,0.0,0.0,4,467,0,576,True,,0,0,10,0,0,0,0,0,0
7479,0,2024-05-26T21:28:00Z,False,0,3/28/2025 0:00,?,0.0,0.0,0.0,0.0,166,441,1,576,False,0.125,5,15,0,3,3,5,1,2,0
7480,0,2024-05-26T20:47:00Z,False,0,1/21/2025 0:00,Minor,0.0,0.0,2.0,2.0,250,77,1,205,False,0.125,5,13,0,3,3,5,1,2,0
7481,1,2024-05-26T14:30:00Z,False,0,?,?,?,?,?,?,250,156,0,576,False,,0,0,10,0,0,5,0,0,0
7482,0,2024-05-26T13:00:00Z,False,0,4/1/2025 0:00,Serious,0.0,2.0,0.0,2.0,533,192,1,129,False,0.125,5,15,0,3,3,6,1,2,0
7483,0,2024-05-26T12:00:00Z,False,0,?,Serious,0.0,2.0,1.0,3.0,896,1597,1,201,False,0.125,0,15,0,3,3,4,2,3,0
7484,0,2024-05-26T11:00:00Z,False,0,7/2/2024 0:00,?,0.0,0.0,0.0,0.0,225,2021,1,2298,True,0.125,5,15,0,3,3,1,1,2,0
7485,0,2024-05-26T11:00:00Z,False,0,11/22/2024 0:00,?,?,?,?,?,542,1118,1,576,False,0.125,8,0,9,3,3,5,1,2,0
7486,0,2024-05-26T04:00:00Z,False,0,?,Serious,0.0,1.0,11.0,12.0,179,424,1,576,False,,0,0,12,0,0,3,0,3,0
7487,0,2024-05-26T00:05:00Z,False,0,?,?,?,?,?,?,250,206,1,576,False,,0,0,13,1,0,13,0,3,0
7488,0,2024-05-25T22:55:00Z,False,0,?,Fatal,1.0,0.0,0.0,1.0,186,1152,1,576,True,0.125,0,15,0,4,2,3,2,3,1
7489,0,2024-05-25T18:20:00Z,False,0,?,?,0.0,0.0,0.0,0.0,489,1969,1,2539,True,0.125,0,15,0,3,3,1,2,3,0
7490,0,2024-05-25T14:40:00Z,False,0,?,Fatal,1.0,1.0,3.0,5.0,250,97,1,1746,False,,0,0,13,4,0,4,0,3,1
7491,0,2024-05-25T14:00:00Z,False,0,10/22/2024 0:00,Serious,0.0,1.0,0.0,1.0,250,2116,1,771,False,0.125,8,21,0,1,3,12,1,2,0
7492,0,2024-05-25T13:50:00Z,False,0,4/24/2025 0:00,Serious,0.0,1.0,0.0,1.0,1048,615,4,576,False,0.125,5,15,0,3,3,6,1,2,0
7493,0,2024-05-25T10:53:00Z,False,0,7/25/2024 0:00,?,0.0,0.0,0.0,0.0,251,49,1,1855,False,0.125,5,13,0,3,3,5,1,2,0
7494,1,2024-05-25T08:44:00Z,False,0,?,?,0.0,0.0,0.0,0.0,179,366,1,576,False,0.25,0,0,4,0,2,3,2,3,0
7495,0,2024-05-25T06:45:00Z,False,0,4/24/2025 0:00,?,0.0,0.0,0.0,0.0,918,1985,1,2365,True,0.125,5,15,0,3,3,4,1,2,0
7496,0,2024-05-25T01:21:00Z,False,0,?,Fatal,2.0,0.0,0.0,2.0,823,1746,1,576,False,,0,0,13,1,0,3,0,3,1
7497,1,2024-05-24T12:00:00Z,False,0,?,?,?,?,?,?,110,660,10,2846,False,,0,0,3,4,0,12,2,3,0
7498,0,2024-05-23T16:58:00Z,False,0,?,Fatal,1.0,1.0,0.0,2.0,1316,2142,1,576,True,0.125,0,0,13,1,0,4,0,3,1
7499,0,2024-05-22T11:30:00Z,False,0,?,?,0.0,0.0,0.0,0.0,250,100,1,2764,False,0.125,0,15,0,3,3,1,2,3,0
7500,0,2024-05-22T11:00:00Z,False,0,10/31/2024 0:00,?,0.0,0.0,0.0,0.0,896,1599,1,2780,False,0.125,5,13,0,3,3,5,1,2,0
7501,0,2024-05-22T07:53:00Z,False,0,9/11/2024 0:00,?,0.0,0.0,0.0,0.0,250,76,1,576,False,0.125,5,3,0,3,3,3,1,2,0
7502,0,2024-05-21T13:20:00Z,False,0,?,?,0.0,0.0,0.0,0.0,847,844,1,576,False,0.125,0,15,0,3,3,3,2,3,0
7503,0,2024-05-21T13:15:00Z,False,0,?,Serious,0.0,1.0,0.0,1.0,425,1029,1,2163,False,0.125,0,15,0,3,3,5,2,3,0
7504,0,2024-05-21T08:50:00Z,False,0,?,Fatal,1.0,14.0,0.0,14.0,179,416,1,576,False,,0,0,12,2,0,3,0,3,1
7505,0,2024-05-20T20:25:00Z,False,0,?,?,0.0,0.0,0.0,0.0,993,1721,6,576,False,0.125,0,0,13,3,0,5,0,3,0
7506,0,2024-05-20T17:23:00Z,False,0,6/28/2024 0:00,Minor,0.0,0.0,1.0,1.0,854,564,1,576,True,0.125,5,15,0,3,3,3,1,2,0
7507,0,2024-05-20T11:58:00Z,False,0,11/8/2024 0:00,?,0.0,0.0,0.0,0.0,250,96,1,1898,False,0.125,5,13,0,3,3,5,1,2,0
7508,0,2024-05-20T11:08:00Z,False,0,?,?,0.0,0.0,0.0,0.0,158,2077,1,1213,False,0.25,0,13,14,4,3,5,2,3,0
7509,0,2024-05-20T09:42:00Z,False,0,1/16/2025 0:00,Fatal,1.0,0.0,0.0,1.0,954,1712,1,48,True,0.125,5,11,0,3,3,10,1,2,1
7510,0,2024-05-19T17:48:00Z,False,0,?,Fatal,1.0,0.0,0.0,1.0,443,988,1,576,False,0.125,0,15,0,3,3,3,2,3,1
7511,0,2024-05-19T12:20:00Z,False,0,2/11/2025 0:00,?,0.0,0.0,0.0,0.0,1076,1930,1,2373,False,0.125,8,15,0,3,3,5,1,2,0
7512,0,2024-05-18T22:30:00Z,False,0,?,Serious,0.0,1.0,0.0,1.0,250,83,1,2467,False,0.125,0,15,0,3,3,3,2,3,0
7513,1,2024-05-18T21:22:00Z,False,0,?,?,0.0,0.0,0.0,0.0,250,314,1,576,False,0.25,0,0,13,2,0,4,0,3,0
7514,0,2024-05-18T21:15:00Z,False,0,?,?,0.0,0.0,0.0,0.0,40,640,1,576,False,0.125,0,1,9,3,3,6,2,3,0
7515,1,2024-05-18T19:50:00Z,False,0,?,Minor,0.0,0.0,5.0,5.0,45,527,0,576,False,,0,0,12,0,0,1,2,0,0
7516,0,2024-05-18T15:30:00Z,False,0,6/28/2024 0:00,Minor,0.0,0.0,1.0,1.0,40,644,1,576,False,0.125,8,1,9,3,3,6,1,2,0
7517,0,2024-05-18T11:28:00Z,False,0,8/30/2024 0:00,?,0.0,0.0,0.0,0.0,896,1600,1,576,False,0.125,5,15,0,3,3,3,1,2,0
7518,0,2024-05-18T11:20:00Z,False,0,3/28/2025 0:00,Minor,0.0,0.0,1.0,1.0,166,441,1,576,False,0.125,5,15,0,3,2,5,1,2,0
7519,0,2024-05-18T09:00:00Z,False,0,2/12/2025 0:00,?,0.0,0.0,0.0,0.0,250,77,1,2274,False,0.125,5,15,0,3,3,10,1,2,0
7520,1,2024-05-18T04:00:00Z,False,0,?,?,0.0,0.0,0.0,0.0,45,516,1,576,False,,0,0,12,2,0,3,0,3,0
7521,0,2024-05-17T16:00:00Z,False,0,?,?,0.0,0.0,0.0,0.0,250,120,1,2430,False,0.125,0,15,0,3,3,5,2,3,0
7522,0,2024-05-17T15:30:00Z,False,0,?,Fatal,1.0,0.0,0.0,1.0,754,757,1,851,False,0.125,0,11,0,3,3,4,2,3,1
7523,0,2024-05-17T12:45:00Z,False,0,?,Fatal,2.0,0.0,0.0,2.0,1175,722,1,576,False,0.125,0,15,0,3,2,3,2,3,1
7524,0,2024-05-17T11:27:00Z,False,0,12/2/2024 0:00,?,0.0,0.0,0.0,0.0,270,1958,1,310,False,0.125,5,13,0,3,3,1,1,2,0
7525,0,2024-05-17T08:15:00Z,False,0,1/21/2025 0:00,?,0.0,0.0,0.0,0.0,250,60,1,2480,False,0.125,5,13,0,3,3,5,1,2,0
7526,0,2024-05-17T08:00:00Z,False,0,?,Minor,0.0,0.0,1.0,1.0,896,1659,1,576,False,,0,0,13,2,0,6,0,3,0
7527,0,2024-05-16T21:38:00Z,False,0,3/13/2025 0:00,?,0.0,0.0,0.0,0.0,896,1580,1,599,False,0.125,5,15,0,3,3,10,1,2,0
7528,0,2024-05-16T17:48:00Z,False,0,?,Fatal,2.0,0.0,0.0,2.0,250,97,1,576,False,,0,0,13,3,0,13,0,3,1
7529,0,2024-05-16T15:20:00Z,False,0,?,?,0.0,0.0,0.0,0.0,250,1529,1,950,False,0.125,0,15,0,3,3,3,2,3,0
7530,0,2024-05-16T10:15:00Z,False,0,?,?,0.0,0.0,0.0,0.0,250,66,1,131,False,0.125,0,15,0,3,3,10,2,3,0
7531,0,2024-05-16T09:10:00Z,False,0,?,?,?,?,?,?,160,305,6,576,False,,0,0,13,3,0,13,0,3,0
7532,0,2024-05-15T21:39:00Z,False,0,?,Fatal,1.0,0.0,0.0,1.0,250,42,1,576,False,0.125,0,13,0,1,3,6,2,3,1
7533,0,2024-05-15T18:30:00Z,False,0,6/13/2024 0:00,?,0.0,0.0,0.0,0.0,250,57,1,152,False,0.125,5,15,0,3,3,10,1,2,0
7534,0,2024-05-15T15:50:00Z,False,0,2/20/2025 0:00,Serious,0.0,1.0,1.0,2.0,896,1600,1,1375,False,0.125,5,13,0,1,3,1,1,2,0
7535,0,2024-05-15T15:22:00Z,False,0,7/25/2024 0:00,?,0.0,0.0,0.0,0.0,1112,1820,4,45,False,0.125,5,15,0,3,3,1,1,2,0
7536,0,2024-05-15T13:02:00Z,False,0,?,Fatal,3.0,0.0,0.0,3.0,157,2145,1,576,False,0.125,0,15,0,3,3,3,2,3,1
7537,1,2024-05-15T08:32:00Z,False,0,?,?,0.0,0.0,0.0,0.0,179,380,1,576,False,,0,0,12,2,0,10,0,3,0
7538,1,2024-05-15T01:08:00Z,False,0,?,?,?,?,?,?,179,416,1,576,False,,0,0,12,0,0,3,0,3,0
7539,0,2024-05-14T21:53:00Z,False,0,9/12/2024 0:00,?,0.0,0.0,0.0,0.0,270,1960,1,990,False,0.125,5,6,0,3,3,5,1,2,0
7540,0,2024-05-14T16:10:00Z,False,0,3/28/2025 0:00,?,0.0,0.0,0.0,0.0,896,1570,1,576,False,0.125,5,14,14,3,3,5,1,2,0
7541,0,2024-05-14T08:20:00Z,False,0,?,Fatal,2.0,0.0,0.0,2.0,896,1570,1,576,False,0.125,0,14,0,3,3,13,2,3,1
7542,1,2024-05-14T04:00:00Z,False,0,?,?,0.0,0.0,0.0,0.0,179,424,3,576,False,0.25,0,0,4,2,3,4,2,3,0
7543,0,2024-05-13T14:30:00Z,False,0,11/19/2024 0:00,Minor,0.0,0.0,1.0,1.0,250,37,1,423,False,0.125,5,13,0,3,3,5,1,2,0
7544,0,2024-05-13T14:15:00Z,False,0,?,Serious,0.0,2.0,0.0,2.0,993,1725,6,2892,False,0.125,0,15,13,3,0,13,0,3,0
7545,0,2024-05-13T13:20:00Z,False,0,?,?,?,?,?,?,157,695,1,2878,False,,0,0,13,3,0,5,0,3,0
7546,0,2024-05-13T11:07:00Z,False,0,?,Minor,0.0,0.0,3.0,3.0,896,1578,1,397,False,0.125,0,15,0,3,3,4,2,3,0
7547,0,2024-05-12T20:56:00Z,False,0,?,Fatal,2.0,0.0,0.0,2.0,896,1678,1,576,False,0.125,0,15,0,3,2,3,2,3,1
7548,0,2024-05-12T18:37:00Z,False,0,4/24/2025 0:00,Serious,0.0,1.0,0.0,1.0,1193,2056,1,576,True,0.125,5,15,0,3,3,3,1,2,0
7549,0,2024-05-12T13:12:00Z,False,0,11/22/2024 0:00,Serious,0.0,1.0,0.0,1.0,541,1130,1,576,False,0.125,5,1,9,1,3,5,1,2,0
7550,0,2024-05-12T11:30:00Z,False,0,?,?,0.0,0.0,0.0,0.0,896,1580,1,2402,False,0.125,0,13,0,3,3,5,2,3,0
7551,0,2024-05-11T15:21:00Z,False,0,7/25/2024 0:00,Serious,0.0,1.0,1.0,2.0,718,1922,1,1834,True,0.125,5,15,0,3,3,10,1,2,0
7552,0,2024-05-11T15:12:00Z,False,0,9/19/2024 0:00,Serious,0.0,1.0,0.0,1.0,270,1959,1,347,False,0.125,5,15,0,3,3,5,1,2,0
7553,0,2024-05-11T14:45:00Z,False,0,10/22/2024 0:00,?,0.0,0.0,0.0,0.0,179,1660,1,1472,False,0.125,5,13,0,3,3,9,1,2,0
7554,0,2024-05-11T12:55:00Z,False,0,9/4/2024 0:00,Serious,0.0,1.0,1.0,2.0,1241,1787,1,576,True,0.125,5,15,0,3,3,5,1,2,0
7555,0,2024-05-11T11:30:00Z,False,0,?,?,?,?,?,?,250,142,1,576,False,,0,0,13,3,0,11,0,3,0
7556,0,2024-05-11T08:35:00Z,False,0,3/20/2025 0:00,?,0.0,0.0,0.0,0.0,250,77,1,845,False,0.125,5,15,0,3,3,11,1,2,0
7557,0,2024-05-10T23:40:00Z,False,0,?,Serious,0.0,1.0,1.0,2.0,896,1668,1,926,False,0.125,0,0,13,3,0,13,0,3,0
7558,0,2024-05-10T19:15:00Z,False,0,8/30/2024 0:00,?,0.0,0.0,0.0,0.0,250,97,1,2311,False,0.125,5,15,0,3,3,5,1,2,0
7559,0,2024-05-10T17:30:00Z,False,0,?,Fatal,3.0,0.0,0.0,3.0,896,1663,1,576,False,,0,0,13,1,0,3,0,3,1
7560,0,2024-05-10T16:25:00Z,False,0,6/21/2024 0:00,?,0.0,0.0,0.0,0.0,605,239,6,831,False,0.125,9,13,0,3,3,2,1,2,0
7561,0,2024-05-10T11:30:00Z,False,0,?,?,0.0,0.0,0.0,0.0,695,1283,1,576,True,0.125,0,15,0,3,3,10,2,3,0
7562,0,2024-05-10T11:30:00Z,False,0,6/21/2024 0:00,?,0.0,0.0,0.0,0.0,250,105,1,570,False,0.125,5,15,0,3,3,10,1,2,0
7563,0,2024-05-09T20:48:00Z,False,0,?,Fatal,8.0,0.0,0.0,8.0,157,130,1,576,False,,0,0,13,1,0,3,0,3,1
7564,0,2024-05-09T14:20:00Z,False,0,11/19/2024 0:00,?,0.0,0.0,0.0,0.0,250,122,1,1719,False,0.125,5,15,0,3,3,10,1,2,0
7565,0,2024-05-09T11:52:00Z,False,0,?,Minor,0.0,0.0,1.0,1.0,1119,297,1,1356,True,0.125,0,15,0,3,3,1,2,3,0
7566,0,2024-05-09T04:00:00Z,False,0,?,?,0.0,0.0,0.0,0.0,179,356,1,576,False,,0,0,12,2,0,5,0,3,0
7567,1,2024-05-09T04:00:00Z,False,0,?,?,?,?,?,?,421,1037,1,576,False,,0,0,12,0,0,1,0,3,0
7568,0,2024-05-09T02:18:00Z,False,0,?,Serious,0.0,2.0,0.0,2.0,179,356,1,989,False,,0,0,12,3,0,10,0,3,0
7569,0,2024-05-08T14:15:00Z,False,0,10/22/2024 0:00,?,0.0,0.0,0.0,0.0,250,71,1,490,False,0.125,5,3,0,3,3,1,1,2,0
7570,0,2024-05-08T12:30:00Z,False,0,?,?,0.0,0.0,0.0,0.0,896,1622,1,576,False,0.125,0,13,0,3,3,3,2,3,0
7571,1,2024-05-08T04:00:00Z,False,0,?,?,0.0,0.0,0.0,0.0,179,414,1,1847,False,0.25,0,0,4,2,0,5,0,3,0
7572,1,2024-05-07T19:17:00Z,False,0,?,?,?,?,?,?,179,368,1,576,False,0.25,0,0,6,0,0,1,0,3,0
7573,0,2024-05-07T18:30:00Z,False,0,3/20/2025 0:00,?,0.0,0.0,0.0,0.0,250,73,1,2217,False,0.125,5,13,0,3,3,5,1,2,0
7574,0,2024-05-07T18:17:00Z,False,0,1/21/2025 0:00,?,0.0,0.0,0.0,0.0,1179,1524,1,590,False,0.125,5,13,0,3,3,5,1,2,0
7575,0,2024-05-07T18:15:00Z,False,0,?,Fatal,1.0,0.0,0.0,1.0,896,1659,1,576,False,,0,0,13,3,0,3,0,3,1
7576,0,2024-05-06T11:47:00Z,False,0,6/28/2024 0:00,?,0.0,0.0,0.0,0.0,1123,8,1,2843,False,0.125,5,15,0,3,3,5,1,2,0
7577,0,2024-05-05T19:00:00Z,False,0,?,?,?,?,?,?,179,356,1,576,False,,0,0,12,3,0,5,0,3,0
7578,0,2024-05-05T15:00:00Z,False,0,?,Fatal,1.0,0.0,0.0,1.0,442,990,1,1757,False,0.125,0,15,13,3,0,3,0,3,1
7579,0,2024-05-05T09:54:00Z,False,0,?,Fatal,2.0,0.0,0.0,2.0,999,343,1,576,False,0.25,0,15,0,1,1,3,2,3,1
7580,0,2024-05-04T19:15:00Z,False,0,2/27/2025 0:00,?,0.0,0.0,0.0,0.0,798,2165,1,576,True,0.125,5,15,0,3,3,5,1,2,0
7581,0,2024-05-03T19:30:00Z,False,0,?,Fatal,1.0,0.0,0.0,1.0,1237,2224,2,576,False,0.0,0,15,0,0,3,13,2,3,1
7582,0,2024-05-03T19:00:00Z,False,0,?,Minor,0.0,0.0,1.0,1.0,421,1015,1,576,False,0.25,0,0,8,3,0,5,2,3,0
7583,0,2024-05-03T17:45:00Z,False,0,8/30/2024 0:00,?,0.0,0.0,0.0,0.0,812,1388,1,1406,False,0.125,5,11,0,3,3,5,1,2,0
7584,0,2024-05-03T17:00:00Z,False,0,?,Minor,0.0,0.0,1.0,1.0,994,1722,6,2153,False,0.125,0,13,0,3,3,6,2,3,0
7585,0,2024-05-03T16:10:00Z,False,0,?,Fatal,3.0,0.0,0.0,3.0,250,266,0,576,False,,0,0,13,0,0,4,0,0,1
7586,0,2024-05-03T10:10:00Z,False,0,?,?,0.0,0.0,0.0,0.0,160,142,6,576,False,,0,0,12,3,0,13,0,3,0
7587,1,2024-05-03T04:10:00Z,False,0,?,?,?,?,?,?,179,356,1,576,False,,0,0,12,0,0,3,0,3,0
7588,0,2024-05-02T20:30:00Z,False,0,7/18/2024 0:00,Minor,0.0,0.0,1.0,1.0,896,1577,1,1274,False,0.125,5,15,0,3,3,5,1,2,0
7589,0,2024-05-02T17:43:00Z,False,0,7/18/2024 0:00,Minor,0.0,0.0,2.0,2.0,250,71,1,984,False,0.125,5,13,0,3,3,11,1,2,0
7590,0,2024-05-02T17:02:00Z,False,0,?,?,0.0,0.0,0.0,0.0,250,2038,1,576,False,0.125,0,15,0,3,3,5,2,3,0
7591,0,2024-05-02T15:04:00Z,False,0,?,Serious,0.0,1.0,0.0,1.0,11,575,1,964,True,0.25,0,15,0,3,3,1,2,3,0
7592,0,2024-05-02T13:30:00Z,False,0,11/19/2024 0:00,Minor,0.0,0.0,1.0,1.0,24,1865,6,576,False,0.125,9,1,9,3,3,6,1,2,0
7593,0,2024-05-02T08:13:00Z,False,0,?,Fatal,1.0,0.0,0.0,1.0,963,536,1,981,False,0.125,0,15,0,1,3,4,2,3,1
7594,0,2024-05-01T17:40:00Z,False,0,8/30/2024 0:00,Minor,0.0,0.0,1.0,1.0,896,1242,1,2078,False,0.125,5,13,0,3,3,5,1,2,0
7595,0,2024-05-01T17:10:00Z,False,0,?,?,0.0,0.0,0.0,0.0,47,607,6,2089,False,0.125,0,16,0,3,3,5,2,3,0
7596,0,2024-05-01T15:30:00Z,False,0,8/30/2024 0:00,Minor,0.0,0.0,1.0,1.0,250,71,1,979,False,0.125,5,13,0,3,3,5,1,2,0
7597,0,2024-05-01T14:04:00Z,False,0,?,?,0.0,0.0,0.0,0.0,896,1666,1,1119,False,0.25,0,6,12,2,0,3,0,3,0
7598,1,2024-05-01T13:09:00Z,False,0,?,?,0.0,0.0,0.0,0.0,93,663,1,576,False,,0,0,12,3,0,11,0,3,0
7599,0,2024-05-01T12:20:00Z,False,0,6/28/2024 0:00,?,0.0,0.0,0.0,0.0,166,436,1,299,False,0.125,5,15,0,3,3,5,1,2,0
7600,0,2024-05-01T11:30:00Z,False,0,6/13/2024 0:00,?,0.0,0.0,0.0,0.0,250,67,1,422,False,0.125,5,13,0,3,3,5,1,2,0
7601,0,2024-05-01T09:30:00Z,False,0,6/13/2024 0:00,Serious,0.0,1.0,0.0,1.0,40,650,1,576,False,0.125,8,1,9,3,3,6,1,2,0
7602,0,2024-04-30T16:00:00Z,False,0,8/1/2024 0:00,?,0.0,0.0,0.0,0.0,1317,830,1,576,True,0.125,5,13,0,3,3,10,1,2,0
7603,0,2024-04-30T15:18:00Z,False,0,?,Fatal,2.0,0.0,0.0,2.0,984,829,1,576,False,0.125,0,15,0,3,3,1,2,3,1
7604,0,2024-04-30T15:00:00Z,False,0,11/19/2024 0:00,?,0.0,0.0,0.0,0.0,956,1849,1,1366,True,0.125,5,15,0,3,3,5,1,2,0
7605,0,2024-04-30T13:00:00Z,False,0,11/19/2024 0:00,Minor,0.0,0.0,1.0,1.0,1184,884,1,576,True,0.125,5,15,0,3,3,10,1,2,0
7606,0,2024-04-30T09:31:00Z,False,0,?,?,0.0,0.0,0.0,0.0,250,60,1,576,False,,0,0,13,3,0,10,0,3,0
7607,0,2024-04-29T21:15:00Z,False,0,8/30/2024 0:00,?,0.0,0.0,0.0,0.0,994,1722,6,1787,False,0.125,5,13,0,3,3,1,1,2,0
7608,0,2024-04-29T18:46:00Z,False,0,11/19/2024 0:00,?,0.0,0.0,0.0,0.0,250,59,1,2554,False,0.125,5,15,0,3,3,5,1,2,0
7609,0,2024-04-29T17:45:00Z,False,0,?,?,0.0,0.0,0.0,0.0,250,60,1,179,False,0.125,0,15,0,3,3,1,2,3,0
7610,0,2024-04-29T16:13:00Z,False,0,?,Fatal,2.0,0.0,0.0,2.0,1261,1220,6,576,True,0.125,0,2,0,1,3,6,2,3,1
7611,0,2024-04-29T14:20:00Z,False,0,9/4/2024 0:00,Serious,0.0,1.0,0.0,1.0,205,0,1,911,True,0.125,5,15,0,3,3,5,1,2,0
7612,1,2024-04-29T13:38:00Z,False,0,?,?,0.0,0.0,0.0,0.0,896,1677,1,576,False,0.125,0,0,13,2,0,5,0,3,0
7613,1,2024-04-29T02:54:00Z,False,0,?,?,0.0,0.0,0.0,0.0,179,424,1,576,False,,0,0,12,0,0,3,0,3,0
7614,0,2024-04-29T01:27:00Z,False,0,?,Serious,0.0,1.0,0.0,1.0,250,71,1,576,False,0.125,0,15,0,3,1,1,2,3,0
7615,0,2024-04-28T19:15:00Z,False,0,11/21/2024 0:00,Minor,0.0,0.0,1.0,1.0,166,56,1,2463,False,0.125,5,15,0,3,3,3,1,2,0
7616,0,2024-04-28T15:58:00Z,False,0,10/31/2024 0:00,?,0.0,0.0,0.0,0.0,1117,1460,1,2267,True,0.125,5,15,0,3,3,5,1,2,0
7617,1,2024-04-28T04:00:00Z,False,0,?,?,?,?,?,?,775,453,1,576,False,,0,0,12,0,0,8,0,3,0
7618,1,2024-04-27T21:40:00Z,False,0,?,?,?,?,?,?,179,363,1,932,False,0.25,0,0,4,0,0,8,0,3,0
7619,0,2024-04-27T20:43:00Z,False,0,11/22/2024 0:00,?,0.0,0.0,0.0,0.0,964,2239,1,2788,True,0.125,5,11,0,1,3,5,1,2,0
7620,0,2024-04-27T10:35:00Z,False,0,6/21/2024 0:00,?,0.0,0.0,0.0,0.0,157,1075,1,1210,False,0.125,5,15,0,1,3,10,1,2,0
7621,0,2024-04-26T14:30:00Z,False,0,3/27/2025 0:00,Serious,0.0,1.0,0.0,1.0,179,394,1,576,False,0.25,6,0,4,0,3,3,1,2,0
7622,0,2024-04-26T13:00:00Z,False,0,6/21/2024 0:00,?,0.0,0.0,0.0,0.0,811,1385,1,1390,False,0.125,5,15,0,3,3,9,1,2,0
7623,0,2024-04-26T07:59:00Z,False,0,?,Fatal,1.0,0.0,0.0,1.0,160,143,6,576,False,0.125,0,1,9,1,0,13,2,3,1
7624,1,2024-04-26T04:00:00Z,False,0,?,?,0.0,0.0,0.0,0.0,179,356,1,576,False,,0,0,12,0,0,3,0,3,0
7625,0,2024-04-26T04:00:00Z,False,0,?,Fatal,2.0,3.0,0.0,5.0,250,227,1,576,False,0.25,0,0,15,1,0,1,0,3,1
7626,0,2024-04-25T19:43:00Z,False,0,6/21/2024 0:00,?,0.0,0.0,0.0,0.0,250,59,1,929,False,0.125,5,15,0,3,3,5,1,2,0
7627,0,2024-04-25T16:30:00Z,False,0,?,Minor,0.0,0.0,1.0,1.0,250,154,1,1765,False,,0,0,13,1,0,1,0,3,0
7628,0,2024-04-25T15:30:00Z,False,0,6/21/2024 0:00,?,0.0,0.0,0.0,0.0,1123,6,1,576,False,0.125,5,15,0,3,3,2,1,2,0
7629,0,2024-04-24T19:52:00Z,False,0,6/13/2024 0:00,?,0.0,0.0,0.0,0.0,40,642,1,2164,False,0.125,8,15,0,3,3,5,1,2,0
7630,0,2024-04-24T19:00:00Z,False,0,6/21/2024 0:00,?,0.0,0.0,0.0,0.0,157,975,1,1322,False,0.25,5,6,0,3,3,5,1,2,0
7631,0,2024-04-24T17:45:00Z,False,0,7/18/2024 0:00,?,0.0,0.0,0.0,0.0,956,1814,1,1100,True,0.125,5,15,0,3,3,5,1,2,0
7632,1,2024-04-24T13:38:00Z,False,0,?,Minor,0.0,0.0,2.0,2.0,45,516,1,576,False,,0,0,12,0,0,3,0,3,0
7633,0,2024-04-24T11:10:00Z,False,0,?,Serious,0.0,1.0,1.0,2.0,1097,2073,1,2329,False,0.125,0,6,0,3,3,1,2,3,0
7634,1,2024-04-24T04:00:00Z,False,0,?,?,0.0,0.0,0.0,0.0,45,516,1,576,False,,0,0,12,0,0,3,0,3,0
7635,0,2024-04-23T18:40:00Z,False,0,?,?,0.0,0.0,0.0,0.0,399,950,1,576,False,,0,0,13,3,0,5,0,3,0
7636,1,2024-04-23T18:40:00Z,False,0,?,?,0.0,0.0,0.0,0.0,364,956,1,576,False,0.25,0,0,12,4,0,5,0,3,0
7637,0,2024-04-23T14:40:00Z,False,0,?,Minor,0.0,0.0,2.0,2.0,723,390,1,576,False,,0,0,13,3,0,5,0,3,0
7638,0,2024-04-23T13:30:00Z,False,0,10/24/2024 0:00,?,0.0,0.0,0.0,0.0,250,99,1,936,False,0.125,5,15,0,3,3,5,1,2,0
7639,0,2024-04-23T12:13:00Z,False,0,?,?,0.0,0.0,0.0,0.0,250,2041,1,8,False,0.125,0,15,0,3,3,5,2,3,0
7640,0,2024-04-23T11:50:00Z,False,0,?,?,0.0,0.0,0.0,0.0,160,150,6,136,False,0.125,0,3,0,4,3,6,2,3,0
7641,0,2024-04-23T11:03:00Z,False,0,4/1/2025 0:00,Fatal,2.0,0.0,0.0,2.0,391,789,1,576,False,0.5,5,14,0,1,3,3,1,2,1
7642,1,2024-04-23T10:20:00Z,False,0,?,?,0.0,0.0,0.0,0.0,775,1416,1,982,False,0.25,0,0,12,4,0,5,0,3,0
7643,0,2024-04-22T19:26:00Z,False,0,?,Fatal,1.0,0.0,0.0,1.0,716,1339,1,510,True,0.125,0,15,0,1,3,10,2,3,1
7644,0,2024-04-22T18:15:00Z,False,0,1/16/2025 0:00,Minor,0.0,0.0,1.0,1.0,157,698,1,2047,False,0.125,5,15,0,3,3,10,1,2,0
7645,0,2024-04-22T14:00:00Z,False,0,8/30/2024 0:00,?,0.0,0.0,0.0,0.0,250,60,1,2756,False,0.125,5,15,0,3,3,5,1,2,0
7646,0,2024-04-22T10:45:00Z,False,0,?,?,0.0,0.0,0.0,0.0,653,1740,1,1014,True,0.125,0,15,0,3,3,4,2,3,0
7647,1,2024-04-21T22:37:00Z,False,0,?,?,0.0,0.0,0.0,0.0,179,380,1,576,False,,0,0,12,0,0,10,0,3,0
7648,0,2024-04-21T16:30:00Z,False,0,?,?,0.0,0.0,0.0,0.0,1047,614,4,1340,False,0.125,0,15,0,3,3,4,2,3,0
7649,0,2024-04-21T15:45:00Z,False,0,4/2/2025 0:00,?,0.0,0.0,0.0,0.0,250,23,1,2651,False,0.125,5,15,0,3,3,10,1,2,0
7650,0,2024-04-21T13:23:00Z,False,0,?,?,0.0,0.0,0.0,0.0,896,1663,1,1067,False,0.125,0,0,13,4,0,11,0,3,0
7651,1,2024-04-21T13:08:00Z,False,0,?,?,0.0,0.0,0.0,0.0,179,356,1,1172,False,0.25,0,0,12,2,0,10,0,3,0
7652,0,2024-04-20T17:24:00Z,False,0,12/2/2024 0:00,?,0.0,0.0,0.0,0.0,250,60,1,2255,False,0.125,5,15,0,3,3,5,1,2,0
7653,0,2024-04-20T14:00:00Z,False,0,10/24/2024 0:00,?,0.0,0.0,0.0,0.0,154,255,1,2085,True,0.125,5,15,0,3,3,5,1,2,0
7654,1,2024-04-20T06:35:00Z,False,0,?,?,?,?,?,?,389,222,1,576,False,,0,0,6,0,0,1,0,3,0
7655,1,2024-04-20T05:35:00Z,False,0,?,?,0.0,0.0,0.0,0.0,389,222,0,576,False,,0,0,10,0,0,6,0,0,0
7656,0,2024-04-19T14:30:00Z,False,0,?,Fatal,1.0,0.0,0.0,1.0,207,973,1,1163,True,0.125,0,15,0,3,3,4,2,3,1
7657,0,2024-04-19T13:30:00Z,False,0,4/1/2025 0:00,?,0.0,0.0,0.0,0.0,896,1597,1,2197,False,0.125,5,13,0,3,3,3,1,2,0
7658,0,2024-04-19T12:23:00Z,False,0,3/6/2025 0:00,Serious,0.0,1.0,1.0,2.0,270,1960,1,2273,False,0.125,5,15,0,3,3,5,1,2,0
7659,1,2024-04-19T03:15:00Z,False,0,?,Minor,0.0,0.0,2.0,2.0,179,416,1,576,False,,0,0,6,0,0,3,0,3,0
7660,0,2024-04-18T15:00:00Z,False,0,10/31/2024 0:00,?,0.0,0.0,0.0,0.0,250,60,1,2488,False,0.125,5,13,0,3,3,5,1,2,0
7661,0,2024-04-18T12:40:00Z,False,0,?,Minor,0.0,0.0,1.0,1.0,160,142,6,576,False,,0,0,13,3,0,6,0,3,0
7662,1,2024-04-17T21:46:00Z,False,0,?,?,?,?,?,?,45,527,1,1483,False,,0,0,6,0,0,10,2,3,0
7663,0,2024-04-16T13:05:00Z,False,0,?,Fatal,1.0,0.0,0.0,1.0,898,1556,1,576,False,0.125,0,15,0,1,3,12,2,3,1
7664,0,2024-04-16T12:45:00Z,False,0,6/21/2024 0:00,Minor,0.0,0.0,1.0,1.0,250,42,1,1245,False,0.125,5,13,0,3,3,1,1,2,0
7665,0,2024-04-16T10:45:00Z,False,0,3/6/2025 0:00,?,0.0,0.0,0.0,0.0,441,1749,11,920,False,0.125,5,13,0,3,3,10,1,2,0
7666,0,2024-04-16T06:53:00Z,False,0,?,?,?,?,?,?,159,121,1,1176,False,,0,0,13,3,0,5,0,3,0
7667,0,2024-04-15T14:23:00Z,False,0,9/27/2024 0:00,?,0.0,0.0,0.0,0.0,70,436,1,1594,False,0.125,5,13,0,3,3,5,1,2,0
7668,0,2024-04-15T14:07:00Z,False,0,7/18/2024 0:00,?,0.0,0.0,0.0,0.0,250,71,1,2603,False,0.125,5,13,0,3,3,5,1,2,0
7669,0,2024-04-15T12:20:00Z,False,0,?,?,?,?,?,?,896,1590,1,576,False,,0,0,15,3,0,6,0,3,0
7670,0,2024-04-15T05:00:00Z,False,0,3/6/2025 0:00,?,0.0,0.0,0.0,0.0,896,1568,1,576,False,0.125,5,15,0,3,3,10,1,2,0
7671,0,2024-04-15T00:30:00Z,False,0,1/16/2025 0:00,?,0.0,0.0,0.0,0.0,250,1717,1,576,False,0.125,5,16,0,3,3,3,1,2,0
7672,0,2024-04-14T21:08:00Z,False,0,1/16/2025 0:00,Minor,0.0,0.0,1.0,1.0,250,60,1,1345,False,0.125,5,15,0,3,3,3,1,2,0
7673,0,2024-04-14T20:00:00Z,False,0,2/20/2025 0:00,?,0.0,0.0,0.0,0.0,648,1886,1,576,True,0.125,5,15,0,3,3,4,1,2,0
7674,0,2024-04-14T18:30:00Z,False,0,?,Fatal,3.0,0.0,0.0,3.0,160,142,6,576,False,,0,0,13,1,0,2,0,3,1
7675,0,2024-04-14T16:48:00Z,False,0,3/6/2025 0:00,?,0.0,0.0,0.0,0.0,1178,1063,1,2218,True,0.125,5,15,0,3,3,5,1,2,0
7676,0,2024-04-13T21:19:00Z,False,0,?,Fatal,1.0,0.0,0.0,1.0,567,348,1,576,False,0.25,0,15,0,1,1,3,2,3,1
7677,0,2024-04-13T15:30:00Z,False,0,?,?,0.0,0.0,0.0,0.0,250,60,1,2450,False,,0,0,15,3,0,3,0,3,0
7678,0,2024-04-13T13:45:00Z,False,0,6/28/2024 0:00,?,0.0,0.0,0.0,0.0,270,1958,1,2583,False,0.125,5,13,0,3,3,10,1,2,0
7679,0,2024-04-13T11:02:00Z,False,0,5/29/2024 0:00,?,0.0,0.0,0.0,0.0,250,28,1,1191,False,0.125,5,15,0,3,3,5,1,2,0
7680,0,2024-04-13T08:37:00Z,False,0,?,Fatal,2.0,0.0,0.0,2.0,442,198,1,576,False,,0,0,13,1,0,6,0,3,1
7681,0,2024-04-13T03:42:00Z,False,0,?,Minor,0.0,0.0,5.0,5.0,157,130,1,928,False,,0,0,13,4,0,4,0,3,0
7682,0,2024-04-12T17:33:00Z,False,0,?,Fatal,1.0,0.0,0.0,1.0,896,1626,1,2705,False,0.125,0,15,0,3,1,3,2,3,1
7683,0,2024-04-12T16:55:00Z,False,0,7/18/2024 0:00,?,0.0,0.0,0.0,0.0,250,73,1,1944,False,0.125,5,13,0,3,3,5,1,2,0
7684,0,2024-04-12T16:10:00Z,False,0,3/20/2025 0:00,?,0.0,0.0,0.0,0.0,896,1622,1,544,False,0.125,5,16,0,3,2,10,1,2,0
7685,0,2024-04-12T12:08:00Z,False,0,6/21/2024 0:00,?,0.0,0.0,0.0,0.0,250,156,1,1491,False,0.125,5,15,0,3,3,1,1,2,0
7686,2,2024-04-12T12:05:00Z,False,0,?,?,?,?,?,?,179,356,1,576,False,,0,0,6,0,0,1,0,3,0
7687,0,2024-04-12T11:40:00Z,False,0,?,?,0.0,0.0,0.0,0.0,896,1663,1,2036,False,0.125,0,15,13,3,3,5,0,3,0
7688,0,2024-04-12T09:10:00Z,False,0,?,?,0.0,0.0,0.0,0.0,70,436,1,1280,False,0.125,0,13,0,3,3,11,2,3,0
7689,0,2024-04-11T21:21:00Z,False,0,2/20/2025 0:00,Fatal,1.0,0.0,0.0,1.0,896,1599,1,576,False,0.125,5,15,0,1,3,3,1,2,1
7690,0,2024-04-11T17:09:00Z,False,0,?,Fatal,1.0,1.0,0.0,2.0,250,2046,1,576,False,0.125,0,0,13,3,0,10,0,3,1
7691,0,2024-04-11T14:45:00Z,False,0,11/26/2024 0:00,?,0.0,0.0,0.0,0.0,250,1530,1,2397,False,0.125,5,15,0,3,3,5,1,2,0
7692,0,2024-04-11T12:41:00Z,False,0,?,Minor,0.0,0.0,1.0,1.0,250,495,1,576,False,0.125,0,1,12,1,0,10,0,3,0
7693,0,2024-04-11T09:25:00Z,False,0,?,Minor,0.0,0.0,1.0,1.0,896,1623,1,2752,False,0.125,0,15,0,3,3,3,2,3,0
7694,0,2024-04-11T04:00:00Z,False,0,?,Minor,0.0,0.0,2.0,2.0,157,983,1,576,False,,0,0,13,3,0,5,0,3,0
7695,0,2024-04-10T15:30:00Z,False,0,7/18/2024 0:00,?,0.0,0.0,0.0,0.0,367,2086,1,812,False,0.125,5,15,0,3,3,10,1,2,0
7696,0,2024-04-10T15:15:00Z,False,0,1/21/2025 0:00,Minor,0.0,0.0,1.0,1.0,571,2233,1,937,True,0.125,5,15,0,3,3,10,1,2,0
7697,0,2024-04-10T12:19:00Z,False,0,?,?,0.0,0.0,0.0,0.0,160,267,0,576,False,,0,0,10,0,0,3,0,0,0
7698,0,2024-04-09T15:44:00Z,False,0,?,Fatal,1.0,0.0,0.0,1.0,106,1834,1,2890,False,0.125,0,1,9,3,3,6,2,3,1
7699,0,2024-04-09T12:00:00Z,False,0,?,?,?,?,?,?,39,653,1,576,False,,0,0,13,3,0,10,0,3,0
7700,0,2024-04-09T10:45:00Z,False,0,5/9/2024 0:00,?,0.0,0.0,0.0,0.0,782,244,6,2375,False,0.25,9,13,0,3,3,6,1,2,0
7701,0,2024-04-09T09:30:00Z,False,0,5/29/2024 0:00,?,0.0,0.0,0.0,0.0,996,1727,6,576,False,0.125,5,14,0,3,3,6,1,2,0
7702,0,2024-04-09T08:13:00Z,False,0,6/28/2024 0:00,?,0.0,0.0,0.0,0.0,157,701,1,2301,False,0.25,8,7,0,3,3,4,1,2,0
7703,0,2024-04-08T17:15:00Z,False,0,?,Minor,0.0,0.0,1.0,1.0,250,124,1,2279,False,0.125,0,15,0,3,3,10,2,3,0
7704,0,2024-04-08T15:10:00Z,False,0,3/19/2025 0:00,Serious,0.0,4.0,0.0,4.0,1180,904,1,1329,False,0.25,5,15,0,3,3,4,1,2,0
7705,0,2024-04-08T12:19:00Z,False,0,5/29/2024 0:00,?,0.0,0.0,0.0,0.0,896,1587,1,702,False,0.125,5,15,0,3,3,1,1,2,0
7706,1,2024-04-08T04:00:00Z,False,0,?,?,0.0,0.0,0.0,0.0,179,356,1,576,False,,0,0,12,4,0,3,0,3,0
7707,0,2024-04-07T19:30:00Z,False,0,3/6/2025 0:00,?,0.0,0.0,0.0,0.0,250,42,1,967,False,0.125,5,15,0,3,3,5,1,2,0
7708,0,2024-04-07T11:25:00Z,False,0,6/21/2024 0:00,?,0.0,0.0,0.0,0.0,250,154,1,476,False,0.125,8,21,0,3,3,5,1,2,0
7709,0,2024-04-07T10:20:00Z,False,0,5/29/2024 0:00,?,0.0,0.0,0.0,0.0,1096,842,1,37,True,0.125,5,15,0,3,3,4,1,2,0
7710,1,2024-04-07T04:00:00Z,False,0,?,?,0.0,0.0,0.0,0.0,179,356,1,576,False,,0,0,6,0,0,1,0,3,0
7711,0,2024-04-06T19:02:00Z,False,0,8/30/2024 0:00,Serious,0.0,1.0,0.0,1.0,157,536,1,857,False,0.125,5,15,0,3,3,5,1,2,0
7712,0,2024-04-06T18:30:00Z,False,0,?,Minor,0.0,0.0,3.0,3.0,896,1660,1,1914,False,0.125,0,0,13,3,0,10,0,3,0
7713,0,2024-04-06T14:50:00Z,False,0,1/2/2025 0:00,Serious,0.0,1.0,0.0,1.0,994,1725,6,576,False,0.125,9,15,0,3,3,3,1,2,0
7714,0,2024-04-06T12:33:00Z,False,0,5/3/2024 0:00,Minor,0.0,0.0,1.0,1.0,250,60,1,576,False,0.125,5,2,0,3,3,6,1,2,0
7715,1,2024-04-06T12:20:00Z,False,0,?,?,0.0,0.0,0.0,0.0,179,424,6,576,False,0.25,0,0,12,2,0,8,0,3,0
7716,0,2024-04-05T15:54:00Z,False,0,5/9/2024 0:00,?,0.0,0.0,0.0,0.0,1257,1767,1,159,False,0.125,5,13,0,3,3,5,1,2,0
7717,0,2024-04-05T12:03:00Z,False,0,6/27/2024 0:00,?,0.0,0.0,0.0,0.0,166,54,1,1291,False,0.125,5,15,0,3,3,1,1,2,0
7718,0,2024-04-05T09:30:00Z,False,0,6/21/2024 0:00,?,0.0,0.0,0.0,0.0,250,2117,1,576,False,0.125,5,14,8,3,3,5,1,2,0
7719,0,2024-04-04T23:11:00Z,False,0,?,Minor,0.0,0.0,1.0,1.0,166,442,1,2089,False,0.125,0,15,0,1,3,3,2,3,0
7720,0,2024-04-04T21:00:00Z,False,0,11/26/2024 0:00,?,0.0,0.0,0.0,0.0,711,1997,1,576,True,0.125,5,15,0,3,3,3,1,2,0
7721,0,2024-04-04T17:33:00Z,False,0,?,Fatal,3.0,0.0,0.0,3.0,359,915,1,496,False,0.125,0,15,0,1,3,13,2,3,1
7722,0,2024-04-04T16:37:00Z,False,0,?,Serious,0.0,1.0,1.0,2.0,439,1196,1,576,False,0.125,0,16,0,3,3,3,2,3,0
7723,0,2024-04-04T15:45:00Z,False,0,?,?,0.0,0.0,0.0,0.0,250,88,1,428,False,0.125,0,13,0,3,3,5,2,3,0
7724,0,2024-04-03T08:33:00Z,False,0,10/15/2024 0:00,Serious,0.0,1.0,0.0,1.0,179,354,1,576,False,0.25,6,0,4,0,3,3,1,2,0
7725,0,2024-04-03T04:00:00Z,False,0,?,Serious,0.0,2.0,1.0,3.0,179,364,1,576,False,0.25,0,0,4,0,3,3,2,3,0
7726,1,2024-04-03T01:03:00Z,False,0,?,?,?,?,?,?,179,380,1,576,False,0.5,0,0,12,2,0,5,0,3,0
7727,0,2024-04-02T18:50:00Z,False,0,?,?,0.0,0.0,0.0,0.0,250,45,1,576,False,,0,15,13,3,3,3,0,3,0
7728,0,2024-04-02T14:10:00Z,False,0,?,?,0.0,0.0,0.0,0.0,1145,1119,1,576,False,0.125,0,1,9,3,3,3,2,3,0
7729,0,2024-04-02T11:56:00Z,False,0,?,?,0.0,0.0,0.0,0.0,811,1385,1,576,False,0.125,0,15,0,3,3,3,2,3,0
7730,0,2024-04-02T11:38:00Z,False,0,?,Fatal,1.0,0.0,0.0,1.0,91,1421,4,2849,True,0.125,0,15,0,3,3,4,2,3,1
7731,0,2024-04-01T13:11:00Z,False,0,?,?,0.0,0.0,0.0,0.0,157,465,1,2480,False,0.25,0,11,0,3,3,5,2,3,0
7732,0,2024-04-01T11:27:00Z,False,0,?,Serious,0.0,3.0,0.0,1.0,896,1660,1,1925,False,0.125,0,15,0,1,1,1,2,3,0
7733,0,2024-04-01T04:00:00Z,False,0,?,Serious,0.0,1.0,3.0,4.0,179,424,1,576,False,,0,0,12,0,0,3,0,3,0
7734,0,2024-03-31T14:00:00Z,False,0,6/21/2024 0:00,Minor,0.0,0.0,1.0,1.0,19,20,1,1260,False,0.125,5,15,0,3,3,10,1,2,0
7735,0,2024-03-31T09:21:00Z,False,0,?,?,?,?,?,?,179,355,1,576,False,,0,0,12,1,0,5,0,3,0
7736,2,2024-03-31T04:00:00Z,False,0,?,?,?,?,?,?,179,355,1,1359,False,,0,0,6,3,0,5,0,3,0
7737,0,2024-03-30T19:37:00Z,False,0,?,Fatal,2.0,0.0,0.0,2.0,346,2075,1,2678,False,0.125,0,15,0,1,1,1,2,3,1
7738,0,2024-03-30T18:40:00Z,False,0,12/2/2024 0:00,?,0.0,0.0,0.0,0.0,291,1288,1,1603,True,0.125,5,13,0,3,3,10,1,2,0
7739,0,2024-03-30T16:15:00Z,False,0,10/24/2024 0:00,?,0.0,0.0,0.0,0.0,159,769,1,687,False,0.125,5,15,0,3,3,10,1,2,0
7740,0,2024-03-30T15:51:00Z,False,0,?,?,0.0,0.0,0.0,0.0,896,1587,1,2168,False,0.125,0,15,0,3,3,1,2,3,0
7741,0,2024-03-30T14:20:00Z,False,0,?,Fatal,1.0,1.0,0.0,2.0,898,1640,1,1229,False,0.25,0,13,0,3,3,1,2,3,1
7742,0,2024-03-30T14:10:00Z,False,0,6/28/2024 0:00,?,0.0,0.0,0.0,0.0,250,103,1,2626,False,0.125,5,15,0,3,3,5,1,2,0
7743,0,2024-03-30T13:40:00Z,False,0,1/16/2025 0:00,Serious,0.0,1.0,0.0,1.0,393,2183,11,576,False,0.125,5,15,0,3,3,3,1,2,0
7744,0,2024-03-30T13:30:00Z,False,0,7/18/2024 0:00,?,0.0,0.0,0.0,0.0,171,1355,1,1389,True,0.125,5,15,0,3,3,5,1,2,0
7745,0,2024-03-30T04:00:00Z,False,0,?,Fatal,1.0,0.0,0.0,1.0,1022,888,1,576,False,,0,0,6,3,0,3,0,3,1
7746,0,2024-03-29T18:30:00Z,False,0,?,Fatal,1.0,2.0,0.0,3.0,250,60,0,576,False,,0,0,10,0,3,3,0,0,1
7747,0,2024-03-29T16:00:00Z,False,0,?,?,0.0,0.0,0.0,0.0,896,285,1,576,False,,0,0,13,3,0,5,0,3,0
7748,0,2024-03-29T13:50:00Z,False,0,1/16/2025 0:00,?,0.0,0.0,0.0,0.0,849,1495,1,2473,False,0.125,5,15,0,3,3,10,1,2,0
7749,0,2024-03-29T13:20:00Z,False,0,7/18/2024 0:00,?,0.0,0.0,0.0,0.0,163,267,6,874,False,0.125,9,14,8,3,3,3,1,2,0
7750,0,2024-03-29T13:00:00Z,False,0,?,Fatal,1.0,0.0,0.0,1.0,250,45,1,576,False,,0,0,13,1,0,3,0,3,1
7751,0,2024-03-29T12:41:00Z,False,0,1/16/2025 0:00,Serious,0.0,1.0,0.0,1.0,657,2166,1,1505,True,0.125,5,11,0,3,3,3,1,2,0
7752,1,2024-03-28T21:06:00Z,False,0,?,?,?,?,?,?,220,356,1,576,False,0.25,0,0,12,2,0,3,0,3,0
7753,0,2024-03-28T14:20:00Z,False,0,11/19/2024 0:00,?,0.0,0.0,0.0,0.0,76,581,1,999,False,0.125,5,15,0,3,3,5,1,2,0
7754,0,2024-03-28T04:34:00Z,False,0,1/14/2025 0:00,Serious,0.0,1.0,0.0,1.0,179,397,1,576,False,0.25,6,0,4,0,1,3,1,2,0
7755,0,2024-03-28T04:00:00Z,False,0,?,Fatal,1.0,0.0,0.0,1.0,896,1672,1,576,False,,0,0,13,1,0,13,0,3,1
7756,0,2024-03-26T14:45:00Z,False,0,3/5/2025 0:00,?,0.0,0.0,0.0,0.0,160,145,6,768,False,0.125,9,19,0,3,3,10,1,2,0
7757,0,2024-03-26T14:39:00Z,False,0,?,Fatal,1.0,0.0,0.0,1.0,269,1959,1,576,False,,0,0,13,3,0,4,0,3,1
7758,1,2024-03-26T11:15:00Z,False,0,?,?,0.0,0.0,0.0,0.0,250,60,1,576,False,,0,0,13,4,0,4,0,3,0
7759,2,2024-03-26T04:00:00Z,False,0,?,?,?,?,?,?,179,356,1,576,False,,0,0,6,0,0,10,0,3,0
7760,0,2024-03-25T20:49:00Z,False,0,10/22/2024 0:00,Minor,0.0,0.0,1.0,1.0,1101,1888,1,972,True,0.125,5,15,0,3,3,5,1,2,0
7761,0,2024-03-25T19:53:00Z,False,0,?,?,0.0,0.0,0.0,0.0,336,1474,1,2611,False,0.125,0,15,0,3,0,3,2,3,0
7762,0,2024-03-25T12:54:00Z,False,0,?,Fatal,2.0,0.0,0.0,2.0,811,1388,1,2480,False,0.125,0,15,0,3,3,1,2,3,1
7763,0,2024-03-25T12:00:00Z,False,0,?,?,0.0,0.0,0.0,0.0,250,2046,1,498,False,0.125,0,15,0,3,3,3,2,3,0
7764,0,2024-03-24T15:10:00Z,False,0,1/2/2025 0:00,Minor,0.0,0.0,2.0,2.0,374,1447,5,1164,True,0.125,5,15,0,3,3,4,1,2,0
7765,0,2024-03-24T14:30:00Z,False,0,4/2/2025 0:00,Minor,0.0,0.0,1.0,1.0,250,60,1,675,False,0.125,5,15,0,3,3,4,1,2,0
7766,1,2024-03-24T03:06:00Z,False,0,?,?,?,?,?,?,179,416,1,576,False,,0,0,12,0,0,3,0,3,0
7767,1,2024-03-23T17:00:00Z,False,0,?,?,0.0,0.0,0.0,0.0,179,412,1,576,False,0.25,0,0,4,3,0,5,0,3,0
7768,0,2024-03-23T16:00:00Z,False,0,?,Fatal,1.0,0.0,0.0,1.0,250,495,1,576,False,,0,0,13,3,0,6,0,3,1
7769,0,2024-03-22T19:04:00Z,False,0,?,?,0.0,0.0,0.0,0.0,896,1594,1,576,False,0.125,0,11,0,3,3,6,2,3,0
7770,0,2024-03-21T15:10:00Z,False,0,5/29/2024 0:00,?,0.0,0.0,0.0,0.0,250,57,1,2297,False,0.125,5,15,0,3,3,5,1,2,0
7771,0,2024-03-21T13:00:00Z,False,0,?,Fatal,4.0,0.0,0.0,4.0,157,790,0,576,False,,0,14,12,0,0,3,0,0,1
7772,0,2024-03-21T11:00:00Z,False,0,10/31/2024 0:00,?,0.0,0.0,0.0,0.0,381,911,1,2197,False,0.125,5,13,0,3,3,5,1,2,0
7773,0,2024-03-20T20:03:00Z,False,0,7/11/2024 0:00,Minor,0.0,0.0,2.0,2.0,28,1842,2,576,False,0.0,0,15,0,3,3,5,1,2,0
7774,0,2024-03-20T12:30:00Z,False,0,?,?,0.0,0.0,0.0,0.0,994,1725,6,576,False,0.125,0,13,13,3,0,5,0,3,0
7775,0,2024-03-20T11:09:00Z,False,0,11/19/2024 0:00,Serious,0.0,1.0,0.0,0.0,896,1660,1,2838,False,0.125,5,13,0,2,3,11,1,2,0
7776,0,2024-03-20T04:00:00Z,False,0,?,?,?,?,?,?,179,424,1,576,False,,0,0,6,3,0,3,0,3,0
7777,1,2024-03-19T04:00:00Z,False,0,?,?,?,?,?,?,157,1860,1,576,False,,0,0,13,0,0,10,0,3,0
7778,0,2024-03-19T00:35:00Z,False,0,?,Fatal,1.0,1.0,0.0,2.0,956,1821,1,2471,False,,0,0,13,1,0,4,0,3,1
7779,0,2024-03-18T18:20:00Z,False,0,?,Serious,0.0,1.0,0.0,1.0,605,241,6,576,False,0.125,0,8,7,3,3,6,2,3,0
7780,0,2024-03-18T18:00:00Z,False,0,4/30/2024 0:00,?,0.0,0.0,0.0,0.0,270,1958,1,610,False,0.125,5,13,0,3,3,10,1,2,0
7781,0,2024-03-18T12:43:00Z,False,0,?,?,?,?,?,?,250,97,1,576,False,,0,0,13,3,0,3,0,3,0
7782,0,2024-03-18T04:00:00Z,False,0,?,?,0.0,0.0,0.0,0.0,250,2116,1,576,False,,0,0,13,3,0,3,0,3,0
7783,0,2024-03-17T17:00:00Z,False,0,12/2/2024 0:00,?,0.0,0.0,0.0,0.0,795,924,1,1988,True,0.125,5,15,0,3,3,5,1,2,0
7784,0,2024-03-17T16:45:00Z,False,0,?,?,?,?,?,?,896,177,1,576,False,,0,0,13,3,0,5,0,3,0
7785,0,2024-03-17T15:42:00Z,False,0,?,?,0.0,0.0,0.0,0.0,166,891,1,1783,False,,0,0,13,3,0,5,0,3,0
7786,0,2024-03-17T10:42:00Z,False,0,?,Fatal,1.0,0.0,1.0,2.0,597,574,11,1011,True,0.125,0,13,0,4,3,1,2,3,1
7787,0,2024-03-17T09:25:00Z,False,0,?,?,0.0,0.0,0.0,0.0,157,536,1,576,False,0.125,0,15,0,3,3,3,2,3,0
7788,0,2024-03-16T23:30:00Z,False,0,?,Minor,0.0,0.0,2.0,2.0,994,170,6,576,False,,0,0,13,3,0,1,0,3,0
7789,0,2024-03-16T17:45:00Z,False,0,?,?,0.0,0.0,0.0,0.0,427,188,6,576,False,0.125,0,15,0,3,3,6,2,3,0
7790,0,2024-03-16T16:30:00Z,False,0,?,?,0.0,0.0,0.0,0.0,270,1959,1,576,False,0.125,0,15,0,3,3,3,2,3,0
7791,0,2024-03-16T16:02:00Z,False,0,5/29/2024 0:00,?,0.0,0.0,0.0,0.0,157,505,1,200,False,0.125,5,13,0,3,3,5,1,2,0
7792,0,2024-03-16T14:20:00Z,False,0,10/24/2024 0:00,?,0.0,0.0,0.0,0.0,812,1388,1,2089,False,0.125,5,15,0,3,3,3,1,2,0
7793,0,2024-03-16T13:09:00Z,False,0,10/31/2024 0:00,Minor,0.0,0.0,2.0,2.0,711,1850,1,576,False,0.125,5,15,0,3,3,6,1,2,0
7794,0,2024-03-15T17:27:00Z,False,0,?,Minor,0.0,0.0,1.0,1.0,270,1958,1,452,False,0.125,0,15,0,3,1,5,2,3,0
7795,0,2024-03-15T17:05:00Z,False,0,5/3/2024 0:00,?,0.0,0.0,0.0,0.0,1183,77,1,1941,False,0.125,5,13,0,4,3,5,1,2,0
7796,0,2024-03-15T14:20:00Z,False,0,10/31/2024 0:00,Minor,0.0,0.0,1.0,1.0,1327,833,1,2378,True,0.125,5,15,0,3,3,6,1,2,0
7797,0,2024-03-15T00:00:00Z,False,0,7/19/2024 0:00,Serious,0.0,1.0,0.0,1.0,179,367,1,576,False,0.25,6,0,4,0,1,3,1,2,0
7798,0,2024-03-14T17:30:00Z,False,0,12/2/2024 0:00,Minor,0.0,0.0,2.0,2.0,1123,6,1,2892,False,0.125,5,15,0,3,3,4,1,2,0
7799,0,2024-03-14T16:30:00Z,False,0,10/22/2024 0:00,?,0.0,0.0,0.0,0.0,896,1242,1,838,False,0.125,5,15,0,3,3,9,1,2,0
7800,0,2024-03-14T15:42:00Z,False,0,1/2/2025 0:00,?,0.0,0.0,0.0,0.0,556,2014,1,576,True,0.125,5,15,0,1,3,3,1,2,0
7801,0,2024-03-14T12:48:00Z,False,0,10/24/2024 0:00,Minor,0.0,0.0,1.0,1.0,896,571,1,1301,False,0.25,5,15,0,3,3,5,1,2,0
7802,0,2024-03-14T11:38:00Z,False,0,6/21/2024 0:00,?,0.0,0.0,0.0,0.0,250,45,1,576,False,0.125,5,13,0,3,3,3,1,2,0
7803,0,2024-03-13T18:50:00Z,False,0,5/9/2024 0:00,?,0.0,0.0,0.0,0.0,166,451,1,182,False,0.125,5,15,0,3,3,5,1,2,0
7804,0,2024-03-13T13:00:00Z,False,0,7/11/2024 0:00,?,0.0,0.0,0.0,0.0,994,1725,6,1153,False,0.125,5,16,0,3,3,10,1,2,0
7805,0,2024-03-12T20:02:00Z,False,0,?,?,0.0,0.0,0.0,0.0,157,1278,1,1236,False,0.125,0,3,0,3,3,3,2,3,0
7806,0,2024-03-12T15:00:00Z,False,0,4/30/2024 0:00,Minor,0.0,0.0,1.0,1.0,250,2034,1,946,False,0.125,5,15,0,3,3,5,1,2,0
7807,0,2024-03-12T10:40:00Z,False,0,4/19/2024 0:00,Minor,0.0,0.0,2.0,2.0,1052,1903,4,1219,False,0.0,0,13,0,3,3,10,1,2,0
7808,0,2024-03-12T09:05:00Z,False,0,?,?,0.0,0.0,0.0,0.0,1021,695,1,729,False,0.25,0,16,0,3,3,3,2,3,0
7809,0,2024-03-12T06:00:00Z,False,0,?,Serious,0.0,2.0,11.0,13.0,179,424,1,576,False,0.25,0,0,12,2,0,3,0,3,0
7810,0,2024-03-11T14:30:00Z,False,0,6/28/2024 0:00,?,0.0,0.0,0.0,0.0,157,536,1,435,False,0.125,5,15,0,3,3,5,1,2,0
7811,0,2024-03-11T11:30:00Z,False,0,?,?,?,?,?,?,39,655,1,1992,False,,0,0,13,3,0,10,0,3,0
7812,0,2024-03-11T00:30:00Z,False,0,2/26/2025 0:00,?,0.0,0.0,0.0,0.0,157,322,1,872,False,0.25,5,15,0,3,3,5,1,2,0
7813,0,2024-03-10T16:03:00Z,False,0,?,Fatal,2.0,0.0,0.0,2.0,896,1621,1,576,False,0.125,0,15,0,1,3,3,2,3,1
7814,0,2024-03-10T15:52:00Z,False,0,?,Fatal,5.0,0.0,0.0,5.0,635,15,1,1387,False,0.25,0,15,0,1,3,1,2,3,1
7815,0,2024-03-10T10:00:00Z,False,0,12/2/2024 0:00,?,0.0,0.0,0.0,0.0,250,87,1,105,False,0.125,5,15,0,3,3,10,1,2,0
7816,0,2024-03-09T19:30:00Z,False,0,1/2/2025 0:00,Minor,0.0,0.0,1.0,1.0,250,60,1,576,False,0.125,5,15,0,3,3,4,1,2,0
7817,0,2024-03-09T15:31:00Z,False,0,4/30/2024 0:00,Serious,0.0,1.0,1.0,2.0,179,356,1,576,False,0.25,6,0,4,0,1,3,1,2,0
7818,1,2024-03-09T14:15:00Z,False,0,?,?,0.0,0.0,0.0,0.0,179,416,1,576,False,0.25,0,0,12,4,0,13,0,3,0
7819,0,2024-03-09T14:13:00Z,False,0,?,?,0.0,0.0,0.0,0.0,160,267,6,576,False,,0,0,12,3,0,10,0,3,0
7820,0,2024-03-09T12:39:00Z,False,0,5/29/2024 0:00,?,0.0,0.0,0.0,0.0,896,1557,1,1715,False,0.125,5,15,0,3,3,5,1,2,0
7821,0,2024-03-09T01:10:00Z,False,0,?,Serious,0.0,1.0,0.0,1.0,250,32,1,576,False,0.125,0,15,0,3,1,3,2,3,0
7822,0,2024-03-08T20:00:00Z,False,0,?,Serious,0.0,2.0,0.0,2.0,250,142,1,2857,False,,0,0,13,1,0,1,0,3,0
7823,0,2024-03-08T19:30:00Z,False,0,?,?,?,?,?,?,13,301,0,576,False,,0,0,10,0,0,10,0,0,0
7824,2,2024-03-08T15:45:00Z,False,0,?,?,?,?,?,?,179,356,1,576,False,,0,0,6,0,0,1,0,3,0
7825,0,2024-03-08T15:25:00Z,False,0,?,Minor,0.0,0.0,2.0,2.0,270,1959,1,576,False,0.125,0,15,0,3,3,3,2,3,0
7826,0,2024-03-08T13:55:00Z,False,0,5/3/2024 0:00,?,0.0,0.0,0.0,0.0,896,1660,1,1309,False,0.125,5,15,0,3,3,5,1,2,0
7827,0,2024-03-08T12:35:00Z,False,0,?,Minor,0.0,0.0,2.0,2.0,896,1660,1,576,False,,0,0,13,3,0,1,0,3,0
7828,0,2024-03-08T11:46:00Z,False,0,4/12/2024 0:00,?,0.0,0.0,0.0,0.0,896,1611,1,584,False,0.125,5,15,0,3,3,5,1,2,0
7829,0,2024-03-08T09:58:00Z,False,0,?,?,0.0,0.0,0.0,0.0,179,366,1,1427,False,0.25,0,0,4,3,1,11,2,3,0
7830,0,2024-03-07T19:24:00Z,False,0,6/21/2024 0:00,?,0.0,0.0,0.0,0.0,896,1658,1,2352,False,0.125,5,15,0,3,3,5,1,2,0
7831,0,2024-03-07T13:24:00Z,False,0,?,Fatal,1.0,0.0,0.0,1.0,701,1092,1,288,False,0.125,0,15,0,3,3,6,2,3,1
7832,2,2024-03-07T05:00:00Z,False,0,?,?,?,?,?,?,179,380,1,576,False,,0,0,6,2,0,13,0,3,0
7833,0,2024-03-06T22:40:00Z,False,0,4/24/2025 0:00,?,0.0,0.0,0.0,0.0,434,1409,6,1729,False,0.25,9,16,8,3,3,11,1,2,0
7834,0,2024-03-06T16:15:00Z,False,0,?,Fatal,2.0,0.0,1.0,3.0,250,155,1,2419,False,,0,0,13,1,0,10,0,3,1
7835,0,2024-03-06T15:00:00Z,False,0,5/29/2024 0:00,?,0.0,0.0,0.0,0.0,891,576,1,348,True,0.125,5,15,0,3,3,10,1,2,0
7836,0,2024-03-06T11:00:00Z,False,0,?,?,0.0,0.0,0.0,0.0,250,77,1,576,False,,0,0,13,3,0,1,0,3,0
7837,0,2024-03-06T10:07:00Z,False,0,10/22/2024 0:00,?,0.0,0.0,0.0,0.0,309,1951,1,580,False,0.125,5,15,0,3,3,10,1,2,0
7838,0,2024-03-05T19:30:00Z,False,0,4/12/2024 0:00,?,0.0,0.0,0.0,0.0,896,1594,1,1737,False,0.125,5,13,0,3,3,10,1,2,0
7839,1,2024-03-05T19:04:00Z,False,0,?,?,0.0,0.0,0.0,0.0,270,1960,1,2357,False,0.125,0,13,0,2,3,4,2,3,0
7840,0,2024-03-05T17:00:00Z,False,0,7/11/2024 0:00,?,?,?,?,?,73,611,6,576,False,0.125,9,0,8,3,3,1,1,2,0
7841,1,2024-03-05T11:10:00Z,False,0,?,?,?,?,?,?,250,32,1,1780,False,,0,0,6,0,0,3,0,3,0
7842,0,2024-03-05T11:03:00Z,False,0,?,?,?,?,?,?,160,267,0,576,False,,0,0,10,0,0,5,0,0,0
7843,0,2024-03-05T08:35:00Z,False,0,?,?,?,?,?,?,364,71,1,576,False,,0,0,13,2,0,6,0,3,0
7844,0,2024-03-04T21:43:00Z,False,0,3/5/2025 0:00,Fatal,5.0,0.0,0.0,5.0,896,1671,1,1498,False,0.125,5,15,0,3,3,1,1,2,1
7845,0,2024-03-04T18:25:00Z,False,0,4/12/2024 0:00,?,0.0,0.0,0.0,0.0,157,694,1,1386,False,0.125,5,13,0,3,3,5,1,2,0
7846,0,2024-03-04T14:35:00Z,False,0,5/29/2024 0:00,?,0.0,0.0,0.0,0.0,1235,819,1,2560,True,0.125,5,18,14,3,3,5,1,2,0
7847,0,2024-03-04T13:45:00Z,False,0,?,?,?,?,?,?,998,895,1,576,False,,0,0,13,4,0,6,0,3,0
7848,1,2024-03-04T13:05:00Z,False,0,?,?,?,?,?,?,179,356,1,576,False,,0,0,12,0,0,10,0,3,0
7849,0,2024-03-04T12:11:00Z,False,0,1/2/2025 0:00,?,0.0,0.0,0.0,0.0,877,2203,1,528,True,0.125,5,15,0,3,3,1,1,2,0
7850,0,2024-03-04T05:00:00Z,False,0,?,Fatal,1.0,0.0,0.0,1.0,1317,831,1,576,False,,0,0,0,3,0,13,0,3,1
7851,0,2024-03-03T20:50:00Z,False,0,5/3/2024 0:00,?,0.0,0.0,0.0,0.0,461,1863,1,1982,False,0.25,8,14,8,3,3,11,1,2,0
7852,0,2024-03-03T16:05:00Z,False,0,6/21/2024 0:00,?,0.0,0.0,0.0,0.0,76,579,1,1223,False,0.125,5,13,0,3,3,5,1,2,0
7853,0,2024-03-02T14:55:00Z,False,0,4/19/2024 0:00,?,0.0,0.0,0.0,0.0,250,30,1,2240,False,0.125,5,15,0,3,3,5,1,2,0
7854,0,2024-03-02T11:42:00Z,False,0,?,Fatal,2.0,0.0,0.0,2.0,523,1144,1,159,False,0.125,0,15,0,1,3,3,2,3,1
7855,0,2024-03-01T18:50:00Z,False,0,?,Minor,0.0,0.0,2.0,2.0,250,32,1,576,False,0.125,0,15,13,4,0,3,0,3,0
7856,0,2024-03-01T16:34:00Z,False,0,10/10/2024 0:00,?,0.0,0.0,0.0,0.0,896,1631,1,2886,False,0.25,5,15,0,3,3,5,1,2,0
7857,0,2024-03-01T14:43:00Z,False,0,?,Serious,0.0,1.0,0.0,1.0,270,1958,1,27,False,0.125,0,15,0,3,3,1,2,3,0
7858,0,2024-03-01T14:43:00Z,False,0,1/2/2025 0:00,?,0.0,0.0,0.0,0.0,301,1650,1,2850,False,0.125,5,5,0,3,3,5,1,2,0
7859,1,2024-03-01T11:00:00Z,False,0,?,?,?,?,?,?,775,927,1,1998,False,0.5,0,1,9,2,0,13,2,3,0
7860,0,2024-03-01T10:14:00Z,False,0,10/31/2024 0:00,?,0.0,0.0,0.0,0.0,250,60,1,1503,False,0.125,5,13,0,3,3,1,1,2,0
7861,0,2024-02-28T20:41:00Z,False,0,?,?,?,?,?,?,1078,1854,0,576,False,,0,0,10,0,0,13,0,0,0
7862,0,2024-02-28T18:15:00Z,False,0,?,?,0.0,0.0,0.0,0.0,160,142,6,576,False,,0,16,13,3,0,3,0,3,0
7863,0,2024-02-28T17:52:00Z,False,0,4/12/2024 0:00,?,0.0,0.0,0.0,0.0,250,87,1,1114,False,0.125,5,15,0,3,3,5,1,2,0
7864,0,2024-02-28T17:50:00Z,False,0,10/22/2024 0:00,?,0.0,0.0,0.0,0.0,896,1678,1,586,False,0.125,8,13,0,3,3,5,1,2,0
7865,0,2024-02-27T20:22:00Z,False,0,3/5/2025 0:00,Serious,0.0,1.0,1.0,2.0,270,1958,1,2473,False,0.125,5,13,0,3,3,5,1,2,0
7866,0,2024-02-27T15:30:00Z,False,0,?,Serious,0.0,1.0,4.0,5.0,781,243,6,1789,False,0.125,0,14,8,3,3,3,2,3,0
7867,0,2024-02-27T11:30:00Z,False,0,10/24/2024 0:00,Serious,0.0,1.0,0.0,1.0,896,1573,1,977,False,0.125,5,15,0,2,3,9,1,2,0
7868,0,2024-02-26T16:50:00Z,False,0,5/16/2024 0:00,Minor,0.0,0.0,1.0,1.0,250,60,1,810,False,0.125,5,15,0,3,3,5,1,2,0
7869,0,2024-02-26T16:10:00Z,False,0,?,?,?,?,?,?,956,1844,1,576,False,,0,0,6,3,0,3,0,3,0
7870,0,2024-02-26T14:32:00Z,False,0,8/15/2024 0:00,?,0.0,0.0,0.0,0.0,250,72,1,891,False,0.125,5,15,0,3,3,11,1,2,0
7871,0,2024-02-26T12:00:00Z,False,0,?,?,0.0,0.0,0.0,0.0,771,1399,1,576,False,,0,0,13,3,0,5,0,3,0
7872,0,2024-02-25T23:02:00Z,False,0,7/17/2024 0:00,?,0.0,0.0,0.0,0.0,179,395,1,2476,False,0.25,6,11,0,3,3,10,1,2,0
7873,0,2024-02-25T19:15:00Z,False,0,7/18/2024 0:00,?,0.0,0.0,0.0,0.0,1175,722,1,338,False,0.125,5,13,0,3,3,5,1,2,0
7874,0,2024-02-25T18:45:00Z,False,0,?,Serious,0.0,1.0,0.0,1.0,918,1221,1,2286,True,0.125,0,15,0,1,3,4,2,3,0
7875,0,2024-02-25T18:10:00Z,False,0,?,?,0.0,0.0,0.0,0.0,896,1601,1,672,False,0.125,0,13,0,3,3,4,2,3,0
7876,0,2024-02-25T17:00:00Z,False,0,?,?,0.0,0.0,0.0,0.0,811,1390,1,576,False,0.125,0,0,13,3,0,5,0,3,0
7877,0,2024-02-25T16:15:00Z,False,0,4/12/2024 0:00,Minor,0.0,0.0,1.0,1.0,1147,892,1,576,True,0.125,5,15,0,3,3,1,1,2,0
7878,1,2024-02-24T23:06:00Z,False,0,?,?,0.0,0.0,0.0,0.0,179,356,1,576,False,0.25,0,0,12,2,0,5,0,3,0
7879,1,2024-02-24T17:50:00Z,False,0,?,?,?,?,?,?,250,45,1,576,False,,0,0,13,2,0,3,0,3,0
7880,0,2024-02-24T15:52:00Z,False,0,10/31/2024 0:00,?,0.0,0.0,0.0,0.0,1266,2141,1,2233,False,0.125,5,15,0,3,3,5,1,2,0
7881,0,2024-02-24T13:40:00Z,False,0,2/20/2025 0:00,Fatal,3.0,0.0,0.0,3.0,896,1668,1,1494,False,0.125,5,15,0,1,1,10,1,2,1
7882,1,2024-02-24T13:24:00Z,False,0,?,?,0.0,0.0,0.0,0.0,270,1896,1,952,False,0.125,0,0,15,2,0,10,0,3,0
7883,0,2024-02-24T12:00:00Z,False,0,1/2/2025 0:00,?,0.0,0.0,0.0,0.0,166,54,1,548,False,0.125,5,11,0,3,3,3,1,2,0
7884,1,2024-02-23T19:08:00Z,False,0,?,?,?,?,?,?,421,1037,1,576,False,0.25,0,0,12,0,0,4,0,3,0
7885,0,2024-02-23T17:45:00Z,False,0,7/11/2024 0:00,?,0.0,0.0,0.0,0.0,896,1668,1,2376,False,0.125,5,15,0,3,3,5,1,2,0
7886,0,2024-02-23T10:45:00Z,False,0,10/22/2024 0:00,Minor,0.0,0.0,1.0,1.0,739,449,1,2633,False,0.125,5,15,0,3,3,5,1,2,0
7887,0,2024-02-23T09:40:00Z,False,0,?,Minor,0.0,0.0,1.0,1.0,160,292,6,576,False,0.125,0,1,9,3,3,6,2,3,0
7888,0,2024-02-22T20:02:00Z,False,0,4/23/2025 0:00,Serious,0.0,1.0,0.0,1.0,1317,1973,1,545,True,0.125,5,15,0,3,3,13,1,2,0
7889,0,2024-02-22T18:30:00Z,False,0,8/15/2024 0:00,Minor,0.0,0.0,1.0,1.0,19,429,1,576,False,0.125,5,15,0,3,3,6,1,2,0
7890,0,2024-02-22T15:25:00Z,False,0,8/15/2024 0:00,?,0.0,0.0,0.0,0.0,250,98,1,270,False,0.125,5,15,0,3,3,4,1,2,0
7891,1,2024-02-21T20:29:00Z,False,0,?,?,?,?,?,?,179,277,1,576,False,0.25,0,0,15,0,0,13,0,3,0
7892,0,2024-02-20T18:30:00Z,False,0,9/4/2024 0:00,Minor,0.0,0.0,1.0,1.0,250,60,1,1404,False,0.125,5,15,0,3,3,11,1,2,0
7893,0,2024-02-20T16:30:00Z,False,0,?,Serious,0.0,1.0,0.0,1.0,137,692,10,576,False,0.5,0,14,3,3,3,6,2,3,0
7894,0,2024-02-20T15:12:00Z,False,0,3/19/2025 0:00,Serious,0.0,1.0,0.0,1.0,250,111,1,1959,False,0.125,5,16,0,1,3,1,1,2,0
7895,0,2024-02-20T14:38:00Z,False,0,5/3/2024 0:00,?,0.0,0.0,0.0,0.0,250,32,1,576,False,0.125,5,15,0,3,3,3,1,2,0
7896,0,2024-02-20T13:41:00Z,False,0,4/12/2024 0:00,?,0.0,0.0,0.0,0.0,896,1600,1,1233,False,0.125,5,13,0,3,3,1,1,2,0
7897,0,2024-02-20T11:15:00Z,False,0,12/2/2024 0:00,?,0.0,0.0,0.0,0.0,605,241,6,576,False,0.125,9,14,14,3,3,3,1,2,0
7898,0,2024-02-19T20:48:00Z,False,0,?,Fatal,3.0,0.0,0.0,3.0,993,1725,6,576,False,,0,0,13,3,0,3,0,3,1
7899,0,2024-02-19T19:30:00Z,False,0,5/29/2024 0:00,Minor,0.0,0.0,1.0,1.0,301,819,1,576,True,0.125,5,15,0,3,3,1,1,2,0
7900,0,2024-02-19T00:55:00Z,False,0,?,Serious,0.0,1.0,1.0,2.0,179,411,1,576,False,0.25,0,0,4,0,0,1,0,3,0
7901,0,2024-02-18T18:00:00Z,False,0,3/6/2025 0:00,?,0.0,0.0,0.0,0.0,168,735,1,576,True,0.125,5,15,0,3,3,3,1,2,0
7902,1,2024-02-18T04:21:00Z,False,0,?,?,?,?,?,?,45,519,1,576,False,0.25,0,0,4,0,0,3,0,3,0
7903,0,2024-02-17T23:53:00Z,False,0,?,?,0.0,0.0,0.0,0.0,250,261,1,2072,False,,0,0,12,3,0,10,0,3,0
7904,1,2024-02-17T12:24:00Z,False,0,?,?,0.0,0.0,0.0,0.0,32,673,6,576,False,,0,0,13,3,0,6,0,3,0
7905,0,2024-02-16T20:40:00Z,False,0,12/2/2024 0:00,?,0.0,0.0,0.0,0.0,250,1719,1,576,False,0.125,5,22,0,3,3,6,1,2,0
7906,0,2024-02-16T19:28:00Z,False,0,10/10/2024 0:00,?,0.0,0.0,0.0,0.0,250,43,1,576,False,0.125,5,13,0,3,3,1,1,2,0
7907,0,2024-02-16T12:29:00Z,False,0,?,Fatal,1.0,0.0,0.0,1.0,250,71,1,576,False,0.125,0,15,0,3,3,6,2,3,1
7908,0,2024-02-16T03:40:00Z,False,0,4/30/2024 0:00,Minor,0.0,0.0,1.0,1.0,250,60,1,576,False,0.125,5,16,0,3,3,3,1,2,0
7909,0,2024-02-15T19:10:00Z,False,0,4/12/2024 0:00,?,0.0,0.0,0.0,0.0,59,620,4,576,False,0.0,0,15,0,3,3,3,1,2,0
7910,0,2024-02-15T05:00:00Z,False,0,?,?,?,?,?,?,160,267,6,576,False,,0,0,13,3,0,6,0,3,0
7911,0,2024-02-14T19:10:00Z,False,0,10/10/2024 0:00,?,0.0,0.0,0.0,0.0,426,189,6,1863,False,0.125,5,15,0,3,3,3,1,2,0
7912,0,2024-02-14T15:10:00Z,False,0,4/24/2025 0:00,Minor,0.0,0.0,2.0,2.0,157,256,1,2760,False,0.25,6,6,0,3,3,10,1,2,0
7913,0,2024-02-14T12:20:00Z,False,0,12/6/2024 0:00,?,0.0,0.0,0.0,0.0,765,1284,1,1198,True,0.125,5,15,0,3,3,5,1,2,0
7914,0,2024-02-13T20:40:00Z,False,0,4/30/2024 0:00,?,0.0,0.0,0.0,0.0,896,1660,1,1941,False,0.125,5,13,0,3,3,10,1,2,0
7915,0,2024-02-13T20:30:00Z,False,0,?,Fatal,2.0,0.0,0.0,2.0,250,2116,1,576,False,0.125,0,22,13,3,0,3,0,3,1
7916,0,2024-02-13T07:40:00Z,False,0,?,Fatal,2.0,0.0,0.0,2.0,176,745,1,2826,False,0.125,0,0,13,1,0,3,0,3,1
7917,1,2024-02-13T07:30:00Z,False,0,?,?,0.0,0.0,0.0,0.0,179,356,1,576,False,0.25,0,0,12,0,0,3,0,3,0
7918,0,2024-02-12T18:40:00Z,False,0,?,?,0.0,0.0,0.0,0.0,188,750,1,576,False,,0,0,12,3,0,4,0,3,0
7919,0,2024-02-12T13:50:00Z,False,0,4/30/2024 0:00,?,0.0,0.0,0.0,0.0,896,1242,1,2298,False,0.125,5,15,0,3,3,1,1,2,0
7920,0,2024-02-12T05:00:00Z,False,0,?,?,0.0,0.0,0.0,0.0,47,612,0,576,False,,0,0,10,0,0,3,0,0,0
7921,0,2024-02-11T18:45:00Z,False,0,?,?,?,?,?,?,213,689,1,576,False,,0,0,13,3,0,3,0,3,0
7922,0,2024-02-11T18:30:00Z,False,0,10/22/2024 0:00,Serious,0.0,1.0,0.0,1.0,99,485,1,2892,False,0.125,5,15,0,3,3,10,1,2,0
7923,0,2024-02-11T13:30:00Z,False,0,?,?,0.0,0.0,0.0,0.0,996,1727,6,576,False,0.125,0,6,0,0,3,3,2,3,0
7924,0,2024-02-11T13:22:00Z,False,0,?,Fatal,9.0,0.0,0.0,9.0,157,985,1,1958,False,0.25,0,6,12,4,0,1,0,3,1
7925,0,2024-02-11T13:15:00Z,False,0,?,Fatal,1.0,6.0,11.0,17.0,250,154,1,576,False,0.125,0,21,13,3,0,10,0,3,1
7926,0,2024-02-11T12:35:00Z,False,0,?,Serious,0.0,1.0,1.0,2.0,439,1196,1,2544,False,0.125,0,13,0,3,3,5,2,3,0
7927,0,2024-02-11T12:30:00Z,False,0,11/26/2024 0:00,?,0.0,0.0,0.0,0.0,157,533,1,580,False,0.125,5,15,0,3,3,5,1,2,0
7928,1,2024-02-11T01:55:00Z,False,0,?,?,0.0,0.0,0.0,0.0,179,421,1,576,False,,0,0,12,0,0,3,0,3,0
7929,1,2024-02-10T21:42:00Z,False,0,?,?,0.0,0.0,0.0,0.0,179,368,1,968,False,0.25,0,0,4,2,3,5,2,3,0
7930,0,2024-02-10T21:35:00Z,False,0,10/10/2024 0:00,?,0.0,0.0,0.0,0.0,250,72,1,1009,False,0.125,5,15,0,3,3,5,1,2,0
7931,0,2024-02-10T17:43:00Z,False,0,?,Serious,0.0,2.0,1.0,3.0,179,417,1,576,False,0.25,0,0,4,0,0,3,2,3,0
7932,0,2024-02-10T15:30:00Z,False,0,4/24/2025 0:00,Minor,0.0,0.0,2.0,2.0,896,1627,1,2560,False,0.125,5,15,0,3,3,1,1,2,0
7933,0,2024-02-10T14:45:00Z,False,0,?,Minor,0.0,0.0,1.0,1.0,811,1388,1,784,False,,0,15,0,3,0,3,2,3,0
7934,0,2024-02-10T10:21:00Z,False,0,?,?,?,?,?,?,39,640,1,576,False,,0,0,13,3,0,6,0,3,0
7935,0,2024-02-10T09:45:00Z,False,0,?,?,0.0,0.0,0.0,0.0,250,73,1,1324,False,0.125,0,13,0,3,3,3,2,3,0
7936,0,2024-02-10T00:08:00Z,False,0,?,Fatal,6.0,0.0,0.0,6.0,47,1002,6,576,False,0.125,0,6,8,1,3,3,2,3,1
7937,0,2024-02-09T17:17:00Z,False,0,?,Fatal,2.0,0.0,4.0,5.0,183,848,1,649,False,0.25,0,0,8,1,3,1,2,3,1
7938,0,2024-02-09T08:20:00Z,False,0,?,?,0.0,0.0,0.0,0.0,775,1413,1,1887,False,0.25,0,0,12,3,0,5,0,3,0
7939,0,2024-02-08T23:05:00Z,False,0,2/11/2025 0:00,?,0.0,0.0,0.0,0.0,896,1594,1,576,False,0.125,5,15,0,3,3,3,1,2,0
7940,1,2024-02-08T20:22:00Z,False,0,?,?,0.0,0.0,0.0,?,179,377,1,2038,False,0.25,0,0,12,0,0,10,0,3,0
7941,0,2024-02-08T13:50:00Z,False,0,?,?,?,?,?,?,1132,882,1,1047,False,0.125,0,0,6,3,0,5,0,3,0
7942,0,2024-02-08T13:37:00Z,False,0,7/18/2024 0:00,?,0.0,0.0,0.0,0.0,45,523,1,754,False,0.25,6,0,4,2,3,9,1,2,0
7943,1,2024-02-08T12:10:00Z,False,0,?,?,0.0,0.0,0.0,0.0,179,382,1,576,False,,0,0,12,0,0,3,0,3,0
7944,0,2024-02-07T14:26:00Z,False,0,4/12/2024 0:00,?,0.0,0.0,0.0,0.0,896,1624,1,1147,False,0.125,5,15,0,3,3,5,1,2,0
7945,0,2024-02-07T14:00:00Z,False,0,6/21/2024 0:00,?,0.0,0.0,0.0,0.0,166,53,1,2797,False,0.125,5,15,0,3,3,5,1,2,0
7946,0,2024-02-07T12:48:00Z,False,0,?,Fatal,2.0,0.0,0.0,2.0,579,1204,1,1283,False,0.25,0,16,0,1,1,6,2,3,1
7947,0,2024-02-06T21:15:00Z,False,0,4/12/2024 0:00,?,0.0,0.0,0.0,0.0,996,1727,6,576,False,0.125,5,15,0,3,3,5,1,2,0
7948,0,2024-02-06T19:57:00Z,False,0,?,Fatal,1.0,0.0,0.0,1.0,993,1725,6,576,False,0.125,0,15,13,4,0,10,0,3,1
7949,1,2024-02-06T17:55:00Z,True,0,?,?,0.0,0.0,0.0,0.0,179,366,1,1132,False,0.25,0,11,4,0,3,5,2,3,0
7950,0,2024-02-06T01:28:00Z,False,0,4/12/2024 0:00,?,0.0,0.0,0.0,0.0,250,60,1,1982,False,0.125,5,13,0,3,3,4,1,2,0
7951,0,2024-02-05T17:35:00Z,False,0,?,?,0.0,0.0,0.0,0.0,250,32,1,576,False,0.125,0,15,0,3,3,3,2,3,0
7952,0,2024-02-05T09:27:00Z,False,0,?,?,0.0,0.0,0.0,0.0,250,782,1,2084,False,,0,0,13,3,0,5,0,3,0
7953,1,2024-02-05T06:37:00Z,False,0,?,?,?,?,?,?,179,424,1,2830,False,,0,0,12,0,0,5,0,3,0
7954,0,2024-02-04T18:00:00Z,False,0,4/4/2024 0:00,?,0.0,0.0,0.0,0.0,250,1720,1,2773,False,0.125,5,15,0,3,3,5,1,2,0
7955,0,2024-02-04T14:30:00Z,False,0,4/12/2024 0:00,Minor,0.0,0.0,1.0,1.0,675,1560,1,576,True,0.125,5,15,0,3,3,5,1,2,0
7956,0,2024-02-03T16:30:00Z,False,0,?,?,0.0,0.0,0.0,0.0,448,312,1,2617,True,0.125,0,15,0,3,3,4,2,3,0
7957,0,2024-02-02T17:00:00Z,False,0,2/29/2024 0:00,?,0.0,0.0,0.0,0.0,250,28,1,1405,False,0.125,5,15,0,3,3,5,1,2,0
7958,0,2024-02-02T15:00:00Z,False,0,2/29/2024 0:00,?,0.0,0.0,0.0,0.0,157,697,1,1360,False,0.125,5,15,0,3,3,5,1,2,0
7959,0,2024-02-02T12:42:00Z,False,0,11/7/2024 0:00,?,0.0,0.0,0.0,0.0,896,1658,1,342,False,0.125,5,15,0,3,1,6,1,2,0
7960,1,2024-02-01T22:13:00Z,False,0,?,?,?,?,?,?,179,424,1,576,False,,0,0,12,0,0,3,0,3,0
7961,0,2024-02-01T21:07:00Z,False,0,?,Fatal,3.0,0.0,1.0,1.0,157,2145,1,576,False,0.125,0,15,0,1,3,2,2,3,1
7962,0,2024-02-01T20:34:00Z,False,0,4/12/2024 0:00,?,0.0,0.0,0.0,0.0,996,1727,6,576,False,0.125,5,14,0,3,3,6,1,2,0
7963,0,2024-02-01T16:30:00Z,False,0,4/12/2024 0:00,?,0.0,0.0,0.0,0.0,902,2065,4,513,False,0.0,1,15,0,2,3,6,1,2,0
7964,0,2024-02-01T15:30:00Z,False,0,?,Fatal,1.0,0.0,0.0,1.0,544,1139,1,1981,False,0.25,0,16,0,3,3,4,2,3,1
7965,0,2024-02-01T14:00:00Z,False,0,6/13/2024 0:00,?,0.0,0.0,0.0,0.0,157,784,1,1135,False,0.125,5,15,0,3,3,5,1,2,0
7966,0,2024-02-01T12:35:00Z,False,0,6/13/2024 0:00,?,0.0,0.0,0.0,0.0,896,1657,1,1818,False,0.25,5,11,0,3,3,4,1,2,0
7967,0,2024-02-01T11:11:00Z,False,0,?,?,0.0,0.0,0.0,0.0,250,60,1,576,False,0.125,0,15,13,3,0,13,0,3,0
7968,0,2024-02-01T09:15:00Z,False,0,?,Minor,0.0,0.0,1.0,1.0,896,1634,1,2176,False,,0,0,15,3,0,10,0,3,0
7969,1,2024-02-01T05:00:00Z,False,0,?,?,0.0,0.0,0.0,0.0,1078,1855,6,576,False,,0,0,15,0,0,1,0,3,0
7970,0,2024-02-01T03:08:00Z,False,0,?,Serious,0.0,1.0,0.0,1.0,179,424,1,576,False,0.25,0,0,12,0,0,3,0,3,0
7971,0,2024-01-31T19:22:00Z,False,0,11/7/2024 0:00,?,0.0,0.0,0.0,0.0,896,1600,1,921,False,0.125,5,13,0,3,3,1,1,2,0
7972,0,2024-01-31T15:25:00Z,False,0,?,Fatal,1.0,0.0,0.0,1.0,896,1585,1,1123,False,0.125,0,15,0,3,3,4,2,3,1
7973,0,2024-01-30T15:17:00Z,False,0,?,Serious,0.0,1.0,1.0,2.0,268,1742,1,576,True,0.125,0,15,0,3,3,3,2,3,0
7974,0,2024-01-30T12:29:00Z,False,0,?,Fatal,1.0,0.0,0.0,1.0,1137,1771,1,819,True,0.125,0,15,0,3,3,10,2,3,1
7975,0,2024-01-30T00:50:00Z,False,0,?,Minor,0.0,0.0,2.0,2.0,250,60,1,2679,False,0.125,0,15,0,3,3,10,2,3,0
7976,0,2024-01-29T16:41:00Z,False,0,?,Fatal,2.0,0.0,0.0,2.0,735,573,1,576,True,0.25,0,15,0,3,3,3,2,3,1
7977,0,2024-01-29T16:30:00Z,False,0,?,Minor,0.0,0.0,1.0,1.0,605,239,6,576,False,,0,22,13,3,0,6,0,3,0
7978,0,2024-01-29T13:30:00Z,False,0,?,?,?,?,?,?,157,790,1,576,False,,0,15,13,3,0,5,0,3,0
7979,0,2024-01-28T18:23:00Z,False,0,?,?,0.0,0.0,0.0,0.0,601,1193,1,1895,False,0.25,0,0,8,3,3,5,2,3,0
7980,0,2024-01-28T12:30:00Z,False,0,?,Fatal,7.0,0.0,0.0,7.0,896,1677,1,576,False,0.125,0,0,13,1,0,3,0,3,1
7981,0,2024-01-28T10:29:00Z,False,0,?,?,?,?,?,?,896,186,1,1022,False,,0,0,13,1,0,5,0,3,0
7982,0,2024-01-27T11:12:00Z,False,0,?,Minor,0.0,0.0,4.0,4.0,250,316,1,1363,False,,0,0,13,2,0,4,0,3,0
7983,0,2024-01-26T19:55:00Z,False,0,2/20/2025 0:00,?,0.0,0.0,0.0,0.0,213,733,1,1562,False,0.25,5,15,0,3,1,3,1,2,0
7984,0,2024-01-26T17:00:00Z,False,0,?,?,0.0,0.0,0.0,0.0,250,28,1,576,False,0.125,0,0,13,3,0,3,0,3,0
7985,0,2024-01-26T15:29:00Z,False,0,11/26/2024 0:00,Serious,0.0,1.0,1.0,2.0,896,1573,1,576,False,0.125,5,15,0,3,3,13,1,2,0
7986,0,2024-01-26T09:26:00Z,False,0,?,Serious,0.0,1.0,0.0,1.0,157,792,1,576,False,0.25,0,14,8,3,3,6,2,3,0
7987,0,2024-01-25T16:15:00Z,False,0,10/31/2024 0:00,Serious,0.0,1.0,0.0,1.0,200,1129,4,2886,False,0.0,0,12,0,3,3,10,1,2,0
7988,0,2024-01-25T15:00:00Z,False,0,?,Fatal,2.0,0.0,0.0,2.0,896,1658,1,576,False,,0,0,13,4,0,3,0,3,1
7989,0,2024-01-25T14:47:00Z,False,0,8/30/2024 0:00,?,0.0,0.0,0.0,0.0,778,242,6,576,False,0.125,9,14,8,3,3,10,1,2,0
7990,1,2024-01-25T05:00:00Z,False,0,?,?,?,?,?,?,157,790,1,576,False,,0,0,12,0,0,3,0,3,0
7991,0,2024-01-24T22:15:00Z,False,0,9/5/2024 0:00,Fatal,1.0,0.0,0.0,1.0,1183,77,1,576,False,0.125,5,15,0,1,3,6,1,2,1
7992,0,2024-01-24T05:00:00Z,False,0,?,?,?,?,?,?,250,60,1,576,False,,0,0,13,3,0,3,0,3,0
7993,0,2024-01-23T20:44:00Z,False,0,?,Fatal,2.0,0.0,0.0,2.0,250,60,1,576,False,0.125,0,15,0,3,3,13,2,3,1
7994,0,2024-01-23T13:00:00Z,False,0,?,?,?,?,?,?,896,205,1,2671,False,,0,0,13,1,0,5,0,3,0
7995,0,2024-01-21T20:15:00Z,False,0,3/19/2025 0:00,?,0.0,0.0,0.0,0.0,250,160,1,2250,False,0.125,5,13,0,3,3,3,1,2,0
7996,0,2024-01-21T15:30:00Z,False,0,?,?,?,?,?,?,269,1896,1,2453,False,,0,0,13,3,0,5,0,3,0
7997,0,2024-01-21T15:20:00Z,False,0,?,?,0.0,0.0,0.0,0.0,250,60,1,1844,False,,0,0,13,4,0,4,0,3,0
7998,0,2024-01-21T15:20:00Z,False,0,?,Fatal,1.0,0.0,0.0,1.0,270,1959,1,1797,False,0.125,0,15,0,1,3,3,2,3,1
7999,0,2024-01-21T14:30:00Z,False,0,10/22/2024 0:00,Serious,0.0,1.0,0.0,1.0,994,1722,6,1104,False,0.125,5,15,0,3,3,5,1,2,0
8000,2,2024-01-21T04:43:00Z,False,0,?,?,?,?,?,?,179,369,1,576,False,0.25,0,0,4,0,0,1,0,3,0
8001,0,2024-01-21T01:23:00Z,False,0,3/19/2025 0:00,Fatal,3.0,0.0,0.0,3.0,160,142,6,576,False,0.125,9,16,8,1,3,3,1,2,1
8002,0,2024-01-20T17:43:00Z,False,0,4/4/2024 0:00,?,0.0,0.0,0.0,0.0,1183,60,1,1126,False,0.125,5,13,0,3,3,11,1,2,0
8003,0,2024-01-20T15:20:00Z,False,0,2/20/2025 0:00,?,0.0,0.0,0.0,0.0,735,573,1,2627,True,0.25,5,15,0,3,3,1,1,2,0
8004,0,2024-01-20T12:30:00Z,False,0,?,?,0.0,0.0,0.0,0.0,157,229,1,576,False,0.125,0,0,13,4,0,3,0,3,0
8005,0,2024-01-19T19:13:00Z,False,0,4/30/2024 0:00,Serious,0.0,1.0,0.0,1.0,943,1295,1,576,False,0.125,8,15,0,3,3,5,1,2,0
8006,1,2024-01-19T14:47:00Z,False,0,?,?,0.0,0.0,0.0,0.0,250,154,1,1426,False,0.125,0,0,8,2,1,4,2,3,0
8007,1,2024-01-19T00:34:00Z,False,0,10/16/2024 0:00,?,0.0,0.0,0.0,0.0,179,388,1,576,False,0.5,6,0,4,2,3,3,1,2,0
8008,0,2024-01-18T18:00:00Z,False,0,8/8/2024 0:00,?,0.0,0.0,0.0,0.0,250,87,1,50,False,0.125,5,15,0,3,3,11,1,2,0
8009,0,2024-01-18T14:40:00Z,False,0,3/5/2025 0:00,?,0.0,0.0,0.0,0.0,250,70,1,1301,False,0.125,5,15,0,3,3,5,1,2,0
8010,0,2024-01-18T13:23:00Z,False,0,?,?,0.0,0.0,0.0,0.0,1139,1882,10,576,False,0.125,0,13,0,3,3,5,2,3,0
8011,0,2024-01-17T17:00:00Z,False,0,?,?,?,?,?,?,250,97,1,1984,False,,0,0,13,3,0,5,0,3,0
8012,0,2024-01-17T15:38:00Z,False,0,8/8/2024 0:00,Minor,0.0,0.0,1.0,1.0,372,1009,5,2101,True,0.125,5,15,0,3,3,10,1,2,0
8013,0,2024-01-16T20:15:00Z,False,0,?,?,0.0,0.0,0.0,0.0,896,1585,1,1355,False,0.125,0,15,0,3,3,5,2,3,0
8014,1,2024-01-16T18:45:00Z,False,0,?,?,?,?,?,?,894,1681,1,576,False,0.125,0,0,0,2,0,1,0,3,0
8015,0,2024-01-16T13:30:00Z,False,0,?,?,?,?,?,?,156,1940,1,2397,False,0.125,0,15,0,3,3,4,2,3,0
8016,0,2024-01-15T21:30:00Z,False,0,?,?,?,?,?,?,1190,1832,1,576,False,,0,0,13,1,0,6,0,3,0
8017,0,2024-01-15T16:48:00Z,False,0,3/19/2025 0:00,Serious,0.0,1.0,0.0,1.0,250,43,1,1208,False,0.125,5,13,0,3,3,1,1,2,0
8018,0,2024-01-14T21:05:00Z,False,0,?,Fatal,4.0,0.0,0.0,4.0,871,868,1,1333,True,0.125,0,15,0,1,1,4,2,3,1
8019,0,2024-01-14T19:24:00Z,False,0,?,Fatal,3.0,0.0,0.0,3.0,157,462,1,576,False,0.25,0,13,0,3,3,3,2,3,1
8020,0,2024-01-14T14:38:00Z,False,0,4/12/2024 0:00,Serious,0.0,1.0,0.0,1.0,250,60,1,82,False,0.125,5,15,0,3,3,1,1,2,0
8021,0,2024-01-14T14:30:00Z,False,0,?,Fatal,3.0,0.0,0.0,3.0,250,215,1,2855,False,0.25,0,15,0,1,1,3,2,3,1
8022,0,2024-01-14T09:47:00Z,False,0,?,Fatal,4.0,1.0,0.0,5.0,703,718,2,576,False,,0,14,0,3,3,6,2,3,1
8023,1,2024-01-14T01:12:00Z,False,0,?,?,?,?,?,?,179,416,1,576,False,,0,0,12,0,0,3,0,3,0
8024,0,2024-01-13T15:00:00Z,False,0,?,?,0.0,0.0,0.0,0.0,896,1601,1,576,False,0.125,0,15,0,3,3,3,2,3,0
8025,0,2024-01-13T11:00:00Z,False,0,4/19/2024 0:00,Serious,0.0,1.0,0.0,1.0,149,1110,2,576,False,0.0,0,15,0,3,3,5,1,2,0
8026,0,2024-01-12T17:15:00Z,False,0,?,Serious,0.0,1.0,0.0,1.0,572,1756,1,427,True,0.125,0,15,0,3,3,5,2,3,0
8027,0,2024-01-11T21:00:00Z,False,0,2/13/2025 0:00,Minor,0.0,0.0,2.0,2.0,433,599,6,576,False,0.125,9,3,14,3,3,3,1,2,0
8028,0,2024-01-11T17:00:00Z,False,0,?,Fatal,2.0,0.0,0.0,2.0,993,1721,6,576,False,0.125,0,0,13,3,0,10,0,3,1
8029,0,2024-01-11T15:15:00Z,False,0,7/2/2024 0:00,?,0.0,0.0,0.0,0.0,896,1655,1,576,False,0.125,5,15,0,3,3,3,1,2,0
8030,0,2024-01-11T10:37:00Z,False,0,8/1/2024 0:00,Minor,0.0,0.0,2.0,2.0,724,313,1,1856,False,0.25,6,16,0,3,3,5,1,2,0
8031,0,2024-01-10T19:15:00Z,False,0,2/20/2024 0:00,?,0.0,0.0,0.0,0.0,896,1558,1,1871,False,0.125,5,15,0,3,3,5,1,2,0
8032,0,2024-01-10T12:10:00Z,False,0,5/17/2024 0:00,?,0.0,0.0,0.0,0.0,179,356,1,1607,False,0.25,6,0,4,3,3,5,1,2,0
8033,0,2024-01-10T12:10:00Z,False,0,?,?,0.0,0.0,0.0,0.0,40,641,1,2310,False,0.125,0,9,9,3,3,4,2,3,0
8034,0,2024-01-10T10:15:00Z,False,0,3/19/2025 0:00,?,0.0,0.0,0.0,0.0,250,32,1,55,False,0.125,5,13,0,3,3,3,1,2,0
8035,0,2024-01-09T17:35:00Z,False,0,2/20/2024 0:00,?,0.0,0.0,0.0,0.0,896,1240,1,1968,False,0.125,5,15,0,3,3,4,1,2,0
8036,0,2024-01-09T14:15:00Z,False,0,2/29/2024 0:00,?,0.0,0.0,0.0,0.0,896,1631,1,1300,False,0.25,5,13,0,3,3,5,1,2,0
8037,1,2024-01-09T07:25:00Z,False,0,?,?,0.0,0.0,0.0,?,179,527,1,576,False,0.25,0,0,12,0,0,3,0,3,0
8038,0,2024-01-08T14:20:00Z,False,0,7/25/2024 0:00,?,0.0,0.0,0.0,0.0,811,1385,1,800,False,0.125,5,13,0,3,3,5,1,2,0
8039,1,2024-01-08T13:30:00Z,False,0,?,?,?,?,?,?,179,512,1,576,False,,0,0,12,0,0,13,0,3,0
8040,0,2024-01-07T23:07:00Z,False,0,?,Serious,0.0,1.0,0.0,1.0,250,155,1,576,False,,0,0,15,3,0,3,0,3,0
8041,0,2024-01-07T22:19:00Z,False,0,?,?,0.0,0.0,0.0,0.0,250,277,1,920,False,0.25,0,15,0,3,0,5,2,3,0
8042,0,2024-01-07T18:07:00Z,False,0,?,Fatal,1.0,5.0,0.0,6.0,250,275,1,2519,False,,0,0,13,1,0,4,0,3,1
8043,0,2024-01-07T13:18:00Z,False,0,2/11/2025 0:00,Serious,0.0,1.0,0.0,1.0,1155,1180,1,1327,True,0.125,5,15,0,3,3,5,1,2,0
8044,0,2024-01-07T07:10:00Z,False,0,2/20/2024 0:00,?,0.0,0.0,0.0,0.0,898,1640,1,601,False,0.25,5,13,0,3,3,5,1,2,0
8045,0,2024-01-06T11:45:00Z,False,0,?,Fatal,2.0,0.0,0.0,2.0,672,1209,1,576,False,0.125,0,15,0,1,3,10,2,3,1
8046,0,2024-01-06T05:00:00Z,False,0,?,Fatal,1.0,0.0,0.0,1.0,160,142,6,576,False,,0,0,13,3,0,3,0,3,1
8047,0,2024-01-06T03:28:00Z,False,0,?,?,?,?,?,?,179,356,1,576,False,,0,0,12,3,0,5,0,3,0
8048,0,2024-01-05T19:40:00Z,False,0,?,Fatal,4.0,0.0,0.0,4.0,898,1556,1,1954,False,0.125,0,0,13,1,0,5,0,3,1
8049,0,2024-01-05T19:14:00Z,False,0,?,?,0.0,0.0,0.0,0.0,179,376,1,576,False,0.25,0,0,4,3,3,4,2,3,0
8050,0,2024-01-04T14:46:00Z,False,0,?,?,0.0,0.0,0.0,0.0,250,72,1,791,False,0.125,0,13,0,3,3,10,2,3,0
8051,0,2024-01-04T05:00:00Z,False,0,?,Fatal,4.0,0.0,0.0,4.0,166,54,1,576,False,0.125,0,0,15,3,0,4,0,3,1
8052,1,2024-01-04T00:25:00Z,False,0,?,?,?,?,?,?,179,356,1,576,False,,0,0,12,0,0,11,0,3,0
8053,0,2024-01-03T14:26:00Z,False,0,1/2/2025 0:00,?,0.0,0.0,0.0,0.0,811,1388,1,2643,False,0.125,5,15,0,3,3,3,1,2,0
8054,2,2024-01-03T05:00:00Z,False,0,?,?,0.0,0.0,0.0,0.0,213,258,1,576,False,0.25,0,0,13,0,0,3,0,3,0
8055,0,2024-01-02T19:10:00Z,False,0,2/26/2025 0:00,?,0.0,0.0,0.0,0.0,723,229,1,1404,False,0.25,6,14,8,3,1,5,1,2,0
8056,0,2024-01-02T13:30:00Z,False,0,?,?,?,?,?,?,993,1725,6,576,False,,0,0,13,1,0,3,0,3,0
8057,0,2024-01-02T13:10:00Z,False,0,?,Serious,0.0,1.0,0.0,1.0,896,1609,1,576,False,0.125,0,15,0,3,3,13,2,3,0
8058,0,2024-01-02T11:30:00Z,False,0,4/24/2025 0:00,Minor,0.0,0.0,1.0,1.0,167,1771,1,45,True,0.125,5,15,0,3,3,4,1,2,0
8059,2,2024-01-02T05:00:00Z,False,0,?,?,?,?,?,?,182,952,1,576,False,,0,0,6,1,0,5,0,3,0
8060,2,2024-01-02T03:00:00Z,False,0,?,?,?,?,?,?,179,356,1,576,False,,0,0,6,2,0,11,0,3,0
8061,0,2024-01-01T16:40:00Z,False,0,2/8/2024 0:00,?,0.0,0.0,0.0,0.0,157,784,1,267,False,0.125,5,15,0,1,3,5,1,2,0
8062,0,2024-01-01T16:20:00Z,False,0,10/31/2024 0:00,?,0.0,0.0,0.0,0.0,896,1668,1,2394,False,0.125,5,15,0,3,3,3,1,2,0
8063,0,2025-04-22T13:25:00Z,False,0,?,?,0.0,0.0,0.0,0.0,250,2047,0,576,False,,0,0,10,0,0,4,2,0,0
8064,1,2025-04-22T04:00:00Z,False,0,?,?,0.0,0.0,0.0,0.0,179,356,0,576,False,,0,0,10,0,0,10,0,0,0
8065,0,2025-04-20T04:00:00Z,False,0,?,?,0.0,0.0,0.0,0.0,179,365,0,576,False,,0,0,4,0,0,3,2,0,0
8066,0,2025-04-19T11:42:00Z,False,0,?,?,0.0,0.0,0.0,0.0,1052,1903,4,343,False,0.0,0,13,0,3,3,1,2,3,0
8067,0,2025-04-19T11:06:00Z,False,0,?,?,0.0,0.0,0.0,0.0,255,1893,0,576,False,,0,0,10,0,0,1,2,0,0
8068,0,2025-04-19T10:16:00Z,False,0,?,Fatal,4.0,0.0,0.0,4.0,250,87,0,576,False,,0,0,0,0,1,12,2,0,1
8069,0,2025-04-19T09:50:00Z,False,0,?,?,0.0,0.0,0.0,0.0,250,32,1,2296,False,0.125,0,15,0,3,3,5,2,3,0
8070,0,2025-04-18T12:10:00Z,False,0,?,?,0.0,0.0,0.0,0.0,739,443,1,8,False,0.125,0,15,0,3,0,5,2,3,0
8071,0,2025-04-18T10:47:00Z,False,0,?,?,?,?,?,?,541,1130,0,576,False,,0,1,9,0,3,6,2,0,0
8072,0,2025-04-15T02:35:00Z,False,0,?,?,0.0,0.0,0.0,0.0,896,1660,0,576,False,,0,13,10,0,0,10,2,0,0
8073,0,2025-04-14T18:00:00Z,False,0,?,?,?,?,?,?,160,145,0,576,False,,0,0,10,0,0,3,2,0,0
8074,0,2025-04-14T15:35:00Z,False,0,?,Serious,0.0,1.0,2.0,3.0,179,356,0,576,False,,0,0,10,0,0,3,0,0,0
8075,0,2025-04-14T10:03:00Z,False,0,?,Serious,0.0,1.0,0.0,1.0,974,1217,0,576,False,,0,15,0,0,3,5,2,0,0
8076,0,2025-04-13T18:40:00Z,False,0,?,Minor,0.0,0.0,1.0,1.0,986,666,1,576,True,0.125,0,15,0,3,3,5,2,3,0
8077,0,2025-04-13T16:40:00Z,False,0,?,?,0.0,0.0,0.0,0.0,739,450,0,576,False,,0,0,10,0,0,5,2,0,0
8078,0,2025-04-13T13:42:00Z,False,0,?,?,0.0,0.0,0.0,0.0,896,1621,1,576,False,0.125,0,15,0,3,3,3,2,3,0
8079,0,2025-04-13T12:00:00Z,False,0,?,Serious,0.0,2.0,0.0,2.0,250,32,1,576,False,0.125,0,15,0,3,3,1,2,3,0
8080,0,2025-04-13T04:00:00Z,False,0,?,?,?,?,?,?,250,108,0,576,False,,0,0,10,0,0,3,2,0,0
8081,0,2025-04-12T12:06:00Z,False,0,?,Fatal,6.0,0.0,0.0,6.0,804,1453,0,576,False,,0,15,0,0,0,3,2,0,1
8082,0,2025-04-12T12:00:00Z,False,0,?,Minor,0.0,0.0,2.0,2.0,250,99,1,656,False,0.125,0,15,0,3,3,5,2,3,0
8083,0,2025-04-11T19:20:00Z,False,0,?,Serious,0.0,1.0,0.0,1.0,946,1461,0,576,False,,0,0,0,0,0,6,2,0,0
8084,0,2025-04-11T19:06:00Z,False,0,?,Fatal,1.0,0.0,0.0,1.0,490,1870,0,576,False,,0,0,10,0,0,1,2,0,1
8085,0,2025-04-11T15:11:00Z,False,0,?,Minor,0.0,0.0,3.0,3.0,577,445,0,576,False,,0,0,10,0,0,5,0,0,0
8086,0,2025-04-11T14:02:00Z,False,0,?,Fatal,3.0,0.0,0.0,3.0,811,1386,0,576,False,,0,15,0,0,0,3,2,0,1
8087,0,2025-04-11T10:30:00Z,False,0,?,Fatal,3.0,0.0,0.0,3.0,250,215,0,576,False,,0,15,0,0,0,10,2,0,1
8088,0,2025-04-10T20:03:00Z,False,0,?,?,?,?,?,?,250,120,0,576,False,,0,0,10,0,0,5,2,0,0
8089,0,2025-04-10T16:30:00Z,False,0,?,Serious,0.0,1.0,0.0,1.0,547,1125,0,576,False,,0,6,8,0,3,5,0,0,0
8090,0,2025-04-10T15:15:00Z,False,0,?,Fatal,6.0,0.0,0.0,6.0,160,151,0,576,False,,0,3,0,0,3,3,2,0,1
8091,0,2025-04-10T14:43:00Z,False,0,?,?,0.0,0.0,0.0,0.0,250,95,1,2122,False,0.125,0,15,0,3,3,10,2,3,0
8092,0,2025-04-10T09:04:00Z,False,0,?,Fatal,1.0,1.0,0.0,2.0,19,429,1,576,False,0.125,0,15,0,3,3,6,2,3,1
8093,0,2025-04-10T04:00:00Z,False,0,?,?,?,?,?,?,250,58,0,576,False,,0,0,10,0,0,5,2,0,0
8094,0,2025-04-09T15:07:00Z,False,0,?,Serious,0.0,1.0,1.0,2.0,157,536,0,576,False,,0,0,10,0,0,3,2,0,0
8095,0,2025-04-09T11:45:00Z,False,0,?,Serious,0.0,1.0,0.0,1.0,1278,864,0,576,False,,0,0,10,0,0,5,2,0,0
8096,0,2025-04-09T10:30:00Z,False,0,?,?,0.0,0.0,0.0,0.0,896,1570,1,576,False,0.125,0,14,0,3,3,10,2,3,0
8097,0,2025-04-08T14:59:00Z,False,0,?,Fatal,1.0,0.0,0.0,1.0,83,806,1,576,True,0.125,0,15,0,3,3,1,2,3,1
8098,0,2025-04-08T14:55:00Z,False,0,?,?,0.0,0.0,0.0,0.0,769,2169,10,994,False,0.125,0,11,0,3,3,3,2,3,0
8099,0,2025-04-08T13:08:00Z,False,0,?,Serious,0.0,1.0,0.0,1.0,913,1298,1,2294,False,0.125,0,15,0,3,3,1,2,3,0
8100,0,2025-04-08T08:54:00Z,False,0,?,?,0.0,0.0,0.0,0.0,250,37,0,576,False,,0,13,0,0,0,1,2,0,0
8101,0,2025-04-07T14:30:00Z,False,0,?,?,0.0,0.0,0.0,0.0,250,116,1,677,False,0.125,0,15,0,3,3,5,2,3,0
8102,0,2025-04-07T09:03:00Z,False,0,?,?,0.0,0.0,0.0,0.0,896,1599,1,576,False,0.125,0,13,0,3,3,1,2,3,0
8103,0,2025-04-07T06:05:00Z,False,0,?,Serious,0.0,1.0,4.0,5.0,601,1193,0,576,False,,0,22,0,0,2,5,2,0,0
8104,0,2025-04-06T17:00:00Z,False,0,?,?,0.0,0.0,0.0,0.0,1080,450,1,1179,False,0.125,0,13,0,3,0,5,2,3,0
8105,1,2025-04-06T04:00:00Z,False,0,?,?,?,?,?,?,179,367,0,576,False,,0,0,10,0,0,3,0,0,0
8106,1,2025-04-05T20:00:00Z,False,0,?,?,?,?,?,?,179,356,0,576,False,,0,0,6,0,0,1,0,0,0
8107,0,2025-04-04T14:17:00Z,False,0,?,?,0.0,0.0,0.0,0.0,896,1631,1,2780,False,0.25,0,13,0,3,3,5,2,3,0
8108,0,2025-04-03T12:22:00Z,False,0,?,Minor,0.0,0.0,1.0,1.0,250,97,1,2473,False,0.125,0,15,0,3,3,3,2,3,0
8109,0,2025-04-02T20:30:00Z,False,0,?,Fatal,2.0,0.0,0.0,2.0,250,163,1,1394,False,0.125,0,13,0,1,1,1,2,3,1
8110,0,2025-04-02T07:30:00Z,False,0,?,Fatal,1.0,0.0,0.0,1.0,896,1668,1,2461,False,0.125,0,0,13,1,0,1,0,3,1
8111,1,2025-04-02T04:00:00Z,False,0,?,?,?,?,?,?,179,356,0,576,False,,0,0,10,0,0,5,0,0,0
8112,0,2025-04-01T20:00:00Z,False,0,?,Serious,0.0,1.0,0.0,1.0,250,72,0,576,False,,0,13,0,0,3,1,2,0,0
8113,0,2025-04-01T17:04:00Z,False,0,?,Fatal,1.0,0.0,0.0,1.0,250,214,0,576,False,,0,15,0,0,3,1,2,0,1
8114,0,2025-04-01T09:30:00Z,False,0,?,Minor,0.0,0.0,1.0,1.0,19,429,1,2011,False,0.125,0,15,0,3,3,10,2,3,0
8115,0,2025-04-01T04:00:00Z,False,0,?,Fatal,2.0,0.0,0.0,2.0,254,452,0,576,False,,0,0,10,0,0,13,0,0,1
8116,0,2025-03-30T10:34:00Z,False,0,?,Fatal,1.0,0.0,0.0,1.0,270,1959,1,576,False,0.125,0,15,0,3,1,4,2,3,1
8117,0,2025-03-29T17:03:00Z,False,0,?,?,0.0,0.0,0.0,0.0,250,32,1,2416,False,0.125,0,13,13,3,0,1,0,3,0
8118,0,2025-03-29T12:21:00Z,False,0,?,Fatal,1.0,0.0,0.0,1.0,1097,2076,1,641,False,0.125,0,15,0,1,1,1,2,3,1
8119,0,2025-03-29T10:23:00Z,False,0,?,?,0.0,0.0,0.0,0.0,879,1284,1,576,False,0.125,0,15,0,3,0,5,2,3,0
8120,0,2025-03-29T09:10:00Z,False,0,?,?,0.0,0.0,0.0,0.0,250,72,1,1945,False,0.125,0,13,0,3,3,5,2,3,0
8121,0,2025-03-28T18:05:00Z,False,0,?,Minor,0.0,0.0,1.0,1.0,357,51,0,576,False,,0,15,0,0,3,10,2,0,0
8122,0,2025-03-28T11:13:00Z,False,0,?,?,?,?,?,?,250,45,0,576,False,,0,0,10,0,0,4,0,0,0
8123,0,2025-03-28T08:45:00Z,False,0,?,Serious,0.0,1.0,0.0,1.0,1014,1775,1,706,False,0.125,0,15,0,3,3,3,2,3,0
8124,0,2025-03-28T07:30:00Z,False,0,?,?,0.0,0.0,0.0,0.0,40,650,1,576,False,0.125,0,1,9,3,0,6,2,3,0
8125,0,2025-03-27T12:40:00Z,False,0,?,?,0.0,0.0,0.0,0.0,1080,1353,1,576,False,0.125,0,15,0,3,0,3,2,3,0
8126,0,2025-03-27T12:00:00Z,False,0,?,Minor,0.0,0.0,2.0,2.0,896,1594,1,2089,False,0.125,0,13,0,3,3,6,2,3,0
8127,0,2025-03-27T12:00:00Z,False,0,?,Serious,0.0,1.0,4.0,5.0,179,427,0,576,False,,0,0,4,0,0,3,2,0,0
8128,0,2025-03-27T04:00:00Z,False,0,?,?,0.0,0.0,0.0,0.0,250,80,0,576,False,,0,15,0,0,0,9,2,0,0
8129,0,2025-03-26T11:50:00Z,False,0,?,?,0.0,0.0,0.0,0.0,250,87,1,2563,False,0.125,0,13,0,3,3,5,2,3,0
8130,0,2025-03-26T11:00:00Z,False,0,?,?,?,?,?,?,672,1209,0,576,False,,0,0,10,0,0,5,2,0,0
8131,0,2025-03-26T10:15:00Z,False,0,?,?,0.0,0.0,0.0,0.0,896,1578,1,2393,False,0.125,0,15,0,3,3,5,2,3,0
8132,0,2025-03-26T04:00:00Z,False,0,?,Fatal,1.0,0.0,0.0,1.0,1078,1851,0,576,False,,0,10,13,0,0,13,0,0,1
8133,0,2025-03-25T15:00:00Z,False,0,?,Minor,0.0,0.0,1.0,1.0,996,1727,6,1371,False,0.125,0,13,0,3,3,10,2,3,0
8134,0,2025-03-25T09:30:00Z,False,0,?,?,0.0,0.0,0.0,0.0,896,1581,1,2634,False,0.125,0,15,0,3,3,5,2,3,0
8135,0,2025-03-25T07:49:00Z,False,0,?,?,0.0,0.0,0.0,0.0,591,2135,0,576,False,,0,1,9,0,0,6,2,0,0
8136,2,2025-03-24T21:55:00Z,False,0,?,?,?,?,?,?,179,356,0,576,False,,0,0,6,0,0,9,0,0,0
8137,0,2025-03-24T10:30:00Z,False,0,?,?,0.0,0.0,0.0,0.0,293,1519,1,2126,False,0.125,0,15,0,3,3,5,2,3,0
8138,0,2025-03-23T04:00:00Z,False,0,?,Minor,0.0,0.0,2.0,2.0,55,2160,0,576,False,,0,0,10,0,0,13,0,0,0
8139,0,2025-03-22T16:05:00Z,False,0,?,?,0.0,0.0,0.0,0.0,250,86,0,576,False,,0,0,10,0,0,3,0,0,0
8140,0,2025-03-22T14:55:00Z,False,0,?,?,0.0,0.0,0.0,0.0,250,2048,1,576,False,0.125,0,0,13,3,0,3,0,3,0
8141,0,2025-03-22T14:43:00Z,False,0,?,Fatal,5.0,0.0,0.0,5.0,364,954,0,576,False,,0,0,12,0,0,13,0,0,1
8142,0,2025-03-22T11:15:00Z,False,0,?,?,0.0,0.0,0.0,0.0,1175,722,1,2372,False,0.125,0,15,0,3,3,5,2,3,0
8143,0,2025-03-22T09:25:00Z,False,0,?,Fatal,1.0,0.0,0.0,1.0,14,632,1,2853,False,0.125,0,15,0,3,3,10,2,3,1
8144,0,2025-03-21T15:53:00Z,False,0,?,Serious,0.0,1.0,1.0,2.0,160,142,6,2233,False,0.125,0,3,0,3,3,1,2,3,0
8145,0,2025-03-21T11:30:00Z,False,0,?,?,0.0,0.0,0.0,0.0,896,1613,1,640,False,0.25,0,13,0,3,3,5,2,3,0
8146,0,2025-03-21T04:00:00Z,False,0,?,Fatal,1.0,0.0,0.0,1.0,250,44,0,576,False,,0,0,10,0,0,13,0,0,1
8147,0,2025-03-20T20:00:00Z,False,0,?,?,0.0,0.0,0.0,0.0,778,323,6,576,False,0.125,0,0,13,3,0,6,0,3,0
8148,0,2025-03-20T17:30:00Z,False,0,?,?,0.0,0.0,0.0,0.0,771,1399,0,576,False,,0,15,0,0,3,5,2,0,0
8149,0,2025-03-20T15:50:00Z,False,0,?,?,0.0,0.0,0.0,0.0,250,45,1,991,False,0.125,0,13,0,3,0,5,2,3,0
8150,0,2025-03-20T14:30:00Z,False,0,?,Fatal,2.0,0.0,0.0,2.0,270,1959,1,554,False,0.125,0,13,0,1,3,1,2,3,1
8151,0,2025-03-20T14:00:00Z,False,0,?,?,0.0,0.0,0.0,0.0,19,432,1,1102,False,0.125,0,15,0,3,3,3,2,3,0
8152,0,2025-03-20T13:00:00Z,False,0,?,Minor,0.0,0.0,1.0,1.0,1008,808,5,1151,False,0.125,0,15,0,3,3,1,2,3,0
8153,0,2025-03-20T12:40:00Z,False,0,?,?,0.0,0.0,0.0,0.0,896,1610,1,1739,False,0.125,0,15,0,3,0,5,2,3,0
8154,1,2025-03-20T04:00:00Z,False,0,?,?,0.0,0.0,0.0,0.0,179,373,0,576,False,,0,0,4,0,0,10,2,0,0
8155,0,2025-03-19T14:31:00Z,False,0,?,Minor,0.0,0.0,2.0,2.0,157,462,1,1296,False,0.25,0,15,0,3,3,5,2,3,0
8156,0,2025-03-19T12:36:00Z,False,0,?,?,0.0,0.0,0.0,0.0,180,951,1,2486,False,0.25,0,13,0,3,3,11,2,3,0
8157,0,2025-03-19T12:28:00Z,False,0,?,Fatal,1.0,0.0,0.0,1.0,160,146,6,576,False,0.125,0,1,9,3,3,3,2,3,1
8158,0,2025-03-19T10:30:00Z,False,0,?,?,0.0,0.0,0.0,0.0,896,1556,1,1367,False,0.125,0,15,0,3,3,5,2,3,0
8159,0,2025-03-19T08:21:00Z,False,0,?,?,0.0,0.0,0.0,0.0,251,49,1,2656,False,0.125,0,13,0,3,3,5,2,3,0
8160,1,2025-03-18T14:30:00Z,False,0,?,?,0.0,0.0,0.0,0.0,160,142,6,576,False,,0,0,12,2,0,3,0,3,0
8161,0,2025-03-18T13:04:00Z,False,0,?,?,0.0,0.0,0.0,0.0,336,1430,0,576,False,,0,15,13,0,0,1,0,0,0
8162,0,2025-03-18T10:46:00Z,False,0,?,Serious,0.0,2.0,0.0,2.0,254,429,1,320,False,0.125,0,13,0,3,0,10,2,3,0
8163,0,2025-03-18T00:35:00Z,False,0,?,?,0.0,0.0,0.0,0.0,677,218,0,576,False,,0,0,10,0,0,4,0,0,0
8164,0,2025-03-16T17:41:00Z,False,0,?,?,0.0,0.0,0.0,0.0,157,2145,1,647,False,0.125,0,15,0,3,3,5,2,3,0
8165,2,2025-03-16T15:00:00Z,False,0,?,?,0.0,0.0,0.0,0.0,179,424,0,576,False,,0,0,6,0,0,8,0,0,0
8166,0,2025-03-16T14:50:00Z,False,0,?,?,0.0,0.0,0.0,0.0,250,1527,1,2613,False,0.125,0,15,0,3,0,5,2,3,0
8167,0,2025-03-16T14:24:00Z,False,0,?,?,0.0,0.0,0.0,0.0,157,791,1,1364,False,0.25,0,14,0,3,3,5,2,3,0
8168,0,2025-03-16T14:15:00Z,False,0,?,Minor,0.0,0.0,1.0,1.0,250,61,1,1167,False,0.125,0,15,0,3,0,4,2,3,0
8169,0,2025-03-16T13:00:00Z,False,0,?,?,0.0,0.0,0.0,0.0,250,77,1,1495,False,0.125,0,15,0,3,0,5,2,3,0
8170,1,2025-03-16T04:00:00Z,False,0,?,?,?,?,?,?,183,851,0,576,False,,0,0,4,0,0,5,2,0,0
8171,0,2025-03-15T21:00:00Z,False,0,?,Minor,0.0,0.0,1.0,1.0,157,975,1,2779,False,0.25,0,13,0,3,3,1,2,3,0
8172,0,2025-03-15T16:41:00Z,False,0,?,?,0.0,0.0,0.0,0.0,1112,1820,4,576,False,0.125,0,15,0,3,0,5,2,3,0
8173,0,2025-03-15T15:00:00Z,False,0,?,Fatal,1.0,0.0,0.0,1.0,994,1725,6,576,False,0.125,0,15,0,1,1,4,2,3,1
8174,0,2025-03-15T14:49:00Z,False,0,?,?,0.0,0.0,0.0,0.0,1183,2049,1,1401,False,0.125,0,15,0,3,3,5,2,3,0
8175,0,2025-03-15T11:30:00Z,False,0,?,?,0.0,0.0,0.0,0.0,1197,2178,1,1083,False,0.125,0,22,13,3,0,5,0,3,0
8176,0,2025-03-15T11:00:00Z,False,0,?,Serious,0.0,1.0,1.0,2.0,426,189,6,1974,False,0.125,0,15,0,1,0,6,2,3,0
8177,1,2025-03-14T17:30:00Z,False,0,?,?,0.0,0.0,0.0,?,250,308,1,576,False,,0,0,13,0,0,13,0,3,0
8178,0,2025-03-14T15:15:00Z,False,0,?,Fatal,1.0,0.0,0.0,1.0,1288,1164,11,2546,False,0.125,0,15,0,3,3,4,2,3,1
8179,0,2025-03-14T07:38:00Z,False,0,?,?,?,?,?,?,250,154,0,576,False,,0,0,8,0,0,11,2,0,0
8180,0,2025-03-14T07:00:00Z,False,0,?,Fatal,1.0,0.0,0.0,1.0,1052,184,6,576,False,0.125,0,15,0,3,3,3,2,3,1
8181,0,2025-03-13T17:45:00Z,False,0,?,?,0.0,0.0,0.0,0.0,250,81,1,276,False,0.125,0,15,0,3,3,1,2,3,0
8182,0,2025-03-13T17:45:00Z,False,0,?,Minor,0.0,0.0,1.0,1.0,232,51,6,576,False,0.125,0,15,0,1,3,5,2,3,0
8183,0,2025-03-13T07:33:00Z,False,0,?,Fatal,1.0,0.0,0.0,1.0,250,308,1,1602,False,0.25,0,16,0,1,3,10,2,3,1
8184,0,2025-03-12T14:50:00Z,False,0,?,?,0.0,0.0,0.0,0.0,250,2102,1,576,False,0.125,0,3,0,3,3,3,2,3,0
8185,0,2025-03-12T13:00:00Z,False,0,?,Minor,0.0,0.0,1.0,1.0,896,1601,1,1398,False,0.125,0,13,0,3,3,4,2,3,0
8186,0,2025-03-12T11:10:00Z,False,0,?,?,0.0,0.0,0.0,0.0,896,1608,1,1808,False,0.125,0,13,0,3,3,5,2,3,0
8187,1,2025-03-12T03:25:00Z,False,0,?,?,0.0,0.0,0.0,?,45,516,0,576,False,,0,0,12,0,0,3,0,0,0
8188,0,2025-03-11T18:10:00Z,False,0,?,?,0.0,0.0,0.0,0.0,237,1254,1,492,False,0.125,0,15,0,3,0,10,2,3,0
8189,0,2025-03-11T13:40:00Z,False,0,?,?,0.0,0.0,0.0,0.0,250,1530,1,2364,False,0.125,0,15,0,3,3,3,2,3,0
8190,0,2025-03-10T18:30:00Z,False,0,?,?,0.0,0.0,0.0,0.0,994,1727,6,1441,False,0.125,0,6,0,3,3,3,2,3,0
8191,0,2025-03-10T12:40:00Z,False,0,?,?,0.0,0.0,0.0,0.0,239,1774,1,2300,False,0.125,0,15,0,3,3,4,2,3,0
8192,0,2025-03-10T12:37:00Z,False,0,?,Fatal,3.0,0.0,0.0,3.0,434,999,6,576,False,0.25,0,6,8,1,3,3,2,3,1
8193,0,2025-03-10T12:30:00Z,False,0,?,?,0.0,0.0,0.0,0.0,250,60,1,2224,False,0.125,0,15,0,3,3,6,2,3,0
8194,0,2025-03-10T09:20:00Z,False,0,?,Fatal,1.0,0.0,0.0,1.0,811,1390,0,576,False,,0,0,0,0,0,13,0,0,1
8195,0,2025-03-09T22:15:00Z,False,0,?,Minor,0.0,0.0,1.0,1.0,157,506,1,2370,False,0.125,0,15,0,3,3,4,2,3,0
8196,0,2025-03-09T21:04:00Z,False,0,?,Minor,0.0,0.0,2.0,2.0,996,1727,6,2767,False,0.125,0,14,0,3,3,10,2,3,0
8197,0,2025-03-09T17:15:00Z,False,0,?,Fatal,1.0,1.0,0.0,2.0,250,32,1,576,False,0.125,0,13,13,3,0,3,0,3,1
8198,0,2025-03-09T15:30:00Z,False,0,?,Serious,0.0,2.0,3.0,5.0,157,537,1,1812,False,0.125,0,15,0,1,3,1,2,3,0
8199,2,2025-03-08T05:00:00Z,False,0,?,?,?,?,?,?,421,120,0,576,False,,0,0,10,0,0,1,0,0,0
8200,0,2025-03-08T05:00:00Z,False,0,?,Fatal,?,?,?,?,250,45,0,576,False,,0,15,13,0,0,13,0,0,1
8201,0,2025-03-07T20:10:00Z,False,0,?,?,?,?,?,?,896,1622,0,576,False,,0,0,10,0,0,5,2,0,0
8202,0,2025-03-07T18:40:00Z,False,0,?,?,0.0,0.0,0.0,0.0,894,1681,1,2530,False,0.125,0,6,8,3,1,3,2,3,0
8203,0,2025-03-07T15:30:00Z,False,0,?,?,0.0,0.0,0.0,0.0,250,493,1,576,False,0.125,0,15,0,3,3,11,2,3,0
8204,0,2025-03-07T15:11:00Z,False,0,?,?,0.0,0.0,0.0,0.0,250,70,1,947,False,0.125,0,13,0,3,3,5,2,3,0
8205,0,2025-03-06T12:45:00Z,False,0,?,Minor,0.0,0.0,1.0,1.0,270,1959,1,898,False,0.125,0,15,0,3,3,5,2,3,0
8206,0,2025-03-06T12:45:00Z,False,0,?,Minor,0.0,0.0,1.0,1.0,896,1594,1,1854,False,0.125,0,15,0,3,3,4,2,3,0
8207,0,2025-03-05T03:10:00Z,False,0,?,?,0.0,0.0,0.0,0.0,250,43,1,2701,False,0.125,0,15,0,3,3,5,2,3,0
8208,0,2025-03-04T16:55:00Z,False,0,?,Fatal,1.0,0.0,0.0,1.0,250,490,1,576,False,0.125,0,15,0,1,0,3,2,3,1
8209,0,2025-03-04T13:40:00Z,False,0,?,?,0.0,0.0,0.0,0.0,601,1193,1,2412,False,0.25,0,16,0,3,0,5,2,3,0
8210,0,2025-03-04T05:00:00Z,False,0,?,?,0.0,0.0,0.0,0.0,541,556,1,1820,False,,0,15,13,1,0,1,0,3,0
8211,0,2025-03-03T15:40:00Z,False,0,?,?,0.0,0.0,0.0,0.0,896,1677,0,576,False,,0,0,10,0,0,1,0,0,0
8212,1,2025-03-03T02:39:00Z,False,0,?,?,0.0,0.0,0.0,0.0,179,360,0,576,False,,0,0,12,0,0,4,0,0,0
8213,0,2025-03-02T15:30:00Z,False,0,?,Minor,0.0,0.0,1.0,1.0,896,1570,1,576,False,0.125,0,15,0,3,3,5,2,3,0
8214,0,2025-03-02T05:00:00Z,False,0,?,Serious,0.0,1.0,0.0,1.0,179,366,1,576,False,0.25,0,0,4,0,2,3,2,3,0
8215,0,2025-03-01T13:15:00Z,False,0,?,Fatal,1.0,0.0,0.0,1.0,1241,1783,1,576,True,0.125,0,15,0,3,3,13,2,3,1
8216,0,2025-03-01T13:06:00Z,False,0,?,?,0.0,0.0,0.0,0.0,1183,77,0,576,False,,0,0,10,0,3,10,2,0,0
8217,1,2025-03-01T09:00:00Z,False,0,?,?,0.0,0.0,0.0,0.0,179,404,0,576,False,,0,0,4,0,3,4,2,0,0
8218,0,2025-02-28T19:00:00Z,False,0,?,?,0.0,0.0,0.0,0.0,1052,185,6,576,False,0.125,0,15,0,3,3,3,2,3,0
8219,0,2025-02-28T15:47:00Z,False,0,?,?,0.0,0.0,0.0,0.0,250,23,1,2839,False,0.125,0,15,0,3,3,5,2,3,0
8220,0,2025-02-28T12:30:00Z,False,0,?,Minor,0.0,0.0,1.0,1.0,896,1570,1,616,False,0.125,0,15,0,3,3,3,2,3,0
8221,0,2025-02-28T12:30:00Z,False,0,?,Serious,0.0,1.0,1.0,2.0,659,906,1,576,False,,0,0,13,3,0,3,0,3,0
8222,0,2025-02-28T12:00:00Z,False,0,?,Minor,0.0,0.0,1.0,1.0,519,1140,1,2247,False,0.125,0,6,0,3,3,11,2,3,0
8223,0,2025-02-27T15:50:00Z,False,0,?,?,0.0,0.0,0.0,0.0,101,472,1,1340,False,0.125,0,15,0,3,0,5,2,3,0
8224,0,2025-02-27T14:44:00Z,False,0,?,?,0.0,0.0,0.0,0.0,250,156,1,2531,False,,0,15,13,3,0,3,0,3,0
8225,0,2025-02-27T14:19:00Z,False,0,?,Fatal,2.0,0.0,0.0,2.0,996,1725,6,576,False,0.125,0,3,0,3,3,6,2,3,1
8226,0,2025-02-27T08:45:00Z,False,0,?,Serious,0.0,1.0,0.0,1.0,996,1727,6,576,False,0.125,0,3,0,0,3,3,2,3,0
8227,1,2025-02-27T00:00:00Z,False,0,?,?,?,?,?,?,179,530,0,576,False,,0,0,10,0,0,0,0,0,0
8228,0,2025-02-26T15:27:00Z,False,0,?,?,0.0,0.0,0.0,0.0,250,32,1,1034,False,,0,15,13,3,0,13,0,3,0
8229,1,2025-02-26T14:38:00Z,False,0,?,?,0.0,0.0,0.0,?,179,1032,1,2252,False,0.25,0,0,4,0,3,1,2,3,0
8230,0,2025-02-26T09:30:00Z,False,0,?,Serious,0.0,2.0,1.0,3.0,896,1603,1,576,False,0.125,0,15,0,0,1,3,2,3,0
8231,0,2025-02-26T00:20:00Z,False,0,?,?,0.0,0.0,0.0,0.0,250,45,1,576,False,0.125,0,15,13,3,0,3,0,3,0
8232,0,2025-02-25T18:45:00Z,False,0,?,?,0.0,0.0,0.0,0.0,629,540,1,35,False,0.125,0,15,0,4,3,5,2,3,0
8233,0,2025-02-25T14:45:00Z,False,0,?,?,0.0,0.0,0.0,0.0,157,979,1,2076,False,0.125,0,15,0,3,3,3,2,3,0
8234,0,2025-02-25T14:16:00Z,False,0,?,?,0.0,0.0,0.0,0.0,761,593,1,2656,True,0.125,0,15,0,3,3,5,2,3,0
8235,2,2025-02-25T09:48:00Z,False,0,?,?,0.0,0.0,0.0,0.0,179,367,1,1635,False,0.25,0,15,1,0,3,5,2,3,0
8236,0,2025-02-24T20:45:00Z,False,0,?,Serious,0.0,3.0,0.0,3.0,434,999,6,576,False,0.25,0,16,8,3,3,3,2,3,0
8237,0,2025-02-24T15:30:00Z,False,0,?,Minor,0.0,0.0,2.0,2.0,1164,1223,1,226,True,0.125,0,15,0,1,3,1,2,3,0
8238,0,2025-02-24T11:45:00Z,False,0,?,?,0.0,0.0,0.0,0.0,250,83,1,2869,False,0.125,0,15,0,3,0,10,2,3,0
8239,1,2025-02-24T09:48:00Z,False,0,?,Minor,0.0,0.0,2.0,2.0,179,353,0,576,False,,0,0,4,0,3,10,2,0,0
8240,0,2025-02-23T21:15:00Z,False,0,?,?,0.0,0.0,0.0,0.0,231,819,1,2124,False,0.125,0,15,0,3,3,5,2,3,0
8241,0,2025-02-23T16:15:00Z,False,0,?,?,0.0,0.0,0.0,0.0,250,59,1,1315,False,0.125,0,9,0,3,3,5,2,3,0
8242,0,2025-02-23T15:20:00Z,False,0,?,?,0.0,0.0,0.0,0.0,250,77,1,1657,False,0.125,0,13,0,3,3,11,2,3,0
8243,0,2025-02-23T15:00:00Z,False,0,?,Minor,0.0,0.0,2.0,2.0,365,1888,1,1160,True,0.125,0,15,0,3,3,5,2,3,0
8244,0,2025-02-23T10:00:00Z,False,0,?,?,0.0,0.0,0.0,0.0,157,536,1,700,False,0.125,0,15,0,3,3,5,2,3,0
8245,1,2025-02-22T17:21:00Z,False,0,?,?,?,?,?,?,179,375,0,576,False,,0,0,12,0,0,11,0,0,0
8246,0,2025-02-22T17:20:00Z,False,0,?,?,0.0,0.0,0.0,0.0,605,1507,6,980,False,0.125,0,13,0,3,3,11,2,3,0
8247,0,2025-02-22T16:45:00Z,False,0,?,Minor,0.0,0.0,1.0,1.0,250,73,1,576,False,0.125,0,13,0,3,3,3,2,3,0
8248,0,2025-02-21T11:30:00Z,False,0,?,?,0.0,0.0,0.0,0.0,65,1434,6,2234,False,0.75,0,11,0,3,0,4,2,3,0
8249,0,2025-02-20T17:42:00Z,False,0,?,?,0.0,0.0,0.0,0.0,896,1570,1,470,False,0.125,0,15,0,3,3,1,2,3,0
8250,0,2025-02-20T17:40:00Z,False,0,?,Fatal,1.0,1.0,0.0,2.0,163,305,6,576,False,0.125,0,15,0,3,3,6,2,3,1
8251,0,2025-02-20T15:45:00Z,False,0,?,?,0.0,0.0,0.0,0.0,1183,77,1,2202,False,0.125,0,13,0,3,0,5,2,3,0
8252,1,2025-02-20T14:00:00Z,False,0,?,?,0.0,0.0,0.0,0.0,726,673,6,576,False,,0,0,12,4,0,3,0,3,0
8253,0,2025-02-20T14:00:00Z,False,0,?,?,0.0,0.0,0.0,0.0,250,63,1,109,False,0.125,0,15,0,3,0,5,2,3,0
8254,0,2025-02-20T14:00:00Z,False,0,?,?,0.0,0.0,0.0,0.0,250,88,1,224,False,0.125,0,13,0,3,0,5,2,3,0
8255,0,2025-02-20T12:30:00Z,False,0,?,?,?,?,?,?,250,781,0,576,False,,0,0,10,0,0,13,0,0,0
8256,0,2025-02-20T12:20:00Z,False,0,?,?,0.0,0.0,0.0,0.0,250,84,1,576,False,0.125,0,3,0,3,3,3,2,3,0
8257,0,2025-02-20T12:10:00Z,False,0,?,Minor,0.0,0.0,2.0,2.0,250,71,1,1493,False,0.125,0,13,0,3,3,4,2,3,0
8258,0,2025-02-20T05:00:00Z,False,0,?,Fatal,2.0,0.0,0.0,2.0,1241,1783,0,576,False,,0,0,10,0,0,6,0,0,1
8259,0,2025-02-19T18:00:00Z,False,0,?,?,0.0,0.0,0.0,0.0,250,118,1,576,False,,0,0,15,2,0,5,0,3,0
8260,0,2025-02-19T09:28:00Z,False,0,?,Fatal,2.0,0.0,0.0,2.0,250,238,1,680,True,0.125,0,13,0,2,3,1,2,3,1
8261,0,2025-02-19T02:48:00Z,False,0,?,?,?,?,?,?,896,1674,0,576,False,,0,0,10,0,0,3,0,0,0
8262,0,2025-02-18T17:30:00Z,False,0,?,?,0.0,0.0,0.0,0.0,250,40,1,1290,False,0.125,0,13,0,3,0,2,2,3,0
8263,0,2025-02-18T16:46:00Z,False,0,?,?,?,?,?,?,250,60,1,2193,False,0.125,0,13,0,3,0,5,2,3,0
8264,0,2025-02-17T23:15:00Z,False,0,?,Minor,0.0,0.0,1.0,1.0,544,553,1,26,False,0.125,0,15,0,3,3,4,2,3,0
8265,0,2025-02-17T16:03:00Z,False,0,?,?,0.0,0.0,0.0,0.0,434,1006,6,567,False,0.25,0,14,8,3,3,1,2,3,0
8266,0,2025-02-17T15:30:00Z,False,0,3/20/2025 0:00,?,0.0,0.0,0.0,0.0,250,87,1,735,False,0.125,5,15,0,1,3,6,1,2,0
8267,0,2025-02-17T14:20:00Z,False,0,?,?,0.0,0.0,0.0,0.0,947,1313,1,576,False,0.125,0,15,0,3,3,3,2,3,0
8268,0,2025-02-17T05:00:00Z,False,0,?,?,?,?,?,?,183,851,0,576,False,,0,0,4,0,0,5,0,0,0
8269,0,2025-02-16T23:47:00Z,False,0,?,?,0.0,0.0,0.0,0.0,250,72,1,1854,False,0.125,0,15,0,3,0,1,2,3,0
8270,0,2025-02-16T15:45:00Z,False,0,?,?,0.0,0.0,0.0,0.0,250,2048,1,576,False,0.125,0,16,0,3,3,3,2,3,0
8271,0,2025-02-16T14:15:00Z,False,0,?,?,0.0,0.0,0.0,0.0,250,40,1,576,False,0.125,0,15,0,3,3,3,2,3,0
8272,0,2025-02-16T13:39:00Z,False,0,?,Serious,0.0,1.0,0.0,1.0,391,480,1,1828,False,0.25,0,4,0,3,3,6,2,3,0
8273,0,2025-02-16T08:37:00Z,False,0,?,?,0.0,0.0,0.0,0.0,782,244,6,2629,False,0.25,0,3,0,3,3,6,2,3,0
8274,0,2025-02-16T00:00:00Z,False,0,?,Fatal,2.0,0.0,0.0,2.0,998,11,1,912,False,0.125,0,15,0,1,1,10,2,3,1
8275,0,2025-02-15T15:30:00Z,False,0,?,?,0.0,0.0,0.0,0.0,381,919,1,851,False,0.125,0,13,0,3,3,10,2,3,0
8276,0,2025-02-15T09:35:00Z,False,0,?,?,0.0,0.0,0.0,0.0,250,66,1,2605,False,0.125,0,13,0,3,3,11,2,3,0
8277,0,2025-02-14T19:40:00Z,False,0,?,Fatal,1.0,0.0,0.0,1.0,250,154,1,576,False,0.125,0,16,0,3,2,3,2,3,1
8278,1,2025-02-14T02:06:00Z,False,0,?,?,0.0,0.0,0.0,0.0,1088,1351,1,576,False,,0,0,0,2,0,11,0,3,0
8279,0,2025-02-13T11:50:00Z,False,0,?,?,?,?,?,?,47,997,6,876,False,0.125,0,22,0,2,0,10,2,3,0
8280,1,2025-02-13T10:36:00Z,False,0,?,Serious,0.0,1.0,0.0,1.0,179,416,0,576,False,,0,0,6,0,0,3,0,0,0
8281,0,2025-02-13T05:00:00Z,False,0,?,Serious,0.0,1.0,0.0,1.0,179,365,0,576,False,,0,0,4,0,0,3,2,0,0
8282,2,2025-02-12T05:00:00Z,False,0,?,?,?,?,?,?,421,1037,0,576,False,,0,0,6,0,0,1,0,0,0
8283,0,2025-02-11T12:10:00Z,False,0,?,?,0.0,0.0,0.0,0.0,739,448,1,475,False,0.125,0,15,0,3,3,1,2,3,0
8284,0,2025-02-11T07:35:00Z,False,0,?,?,0.0,0.0,0.0,0.0,829,2007,1,1337,True,0.125,0,15,0,4,3,5,2,3,0
8285,2,2025-02-11T05:00:00Z,False,0,?,?,?,?,?,?,179,356,0,576,False,,0,0,6,0,0,10,0,0,0
8286,0,2025-02-10T15:55:00Z,False,0,?,?,0.0,0.0,0.0,0.0,157,698,1,576,False,0.125,0,13,0,3,3,3,2,3,0
8287,0,2025-02-10T15:38:00Z,False,0,?,Fatal,1.0,3.0,1.0,4.0,509,236,1,2454,False,0.25,0,7,0,3,3,5,2,3,1
8288,0,2025-02-10T12:01:00Z,False,0,?,?,0.0,0.0,0.0,0.0,63,1737,1,1004,True,0.125,0,15,0,3,3,4,2,3,0
8289,0,2025-02-09T15:45:00Z,False,0,?,?,0.0,0.0,0.0,0.0,250,60,1,2755,False,0.125,0,13,0,3,3,5,2,3,0
8290,0,2025-02-09T13:20:00Z,False,0,?,Fatal,2.0,0.0,0.0,2.0,605,184,6,576,False,0.125,0,15,13,1,0,13,0,3,1
8291,0,2025-02-09T12:15:00Z,False,0,?,?,0.0,0.0,0.0,0.0,896,1603,1,1926,False,0.125,0,13,0,3,3,1,2,3,0
8292,0,2025-02-09T11:50:00Z,False,0,4/22/2025 0:00,?,0.0,0.0,0.0,0.0,250,110,1,674,False,0.125,5,15,0,3,3,9,1,2,0
8293,0,2025-02-09T10:45:00Z,False,0,?,Minor,0.0,0.0,1.0,1.0,250,28,1,192,False,0.125,0,15,0,3,3,1,2,3,0
8294,0,2025-02-09T09:21:00Z,False,0,?,?,?,?,?,?,250,60,0,576,False,,0,0,10,0,0,5,0,0,0
8295,0,2025-02-07T23:33:00Z,False,0,?,Minor,0.0,0.0,2.0,2.0,1255,2184,1,246,False,0.125,0,13,0,3,3,1,2,3,0
8296,1,2025-02-07T21:55:00Z,False,0,?,?,0.0,0.0,0.0,0.0,896,1660,1,576,False,0.125,0,15,13,2,0,3,0,3,0
8297,0,2025-02-07T17:30:00Z,False,0,?,Serious,0.0,1.0,2.0,3.0,659,961,1,576,False,0.125,0,0,13,1,0,6,0,3,0
8298,0,2025-02-07T17:30:00Z,False,0,?,Minor,0.0,0.0,1.0,1.0,994,1722,6,576,False,0.125,0,15,0,3,3,6,2,3,0
8299,0,2025-02-07T15:30:00Z,False,0,?,Minor,0.0,0.0,1.0,1.0,896,1659,1,576,False,0.125,0,1,13,3,3,6,0,3,0
8300,0,2025-02-07T14:30:00Z,False,0,?,Minor,0.0,0.0,1.0,1.0,896,1659,1,576,False,,0,1,13,3,0,6,0,3,0
8301,0,2025-02-07T08:20:00Z,False,0,?,Fatal,2.0,0.0,0.0,2.0,159,1078,1,576,False,,0,0,13,1,0,10,0,3,1
8302,0,2025-02-06T18:45:00Z,False,0,?,?,0.0,0.0,0.0,0.0,250,2040,1,1268,False,0.125,0,16,0,3,3,10,2,3,0
8303,0,2025-02-06T16:20:00Z,False,0,?,Fatal,10.0,0.0,0.0,10.0,1183,155,1,2160,False,0.125,0,0,8,1,3,3,2,3,1
8304,0,2025-02-06T16:00:00Z,False,0,3/13/2025 0:00,?,0.0,0.0,0.0,0.0,250,28,1,653,False,0.125,5,13,0,3,3,5,1,2,0
8305,0,2025-02-06T15:10:00Z,False,0,?,?,0.0,0.0,0.0,0.0,250,77,1,875,False,0.125,0,13,0,3,3,5,2,3,0
8306,1,2025-02-06T09:20:00Z,False,0,?,?,0.0,0.0,0.0,0.0,45,538,1,576,False,,0,0,12,2,0,4,0,3,0
8307,0,2025-02-06T03:20:00Z,False,0,?,Fatal,1.0,0.0,0.0,0.0,160,151,6,576,False,,0,0,12,1,0,6,0,3,1
8308,0,2025-02-05T19:48:00Z,False,0,?,Minor,0.0,0.0,1.0,1.0,157,320,1,576,False,0.25,0,6,0,3,1,3,2,3,0
8309,0,2025-02-05T17:26:00Z,False,0,?,Serious,0.0,1.0,0.0,1.0,270,1959,1,1422,False,0.125,0,15,0,3,0,3,2,3,0
8310,0,2025-02-05T14:00:00Z,False,0,?,Serious,0.0,1.0,0.0,1.0,850,1774,0,576,False,,0,0,10,0,0,13,2,0,0
8311,0,2025-02-05T11:15:00Z,False,0,?,?,0.0,0.0,0.0,0.0,179,424,1,2462,False,0.25,0,0,6,2,3,9,2,3,0
8312,0,2025-02-05T09:30:00Z,False,0,?,Fatal,1.0,0.0,0.0,1.0,160,142,0,576,False,,0,0,10,0,0,13,0,0,1
8313,0,2025-02-05T09:30:00Z,False,0,4/22/2025 0:00,?,0.0,0.0,0.0,0.0,250,60,1,1223,False,0.125,5,13,0,3,3,11,1,2,0
8314,2,2025-02-04T05:00:00Z,False,0,?,?,0.0,0.0,0.0,0.0,421,1037,0,576,False,,0,0,10,0,0,1,0,0,0
8315,0,2025-02-03T17:15:00Z,False,0,?,?,0.0,0.0,0.0,0.0,250,2116,0,576,False,,0,0,10,0,0,3,0,0,0
8316,0,2025-02-03T17:00:00Z,False,0,?,?,0.0,0.0,0.0,0.0,250,73,1,854,False,0.125,0,13,0,3,3,3,2,3,0
8317,0,2025-02-02T14:54:00Z,False,0,?,?,0.0,0.0,0.0,0.0,250,103,1,1988,False,0.125,0,15,0,3,3,2,2,3,0
8318,0,2025-02-02T14:00:00Z,False,0,?,?,0.0,0.0,0.0,0.0,250,73,1,2355,False,0.125,0,15,0,3,3,1,2,3,0
8319,0,2025-02-01T23:30:00Z,False,0,3/6/2025 0:00,?,0.0,0.0,0.0,0.0,52,823,1,576,False,0.125,5,15,0,3,3,3,1,2,0
8320,0,2025-02-01T19:50:00Z,False,0,?,Serious,?,?,?,?,183,849,0,576,False,,0,0,4,0,0,11,2,0,0
8321,0,2025-02-01T18:00:00Z,False,0,?,?,?,?,?,?,993,1725,0,576,False,,0,0,10,0,0,13,0,0,0
8322,0,2025-02-01T14:50:00Z,False,0,?,?,0.0,0.0,0.0,0.0,1013,1359,1,2410,False,0.125,0,15,0,1,3,11,2,3,0
8323,0,2025-02-01T14:00:00Z,False,0,?,?,0.0,0.0,0.0,0.0,429,582,1,816,False,0.125,0,15,0,3,0,0,2,3,0
8324,0,2025-02-01T14:00:00Z,False,0,?,Fatal,1.0,1.0,0.0,1.0,993,1725,6,576,False,0.125,0,3,15,3,0,10,0,3,1
8325,0,2025-02-01T10:30:00Z,False,0,4/22/2025 0:00,Serious,0.0,2.0,0.0,2.0,734,775,1,576,False,0.5,8,2,0,0,3,3,1,2,0
8326,0,2025-01-31T19:07:00Z,False,0,?,Fatal,7.0,4.0,20.0,6.0,723,313,1,2267,False,0.25,0,6,6,1,1,10,2,3,1
8327,0,2025-01-31T05:00:00Z,False,0,?,Serious,0.0,1.0,0.0,1.0,250,118,1,576,False,,0,0,13,1,0,6,0,3,0
8328,0,2025-01-30T16:30:00Z,False,0,4/22/2025 0:00,?,0.0,0.0,0.0,0.0,544,554,1,1412,False,0.125,5,15,0,3,3,11,1,2,0
8329,0,2025-01-30T11:34:00Z,False,0,?,?,?,?,?,?,101,1695,1,576,False,0.125,0,15,0,4,0,3,2,3,0
8330,0,2025-01-29T21:48:00Z,True,0,?,Fatal,67.0,0.0,0.0,67.0,183,2140,6,576,False,0.25,0,0,4,1,3,1,2,3,1
8331,0,2025-01-29T15:17:00Z,False,0,?,Serious,0.0,2.0,0.0,2.0,270,1960,1,2417,False,0.125,0,15,0,1,3,1,2,3,0
8332,0,2025-01-29T05:00:00Z,False,0,?,Fatal,3.0,0.0,0.0,3.0,250,314,0,576,False,,0,0,10,0,0,4,0,0,1
8333,0,2025-01-28T22:05:00Z,False,0,?,?,0.0,0.0,0.0,0.0,250,60,1,2383,False,0.125,0,13,0,3,0,5,2,3,0
8334,2,2025-01-28T05:00:00Z,False,0,?,?,?,?,?,?,179,356,0,576,False,,0,0,6,0,0,5,0,0,0
8335,1,2025-01-27T17:11:00Z,False,0,?,Minor,0.0,0.0,2.0,2.0,179,356,0,576,False,,0,0,12,0,0,3,0,0,0
8336,0,2025-01-27T16:43:00Z,False,0,2/27/2025 0:00,Minor,0.0,0.0,1.0,1.0,739,449,1,493,False,0.125,5,15,0,3,3,5,1,2,0
8337,0,2025-01-27T10:30:00Z,False,0,4/22/2025 0:00,?,0.0,0.0,0.0,0.0,250,77,1,598,False,0.125,5,13,0,3,3,1,1,2,0
8338,1,2025-01-27T05:00:00Z,False,0,?,?,0.0,0.0,0.0,0.0,179,356,0,576,False,,0,0,10,0,0,10,0,0,0
8339,0,2025-01-26T15:04:00Z,False,0,?,Fatal,2.0,2.0,0.0,4.0,250,97,0,576,False,,0,0,10,0,0,3,0,0,1
8340,1,2025-01-25T22:44:00Z,False,0,?,?,0.0,0.0,0.0,0.0,45,516,1,576,False,,0,0,12,0,0,3,0,3,0
8341,0,2025-01-25T13:35:00Z,False,0,?,Fatal,1.0,0.0,0.0,1.0,157,2147,1,847,False,0.125,0,15,0,1,3,3,2,3,1
8342,0,2025-01-25T13:00:00Z,False,0,?,?,0.0,0.0,0.0,0.0,250,60,1,576,False,,0,0,13,1,0,10,0,3,0
8343,0,2025-01-24T11:30:00Z,False,0,?,?,0.0,0.0,0.0,0.0,258,816,1,2761,True,0.125,0,15,0,3,3,5,2,3,0
8344,0,2025-01-24T01:31:00Z,False,0,?,Serious,0.0,1.0,15.0,16.0,179,425,1,576,False,0.25,0,0,4,0,0,3,2,3,0
8345,0,2025-01-23T16:15:00Z,False,0,?,Serious,0.0,2.0,0.0,2.0,250,69,1,2107,False,0.125,0,15,0,3,3,1,2,3,0
8346,0,2025-01-23T15:00:00Z,False,0,?,Fatal,1.0,0.0,0.0,1.0,250,118,1,576,False,0.125,0,1,12,3,0,6,0,3,1
8347,0,2025-01-22T23:50:00Z,False,0,3/20/2025 0:00,?,0.0,0.0,0.0,0.0,428,977,1,684,False,0.125,8,6,0,3,3,5,1,2,0
8348,1,2025-01-22T07:30:00Z,False,0,?,?,0.0,0.0,0.0,0.0,45,526,1,576,False,0.25,0,0,12,0,0,10,0,3,0
8349,0,2025-01-21T18:00:00Z,False,0,?,?,?,?,?,?,896,1648,0,576,False,,0,0,10,0,0,1,0,0,0
8350,1,2025-01-21T16:54:00Z,False,0,?,?,?,?,?,?,179,424,1,576,False,,0,0,4,2,0,8,0,3,0
8351,0,2025-01-21T14:45:00Z,False,0,?,Serious,0.0,1.0,0.0,1.0,894,1684,0,576,False,,0,0,10,0,0,1,0,0,0
8352,1,2025-01-20T22:00:00Z,False,0,?,?,?,?,?,?,182,728,0,576,False,,0,0,10,0,0,4,0,0,0
8353,0,2025-01-20T19:08:00Z,False,0,?,?,0.0,0.0,0.0,0.0,896,1666,1,576,False,0.25,0,15,13,3,0,10,0,3,0
8354,0,2025-01-20T13:50:00Z,False,0,3/6/2025 0:00,?,0.0,0.0,0.0,0.0,896,1603,1,2017,False,0.125,5,15,0,3,3,5,1,2,0
8355,0,2025-01-20T11:45:00Z,False,0,3/6/2025 0:00,?,0.0,0.0,0.0,0.0,963,1202,1,1999,False,0.25,6,15,0,3,3,1,1,2,0
8356,0,2025-01-20T09:30:00Z,False,0,4/22/2025 0:00,?,0.0,0.0,0.0,0.0,348,1207,1,2177,True,0.125,5,15,0,3,3,10,1,2,0
8357,0,2025-01-19T21:30:00Z,False,0,?,Fatal,3.0,0.0,0.0,3.0,165,267,6,576,False,0.125,0,0,15,1,0,3,0,3,1
8358,0,2025-01-19T15:10:00Z,False,0,?,Minor,0.0,0.0,1.0,1.0,808,1437,1,1398,False,0.125,0,15,0,3,3,10,2,3,0
8359,0,2025-01-19T05:00:00Z,False,0,?,Serious,0.0,1.0,1.0,2.0,956,1844,1,576,False,,0,0,13,3,0,3,0,3,0
8360,0,2025-01-18T13:10:00Z,False,0,?,?,0.0,0.0,0.0,0.0,250,1530,1,2274,False,0.125,0,13,0,3,3,1,2,3,0
8361,0,2025-01-17T19:30:00Z,False,0,?,?,0.0,0.0,0.0,0.0,541,1130,1,576,False,,0,0,13,3,0,3,0,3,0
8362,0,2025-01-17T05:35:00Z,False,0,4/22/2025 0:00,?,0.0,0.0,0.0,0.0,250,97,1,1982,False,0.125,5,6,0,3,3,1,1,2,0
8363,0,2025-01-16T20:06:00Z,False,0,2/21/2025 0:00,?,0.0,0.0,0.0,0.0,157,1488,1,2300,False,0.125,5,15,0,3,3,1,1,2,0
8364,0,2025-01-16T18:00:00Z,False,0,?,?,0.0,0.0,0.0,0.0,70,436,1,1280,False,0.125,0,13,0,3,3,13,2,3,0
8365,0,2025-01-16T17:54:00Z,False,0,4/22/2025 0:00,Serious,0.0,1.0,0.0,1.0,739,443,1,1942,False,0.125,5,15,0,3,3,4,1,2,0
8366,0,2025-01-16T16:30:00Z,False,0,?,Serious,0.0,1.0,1.0,2.0,896,1587,1,2760,False,0.125,0,9,0,3,3,1,2,3,0
8367,1,2025-01-16T01:42:00Z,False,0,?,?,?,?,?,?,179,394,0,576,False,,0,0,12,0,0,10,0,0,0
8368,0,2025-01-15T17:30:00Z,False,0,?,?,0.0,0.0,0.0,0.0,896,1587,1,2704,False,0.125,0,15,0,3,3,4,2,3,0
8369,0,2025-01-15T11:30:00Z,False,0,2/12/2025 0:00,?,0.0,0.0,0.0,0.0,1317,1973,1,576,True,0.125,5,15,0,3,3,3,1,2,0
8370,0,2025-01-14T20:15:00Z,False,0,4/22/2025 0:00,?,0.0,0.0,0.0,0.0,1097,2072,1,1452,False,0.125,8,15,0,3,3,5,1,2,0
8371,0,2025-01-14T19:30:00Z,False,0,?,?,0.0,0.0,0.0,0.0,898,1601,1,594,False,0.125,0,15,0,3,3,4,2,3,0
8372,0,2025-01-14T13:30:00Z,False,0,4/22/2025 0:00,?,0.0,0.0,0.0,0.0,160,144,6,576,False,0.125,9,1,9,1,3,6,1,2,0
8373,0,2025-01-14T09:45:00Z,False,0,?,?,0.0,0.0,0.0,0.0,39,655,1,576,False,,0,1,12,3,0,3,0,3,0
8374,0,2025-01-14T08:00:00Z,False,0,?,?,0.0,0.0,0.0,0.0,666,842,1,1406,True,0.125,0,15,0,3,3,3,2,3,0
8375,0,2025-01-14T07:22:00Z,False,0,?,Fatal,1.0,0.0,0.0,1.0,896,1587,1,576,False,0.125,0,15,0,4,1,3,2,3,1
8376,0,2025-01-13T01:30:00Z,False,0,?,Fatal,1.0,0.0,0.0,1.0,1190,1832,1,576,False,,0,0,13,1,0,6,0,3,1
8377,0,2025-01-12T15:42:00Z,False,0,?,?,0.0,0.0,0.0,0.0,250,278,1,1046,False,,0,0,13,2,0,5,0,3,0
8378,0,2025-01-12T15:30:00Z,False,0,?,Fatal,1.0,0.0,0.0,1.0,166,441,1,576,False,0.125,0,15,0,1,3,13,2,3,1
8379,0,2025-01-12T15:25:00Z,False,0,4/22/2025 0:00,?,0.0,0.0,0.0,0.0,896,1676,1,828,False,0.25,5,13,0,3,3,5,1,2,0
8380,0,2025-01-12T10:15:00Z,False,0,4/22/2025 0:00,?,0.0,0.0,0.0,0.0,283,1323,1,2173,False,0.125,5,15,0,3,3,1,1,2,0
8381,0,2025-01-11T10:00:00Z,False,0,?,?,0.0,0.0,0.0,0.0,1190,1832,1,576,False,,0,0,13,3,0,4,0,3,0
8382,0,2025-01-10T17:50:00Z,False,0,?,?,0.0,0.0,0.0,0.0,896,1599,1,194,False,0.125,0,13,0,3,3,5,2,3,0
8383,0,2025-01-10T13:55:00Z,False,0,?,?,?,?,?,?,896,1618,1,1167,False,0.25,0,0,8,3,3,11,2,3,0
8384,0,2025-01-10T05:00:00Z,False,0,?,?,?,?,?,?,179,413,0,576,False,,0,0,4,0,0,5,2,0,0
8385,0,2025-01-10T05:00:00Z,False,0,?,Serious,0.0,1.0,6.0,7.0,179,402,0,576,False,,0,0,4,0,0,10,2,0,0
8386,0,2025-01-10T05:00:00Z,False,0,?,Fatal,3.0,1.0,2.0,3.0,250,60,0,576,False,,0,0,13,0,0,3,0,0,1
8387,0,2025-01-09T16:56:00Z,False,0,?,?,0.0,0.0,0.0,0.0,179,356,0,576,False,,0,0,10,0,0,11,0,0,0
8388,0,2025-01-09T16:30:00Z,False,0,4/22/2025 0:00,?,0.0,0.0,0.0,0.0,250,72,1,1875,False,0.125,5,13,0,3,3,5,1,2,0
8389,1,2025-01-09T13:38:00Z,False,0,4/22/2025 0:00,?,0.0,0.0,0.0,0.0,223,847,10,2779,False,0.5,8,22,14,2,3,13,1,2,0
8390,0,2025-01-09T11:15:00Z,False,0,?,Fatal,1.0,4.0,0.0,5.0,250,308,0,576,False,,0,0,15,0,0,5,0,0,1
8391,0,2025-01-08T23:36:00Z,False,0,?,Fatal,?,?,?,?,250,261,0,576,False,,0,0,15,0,0,3,0,0,1
8392,0,2025-01-08T18:40:00Z,False,0,?,Minor,0.0,0.0,1.0,1.0,250,118,0,576,False,,0,1,12,0,0,6,0,0,0
8393,0,2025-01-08T14:00:00Z,False,0,3/6/2025 0:00,Minor,0.0,0.0,1.0,1.0,250,105,1,42,False,0.125,5,15,0,3,3,9,1,2,0
8394,0,2025-01-08T14:00:00Z,False,0,2/21/2025 0:00,Serious,0.0,1.0,1.0,2.0,996,1727,6,1837,False,0.125,5,15,0,3,3,11,1,2,0
8395,0,2025-01-08T02:40:00Z,False,0,?,Serious,?,?,?,?,179,424,0,576,False,,0,0,6,0,0,1,2,0,0
8396,0,2025-01-07T19:45:00Z,False,0,?,?,0.0,0.0,0.0,0.0,269,1959,1,2429,False,0.125,0,0,13,3,0,1,0,3,0
8397,0,2025-01-06T15:30:00Z,False,0,4/22/2025 0:00,?,0.0,0.0,0.0,0.0,896,1570,1,576,False,0.125,5,19,14,3,3,10,1,2,0
8398,0,2025-01-06T08:58:00Z,False,0,4/22/2025 0:00,?,?,?,?,?,250,35,1,1582,False,0.125,5,13,0,3,3,4,1,2,0
8399,0,2025-01-05T18:00:00Z,False,0,?,?,0.0,0.0,0.0,0.0,585,1214,1,1969,False,0.125,0,16,0,3,3,5,2,3,0
8400,0,2025-01-05T16:26:00Z,False,0,?,?,0.0,0.0,0.0,0.0,593,2170,1,2175,True,0.125,0,15,0,4,3,5,2,3,0
8401,0,2025-01-05T14:20:00Z,False,0,?,?,0.0,0.0,0.0,0.0,1097,2068,1,1121,False,0.125,0,0,13,2,0,11,0,3,0
8402,0,2025-01-04T10:43:00Z,False,0,?,?,0.0,0.0,0.0,0.0,250,37,1,2652,False,0.125,0,13,0,3,3,5,2,3,0
8403,0,2025-01-04T00:38:00Z,False,0,?,?,0.0,0.0,0.0,0.0,270,1896,1,2556,False,0.125,0,15,0,3,3,5,2,3,0
8404,0,2025-01-03T18:51:00Z,False,0,?,?,0.0,0.0,0.0,0.0,518,1142,1,604,False,0.125,0,0,8,3,3,11,2,3,0
8405,0,2025-01-03T11:40:00Z,False,0,2/21/2025 0:00,Minor,0.0,0.0,2.0,2.0,270,1960,1,1154,False,0.125,5,15,0,1,3,10,1,2,0
8406,0,2025-01-02T19:54:00Z,False,0,2/21/2025 0:00,?,0.0,0.0,0.0,0.0,183,849,1,1290,False,0.25,6,0,8,3,3,3,1,2,0
8407,0,2025-01-02T15:09:00Z,False,0,?,Fatal,2.0,8.0,11.0,2.0,1259,1764,1,1242,True,0.125,0,15,0,3,3,1,2,3,1
8408,0,2025-01-02T13:30:00Z,False,0,?,Fatal,1.0,0.0,0.0,1.0,896,1622,1,576,False,0.125,0,15,0,3,3,3,2,3,1
8409,0,2025-01-02T11:15:00Z,False,0,?,Serious,0.0,1.0,0.0,1.0,896,1648,1,576,False,,0,0,13,3,0,5,0,3,0
8410,0,2025-01-01T02:20:00Z,False,0,?,?,0.0,0.0,0.0,0.0,157,536,1,649,False,0.125,0,15,0,3,1,10,2,3,0
