"NtsbNo","EventType","Mkey","EventDate","City","State","Country","ReportNo","N#","SerialNumber","HasSafetyRec","Mode","ReportType","OriginalPublishedDate","DocketOriginalPublishedDate","HighestInjuryLevel","FatalInjuryCount","SeriousInjuryCount","MinorInjuryCount","OnboardInjuryCount","OnGroundInjuryCount","ProbableCause","Findings","EventID","Latitude","Longitude ","Make","Model","AirCraftCategory","AirportID","AirportName","AmateurBuilt","NumberOfEngines","EngineType","Scheduled","PurposeOfFlight","FAR","AirCraftDamage","WeatherCondition","Operator","BroadPhaseofFlight","ReportStatus","RepGenFlag","MostRecentReportType","DocketUrl","ReportUrl"
"CEN25LA162","ACC","200057","2025-04-22T13:25:00Z","Fayetteville","Arkansas","United States",,"N4795C",,"false","Aviation","",,,"None","0","0","0","0","0",,,,,,"CESSNA","T210N",,,,"false",,,,,,,,,"Initial Climb","In work",,,"",""
"ENG25WA030","INC","200056","2025-04-22T04:00:00Z","Budapest",,"Hungary",,"SP-RZUb",,"false","Aviation","",,,"None","0","0","0","0",,,,,,,"BOEING","737",,,,"false",,,,,,,,,"Takeoff","N/A",,,"","None"
"DCA25LA190","ACC","200055","2025-04-20T04:00:00Z","Tulsa","Oklahoma","United States",,"N461WN",,"false","Aviation","",,,"None","0","0","0","0",,,,,,,"BOEING","737-7H4",,,,"false",,,"SCHD",,"121",,,"SOUTHWEST AIRLINES CO","Enroute","In work",,,"",""
"WPR25LA138","ACC","200048","2025-04-19T11:42:00Z","Hood River","Oregon","United States",,"N5786S","115","false","Aviation","",,,"None","0","0","0","0",,,,,"45.674118","-121.52271","SCHWEIZER","SGS 2-33A","GLI","4S2","KEN JERNSTEDT AIRFIELD","false","0",,,"INST","091","Substantial","VMC","HOOD RIVER SOARING INC","Approach","In work",,"Prelim","","https://data.ntsb.gov/carol-repgen/api/Aviation/ReportMain/GenerateNewestReport/200048/pdf"
"WPR25LA136","ACC","200044","2025-04-19T11:06:00Z","Phoenix","Arizona","United States",,"N321WC",,"false","Aviation","",,,"None","0","0","0","0",,,,,,,"CHAPIN WALLACE HADLEY","SENIOR AERO SPORT",,,,"false",,,,,,,,,"Approach","In work",,,"",""
"ERA25FA179","ACC","200037","2025-04-19T10:16:00Z","Trilla","Illinois","United States",,"N4679U",,"false","Aviation","",,,"Fatal","4","0","0","4","0",,,,,,"CESSNA","180",,,,"false",,,,,"091",,"IMC",,"Uncontrolled Descent","In work",,,"",""
"WPR25LA140","ACC","200050","2025-04-19T09:50:00Z","Placerville","California","United States",,"N6682S","15067482","false","Aviation","",,,"None","0","0","0","0",,,,,"38.725591999999999","-120.74894999999999","CESSNA","150","AIR","PVF","PLACERVILLE","false","1",,,"PERS","091","Substantial","VMC",,"Landing","In work",,"Prelim","","https://data.ntsb.gov/carol-repgen/api/Aviation/ReportMain/GenerateNewestReport/200050/pdf"
"WPR25LA141","ACC","200051","2025-04-18T12:10:00Z","Placerville","California","United States",,"N1286B","5913","false","Aviation","",,,"None","0","0","0","0",,,,,"38.799660000000003","-120.73742","LUSCOMBE","8","AIR","01CL","SWANSBORO COUNTRY","false","1",,,"PERS","091","Substantial",,,"Landing","In work",,"Prelim","","https://data.ntsb.gov/carol-repgen/api/Aviation/ReportMain/GenerateNewestReport/200051/pdf"
"CEN25LA160","ACC","200039","2025-04-18T10:47:00Z","Danevang","Texas","United States",,"N5416",,"false","Aviation","",,,,,,,,,,,,,,"GRUMMAN","G164",,,,"false",,,,"AAPL","137",,"VMC","NELSON FLYERS INC","Maneuvering","In work",,,"",""
"WPR25LA142","ACC","200053","2025-04-15T02:35:00Z","West Jordan","Utah","United States",,"N15984",,"false","Aviation","",,,"None","0","0","0","0",,,,,,,"PIPER","PA28",,,,"false",,,,"INST",,,,,"Takeoff","In work",,,"",""
"WPR25LA134","ACC","200020","2025-04-14T18:00:00Z","Amboy","Washington","United States",,"N16671",,"false","Aviation","",,,,,,,,,,,,,,"BELL","206B",,,,"false",,,,,,,,"SARKINEN PLUMBING INC","Enroute","In work",,,"",""
"DCA25WA191","ACC","200059","2025-04-14T15:35:00Z","El-Oued",,"Algeria",,"7T-VKK",,"false","Aviation","",,,"Serious","0","1","2","3",,,,,,,"BOEING","737",,,,"false",,,,,,,,"Air Algerie","Enroute","N/A",,,"","None"
"WPR25LA130","ACC","200015","2025-04-14T10:03:00Z","Elko","Nevada","United States",,"N9088G",,"false","Aviation","",,,"Serious","0","1","0","1",,,,,,,"REPPERT MERLYN R","HURRICANE HP",,,,"false",,,,"PERS","091",,"VMC",,"Landing","In work",,,"",""
"ERA25LA182","ACC","200046","2025-04-13T18:40:00Z","Elmore","Alabama","United States",,"N744RA","AA2A0122","false","Aviation","",,,"Minor","0","0","1","1",,,,,"32.518560000000001","-86.28604","ROBB AVIATION LLC","AVENTURA II","AIR","NA",,"true","1",,,"PERS","091","Substantial","VMC",,"Landing","In work",,"Prelim","","https://data.ntsb.gov/carol-repgen/api/Aviation/ReportMain/GenerateNewestReport/200046/pdf"
"ERA25LA180","ACC","200042","2025-04-13T16:40:00Z","Punta Gorda","Florida","United States",,"N815B",,"false","Aviation","",,,"None","0","0","0","0",,,,,,,"LUSCOMBE","8F",,,,"false",,,,,,,,,"Landing","In work",,,"",""
"WPR25LA131","ACC","200016","2025-04-13T13:42:00Z","Green Valley","Arizona","United States",,"N3797W","32-725","false","Aviation","",,,"None","0","0","0","0",,,,,"31.903151000000001","-111.07858","PIPER","PA-32-260","AIR",,,"false","1",,,"PERS","091","Substantial","VMC",,"Enroute","In work",,"Prelim","","https://data.ntsb.gov/carol-repgen/api/Aviation/ReportMain/GenerateNewestReport/200016/pdf"
"ERA25LA176","ACC","200009","2025-04-13T12:00:00Z","Kingston","Ohio","United States",,"N6653F","15063253","false","Aviation","",,,"Serious","0","2","0","2","0",,,,"39.485619999999997","-82.814139999999995","CESSNA","150","AIR",,,"false","1",,,"PERS","091","Substantial","VMC",,"Approach","In work",,"Prelim","","https://data.ntsb.gov/carol-repgen/api/Aviation/ReportMain/GenerateNewestReport/200009/pdf"
"WPR25LA133","ACC","200018","2025-04-13T04:00:00Z","Erie","Nevada","United States",,"N182VE",,"false","Aviation","",,,,,,,,,,,,,,"CESSNA","182L",,,,"false",,,,,,,,,"Enroute","In work",,,"",""
"WPR25MA128","ACC","200005","2025-04-12T12:06:00Z","Copake","New York","United States",,"N635TA",,"false","Aviation","",,,"Fatal","6","0","0","6",,,,,,,"MITSUBISHI","MU-2B-40",,,,"false",,,,"PERS","091",,,"DYNAMIC SPINE SOLUTIONS LLC","Enroute","In work",,,"",""
"ANC25LA034","ACC","200007","2025-04-12T12:00:00Z","Girdwood","Alaska","United States",,"N916GG","52236","false","Aviation","",,,"Minor","0","0","2","2",,,,,"60.967826000000002","-149.12065999999999","CESSNA","182B","AIR","AQY","Girdwood","false","1",,,"PERS","091","Substantial","VMC",,"Landing","In work",,"Prelim","","https://data.ntsb.gov/carol-repgen/api/Aviation/ReportMain/GenerateNewestReport/200007/pdf"
"CEN25LA155","ACC","200013","2025-04-11T19:20:00Z","Brady","Texas","United States",,"UNREG",,"false","Aviation","",,,"Serious","0","1","0","1",,,,,,,"QUICKSILVER","MX II",,,,"false",,,,,"091",,,,"Maneuvering","In work",,,"",""
"WPR25FA127","ACC","200002","2025-04-11T19:06:00Z","Justin","Texas","United States",,"N121DF",,"false","Aviation","",,,"Fatal","1","0","0","1",,,,,,,"FREEMAN DARCY L","SABERWING",,,,"false",,,,,,,,,"Approach","In work",,,"",""
"GAA25WA143","ACC","200047","2025-04-11T15:11:00Z","Fes",,"Morocco",,"CN-TKC",,"false","Aviation","",,,"Minor","0","0","3","3",,,,,,,"HAWKER","800XPi",,,,"false",,,,,,,,,"Landing","N/A",,,"",""
"WPR25FA126","ACC","200001","2025-04-11T14:02:00Z","Delano","Tennessee","United States",,"N7026V",,"false","Aviation","",,,"Fatal","3","0","0","3",,,,,,,"MOONEY","M20F",,,,"false",,,,"PERS","091",,,"CLEAR AYR LLC","Enroute","In work",,,"",""
"ERA25FA173","ACC","199995","2025-04-11T10:30:00Z","Boca Raton","Florida","United States",,"N8930N",,"false","Aviation","",,,"Fatal","3","0","0","3",,,,,,,"CESSNA","310R",,,,"false",,,,"PERS","091",,,,"Takeoff","In work",,,"",""
"WPR25LA125","ACC","199996","2025-04-10T20:03:00Z","Idaho Falls","Idaho","United States",,"N190CG",,"false","Aviation","",,,,,,,,,,,,,,"CESSNA","190",,,,"false",,,,,,,,,"Landing","In work",,,"",""
"GAA25WA137","ACC","200010","2025-04-10T16:30:00Z","Cabo San Lucas",,"Mexico",,"N1948Z",,"false","Aviation","",,,"Serious","0","1","0","1","0",,,,,,"GULFSTREAM AEROSPACE","G-V",,,,"false",,,,"BUS","135",,"VMC","Talon Air","Landing","N/A",,,"","None"
"ERA25MA171","ACC","199991","2025-04-10T15:15:00Z","Jersey City","New Jersey","United States",,"N216MH",,"false","Aviation","",,,"Fatal","6","0","0","6","0",,,,,,"BELL","206L-4",,,,"false",,,"NSCH","AOBV","091",,"VMC",,"Enroute","In work",,,"",""
"WPR25LA132","ACC","200017","2025-04-10T14:43:00Z","Oakland","California","United States",,"N7779K","18052728","false","Aviation","",,,"None","0","0","0","0",,,,,"37.721299999999999","-122.22069999999999","CESSNA","180J","AIR","OAK","SAN FRANCISCO BAY OAKLAND INTL","false","1",,,"PERS","091","Substantial","VMC","SEVENTY SIX JULIET LLC","Takeoff","In work",,"Prelim","","https://data.ntsb.gov/carol-repgen/api/Aviation/ReportMain/GenerateNewestReport/200017/pdf"
"CEN25FA151","ACC","199989","2025-04-10T09:04:00Z","Cape Fair","Missouri","United States",,"N83952","7AC-2637","false","Aviation","",,,"Fatal","1","1","0","2",,,,,"36.732275999999999","-93.573733000000004","AERONCA","7AC","AIR",,,"false","1",,,"PERS","091","Substantial","VMC",,"Maneuvering","In work",,"Prelim","","https://data.ntsb.gov/carol-repgen/api/Aviation/ReportMain/GenerateNewestReport/199989/pdf"
"WPR25LA129","ACC","200008","2025-04-10T04:00:00Z","Casa Grande","Arizona","United States",,"N1371D",,"false","Aviation","",,,,,,,,,,,,,,"CESSNA","170A",,,,"false",,,,,,,,,"Landing","In work",,,"",""
"ERA25LA169","ACC","199984","2025-04-09T15:07:00Z","Fredericksburg","Virginia","United States",,"N2Z",,"false","Aviation","",,,"Serious","0","1","1","2","0",,,,,,"BEECH","A36",,,,"false",,,,,,,,"TWO ZULU LLC","Enroute","In work",,,"",""
"CEN25LA152","ACC","199990","2025-04-09T11:45:00Z","Jeanerette","Louisiana","United States",,"N941KW",,"false","Aviation","",,,"Serious","0","1","0","1","0",,,,,,"WATERS KENNETH R","CORBEN JUNIOR ACE",,,,"false",,,,,,,,,"Landing","In work",,,"",""
"ANC25LA033","ACC","200006","2025-04-09T10:30:00Z","Bethel","Alaska","United States",,"N57617","18-7709125","false","Aviation","",,,"None","0","0","0","0",,,,,"60.801349999999999","-161.82300000000001","PIPER","PA-18-150","AIR",,,"false","1",,,"OWRK","091","Substantial","VMC",,"Takeoff","In work",,"Prelim","","https://data.ntsb.gov/carol-repgen/api/Aviation/ReportMain/GenerateNewestReport/200006/pdf"
"CEN25FA148","ACC","199980","2025-04-08T14:59:00Z","Haskell","Oklahoma","United States",,"N5RR","326","false","Aviation","",,,"Fatal","1","0","0","1","0",,,,"35.833362999999999","-95.662653000000006","ANUSIEWICZ","CASSUTT III M","AIR",,,"true","1",,,"PERS","091","Substantial","VMC",,"Approach","In work",,"Prelim","","https://data.ntsb.gov/carol-repgen/api/Aviation/ReportMain/GenerateNewestReport/199980/pdf"
"WPR25LA135","ACC","200022","2025-04-08T14:55:00Z","Douglas","Arizona","United States",,"N443VA","043","false","Aviation","",,,"None","0","0","0","0","0",,,,"31.478424","-109.60035999999999","MARTIN UAV","VBAT","UNMANNED","DUG","BISBEE DOUGLAS INTL","false","1",,,"FLTS","091","Substantial","VMC","NORTHROP GRUMMAN","Enroute","In work",,"Prelim","","https://data.ntsb.gov/carol-repgen/api/Aviation/ReportMain/GenerateNewestReport/200022/pdf"
"CEN25LA149","ACC","199982","2025-04-08T13:08:00Z","Platteville","Wisconsin","United States",,"N568RD","30-15-03","false","Aviation","",,,"Serious","0","1","0","1","0",,,,"42.685220000000001","-90.454583999999997","PPHU EKOLOT","KR-030 TOPAZ","AIR","PVB",,"false","1",,,"PERS","091","Substantial","VMC",,"Approach","In work",,"Prelim","","https://data.ntsb.gov/carol-repgen/api/Aviation/ReportMain/GenerateNewestReport/199982/pdf"
"CEN25LA147","ACC","199978","2025-04-08T08:54:00Z","Zeeland","Michigan","United States",,"N6561F",,"false","Aviation","",,,"None","0","0","0","0","0",,,,,,"CESSNA","150F",,,,"false",,,,"INST","091",,,,"Approach","In work",,,"",""
"CEN25LA153","ACC","200011","2025-04-07T14:30:00Z","Wausau","Wisconsin","United States",,"N1526F","1850869","false","Aviation","",,,"None","0","0","0","0","0",,,,"44.924416999999998","-89.622609999999995","CESSNA","185","AIR","AUW","WAUSAU DOWNTOWN","false","1",,,"PERS","091","Substantial","VMC","KEMPER KARL R","Landing","In work",,"Prelim","","https://data.ntsb.gov/carol-repgen/api/Aviation/ReportMain/GenerateNewestReport/200011/pdf"
"CEN25LA146","ACC","199973","2025-04-07T09:03:00Z","Ault","Colorado","United States",,"N8282V","28-8116060","false","Aviation","",,,"None","0","0","0","0","0",,,,"40.724857","-104.61811","PIPER","PA-28-161","AIR",,,"false","1",,,"INST","091","Substantial","VMC",,"Approach","In work",,"Prelim","","https://data.ntsb.gov/carol-repgen/api/Aviation/ReportMain/GenerateNewestReport/199973/pdf"
"WPR25LA124","ACC","199972","2025-04-07T06:05:00Z","North Bend","Oregon","United States",,"N826E",,"false","Aviation","",,,"Serious","0","1","4","5",,,,,,,"HONDA AIRCRAFT CO LLC","HA-420",,,,"false",,,,"UNK","091",,"Unknown","ANDY LEAVITT ENTERPRISES LLC","Landing","In work",,,"",""
"CEN25LA150","ACC","199986","2025-04-06T17:00:00Z","Fairbury","Nebraska","United States",,"N9926C","S-30","false","Aviation","",,,"None","0","0","0","0","0",,,,"40.181899999999999","-97.1678","SILVAIRE","8F","AIR","FBY",,"false","1",,,"INST","091","Substantial",,,"Landing","In work",,"Prelim","","https://data.ntsb.gov/carol-repgen/api/Aviation/ReportMain/GenerateNewestReport/199986/pdf"
"DCA25WA177","INC","199967","2025-04-06T04:00:00Z","Bay of Biscay",,"France",,"OY-JZK",,"false","Aviation","",,,,,,,,,,,,,,"BOEING","737-800",,,,"false",,,,,,,,,"Enroute","N/A",,,"","None"
"DCA25WA182","INC","200021","2025-04-05T20:00:00Z","Cairo",,"Egypt",,"SU-GEK",,"false","Aviation","",,,,,,,,,,,,,,"BOEING","737",,,,"false",,,,,"129",,,"EgyptAir","Approach","N/A",,,"","None"
"ERA25LA168","ACC","199977","2025-04-04T14:17:00Z","Vero Beach","Florida","United States",,"N333SE","34-7350091","false","Aviation","",,,"None","0","0","0","0","0",,,,"27.653517000000001","-80.415495000000007","PIPER","PA-34-200","AIR","VRB","Vero Beach Regional Airport","false","2",,,"INST","091","Substantial","VMC","PARIS AIR INC","Landing","In work",,"Prelim","","https://data.ntsb.gov/carol-repgen/api/Aviation/ReportMain/GenerateNewestReport/199977/pdf"
"ERA25LA166","ACC","199960","2025-04-03T12:22:00Z","Sanford","Florida","United States",,"N1910M","18264475","false","Aviation","",,,"Minor","0","0","1","1",,,,,"28.781181","-81.252381999999997","CESSNA","182","AIR","SFB","ORLANDO SANFORD INTL","false","1",,,"PERS","091","Substantial","VMC",,"Enroute","In work",,"Prelim","","https://data.ntsb.gov/carol-repgen/api/Aviation/ReportMain/GenerateNewestReport/199960/pdf"
"CEN25FA144","ACC","199955","2025-04-02T20:30:00Z","Raceland","Louisiana","United States",,"N1574P","21061258","false","Aviation","",,,"Fatal","2","0","0","2","0",,,,"29.701865000000002","-90.651850999999994","CESSNA","210L","AIR","HUM","HOUMA-TERREBONNE","false","1",,,"INST","091","Destroyed","IMC","SOUTHERN SEAPLANE INC","Approach","In work",,"Prelim","","https://data.ntsb.gov/carol-repgen/api/Aviation/ReportMain/GenerateNewestReport/199955/pdf"
"GAA25WA133","ACC","199976","2025-04-02T07:30:00Z","Rondonopolis",,"Brazil",,"PP-PSO","3232037","false","Aviation","",,,"Fatal","1","0","0","1",,,,,"-16.483889000000001","-54.770277999999998","PIPER","PA32","AIR","SDWC","Agropastori Bom Pastor Aerodrome","false","1",,,,"NUSN","Destroyed",,,"Approach","N/A",,"Prelim","","None"
"DCA25WA181","INC","200019","2025-04-02T04:00:00Z","Mexico City",,"Mexico",,"XA-MFO",,"false","Aviation","",,,,,,,,,,,,,,"BOEING","737",,,,"false",,,,,,,,,"Landing","N/A",,,"","None"
"ERA25LA164","ACC","199950","2025-04-01T20:00:00Z","Hickory","North Carolina","United States",,"N79514",,"false","Aviation","",,,"Serious","0","1","0","1",,,,,,,"CESSNA","172N",,,,"false",,,,"INST","091",,"VMC",,"Approach","In work",,,"",""
"ERA25FA163","ACC","199949","2025-04-01T17:04:00Z","Uhrichsville","Ohio","United States",,"N8242Q",,"false","Aviation","",,,"Fatal","1","0","0","1","0",,,,,,"CESSNA","310Q",,,,"false",,,,"PERS","091",,"VMC",,"Approach","In work",,,"",""
"ERA25LA161","ACC","199945","2025-04-01T09:30:00Z","Martinsville","Virginia","United States",,"N84065","7AC-2752","false","Aviation","",,,"Minor","0","0","1","1",,,,,"36.635849999999998","-80.029944999999998","AERONCA","7AC","AIR","MTV","BLUE RIDGE","false","1",,,"PERS","091","Substantial","VMC",,"Takeoff","In work",,"Prelim","","https://data.ntsb.gov/carol-repgen/api/Aviation/ReportMain/GenerateNewestReport/199945/pdf"
"GAA25WA132","ACC","199970","2025-04-01T04:00:00Z","Bergen",,"Norway",,"LN-SDB",,"false","Aviation","",,,"Fatal","2","0","0","2",,,,,,,"CHAMPION","8KCAB",,,,"false",,,,,,,,,"Unknown","N/A",,,"","None"
"ERA25FA158","ACC","199937","2025-03-30T10:34:00Z","Franklin Township","New Jersey","United States",,"N319TM","9993","false","Aviation","",,,"Fatal","1","0","0","1","0",,,,"40.472693","-74.539323999999993","CIRRUS DESIGN CORP","SR22","AIR",,,"false","1",,,"PERS","091","Substantial","IMC","Elite Flight Experience","Initial Climb","In work",,"Prelim","","https://data.ntsb.gov/carol-repgen/api/Aviation/ReportMain/GenerateNewestReport/199937/pdf"
"GAA25WA135","ACC","199993","2025-03-29T17:03:00Z","9 de Julio","Other Foreign","Argentina",,"LV-CDK","150689487","false","Aviation","",,,"None","0","0","0","0",,,,,"-35.418081000000001","-60.859608999999999","CESSNA","150","AIR","SAZX","Nueve De Julio","false","1",,,"INST","NUSN","Substantial",,,"Approach","N/A",,"Prelim","","None"
"CEN25FA141","ACC","199935","2025-03-29T12:21:00Z","Brooklyn Park","Minnesota","United States",,"N721MB","91","false","Aviation","",,,"Fatal","1","0","0","1","0",,,,"45.149816999999999","-93.336188000000007","SOCATA","TBM700A","AIR","ANE",,"false","1",,,"PERS","091","Destroyed","IMC","DGW Enterprises LLC","Approach","In work",,"Prelim","","https://data.ntsb.gov/carol-repgen/api/Aviation/ReportMain/GenerateNewestReport/199935/pdf"
"WPR25LA123","ACC","199940","2025-03-29T10:23:00Z","Marana","Arizona","United States",,"N70265","BDU-155","false","Aviation","",,,"None","0","0","0","0",,,,,"32.410179999999997","-111.22020000000001","PARK RODERIC B","KITFOX IV","AIR",,,"false","1",,,"PERS","091","Substantial",,"CHRISTENSEN KRISTOPHER E","Landing","In work",,"Prelim","","https://data.ntsb.gov/carol-repgen/api/Aviation/ReportMain/GenerateNewestReport/199940/pdf"
"ANC25LA029","ACC","199938","2025-03-29T09:10:00Z","Manley Hot Springs","Alaska","United States",,"N733KV","17268360","false","Aviation","",,,"None","0","0","0","0",,,,,"64.997086999999993","-150.64331999999999","CESSNA","172N","AIR","MLY","MANLEY HOT SPRINGS","false","1",,,"INST","091","Substantial","VMC","Proflite of Alaska, LLC","Landing","In work",,"Prelim","","https://data.ntsb.gov/carol-repgen/api/Aviation/ReportMain/GenerateNewestReport/199938/pdf"
"ERA25LA160","ACC","199943","2025-03-28T18:05:00Z","Chuluota","Florida","United States",,"N8318A",,"false","Aviation","",,,"Minor","0","0","1","1","0",,,,,,"DAVID M LEBLANC","162F",,,,"false",,,,"PERS","091",,"VMC",,"Takeoff","In work",,,"",""
"GAA25WA127","ACC","199939","2025-03-28T11:13:00Z","Antanhol",,"Portugal",,"CS-EBF",,"false","Aviation","",,,,,,,,,,,,,,"CESSNA","152",,,,"false",,,,,,,,,"Initial Climb","N/A",,,"",""
"ERA25LA162","ACC","199947","2025-03-28T08:45:00Z","Bennettsville","South Carolina","United States",,"N8EV","80568","false","Aviation","",,,"Serious","0","1","0","1",,,,,"34.621709000000003","-79.734358999999998","RUYS NICHOLAS G","RV-8","AIR","BBP","Marlboro County Jetport","false","1",,,"PERS","091","Substantial","VMC",,"Enroute","In work",,"Prelim","","https://data.ntsb.gov/carol-repgen/api/Aviation/ReportMain/GenerateNewestReport/199947/pdf"
"CEN25LA140","ACC","199933","2025-03-28T07:30:00Z","Cash","Arkansas","United States",,"N41687","802A-0309","false","Aviation","",,,"None","0","0","0","0",,,,,"35.791977000000003","-90.935896","AIR TRACTOR INC","AT-802A","AIR",,,"false","1",,,"AAPL","137","Substantial",,"Over The Top Aviation Inc","Maneuvering","In work",,"Prelim","","https://data.ntsb.gov/carol-repgen/api/Aviation/ReportMain/GenerateNewestReport/199933/pdf"
"ERA25LA159","ACC","199941","2025-03-27T12:40:00Z","New Port Richey","Florida","United States",,"N28790","1551","false","Aviation","",,,"None","0","0","0","0","0",,,,"28.214247","-82.726847000000006","SILVAIRE","LUSCOMBE 8A","AIR",,,"false","1",,,"PERS","091","Substantial",,,"Enroute","In work",,"Prelim","","https://data.ntsb.gov/carol-repgen/api/Aviation/ReportMain/GenerateNewestReport/199941/pdf"
"ANC25LA028","ACC","199932","2025-03-27T12:00:00Z","Royal Kunia","Hawaii","United States",,"N261FC","28-24697","false","Aviation","",,,"Minor","0","0","2","2",,,,,"21.412103999999999","-158.03393","PIPER","PA-28-140","AIR","NONE",,"false","1",,,"INST","091","Substantial","VMC",,"Maneuvering","In work",,"Prelim","","https://data.ntsb.gov/carol-repgen/api/Aviation/ReportMain/GenerateNewestReport/199932/pdf"
"DCA25LA173","ACC","199959","2025-03-27T12:00:00Z","Claveria","Other Foreign","Philippines",,"N27958",,"false","Aviation","",,,"Serious","0","1","4","5","0",,,,,,"BOEING","787-9",,,,"false",,,"SCHD",,"121",,,"UNITED AIRLINES INC","Enroute","In work",,,"",""
"CEN25LA138","ACC","199928","2025-03-27T04:00:00Z","Rifle","Colorado","United States",,"N9310B",,"false","Aviation","",,,,"0","0","0","0",,,,,,,"CESSNA","175",,,,"false",,,,"PERS","091",,,,"Standing","In work",,,"",""
"WPR25LA119","ACC","199920","2025-03-26T11:50:00Z","San Carlos","California","United States",,"N180ZR","31662","false","Aviation","",,,"None","0","0","0","0","0",,,,"37.512594","-122.25032","CESSNA","180","AIR","SQL","SAN CARLOS","false","1",,,"INST","091","Substantial","VMC",,"Landing","In work",,"Prelim","","https://data.ntsb.gov/carol-repgen/api/Aviation/ReportMain/GenerateNewestReport/199920/pdf"
"CEN25LA137","ACC","199918","2025-03-26T11:00:00Z","Jacksonville","Texas","United States",,"N7770J",,"false","Aviation","",,,,,,,,,,,,,,"JUST","HIGHLANDER",,,,"false",,,,,,,,,"Landing","In work",,,"",""
"WPR25LA120","ACC","199924","2025-03-26T10:15:00Z","Madras","Oregon","United States",,"N1418C","22-1175","false","Aviation","",,,"None","0","0","0","0","0",,,,"44.666674999999998","-121.15346","PIPER","PA-22","AIR","S33","Madras Municipal","false","1",,,"PERS","091","Substantial","VMC","Christian Morris","Landing","In work",,"Prelim","","https://data.ntsb.gov/carol-repgen/api/Aviation/ReportMain/GenerateNewestReport/199924/pdf"
"GAA25WA126","ACC","199927","2025-03-26T04:00:00Z","Euiseong","Other Foreign","Republic Of Korea",,"HL9313",,"false","Aviation","",,,"Fatal","1","0","0","1",,,,,,,"SIKORSKY","S76",,,,"false",,,,"FIRF","NUSN",,,"Air Palace, Co.","Unknown","N/A",,,"","None"
"WPR25LA118","ACC","199914","2025-03-25T15:00:00Z","Hobbs","New Mexico","United States",,"N7530U","10411","false","Aviation","",,,"Minor","0","0","1","1",,,,,"32.687348999999998","-103.21751999999999","ROBINSON HELICOPTER COMPANY","R44 II","HELI","HOB","LEA COUNTY RGNL","false","1",,,"INST","091","Substantial","VMC","FLAP AIR HELICOPTER SERVICE INC","Takeoff","In work",,"Prelim","","https://data.ntsb.gov/carol-repgen/api/Aviation/ReportMain/GenerateNewestReport/199914/pdf"
"WPR25LA121","ACC","199925","2025-03-25T09:30:00Z","Tracy","California","United States",,"N9528D","22-6444","false","Aviation","",,,"None","0","0","0","0",,,,,"37.688895000000002","-121.44157","PIPER","PA-22-160","AIR","TCY","TRACY MUNI","false","1",,,"PERS","091","Substantial","VMC","Ben Goldspink","Landing","In work",,"Prelim","","https://data.ntsb.gov/carol-repgen/api/Aviation/ReportMain/GenerateNewestReport/199925/pdf"
"CEN25LA143","ACC","199948","2025-03-25T07:49:00Z","Ruston","Louisiana","United States",,"N6006K",,"false","Aviation","",,,"None","0","0","0","0",,,,,,,"HILLER","UH12-ET",,,,"false",,,,"AAPL","137",,,"Summit Helicopters, Inc.","Maneuvering","In work",,,"",""
"DCA25WA183","OCC","200024","2025-03-24T21:55:00Z","Venizia","Other Foreign","Italy",,"EI-DPI",,"false","Aviation","",,,,,,,,,,,,,,"BOEING","737",,,,"false",,,"SCHD",,"129",,,"RyanAir","Standing","N/A",,,"","None"
"CEN25LA145","ACC","199956","2025-03-24T10:30:00Z","Nacogdoches","Texas","United States",,"N439FJ","584","false","Aviation","",,,"None","0","0","0","0","0",,,,"31.577763999999998","-94.710110999999998","COSTRUZIONI AERONAUTICHE TECNA","P2002 SIERRA MKII","AIR","OCH","A L Mangham Jr. Regional","false","1",,,"PERS","091","Substantial","VMC","HCH AVIATION HOLDINGS LLC - SERIES N439FJ","Landing","In work",,"Prelim","","https://data.ntsb.gov/carol-repgen/api/Aviation/ReportMain/GenerateNewestReport/199956/pdf"
"GAA25WA120","ACC","199908","2025-03-23T04:00:00Z","Santiago Atitlan","Other Foreign","Guatemala",,"N919RV",,"false","Aviation","",,,"Minor","0","0","2","2","0",,,,,,"ALAN D HAM","VANS RV-7A",,,,"false",,,,,,,,,"Unknown","N/A",,,"","None"
"GAA25WA118","ACC","199897","2025-03-22T16:05:00Z","Vereda El Corzo","Other Foreign","Colombia",,"HK-1035G",,"false","Aviation","",,,"None","0","0","0","0",,,,,,,"CESSNA","177RG",,,,"false",,,,,,,,,"Enroute","N/A",,,"","None"
"GAA25WA122","ACC","199913","2025-03-22T14:55:00Z","El Perico",,"Mexico",,"N210YP","21064899","false","Aviation","",,,"None","0","0","0","0",,,,,"20.183333000000001","-98.633332999999993","CESSNA","T210R","AIR",,,"false","1",,,,"NUSN","Substantial",,"AVIATION TRUST COMPANY LLC TRUSTEE","Enroute","N/A",,"Prelim","","None"
"DCA25WA167","ACC","199930","2025-03-22T14:43:00Z","Jazeera","Other Foreign","Somalia",,"5Y-RBA",,"false","Aviation","",,,"Fatal","5","0","0","5","0",,,,,,"DE HAVILLAND","DHC5",,,,"false",,,"NSCH",,"NUSC",,,"Trident Aviation Ltd","Unknown","N/A",,,"","None"
"CEN25LA132","ACC","199903","2025-03-22T11:15:00Z","Russellville","Arkansas","United States",,"N39158","6438","false","Aviation","",,,"None","0","0","0","0","0",,,,"35.258380000000002","-93.098788999999996","TAYLORCRAFT","BC12-D","AIR","RUE","RUSSELLVILLE RGNL","false","1",,,"PERS","091","Substantial","VMC",,"Landing","In work",,"Prelim","","https://data.ntsb.gov/carol-repgen/api/Aviation/ReportMain/GenerateNewestReport/199903/pdf"
"ERA25FA154","ACC","199896","2025-03-22T09:25:00Z","Zellwood","Florida","United States",,"N8548U","AT4-005","false","Aviation","",,,"Fatal","1","0","0","1","0",,,,"28.735053000000001","-81.634320000000002","AERO SP Z O O","AT-4 LSA","AIR","X61","BOB WHITE FLD","false","1",,,"PERS","091","Substantial","VMC",,"Takeoff","In work",,"Prelim","","https://data.ntsb.gov/carol-repgen/api/Aviation/ReportMain/GenerateNewestReport/199896/pdf"
"ERA25LA156","ACC","199910","2025-03-21T15:53:00Z","Chamblee","Georgia","United States",,"N5QV","3098","false","Aviation","",,,"Serious","0","1","1","2",,,,,"33.876002","-84.302030999999999","BELL","206","HELI","PDK","Dekalb-Peachtree Airport","false","1",,,"AOBV","091","Substantial","VMC","HELICOPTERS INC","Approach","In work",,"Prelim","","https://data.ntsb.gov/carol-repgen/api/Aviation/ReportMain/GenerateNewestReport/199910/pdf"
"ERA25LA153","ACC","199894","2025-03-21T11:30:00Z","Anderson","South Carolina","United States",,"N8339Y","30-1485","false","Aviation","",,,"None","0","0","0","0","0",,,,"34.494587000000003","-82.709380999999993","PIPER","PA-30","AIR","AND","ANDERSON RGNL","false","2",,,"INST","091","Substantial","VMC","PIOS PARTNERS LLC","Landing","In work",,"Prelim","","https://data.ntsb.gov/carol-repgen/api/Aviation/ReportMain/GenerateNewestReport/199894/pdf"
"GAA25WA139","ACC","200026","2025-03-21T04:00:00Z","Northhampton","Other Foreign","Australia",,"VH-WWU",,"false","Aviation","",,,"Fatal","1","0","0","1",,,,,,,"CESSNA","150m",,,,"false",,,,,,,,,"Unknown","N/A",,,"","None"
"GAA25WA129","ACC","199951","2025-03-20T20:00:00Z","Dos Ríos",,"Mexico",,"N511VA","RN023","false","Aviation","",,,"None","0","0","0","0",,,,,"18.9544","-97.024000000000001","MCDONNELL DOUGLAS HELICOPTER","600","HELI",,,"false","1",,,,"NUSN","Substantial",,,"Maneuvering","N/A",,"Prelim","","None"
"ERA25LA152","ACC","199892","2025-03-20T17:30:00Z","Birdsboro","Pennsylvania","United States",,"N4224L",,"false","Aviation","",,,"None","0","0","0","0",,,,,,,"MAULE","M7",,,,"false",,,,"PERS","091",,"VMC",,"Landing","In work",,,"",""
"CEN25LA134","ACC","199905","2025-03-20T15:50:00Z","Denton","Texas","United States",,"N68332","15285326","false","Aviation","",,,"None","0","0","0","0","0",,,,"33.201960999999997","-97.199096999999995","CESSNA","152","AIR","DTO","Denton Enterprise Airport","false","1",,,"INST","091","Substantial",,"US Aviation Group, LLC","Landing","In work",,"Prelim","","https://data.ntsb.gov/carol-repgen/api/Aviation/ReportMain/GenerateNewestReport/199905/pdf"
"ERA25FA151","ACC","199890","2025-03-20T14:30:00Z","LaFayette","Georgia","United States",,"N969SS","2157","false","Aviation","",,,"Fatal","2","0","0","2","0",,,,"34.692360999999998","-85.288899999999998","CIRRUS DESIGN CORP","SR22","AIR","9A5","BARWICK LAFAYETTE","false","1",,,"INST","091","Destroyed","VMC",,"Approach","In work",,"Prelim","","https://data.ntsb.gov/carol-repgen/api/Aviation/ReportMain/GenerateNewestReport/199890/pdf"
"ANC25LA026","ACC","199891","2025-03-20T14:00:00Z","Kenai","Alaska","United States",,"N2527B","48-507","false","Aviation","",,,"None","0","0","0","0",,,,,"60.559925","-151.16719000000001","AERONCA","7CCM","AIR","ENA",,"false","1",,,"PERS","091","Substantial","VMC",,"Enroute","In work",,"Prelim","","https://data.ntsb.gov/carol-repgen/api/Aviation/ReportMain/GenerateNewestReport/199891/pdf"
"WPR25LA115","ACC","199898","2025-03-20T13:00:00Z","Murrieta","California","United States",,"N157P","RSUK-V00548","false","Aviation","",,,"Minor","0","0","1","1",,,,,"33.584000000000003","-117.125","ROTORSPORT UK LTD","CAVALON","GYRO","F70",,"false","1",,,"PERS","091","Substantial","VMC",,"Approach","In work",,"Prelim","","https://data.ntsb.gov/carol-repgen/api/Aviation/ReportMain/GenerateNewestReport/199898/pdf"
"CEN25LA133","ACC","199904","2025-03-20T12:40:00Z","Liberal","Kansas","United States",,"N38871","28R-7703281","false","Aviation","",,,"None","0","0","0","0","0",,,,"37.043920999999997","-100.95996","PIPER","PA-28R-201T","AIR","LBL",,"false","1",,,"PERS","091","Substantial",,"ARROW BLUE N38871 LLC","Landing","In work",,"Prelim","","https://data.ntsb.gov/carol-repgen/api/Aviation/ReportMain/GenerateNewestReport/199904/pdf"
"DCA25LA163","INC","199887","2025-03-20T04:00:00Z","Orlando","Florida","United States",,"N8315C",,"false","Aviation","",,,"None","0","0","0","0",,,,,,,"BOEING","737-8H4",,,,"false",,,,,"121",,,"SOUTHWEST AIRLINES CO","Takeoff","In work",,,"",""
"CEN25LA135","ACC","199906","2025-03-19T14:31:00Z","Grenada","Mississippi","United States",,"N4455B","TC-2203","false","Aviation","",,,"Minor","0","0","2","2","0",,,,"33.832444000000002","-89.798167000000007","BEECH","95-B55 (T42A)","AIR","GNF","GRENADA MUNI","false","2",,,"PERS","091","Substantial","VMC",,"Landing","In work",,"Prelim","","https://data.ntsb.gov/carol-repgen/api/Aviation/ReportMain/GenerateNewestReport/199906/pdf"
"WPR25LA116","ACC","199899","2025-03-19T12:36:00Z","Sheridan","Wyoming","United States",,"N990BH","265","false","Aviation","",,,"None","0","0","0","0","0",,,,"44","-106","BOEING OF CANADA/DEHAV DIV","DHC-8-106","AIR","SHR",,"false","2",,,"INST","091","Substantial","VMC","BIG HORN AIRWAYS INC","Taxi","In work",,"Prelim","","https://data.ntsb.gov/carol-repgen/api/Aviation/ReportMain/GenerateNewestReport/199899/pdf"
"WPR25FA114","ACC","199881","2025-03-19T12:28:00Z","Mountain Home Park","Washington","United States",,"N23SD","811","false","Aviation","",,,"Fatal","1","0","0","1",,,,,"46.236369000000003","-117.93526","BELL","206B II","HELI",,,"false","1",,,"AAPL","137","Substantial","VMC","NORTH WIND AVIATION LLC","Enroute","In work",,"Prelim","","https://data.ntsb.gov/carol-repgen/api/Aviation/ReportMain/GenerateNewestReport/199881/pdf"
"WPR25LA117","ACC","199901","2025-03-19T10:30:00Z","Henderson","Nevada","United States",,"N171M","4636841","false","Aviation","",,,"None","0","0","0","0","0",,,,"35.974527000000002","-115.13557","PIPER","PA 46-350P","AIR","HND","Henderson Executive Airport","false","1",,,"PERS","091","Substantial","VMC",,"Landing","In work",,"Prelim","","https://data.ntsb.gov/carol-repgen/api/Aviation/ReportMain/GenerateNewestReport/199901/pdf"
"ERA25LA149","ACC","199886","2025-03-19T08:21:00Z","Miami","Florida","United States",,"N62PT","16200137","false","Aviation","",,,"None","0","0","0","0","0",,,,"25.653777000000002","-80.432866000000004","CESSNA AIRCRAFT CO","162","AIR","TMB","Miami Executive Airport","false","1",,,"INST","091","Substantial","VMC",,"Landing","In work",,"Prelim","","https://data.ntsb.gov/carol-repgen/api/Aviation/ReportMain/GenerateNewestReport/199886/pdf"
"GAA25WA123","INC","199919","2025-03-18T14:30:00Z","Raul Soares","Other Foreign","Brazil",,"PT-YEL",,"false","Aviation","",,,"None","0","0","0","0","0",,,,"-19.913333000000002","-42.336388999999997","BELL","206","HELI",,,"false",,,,,"NUSC","Minor",,"HELISUL TÁXI AÉREO LTDA","Enroute","N/A",,"Prelim","","None"
"GAA25WA131","ACC","199969","2025-03-18T13:04:00Z","Gloucester","Other Foreign","United Kingdom",,"G-BYLZ",,"false","Aviation","",,,"None","0","0","0","0","0",,,,,,"Cozy","MK IV",,,,"false",,,,"PERS","NUSN",,,,"Approach","N/A",,,"","None"
"ERA25LA147","ACC","199875","2025-03-18T10:46:00Z","Palmetto","Florida","United States",,"N1369E","7AC-4930","false","Aviation","",,,"Serious","0","2","0","2","0",,,,"27.642633","-82.522389000000004","CHAMPION","7AC","AIR","48X","MANATEE","false","1",,,"INST","091","Substantial",,,"Takeoff","In work",,"Prelim","","https://data.ntsb.gov/carol-repgen/api/Aviation/ReportMain/GenerateNewestReport/199875/pdf"
"GAA25WA115","ACC","199880","2025-03-18T00:35:00Z","Coxen Hole",,"Honduras",,"HR-AYW",,"false","Aviation","",,,,"0","0","0","0",,,,,,,"JetstreaM","32",,,,"false",,,,,,,,,"Initial Climb","N/A",,,"","None"
"CEN25LA126","ACC","199864","2025-03-16T17:41:00Z","Engelwood","Colorado","United States",,"N7987R","D-8975","false","Aviation","",,,"None","0","0","0","0","0",,,,"39.570118999999998","-104.84929","BEECH","V35","AIR","APA","Centennial Airport","false","1",,,"PERS","091","Substantial","VMC","Hopeful Monster LLC","Landing","In work",,"Prelim","","https://data.ntsb.gov/carol-repgen/api/Aviation/ReportMain/GenerateNewestReport/199864/pdf"
"DCA25WA166","OCC","199916","2025-03-16T15:00:00Z","London",,"United Kingdom",,"G-ZBLI",,"false","Aviation","",,,"None","0","0","0","0",,,,,,,"BOEING","787",,,,"false",,,,,"129",,,"British Airways","Pushback/Tow","N/A",,,"","None"
"CEN25LA131","ACC","199879","2025-03-16T14:50:00Z","Frankston","Texas","United States",,"N4672F","P206-0272","false","Aviation","",,,"None","0","0","0","0","0",,,,"32.08175","-95.452502999999993","CESSNA","P206A","AIR","T25","Aero Estates Airport","false","1",,,"PERS","091","Substantial",,,"Landing","In work",,"Prelim","","https://data.ntsb.gov/carol-repgen/api/Aviation/ReportMain/GenerateNewestReport/199879/pdf"
"WPR25LA122","ACC","199926","2025-03-16T14:24:00Z","Helena","Montana","United States",,"N513JM","LJ-1274","false","Aviation","",,,"None","0","0","0","0",,,,,"46.606721999999998","-111.98327","BEECH","C90A","AIR","HLN","Helena Regional Airport","false","2",,"NSCH","OWRK","091","Substantial","VMC","BANK OF UTAH TRUSTEE","Landing","In work",,"Prelim","","https://data.ntsb.gov/carol-repgen/api/Aviation/ReportMain/GenerateNewestReport/199926/pdf"
"ANC25LA025","ACC","199877","2025-03-16T14:15:00Z","Fairbanks","Alaska","United States",,"N7274T","46874","false","Aviation","",,,"Minor","0","0","1","1",,,,,"64.786555000000007","-147.89818","CESSNA","172A","AIR","FAI","Fairbanks International","false","1",,,"PERS","091","Substantial",,,"Initial Climb","In work",,"Prelim","","https://data.ntsb.gov/carol-repgen/api/Aviation/ReportMain/GenerateNewestReport/199877/pdf"
"CEN25LA128","ACC","199867","2025-03-16T13:00:00Z","Rusk","Texas","United States",,"N52243","172S9145","false","Aviation","",,,"None","0","0","0","0","0",,,,"31.868819999999999","-95.216988000000001","CESSNA","172S","AIR","JSO",,"false","1",,,"PERS","091","Substantial",,"SKYMATES INC","Landing","In work",,"Prelim","","https://data.ntsb.gov/carol-repgen/api/Aviation/ReportMain/GenerateNewestReport/199867/pdf"
"DCA25LA161","INC","199883","2025-03-16T04:00:00Z","Queens","New York","United States",,"N185GJ",,"false","Aviation","",,,,,,,,,,,,,,"BOMBARDIER INC","CL-600-2D24",,,,"false",,,"SCHD",,"121",,,"Endeavor Air","Landing","In work",,,"",""
"WPR25LA113","ACC","199874","2025-03-15T21:00:00Z","Van Nuys","California","United States",,"N994WY","TE-1001","false","Aviation","",,,"Minor","0","0","1","1",,,,,"34.209806","-118.48997","BEECH","E-55","AIR","VNY","Van Nuys Airport","false","2",,,"INST","091","Substantial","VMC","INTERNATIONAL AIR SERVICE INC TRUSTEE","Approach","In work",,"Prelim","","https://data.ntsb.gov/carol-repgen/api/Aviation/ReportMain/GenerateNewestReport/199874/pdf"
"CEN25LA129","ACC","199868","2025-03-15T16:41:00Z","Kiowa","Colorado","United States",,"N237DB","11-045","false","Aviation","",,,"None","0","0","0","0","0",,,,"39.375664","-104.4646","STEMME GMBH & CO","S10-VT","GLI",,,"false","1",,,"PERS","091","Substantial",,,"Landing","In work",,"Prelim","","https://data.ntsb.gov/carol-repgen/api/Aviation/ReportMain/GenerateNewestReport/199868/pdf"
"CEN25FA124","ACC","199861","2025-03-15T15:00:00Z","Danville","Virginia","United States",,"N331ES","1067","false","Aviation","",,,"Fatal","1","0","0","1","0",,,,"36.649272000000003","-79.494057999999995","ROBINSON HELICOPTER","R44","HELI","N/A",,"false","1",,,"PERS","091","Destroyed","IMC",,"Initial Climb","In work",,"Prelim","","https://data.ntsb.gov/carol-repgen/api/Aviation/ReportMain/GenerateNewestReport/199861/pdf"
"ERA25LA150","ACC","199889","2025-03-15T14:49:00Z","Midland","Virginia","United States",,"N918BM","T24002111","false","Aviation","",,,"None","0","0","0","0",,,,,"38.586300000000001","-77.710667000000001","TEXTRON AVIATION INC","T240","AIR","HWY","WARRENTON/FAUQUIER","false","1",,,"PERS","091","Substantial","VMC",,"Landing","In work",,"Prelim","","https://data.ntsb.gov/carol-repgen/api/Aviation/ReportMain/GenerateNewestReport/199889/pdf"
"GAA25WA125","ACC","199922","2025-03-15T11:30:00Z","Newcastle",,"Ireland",,"EI-HMD",,"false","Aviation","",,,"None","0","0","0","0",,,,,,,"TOMARK","VIPER SD4","AIR","EINC",,"false","1",,,"UNK","NUSN","Substantial",,,"Landing","N/A",,"Prelim","","None"
"WPR25LA112","ACC","199873","2025-03-15T11:00:00Z","Waterford","California","United States",,"N402TA","2122","false","Aviation","",,,"Serious","0","1","1","2",,,,,"37.666539999999998","-120.6631","ENSTROM","280FX","HELI","MOD",,"false","1",,,"PERS","091","Destroyed",,,"Maneuvering","In work",,"Prelim","","https://data.ntsb.gov/carol-repgen/api/Aviation/ReportMain/GenerateNewestReport/199873/pdf"
"GAA25WA119","INC","199907","2025-03-14T17:30:00Z","Bonneuil-en-France",,"France",,"F-HJAV","525-0473","false","Aviation","",,,,"0","0","0",,"0",,,,"48.963714000000003","2.4347789999999998","CESSNA","525","AIR",,,"false",,,,,"NUSN","None",,,"Unknown","N/A",,"Prelim","","None"
"ERA25LA145","ACC","199870","2025-03-14T15:15:00Z","Chester","Connecticut","United States",,"N372WS","1731","false","Aviation","",,,"Fatal","1","0","0","1",,,,,"41","-72","WILD SKY LLC","GOAT","WSFT","SNC","CHESTER","false","1",,,"PERS","091","Substantial","VMC",,"Initial Climb","In work",,"Prelim","","https://data.ntsb.gov/carol-repgen/api/Aviation/ReportMain/GenerateNewestReport/199870/pdf"
"CEN25LA122","ACC","199859","2025-03-14T07:38:00Z","Dallas","Texas","United States",,"N9471B",,"false","Aviation","",,,,,,,,,,,,,,"CESSNA","208",,,,"false",,,"NSCH",,"135",,,,"Taxi","In work",,,"",""
"ERA25LA144","ACC","199857","2025-03-14T07:00:00Z","Mogadore","Ohio","United States",,"N262LH","S1926","false","Aviation","",,,"Fatal","1","0","0","1","0",,,,"41.06071","-81.375438000000003","SCHWEIZER","269C","HELI",,,"false","1",,,"PERS","091","Substantial","VMC","NEO HELICOPTER ACADEMY LLC","Enroute","In work",,"Prelim","","https://data.ntsb.gov/carol-repgen/api/Aviation/ReportMain/GenerateNewestReport/199857/pdf"
"CEN25LA136","ACC","199912","2025-03-13T17:45:00Z","Lakeview","Arkansas","United States",,"N8000T","56700","false","Aviation","",,,"None","0","0","0","0","0",,,,"36.348661999999997","-92.556800999999993","CESSNA","175A","AIR","3M0","GASTONS","false","1",,,"PERS","091","Substantial","VMC",,"Approach","In work",,"Prelim","","https://data.ntsb.gov/carol-repgen/api/Aviation/ReportMain/GenerateNewestReport/199912/pdf"
"CEN25LA123","ACC","199860","2025-03-13T17:45:00Z","Mounds","Oklahoma","United States",,"N124CW","6855","false","Aviation","",,,"Minor","0","0","1","1","0",,,,"35.869745000000002","-96.061985000000007","CALDWELL C W","162F","HELI",,,"false","1",,,"PERS","091","Destroyed","VMC",,"Landing","In work",,"Prelim","","https://data.ntsb.gov/carol-repgen/api/Aviation/ReportMain/GenerateNewestReport/199860/pdf"
"CEN25FA119","ACC","199846","2025-03-13T07:33:00Z","Mesquite","Texas","United States",,"N525CZ","525A0380","false","Aviation","",,,"Fatal","1","0","0","1","0",,,,"32.725268999999997","-96.541438999999997","CESSNA","525","AIR","KHQZ",,"false","2",,,"POSI","091","Destroyed","VMC","Mesquite Aviation","Takeoff","In work",,"Prelim","","https://data.ntsb.gov/carol-repgen/api/Aviation/ReportMain/GenerateNewestReport/199846/pdf"
"ERA25LA142","ACC","199845","2025-03-12T14:50:00Z","Orlando","Florida","United States",,"N27GP","U20604105","false","Aviation","",,,"None","0","0","0","0","0",,,,"28.502687999999999","-81.095642999999995","CESSNA","TU206G","AIR","N/A",,"false","1",,,"AOBV","091","Substantial","VMC","GPI GEOSPATIAL INC","Enroute","In work",,"Prelim","","https://data.ntsb.gov/carol-repgen/api/Aviation/ReportMain/GenerateNewestReport/199845/pdf"
"ERA25LA141","ACC","199844","2025-03-12T13:00:00Z","Hollywood","Florida","United States",,"N3055B","28-7990137","false","Aviation","",,,"Minor","0","0","1","1","0",,,,"26","-80","PIPER","PA-28-181","AIR","HWO","NORTH PERRY","false","1",,,"INST","091","Substantial","VMC",,"Initial Climb","In work",,"Prelim","","https://data.ntsb.gov/carol-repgen/api/Aviation/ReportMain/GenerateNewestReport/199844/pdf"
"CEN25LA120","ACC","199850","2025-03-12T11:10:00Z","Lincoln","Nebraska","United States",,"N93TJ","28R-35026","false","Aviation","",,,"None","0","0","0","0","0",,,,"40.854764000000003","-96.750480999999994","PIPER","PA-28R-200","AIR","LNK","Lincoln","false","1",,,"INST","091","Substantial","VMC","Revv Aviation","Landing","In work",,"Prelim","","https://data.ntsb.gov/carol-repgen/api/Aviation/ReportMain/GenerateNewestReport/199850/pdf"
"ENG25WA028","INC","199954","2025-03-12T03:25:00Z","Tijuana","Other Foreign","Mexico",,"XA-VRU",,"false","Aviation","",,,,"0","0","0",,"0",,,,,,"AIRBUS","A320",,,,"false",,,"SCHD",,"NUSC",,,"Concesionaria Vuela Companiia de Aviacion, SAP.I. de C.V.-VOLARIS'","Enroute","N/A",,,"","None"
"CEN25LA118","ACC","199843","2025-03-11T18:10:00Z","Paonia","Colorado","United States",,"N45TW","JA512-11-17","false","Aviation","",,,"None","0","0","0","0","0",,,,"38.831299999999999","-107.64579999999999","CAMERON CLARK S","JA30 SUPERSTOL","AIR","7V2",,"false","1",,,"PERS","091","Substantial",,"CAMERON CLARK S","Takeoff","In work",,"Prelim","","https://data.ntsb.gov/carol-repgen/api/Aviation/ReportMain/GenerateNewestReport/199843/pdf"
"WPR25LA111","ACC","199839","2025-03-11T13:40:00Z","Roswell","New Mexico","United States",,"N711HE","P21000242","false","Aviation","",,,"None","0","0","0","0",,,,,"33.299878","-104.5294","CESSNA","P210N","AIR","ROW","Roswell Air Center Airport","false","1",,,"PERS","091","Substantial","VMC","REGISTRATION PENDING","Enroute","In work",,"Prelim","","https://data.ntsb.gov/carol-repgen/api/Aviation/ReportMain/GenerateNewestReport/199839/pdf"
"CEN25LA116","ACC","199828","2025-03-10T18:30:00Z","Chicago","Illinois","United States",,"N128AF","11475","false","Aviation","",,,"None","0","0","0","0","0",,,,"41.777700000000003","-87.581299999999999","ROBINSON HELICOPTER","R44 II","HELI","IGQ","Lansing Municipal","false","1",,,"BUS","091","Substantial","VMC","SUMMERSKYZ INC","Enroute","In work",,"Prelim","","https://data.ntsb.gov/carol-repgen/api/Aviation/ReportMain/GenerateNewestReport/199828/pdf"
"CEN25LA117","ACC","199832","2025-03-10T12:40:00Z","Plainview","Texas","United States",,"N923ZA","72007","false","Aviation","",,,"None","0","0","0","0","0",,,,"34.164484999999999","-101.73069","CAMPBELL JOHN S","RV-7A","AIR","PVW","HALE COUNTY","false","1",,,"PERS","091","Substantial","VMC",,"Initial Climb","In work",,"Prelim","","https://data.ntsb.gov/carol-repgen/api/Aviation/ReportMain/GenerateNewestReport/199832/pdf"
"CEN25MA115","ACC","199825","2025-03-10T12:37:00Z","Canton","Mississippi","United States",,"N835CS","1091","false","Aviation","",,,"Fatal","3","0","0","3","0",,,,"32.559192000000003","-89.907613999999995","EUROCOPTER DEUTSCHLAND GMBH","EC 135 P2+","HELI",,,"false","2",,"NSCH","BUS","135","Destroyed","VMC","MED-TRANS CORP","Enroute","In work",,"Prelim","","https://data.ntsb.gov/carol-repgen/api/Aviation/ReportMain/GenerateNewestReport/199825/pdf"
"ANC25LA023","ACC","199837","2025-03-10T12:30:00Z","Cantwell","Alaska","United States",,"N5375","17263527","false","Aviation","",,,"None","0","0","0","0",,,,,"63.328761999999998","-149.13677000000001","CESSNA","172","AIR","PAST","Summit","false","1",,,"PERS","091","Substantial","VMC",,"Maneuvering","In work",,"Prelim","","https://data.ntsb.gov/carol-repgen/api/Aviation/ReportMain/GenerateNewestReport/199837/pdf"
"GAA25WA113","ACC","199866","2025-03-10T09:20:00Z","St. Gallen","Other Foreign","Slovenia",,"N595RJ",,"false","Aviation","",,,"Fatal","1","0","0","1",,,,,,,"MOONEY","M20R",,,,"false",,,,,"091",,,"INTERNATIONAL AIR SERVICES INC TRUSTEE","Unknown","N/A",,,"","None"
"CEN25LA114","ACC","199824","2025-03-09T22:15:00Z","Rochester","Minnesota","United States",,"N4784J","MB-220","false","Aviation","",,,"Minor","0","0","1","1","0",,,,"43.922193","-92.500568999999999","BEECH","A23-19","AIR","RST","Rochester International Airport","false","1",,,"PERS","091","Substantial","VMC","AIRLAKE AERO INC","Initial Climb","In work",,"Prelim","","https://data.ntsb.gov/carol-repgen/api/Aviation/ReportMain/GenerateNewestReport/199824/pdf"
"WPR25LA110","ACC","199826","2025-03-09T21:04:00Z","North Las Vegas","Nevada","United States",,"N44KY","11307","false","Aviation","",,,"Minor","0","0","2","2",,,,,"36.210703000000002","-115.19444","ROBINSON HELICOPTER COMPANY","R44 II","HELI","VGT",,"false","1",,"NSCH","OWRK","091","Substantial","VMC","West Air Helicopters","Takeoff","In work",,"Prelim","","https://data.ntsb.gov/carol-repgen/api/Aviation/ReportMain/GenerateNewestReport/199826/pdf"
"GAA25WA114","ACC","199872","2025-03-09T17:15:00Z","Peruibe",,"Brazil",,"PT-AKY","15069369","false","Aviation","",,,"Fatal","1","1","0","2",,,,,"-24.253333000000001","-46.902777999999998","CESSNA","150","AIR","N/A",,"false","1",,,"INST","NUSN","Substantial",,,"Enroute","N/A",,"Prelim","","None"
"ERA25LA137","ACC","199816","2025-03-09T15:30:00Z","Lititz","Pennsylvania","United States",,"N347M","EA-253","false","Aviation","",,,"Serious","0","2","3","5",,,,,"40.120452","-76.298970999999995","BEECH","A36TC","AIR","LNS","LANCASTER","false","1",,,"PERS","091","Destroyed","VMC",,"Approach","In work",,"Prelim","","https://data.ntsb.gov/carol-repgen/api/Aviation/ReportMain/GenerateNewestReport/199816/pdf"
"DCA25WA165","OCC","199915","2025-03-08T05:00:00Z","The Granites",,"Australia",,"VH-A2V",,"false","Aviation","",,,,,,,,,,,,,,"EMBRAER","190",,,,"false",,,,,,,,"Alliance Airlines","Approach","N/A",,,"","None"
"GAA25WA116","ACC","199884","2025-03-08T05:00:00Z","Voi","Other Foreign","Kenya",,"5Y-BYQ",,"false","Aviation","",,,"Fatal",,,,,,,,,,,"CESSNA","152",,,,"false",,,,"PERS","NUSN",,,,"Unknown","N/A",,,"","None"
"ANC25LA032","ACC","199975","2025-03-07T20:10:00Z","Redding","California","United States",,"N32371",,"false","Aviation","",,,,,,,,,,,,,,"PIPER","PA-32-300",,,,"false",,,,,,,,,"Landing","In work",,,"",""
"ANC25LA027","ACC","199893","2025-03-07T18:40:00Z","Sleetmute","Alaska","United States",,"N304PT","304","false","Aviation","",,,"None","0","0","0","0",,,,,"61.699624","-157.17343","PILATUS","PC-12/45","AIR","SLQ","Sleetmute","false","1",,"NSCH","BUS","135","Substantial","IMC","Trygg Holdings, LLC","Enroute","In work",,"Prelim","","https://data.ntsb.gov/carol-repgen/api/Aviation/ReportMain/GenerateNewestReport/199893/pdf"
"ANC25LA030","ACC","199961","2025-03-07T15:30:00Z","Highline Lake","Alaska","United States",,"N1718R","18502439","false","Aviation","",,,"None","0","0","0","0",,,,,"61.737921","-151.38352","CESSNA","A185F","AIR",,"NONE","false","1",,,"PERS","091","Substantial","VMC",,"Taxi","In work",,"Prelim","","https://data.ntsb.gov/carol-repgen/api/Aviation/ReportMain/GenerateNewestReport/199961/pdf"
"CEN25LA112","ACC","199818","2025-03-07T15:11:00Z","Romeo","Michigan","United States",,"N7550g","17259250","false","Aviation","",,,"None","0","0","0","0","0",,,,"42.795288999999997","-82.974697000000006","CESSNA","172L","AIR","D98","ROMEO STATE","false","1",,,"INST","091","Substantial","VMC",,"Landing","In work",,"Prelim","","https://data.ntsb.gov/carol-repgen/api/Aviation/ReportMain/GenerateNewestReport/199818/pdf"
"ERA25LA136","ACC","199808","2025-03-06T12:45:00Z","North Myrtle Beach","South Carolina","United States",,"N744SM","4581","false","Aviation","",,,"Minor","0","0","1","1",,,,,"33.811750000000004","-78.723944000000003","CIRRUS DESIGN CORP","SR22","AIR","CRE","Grand Strand Airport","false","1",,,"PERS","091","Substantial","VMC",,"Landing","In work",,"Prelim","","https://data.ntsb.gov/carol-repgen/api/Aviation/ReportMain/GenerateNewestReport/199808/pdf"
"CEN25LA111","ACC","199809","2025-03-06T12:45:00Z","Pearland","Texas","United States",,"N54479","28-7425144","false","Aviation","",,,"Minor","0","0","1","1","0",,,,"29.504342000000001","-95.231048999999999","PIPER","PA-28-140","AIR","LVJ","PEARLAND RGNL","false","1",,"NSCH","PERS","091","Substantial","VMC",,"Initial Climb","In work",,"Prelim","","https://data.ntsb.gov/carol-repgen/api/Aviation/ReportMain/GenerateNewestReport/199809/pdf"
"CEN25LA110","ACC","199807","2025-03-05T03:10:00Z","Weslaco","Texas","United States",,"N3341V","15076467","false","Aviation","",,,"None","0","0","0","0",,,,,"26.178708","-97.974006000000003","CESSNA","150M","AIR","TXW",,"false","1",,,"PERS","091","Substantial","VMC",,"Landing","In work",,"Prelim","","https://data.ntsb.gov/carol-repgen/api/Aviation/ReportMain/GenerateNewestReport/199807/pdf"
"WPR25FA108","ACC","199801","2025-03-04T16:55:00Z","Renslow","Washington","United States",,"N6167F","A1500437","false","Aviation","",,,"Fatal","1","0","0","1",,,,,"47.024051999999998","-120.22701000000001","CESSNA","A150L","AIR",,,"false","1",,,"PERS","091","Destroyed",,,"Enroute","In work",,"Prelim","","https://data.ntsb.gov/carol-repgen/api/Aviation/ReportMain/GenerateNewestReport/199801/pdf"
"CEN25LA109","ACC","199796","2025-03-04T13:40:00Z","San Antonio","Texas","United States",,"N524HJ","42000077","false","Aviation","",,,"None","0","0","0","0","0",,,,"29.533957999999998","-98.469057000000006","HONDA AIRCRAFT CO LLC","HA-420","AIR","SAT",,"false","2",,,"POSI","091","Substantial",,,"Landing","In work",,"Prelim","","https://data.ntsb.gov/carol-repgen/api/Aviation/ReportMain/GenerateNewestReport/199796/pdf"
"GAA25WA100","ACC","199803","2025-03-04T05:00:00Z","Zell am See",,"Austria",,"LX-ARA",,"false","Aviation","",,,"None","0","0","0","0",,,,,,,"GRUMMAN","AA5","AIR","LOWZ","Zell am See","false",,,,"PERS","NUSN","Destroyed",,,"Approach","N/A",,"Prelim","","None"
"GAA25WA121","ACC","199909","2025-03-03T15:40:00Z","Aarhus",,"Denmark",,"D-EGMG",,"false","Aviation","",,,"None","0","0","0","0","0",,,,,,"PIPER","PA46",,,,"false",,,,,,,,,"Approach","N/A",,,"","None"
"DCA25WA154","INC","199793","2025-03-03T02:39:00Z","Bogotá",,"Colombia",,"YV622T",,"false","Aviation","",,,"None","0","0","0","0",,,,,,,"BOEING","737-400",,,,"false",,,,,"NUSC",,,"Turpial Airlines","Initial Climb","N/A",,,"","None"
"ANC25LA024","ACC","199842","2025-03-02T15:30:00Z","Plamer","Alaska","United States",,"N6999","18-8881","false","Aviation","",,,"Minor","0","0","1","1",,,,,"61.5","-148.88999999999999","PIPER","PA-18-150","AIR",,,"false","1",,,"PERS","091","Substantial","VMC",,"Landing","In work",,"Prelim","","https://data.ntsb.gov/carol-repgen/api/Aviation/ReportMain/GenerateNewestReport/199842/pdf"
"DCA25LA156","ACC","199820","2025-03-02T05:00:00Z","San Diego","California","United States",,"N8776L","67761","false","Aviation","",,,"Serious","0","1","0","1",,,,,"0","0","BOEING","737-8","AIR",,,"false","2",,"SCHD",,"121","None","Unknown","SOUTHWEST AIRLINES CO","Enroute","In work",,"Prelim","","https://data.ntsb.gov/carol-repgen/api/Aviation/ReportMain/GenerateNewestReport/199820/pdf"
"CEN25FA106","ACC","199781","2025-03-01T13:15:00Z","Matheson","Colorado","United States",,"N902T","70284","false","Aviation","",,,"Fatal","1","0","0","1",,,,,"39.120457000000002","-103.89491","VANS","RV7","AIR",,,"true","1",,,"PERS","091","Substantial","VMC",,"Unknown","In work",,"Prelim","","https://data.ntsb.gov/carol-repgen/api/Aviation/ReportMain/GenerateNewestReport/199781/pdf"
"ERA25LA132","ACC","199785","2025-03-01T13:06:00Z","New Smyrna Beach","Florida","United States",,"N923EP",,"false","Aviation","",,,"None","0","0","0","0",,,,,,,"TEXTRON AVIATION INC","172S",,,,"false",,,,,,,"VMC","EPIC AVIATION INC","Takeoff","In work",,,"",""
"DCA25FA148","INC","199780","2025-03-01T09:00:00Z","Newark","New Jersey","United States",,"N178FE",,"false","Aviation","",,,"None","0","0","0","0","0",,,,,,"BOEING","767",,,,"false",,,"SCHD",,"121",,"VMC","FEDERAL EXPRESS CORP","Initial Climb","In work",,,"",""
"CEN25LA107","ACC","199790","2025-02-28T19:00:00Z","Alvord","Texas","United States",,"N2027T","0318","false","Aviation","",,,"None","0","0","0","0",,,,,"33.387013000000003","-97.731700000000004","SCHWEIZER","269C-1","HELI",,"Private Residence","false","1",,,"PERS","091","Substantial","VMC",,"Enroute","In work",,"Prelim","","https://data.ntsb.gov/carol-repgen/api/Aviation/ReportMain/GenerateNewestReport/199790/pdf"
"ERA25LA140","ACC","199829","2025-02-28T15:47:00Z","Arcadia","Florida","United States",,"N3080N","13338","false","Aviation","",,,"None","0","0","0","0",,,,,"27.195843","-81.837261999999996","CESSNA","120","AIR","X06","ARCADIA MUNI","false","1",,,"PERS","091","Substantial","VMC",,"Landing","In work",,"Prelim","","https://data.ntsb.gov/carol-repgen/api/Aviation/ReportMain/GenerateNewestReport/199829/pdf"
"ANC25LA022","ACC","199804","2025-02-28T12:30:00Z","Anchor Point","Alaska","United States",,"N3798Z","18-7493","false","Aviation","",,,"Minor","0","0","1","1",,,,,"59.79466","-151.84683999999999","PIPER","PA-18-150","AIR","AK00","Anchor River Airpark","false","1",,,"PERS","091","Substantial","VMC",,"Enroute","In work",,"Prelim","","https://data.ntsb.gov/carol-repgen/api/Aviation/ReportMain/GenerateNewestReport/199804/pdf"
"GAA25WA112","ACC","199848","2025-02-28T12:30:00Z","Chamonix",,"France",,"F-BMFV",,"false","Aviation","",,,"Serious","0","1","1","2",,,,,,,"JODEL","D140","AIR",,,"false",,,,,"NUSN","Substantial",,,"Enroute","N/A",,"Prelim","","None"
"ANC25LA021","ACC","199788","2025-02-28T12:00:00Z","Lihue","Hawaii","United States",,"N699AV","GA8-06-106","false","Aviation","",,,"Minor","0","0","1","1",,,,,"21.980398999999998","-159.34139999999999","GIPPSLAND","GA-8","AIR","PHLI","Lihue Airport","false","1",,,"BUS","091","Substantial","VMC","AIR VENTURES HAWAII LLC","Taxi","In work",,"Prelim","","https://data.ntsb.gov/carol-repgen/api/Aviation/ReportMain/GenerateNewestReport/199788/pdf"
"WPR25LA106","ACC","199775","2025-02-27T15:50:00Z","Heber City","Utah","United States",,"N345HU","1312","false","Aviation","",,,"None","0","0","0","0",,,,,"40.481805999999999","-111.4288","AVIAT INC","A-1","AIR","HCR",,"false","1",,,"PERS","091","Substantial",,"BACK COUNTRY N345HU LLC","Landing","In work",,"Prelim","","https://data.ntsb.gov/carol-repgen/api/Aviation/ReportMain/GenerateNewestReport/199775/pdf"
"GAA25WA101","ACC","199805","2025-02-27T14:44:00Z","Santa Ana, Beni",,"Bolivia",,"CP-3124","21061962","false","Aviation","",,,"None","0","0","0","0",,,,,"-14.758333","-65.955832999999998","CESSNA","210","AIR","SLSA",,"false",,,,"PERS","NUSN","Substantial",,,"Enroute","N/A",,"Prelim","","None"
"CEN25FA104","ACC","199774","2025-02-27T14:19:00Z","Uvalde","Texas","United States",,"N144SG","11880","false","Aviation","",,,"Fatal","2","0","0","2","0",,,,"29.241944","-100.14472000000001","ROBINSON HELICOPTER COMPANY","R44","HELI",,,"false","1",,,"AOBV","091","Substantial","VMC","HOLT HELICOPTERS INC","Maneuvering","In work",,"Prelim","","https://data.ntsb.gov/carol-repgen/api/Aviation/ReportMain/GenerateNewestReport/199774/pdf"
"CEN25LA105","ACC","199776","2025-02-27T08:45:00Z","Edgemont","South Dakota","United States",,"N6555C","10965","false","Aviation","",,,"Serious","0","1","0","1","0",,,,"43.351199999999999","-103.74767","ROBINSON HELICOPTER COMPANY","R44 II","HELI",,"Nonw","false","1",,,"AOBV","091","None","VMC","KIWI AIR LLC","Enroute","In work",,"Prelim","","https://data.ntsb.gov/carol-repgen/api/Aviation/ReportMain/GenerateNewestReport/199776/pdf"
"DCA25WA150","INC","199783","2025-02-27T00:00:00Z","Hong Kong",,"Hong Kong",,"TC-MCN, VP-BMU",,"false","Aviation","",,,,,,,,,,,,,,"AIRBUS, BOEING","A330-343, B777-200F",,,,"false, false",,,,,,,,,,"N/A",,,"","None"
"GAA25WA103","ACC","199811","2025-02-26T15:27:00Z","Landshut","Other Foreign","Germany",,"D-ECEV",,"false","Aviation","",,,"None","0","0","0","0",,,,,"48.512027000000003","12.034706999999999","CESSNA","150","AIR","EDML",,"false",,,,"PERS","NUSN","Substantial",,,"Unknown","N/A",,"Prelim","","None"
"OPS25LA025","INC","199772","2025-02-26T14:38:00Z","Goodyear","Arizona","United States",,"N955NN, N322RC","31199, 17000969","false","Aviation","",,,,"0","0","0",,"0",,,,"33.439788","-112.35997999999999","BOEING, EMBRAER S A","737-823, ERJ 170-200 LR","AIR, AIR","PHX","PHOENIX SKY HARBOR INTL","false, false","2, 2",,"SCHD, SCHD",,"121, 121","None, None","VMC","WILMINGTON TRUST CO TRUSTEE, AMERICAN AIRLINES INC","Approach","In work",,"Prelim","","https://data.ntsb.gov/carol-repgen/api/Aviation/ReportMain/GenerateNewestReport/199772/pdf"
"ERA25LA130","ACC","199769","2025-02-26T09:30:00Z","Manchester","Vermont","United States",,"N43DN","28-7310036","false","Aviation","",,,"Serious","0","2","1","3",,,,,"43.169490000000003","-73.106384000000006","PIPER","PA-28-235","AIR","None",,"false","1",,,"PERS","091","None","IMC",,"Enroute","In work",,"Prelim","","https://data.ntsb.gov/carol-repgen/api/Aviation/ReportMain/GenerateNewestReport/199769/pdf"
"GAA25WA102","ACC","199812","2025-02-26T00:20:00Z","San Rafael","Other Foreign","Argentina",,"LV-OOL","84725","false","Aviation","",,,"None","0","0","0","0",,,,,"-34.595278","-68.456666999999996","CESSNA","152","AIR",,,"false","1",,,"PERS","NUSN","Substantial",,,"Enroute","N/A",,"Prelim","","None"
"ERA25LA135","ACC","199802","2025-02-25T18:45:00Z","Smithville","Tennessee","United States",,"N459BA","00070","false","Aviation","",,,"None","0","0","0","0","0",,,,"36.045271999999997","-85.802406000000005","ICON","A5","AIR","0A3","SMITHVILLE MUNI","false","1",,,"PERS","091","Unknown","VMC",,"Landing","In work",,"Prelim","","https://data.ntsb.gov/carol-repgen/api/Aviation/ReportMain/GenerateNewestReport/199802/pdf"
"ERA25LA157","ACC","199917","2025-02-25T14:45:00Z","Lenoir","North Carolina","United States",,"N7697N","CD-1201","false","Aviation","",,,"None","0","0","0","0","0",,,,"35.934626999999999","-81.499870999999999","BEECH","E33","AIR","NC27",,"false","1",,,"PERS","091","Substantial","VMC",,"Enroute","In work",,"Prelim","","https://data.ntsb.gov/carol-repgen/api/Aviation/ReportMain/GenerateNewestReport/199917/pdf"
"ERA25LA131","ACC","199777","2025-02-25T14:16:00Z","Miami Gardens","Florida","United States",,"N799RX","1981","false","Aviation","",,,"None","0","0","0","0",,,,,"25.913283","-80.275069999999999","MALLORY HORTON","AQUA-BEE","AIR","TMB","MIAMI EXEC","true","1",,,"PERS","091","Substantial","VMC",,"Landing","In work",,"Prelim","","https://data.ntsb.gov/carol-repgen/api/Aviation/ReportMain/GenerateNewestReport/199777/pdf"
"DCA25LA141","OCC","199763","2025-02-25T09:48:00Z","Chicago","Illinois","United States",,"N8517F, N560FX","63594, 20886","false","Aviation","",,,"None","0","0","0","0",,,,,"41.785998999999997","-87.752403000000001","BOEING, BOMBARDIER","737-800, BD-100-1A10 (CL-35)","AIR, AIR","KMDW","Chicago Midway International Airport","false, false","2",,"SCHD, NSCH","PERS","121, 091K","None, None","VMC","SOUTHWEST AIRLINES CO, FLEXJET LLC","Landing","In work",,"Prelim","","https://data.ntsb.gov/carol-repgen/api/Aviation/ReportMain/GenerateNewestReport/199763/pdf"
"ERA25LA126","ACC","199757","2025-02-24T20:45:00Z","Hampstead","North Carolina","United States",,"N930NH","0461","false","Aviation","",,,"Serious","0","3","0","3",,,,,"34.353189999999998","-77.815399999999997","EUROCOPTER DEUTSCHLAND GMBH","EC 135 P2+","HELI",,,"false","2",,"NSCH","POSI","135","Substantial","VMC","Integra Aviation LLC.","Enroute","In work",,"Prelim","","https://data.ntsb.gov/carol-repgen/api/Aviation/ReportMain/GenerateNewestReport/199757/pdf"
"CEN25LA103","ACC","199756","2025-02-24T15:30:00Z","Azle","Texas","United States",,"N78WT","M-3","false","Aviation","",,,"Minor","0","0","2","2",,,,,"32.895099999999999","-97.545900000000003","Starduster","II","AIR","2TE2","Flying Oaks Airport","true","1",,,"PERS","091","Destroyed","VMC",,"Approach","In work",,"Prelim","","https://data.ntsb.gov/carol-repgen/api/Aviation/ReportMain/GenerateNewestReport/199756/pdf"
"CEN25LA102","ACC","199752","2025-02-24T11:45:00Z","Iron River","Michigan","United States",,"N34284","17701749","false","Aviation","",,,"None","0","0","0","0","0",,,,"46.078819000000003","-88.635499999999993","CESSNA","177","AIR","Y73","STAMBAUGH","false","1",,,"PERS","091","Substantial",,,"Takeoff","In work",,"Prelim","","https://data.ntsb.gov/carol-repgen/api/Aviation/ReportMain/GenerateNewestReport/199752/pdf"
"DCA25LA139","INC","199761","2025-02-24T09:48:00Z","Atlanta","Georgia","United States",,"N942AT",,"false","Aviation","",,,"Minor","0","0","2","2","0",,,,,,"BOEING","717",,,,"false",,,"SCHD",,"121",,"VMC","DELTA AIR LINES INC","Takeoff","In work",,,"",""
"ERA25LA125","ACC","199755","2025-02-23T21:15:00Z","Okeechobee","Florida","United States",,"N63CK","CCX-2000-0120","false","Aviation","",,,"None","0","0","0","0",,,,,"27.264101","-80.853795000000005","C K ING ADVENTURE LLC","CCX-2000","AIR","OBE","OKEECHOBEE COUNTY","false","1",,,"PERS","091","Substantial","VMC",,"Landing","In work",,"Prelim","","https://data.ntsb.gov/carol-repgen/api/Aviation/ReportMain/GenerateNewestReport/199755/pdf"
"ERA25LA139","ACC","199827","2025-02-23T16:15:00Z","Gainesville","Georgia","United States",,"N2480D","20632","false","Aviation","",,,"None","0","0","0","0",,,,,"34.272626000000002","-83.830225999999996","CESSNA","170B","AIR","GVL","LEE GILMER MEML","false","1",,,"FERY","091","Substantial","VMC",,"Landing","In work",,"Prelim","","https://data.ntsb.gov/carol-repgen/api/Aviation/ReportMain/GenerateNewestReport/199827/pdf"
"WPR25LA102","ACC","199745","2025-02-23T15:20:00Z","La Verne","California","United States",,"N137RJ","172S8296","false","Aviation","",,,"None","0","0","0","0",,,,,"34.090000000000003","-117.78","CESSNA","172S","AIR","KPOC","Brackett Field","false","1",,,"INST","091","Substantial","VMC",,"Taxi","In work",,"Prelim","","https://data.ntsb.gov/carol-repgen/api/Aviation/ReportMain/GenerateNewestReport/199745/pdf"
"ERA25LA124","ACC","199754","2025-02-23T15:00:00Z","Tavares","Florida","United States",,"N40DJ","2470","false","Aviation","",,,"Minor","0","0","2","2",,,,,"28.800556","-81.727778000000001","DECKER DANIEL B","SEAREY","AIR","FA1","Tavares Seaplane Base","true","1",,,"PERS","091","Substantial","VMC",,"Landing","In work",,"Prelim","","https://data.ntsb.gov/carol-repgen/api/Aviation/ReportMain/GenerateNewestReport/199754/pdf"
"ERA25LA128","ACC","199759","2025-02-23T10:00:00Z","Alton Bay","New Hampshire","United States",,"N321TB","E-1998","false","Aviation","",,,"None","0","0","0","0",,,,,"43","-71","BEECH","A36","AIR","B18","Alton Bay","false","1",,,"PERS","091","Substantial","VMC",,"Landing","In work",,"Prelim","","https://data.ntsb.gov/carol-repgen/api/Aviation/ReportMain/GenerateNewestReport/199759/pdf"
"DCA25WA158","INC","199841","2025-02-22T17:21:00Z","Marrakesh",,"Madagascar",,"EI-IHG",,"false","Aviation","",,,,,,,,,,,,,,"BOEING","737-8MAX 200",,,,"false",,,,,"NUSC",,,"Ryan Air","Taxi","N/A",,,"","None"
"WPR25LA101","ACC","199744","2025-02-22T17:20:00Z","Santa Teresa","New Mexico","United States",,"N4191T","67-16164","false","Aviation","",,,"None","0","0","0","0",,,,,"31.874351000000001","-106.69204000000001","HUGHES","OH-6A","HELI","DNA",,"false","1",,,"INST","091","Substantial","VMC",,"Taxi","In work",,"Prelim","","https://data.ntsb.gov/carol-repgen/api/Aviation/ReportMain/GenerateNewestReport/199744/pdf"
"ERA25LA127","ACC","199758","2025-02-22T16:45:00Z","Mayo","Maryland","United States",,"N781FM","17274448","false","Aviation","",,,"Minor","0","0","1","1","0",,,,"38.892229999999998","-76.504779999999997","CESSNA","172P","AIR",,,"false","1",,,"INST","091","Substantial","VMC",,"Enroute","In work",,"Prelim","","https://data.ntsb.gov/carol-repgen/api/Aviation/ReportMain/GenerateNewestReport/199758/pdf"
"WPR25LA103","ACC","199746","2025-02-21T11:30:00Z","Pendleton","Oregon","United States",,"N265PA","178650100U","false","Aviation","",,,"None","0","0","0","0",,,,,"45.695095999999999","-118.84336","AMAZON.COM SERVICES LLC","MK30","HELI","PDT","EASTERN OREGON RGNL AT PENDLETON","false","6",,,"FLTS","091","Substantial",,"AMAZON.COM SERVICES LLC","Initial Climb","In work",,"Prelim","","https://data.ntsb.gov/carol-repgen/api/Aviation/ReportMain/GenerateNewestReport/199746/pdf"
"ANC25LA019","ACC","199729","2025-02-20T17:42:00Z","Wasilla","Alaska","United States",,"N2447J","18-7909125","false","Aviation","",,,"None","0","0","0","0",,,,,"61.4895","-149.60365999999999","PIPER","PA-18-150","AIR","77AK","Tidewater Airport","false","1",,,"PERS","091","Substantial","VMC",,"Approach","In work",,"Prelim","","https://data.ntsb.gov/carol-repgen/api/Aviation/ReportMain/GenerateNewestReport/199729/pdf"
"WPR25FA100","ACC","199728","2025-02-20T17:40:00Z","Ririe","Idaho","United States",,"N118LG","65107","false","Aviation","",,,"Fatal","1","1","0","2",,,,,"43.571959999999997","-111.73587000000001","BELL HELICOPTER TEXTRON CANADA","505","HELI",,,"false","1",,,"PERS","091","Substantial","VMC",,"Maneuvering","In work",,"Prelim","","https://data.ntsb.gov/carol-repgen/api/Aviation/ReportMain/GenerateNewestReport/199728/pdf"
"WPR25LA105","ACC","199748","2025-02-20T15:45:00Z","Cottonwood","Arizona","United States",,"N726ER","172S13029","false","Aviation","",,,"None","0","0","0","0",,,,,"34.730055999999998","-112.03513","TEXTRON AVIATION INC","172S","AIR","P52",,"false","1",,"NSCH","INST","091","Substantial",,"EMBRY-RIDDLE AERONAUTICAL UNIVERSITY INC","Landing","In work",,"Prelim","","https://data.ntsb.gov/carol-repgen/api/Aviation/ReportMain/GenerateNewestReport/199748/pdf"
"ENG25WA025","INC","199778","2025-02-20T14:00:00Z","Rio de Janeiro",,"Brazil",,"PR-OHY","41501","false","Aviation","",,,"None","0","0","0","0",,,,,,,"LEONARDO","AW139","HELI",,,"false",,,,,"NUSC","Unknown",,"Omni Taxi Aereo S.A.","Enroute","N/A",,"Prelim","","None"
"ERA25LA123","ACC","199743","2025-02-20T14:00:00Z","Argyle","New York","United States",,"N1609Y","17249309","false","Aviation","",,,"None","0","0","0","0","0",,,,"43.251269000000001","-73.471795","CESSNA","172C","AIR","1C3","Argyle Airport","false","1",,,"PERS","091","Substantial",,,"Landing","In work",,"Prelim","","https://data.ntsb.gov/carol-repgen/api/Aviation/ReportMain/GenerateNewestReport/199743/pdf"
"WPR25LA104","ACC","199747","2025-02-20T14:00:00Z","Waterville","Washington","United States",,"N7792A","32689","false","Aviation","",,,"None","0","0","0","0",,,,,"47.656004000000003","-120.05646","CESSNA","180A","AIR","2S5","WATERVILLE","false","1",,,"INST","091","Substantial",,,"Landing","In work",,"Prelim","","https://data.ntsb.gov/carol-repgen/api/Aviation/ReportMain/GenerateNewestReport/199747/pdf"
"GAA25WA107","ACC","199831","2025-02-20T12:30:00Z","Samburu",,"Kenya",,"5Y-BAD",,"false","Aviation","",,,,,,,,,,,,,,"CESSNA","C185-A",,,,"false",,,,,,,,,"Unknown","N/A",,,"","None"
"CEN25LA101","ACC","199749","2025-02-20T12:20:00Z","Farlinville","Kansas","United States",,"N30413","17701240","false","Aviation","",,,"None","0","0","0","0",,,,,"38.253472000000002","-94.790028000000007","CESSNA","177A","AIR",,,"false","1",,,"AOBV","091","Substantial","VMC","EAGLE SKY PATROL INC","Enroute","In work",,"Prelim","","https://data.ntsb.gov/carol-repgen/api/Aviation/ReportMain/GenerateNewestReport/199749/pdf"
"ANC25LA020","ACC","199751","2025-02-20T12:10:00Z","Kapolei","Hawaii","United States",,"N19867","17260818","false","Aviation","",,,"Minor","0","0","2","2",,,,,"21.310300000000002","-158.07130000000001","CESSNA","172M","AIR","JRF",,"false","1",,,"INST","091","Substantial","VMC","PACIFIC FLIGHT ACADEMY LLC","Initial Climb","In work",,"Prelim","","https://data.ntsb.gov/carol-repgen/api/Aviation/ReportMain/GenerateNewestReport/199751/pdf"
"GAA25WA099","ACC","199795","2025-02-20T05:00:00Z","Nizhny Novgorodr",,"Russia",,"RA-2296G",,"false","Aviation","",,,"Fatal","2","0","0","2",,,,,,,"VANS","RV7",,,,"false",,,,,,,,,"Maneuvering","N/A",,,"","None"
"GAA25WA096","ACC","199726","2025-02-19T18:00:00Z","Aerocity airstrip",,"Ecuador",,"HC-CAZ",,"false","Aviation","",,,"None","0","0","0","0",,,,,,,"CESSNA","188","AIR",,,"false",,,,,"UNK","Minor",,,"Landing","N/A",,"Prelim","","None"
"WPR25FA097","ACC","199723","2025-02-19T09:28:00Z","Marana","Arizona","United States",,"N3602M, N463ER","941-320-781, 172S11597","false","Aviation","",,,"Fatal","2","0","0","2","0",,,,"32.409567000000003","-111.21680000000001","LANCAIR, CESSNA","360, 172","AIR, AIR","AVQ","MARANA RGNL","true, false","1, 1",,,"PERS, INST","091, 091","Destroyed, Minor","VMC","BIRD ACQUISITION LLC","Approach","In work",,"Prelim","","https://data.ntsb.gov/carol-repgen/api/Aviation/ReportMain/GenerateNewestReport/199723/pdf"
"GAA25WA095","ACC","199725","2025-02-19T02:48:00Z","Barangay Lalang,","Other Foreign","Philippines",,"RP-C1085",,"false","Aviation","",,,,,,,,,,,,,,"PIPER","PA38",,,,"false",,,,,,,,,"Enroute","N/A",,,"",""
"CEN25LA121","ACC","199858","2025-02-18T17:30:00Z","Greenville","Mississippi","United States",,"N7486S","15070358","false","Aviation","",,,"None","0","0","0","0",,,,,"33.39002","-91.041842000000003","CESSNA","150J","AIR","GLH",,"false","1",,,"INST","091","Substantial",,"GARAGE DOORS OF GREENVILLE LLC","Emergency Descent","In work",,"Prelim","","https://data.ntsb.gov/carol-repgen/api/Aviation/ReportMain/GenerateNewestReport/199858/pdf"
"WPR25LA098","ACC","199724","2025-02-18T16:46:00Z","Oxnard","California","United States",,"N3901L","17254070","false","Aviation","",,,"None",,,,,,,,,"34.200806999999998","-119.20722000000001","CESSNA","172","AIR","OXR","Oxnard Airport","false","1",,,"INST","091","Substantial",,"SAN FERNANDO AVITIOIN LLC","Landing","In work",,"Prelim","","https://data.ntsb.gov/carol-repgen/api/Aviation/ReportMain/GenerateNewestReport/199724/pdf"
"CEN25LA096","ACC","199710","2025-02-17T23:15:00Z","Gladewater","Texas","United States",,"N26071","AA5A0413","false","Aviation","",,,"Minor","0","0","1","1","0",,,,"32.529572999999999","-94.972114000000005","GRUMMAN AMERICAN AVN. CORP.","AA-5A","AIR","07F",,"false","1",,,"PERS","091","Substantial","VMC",,"Initial Climb","In work",,"Prelim","","https://data.ntsb.gov/carol-repgen/api/Aviation/ReportMain/GenerateNewestReport/199710/pdf"
"ERA25LA129","ACC","199768","2025-02-17T16:03:00Z","Philadelphia","Pennsylvania","United States",,"N405TJ","0405","false","Aviation","",,,"None","0","0","0","0","0",,,,"39.933332999999998","-75.150000000000006","EUROCOPTER DEUTSCHLAND GMBH","EC135T2","HELI","9PA8",,"false","2",,"NSCH","OWRK","135","Substantial","VMC","AIR METHODS LLC","Approach","In work",,"Prelim","","https://data.ntsb.gov/carol-repgen/api/Aviation/ReportMain/GenerateNewestReport/199768/pdf"
"CEN25LA100","ACC","199714","2025-02-17T15:30:00Z","Breckenridge","Texas","United States",,"N597JC","18053054","false","Aviation","DirectorBrief","2025-03-20T04:00:00Z","2025-03-20T18:00:00Z","None","0","0","0","0","0","The mechanic’s failure to properly install the throttle cable hardware resulting in a separation of the cable and loss of engine throttle control.","Personnel issues - Action/decision - Action - Forgotten action/omission - Maintenance personnel, Aircraft - Aircraft power plant - Engine controls - Power lever - Incorrect service/maintenance",,"32.740000000000002","-98.891000000000005","CESSNA","180","AIR","BKD",,"false","1","REC",,"PERS","091","Destroyed","VMC",,"Maneuvering","Completed",,"Final","https://data.ntsb.gov/Docket?ProjectID=199714","https://data.ntsb.gov/carol-repgen/api/Aviation/ReportMain/GenerateNewestReport/199714/pdf"
"WPR25LA095","ACC","199721","2025-02-17T14:20:00Z","Geyserville","California","United States",,"N14QK","10003","false","Aviation","",,,"None","0","0","0","0",,,,,"38.71781","-122.88706000000001","QUICKSILVER AERONAUTICS LLC","L-S2S","AIR",,,"false","1",,,"PERS","091","Substantial","VMC",,"Enroute","In work",,"Prelim","","https://data.ntsb.gov/carol-repgen/api/Aviation/ReportMain/GenerateNewestReport/199721/pdf"
"DCA25WA127","ACC","199707","2025-02-17T05:00:00Z","Toronto","Other Foreign","Canada",,"N932XJ",,"false","Aviation","",,,,,,,,,,,,,,"BOMBARDIER INC","CL-600-2D24",,,,"false",,,"SCHD",,"121",,,"Endeavor Air","Landing","N/A",,,"","None"
"CEN25LA099","ACC","199713","2025-02-16T23:47:00Z","Pearland","Texas","United States",,"N2913E","17271371","false","Aviation","",,,,"0","0","0","0","0",,,,"29.521277999999999","-95.242138999999995","CESSNA","172N","AIR","LVJ","Pearland Regional Airport","false","1",,,"PERS","091","Substantial",,"FLYING TIGERS FLIGHT SCHOOL LTD","Approach","In work",,"Prelim","","https://data.ntsb.gov/carol-repgen/api/Aviation/ReportMain/GenerateNewestReport/199713/pdf"
"WPR25LA094","ACC","199720","2025-02-16T15:45:00Z","Flagstaff","Arizona","United States",,"N105DF","21064999","false","Aviation","",,,"None","0","0","0","0","0",,,,"35.162368999999998","-111.72794","CESSNA","T210R","AIR",,,"false","1",,,"POSI","091","Substantial","VMC","Douglas Friesen","Enroute","In work",,"Prelim","","https://data.ntsb.gov/carol-repgen/api/Aviation/ReportMain/GenerateNewestReport/199720/pdf"
"WPR25LA096","ACC","199722","2025-02-16T14:15:00Z","Minersville","Utah","United States",,"N151GW","15070186","false","Aviation","",,,"None","0","0","0","0",,,,,"38.219999999999999","-112.98999999999999","CESSNA","150J","AIR",,,"false","1",,,"PERS","091","Substantial","VMC",,"Enroute","In work",,"Prelim","","https://data.ntsb.gov/carol-repgen/api/Aviation/ReportMain/GenerateNewestReport/199722/pdf"
"CEN25LA097","ACC","199711","2025-02-16T13:39:00Z","Laredo","Texas","United States",,"N747HS","21356","false","Aviation","",,,"Serious","0","1","0","1","0",,,,"27.558406000000002","-99.462778","DOUGLAS","A-20G","AIR","LRD","Laredo International Airport","false","2",,,"ASHO","091","Substantial","VMC","Air Legends Foundation","Maneuvering","In work",,"Prelim","","https://data.ntsb.gov/carol-repgen/api/Aviation/ReportMain/GenerateNewestReport/199711/pdf"
"CEN25LA098","ACC","199712","2025-02-16T08:37:00Z","Cookville","Missouri","United States",,"N6100N","0216FF","false","Aviation","",,,"None","0","0","0","0","0",,,,"37.662131000000002","-92.206986000000001","MD HELICOPTERS INC","369FF","HELI","TBN","WAYNESVILLE-ST ROBERT RGNL FORNEY FLD","false","2",,,"AOBV","091","Substantial","VMC","USDA APHIS WS ATOC","Maneuvering","In work",,"Prelim","","https://data.ntsb.gov/carol-repgen/api/Aviation/ReportMain/GenerateNewestReport/199712/pdf"
"ERA25FA120","ACC","199706","2025-02-16T00:00:00Z","Covington","Georgia","United States",,"N1423J","423","false","Aviation","",,,"Fatal","2","0","0","2",,,,,"33.633727999999998","-83.842375000000004","ROCKWELL","112","AIR","CVC","Covington Municipal","false","1",,,"PERS","091","Destroyed","IMC",,"Takeoff","In work",,"Prelim","","https://data.ntsb.gov/carol-repgen/api/Aviation/ReportMain/GenerateNewestReport/199706/pdf"
"ERA25LA133","ACC","199792","2025-02-15T15:30:00Z","Culpepper","Virginia","United States",,"N373AM","C0379","false","Aviation","",,,"None","0","0","0","0","0",,,,"38.531039","-77.855456000000004","DIAMOND AIRCRAFT IND INC","DA20-C1","AIR","CJR","CULPEPER RGNL","false","1",,,"INST","091","Substantial","VMC","KA HOLDINGS LLC","Takeoff","In work",,"Prelim","","https://data.ntsb.gov/carol-repgen/api/Aviation/ReportMain/GenerateNewestReport/199792/pdf"
"ERA25LA121","ACC","199708","2025-02-15T09:35:00Z","Syracuse","New York","United States",,"N1178F","17254773","false","Aviation","",,,"None","0","0","0","0",,,,,"43","-76","CESSNA","172G","AIR","SYR","SYRACUSE HANCOCK INTL","false","1",,,"INST","091","Substantial","VMC",,"Taxi","In work",,"Prelim","","https://data.ntsb.gov/carol-repgen/api/Aviation/ReportMain/GenerateNewestReport/199708/pdf"
"ERA25FA119","ACC","199705","2025-02-14T19:40:00Z","Pierson","Florida","United States",,"N40EA","20800065","false","Aviation","",,,"Fatal","1","0","0","1","0",,,,"29.268160999999999","-81.350455999999994","CESSNA","208","AIR","None",,"false","1",,"NSCH","POSI","091","Substantial","Unknown","Skydive Palatka","Enroute","In work",,"Prelim","","https://data.ntsb.gov/carol-repgen/api/Aviation/ReportMain/GenerateNewestReport/199705/pdf"
"GAA25WA106","INC","199830","2025-02-14T02:06:00Z","Melbourne",,"Australia",,"VH-PPY",,"false","Aviation","",,,"None","0","0","0","0",,,,,"-37.975833000000002","145.10222200000001","SLING","LSA","AIR",,"Moorabbin Aerodrome","false",,,,,"091","Minor",,,"Taxi","N/A",,"Prelim","","None"
"WPR25LA093","ACC","199715","2025-02-13T11:50:00Z","Moab","Utah","United States",,"N3WL","9505","false","Aviation","",,,"None",,,,,,,,,"38.759068999999997","-109.74571","AIRBUS HELICOPTERS","EC 130 T2","HELI","CNY",,"false","1",,,"UNK","091","Minor",,"WELL LIVED MT LLC","Takeoff","In work",,"Prelim","","https://data.ntsb.gov/carol-repgen/api/Aviation/ReportMain/GenerateNewestReport/199715/pdf"
"DCA25WA151","INC","199784","2025-02-13T10:36:00Z","Truscot-Mungagalu",,"Australia",,"G-STDB",,"false","Aviation","",,,"Serious","0","1","0","1",,,,,,,"BOEING","777",,,,"false",,,"SCHD",,"129",,,"British Airways","Enroute","N/A",,,"","None"
"DCA25LA126","ACC","199703","2025-02-13T05:00:00Z","San Francisco","California","United States",,"N939WN",,"false","Aviation","",,,"Serious","0","1","0","1",,,,,,,"BOEING","737-7H4",,,,"false",,,"SCHD",,"121",,,"SOUTHWEST AIRLINES CO","Enroute","In work",,,"",""
"DCA25WA157","OCC","199833","2025-02-12T05:00:00Z","Darwin","Other Foreign","Australia",,"VH-UYO",,"false","Aviation","",,,,,,,,,,,,,,"EMBRAER","ERJ190",,,,"false",,,"SCHD",,"129",,,"QantasLink","Approach","N/A",,,"","None"
"ERA25LA115","ACC","199683","2025-02-11T12:10:00Z","Hampton","New Hampshire","United States",,"N77989","3716","false","Aviation","",,,"None","0","0","0","0","0",,,,"42.956899","-70.830757000000006","LUSCOMBE","8A","AIR","7B3","HAMPTON AIRFIELD","false","1",,,"PERS","091","Substantial","VMC",,"Approach","In work",,"Prelim","","https://data.ntsb.gov/carol-repgen/api/Aviation/ReportMain/GenerateNewestReport/199683/pdf"
"ERA25LA116","ACC","199685","2025-02-11T07:35:00Z","Asheboro","North Carolina","United States",,"N769DM","08SP24","false","Aviation","",,,"None","0","0","0","0","0",,,,"35.655695000000001","-79.894193000000001","Mackey Property Holdings LLC","Sparker","AIR","HBI","ASHEBORO RGNL","true","1",,,"PERS","091","Unknown","VMC",,"Landing","In work",,"Prelim","","https://data.ntsb.gov/carol-repgen/api/Aviation/ReportMain/GenerateNewestReport/199685/pdf"
"DCA25WA124","OCC","199698","2025-02-11T05:00:00Z","Rio de janiero","Other Foreign","Brazil",,"PS-GPP",,"false","Aviation","",,,,,,,,,,,,,,"BOEING","737",,,,"false",,,"SCHD",,"129",,,"Gol Airlines","Takeoff","N/A",,,"","None"
"WPR25FA090","ACC","199682","2025-02-10T15:55:00Z","Skull Valley","Utah","United States",,"N9324S","MC-345","false","Aviation","",,,"None","0","0","0","0",,,,,"40.749277999999997","-112.66943000000001","BEECH","B24R","AIR",,,"false","1",,,"INST","091","Substantial","VMC",,"Enroute","In work",,"Prelim","","https://data.ntsb.gov/carol-repgen/api/Aviation/ReportMain/GenerateNewestReport/199682/pdf"
"WPR25FA088","ACC","199677","2025-02-10T15:38:00Z","Scottsdale","Arizona","United States",,"N81VN","652","false","Aviation","",,,"Fatal","1","3","1","4","1",,,,"33.622478000000001","-111.90907","GATES LEARJET CORP.","35A","AIR","SDL","SCOTTSDALE","false","2",,,"EXEC","091","Substantial","VMC","CHROMED IN HOLLYWOOD INC","Landing","In work",,"Prelim","","https://data.ntsb.gov/carol-repgen/api/Aviation/ReportMain/GenerateNewestReport/199677/pdf"
"ERA25LA122","ACC","199741","2025-02-10T12:01:00Z","Doylestown","Pennsylvania","United States",,"N258DK","011000083","false","Aviation","",,,"None","0","0","0","0","0",,,,"40.33305","-75.122337999999999","ALLYN KASTE","RANS S-19 (KIT)","AIR","DYL","DOYLESTOWN","true","1",,,"PERS","091","Substantial","VMC",,"Initial Climb","In work",,"Prelim","","https://data.ntsb.gov/carol-repgen/api/Aviation/ReportMain/GenerateNewestReport/199741/pdf"
"ERA25LA112","ACC","199668","2025-02-09T15:45:00Z","Rock Hill","South Carolina","United States",,"N84048","17258314","false","Aviation","",,,"None","0","0","0","0","0",,,,"34.987833000000002","-81.057167000000007","CESSNA","172","AIR","UZA","ROCK HILL/YORK COUNTY/BRYANT FLD","false","1",,,"INST","091","Substantial","VMC","Aces Flight School","Landing","In work",,"Prelim","","https://data.ntsb.gov/carol-repgen/api/Aviation/ReportMain/GenerateNewestReport/199668/pdf"
"GAA25WA091","ACC","199692","2025-02-09T13:20:00Z","Dippenricht",,"Germany",,"D-HSEP","S1451","false","Aviation","",,,"Fatal","2","0","0","2","0",,,,,,"HUGHES","269C","HELI",,,"false","1",,,"PERS","NUSN","Destroyed",,"Franken-Helikopters","Unknown","N/A",,"Prelim","","None"
"WPR25LA092","ACC","199690","2025-02-09T12:15:00Z","Shafter","California","United States",,"N8535N","28-11334","false","Aviation","",,,"None","0","0","0","0",,,,,"35.495809999999999","-119.185","PIPER","PA-28-235","AIR","MIT","SHAFTER-MINTER FLD","false","1",,,"INST","091","Substantial","VMC",,"Approach","In work",,"Prelim","","https://data.ntsb.gov/carol-repgen/api/Aviation/ReportMain/GenerateNewestReport/199690/pdf"
"WPR25LA091","ACC","199686","2025-02-09T11:50:00Z","Auburn","California","United States",,"N92467","18260219","false","Aviation","DirectorBrief","2025-04-22T04:00:00Z","2025-04-22T18:00:00Z","None","0","0","0","0",,"The pilot’s improper use of throttle and brakes during engine start that resulted in a loss of control and impact with a hangar.","Aircraft - Aircraft oper/perf/capability - Aircraft capability - Braking capability - Incorrect use/operation, Aircraft - Aircraft power plant - Engine controls - Power lever - Incorrect use/operation, Personnel issues - Action/decision - Action - Forgotten action/omission - Pilot",,"38.954833000000001","-121.08172","CESSNA","182N","AIR","AUN","AUBURN MUNI","false","1","REC",,"PERS","091","Substantial","VMC",,"Standing","Completed",,"Final","https://data.ntsb.gov/Docket?ProjectID=199686","https://data.ntsb.gov/carol-repgen/api/Aviation/ReportMain/GenerateNewestReport/199686/pdf"
"WPR25LA099","ACC","199727","2025-02-09T10:45:00Z","Salome","Arizona","United States",,"N4185N","13656","false","Aviation","",,,"Minor","0","0","1","1",,,,,"33.759197","-113.61548000000001","CESSNA","140","AIR","2AZ1","Indian Hills Airpark","false","1",,,"PERS","091","Substantial","VMC",,"Approach","In work",,"Prelim","","https://data.ntsb.gov/carol-repgen/api/Aviation/ReportMain/GenerateNewestReport/199727/pdf"
"GAA25WA093","ACC","199709","2025-02-09T09:21:00Z","Eichstaff",,"Germany",,"EDFE",,"false","Aviation","",,,,,,,,,,,,,,"CESSNA","172",,,,"false",,,,,,,,,"Landing","N/A",,,"",""
"ERA25LA113","ACC","199669","2025-02-07T23:33:00Z","Cheswold","Delaware","United States",,"N186DS","1022","false","Aviation","",,,"Minor","0","0","2","2","0",,,,"39.216622999999998","-75.609254000000007","VULCANAIR S P A","VULCANAIR V1.0","AIR","33N","DELAWARE AIRPARK","false","1",,,"INST","091","Substantial","VMC","DELAWARE STATE UNIVERSITY AVIATION PROGRAM","Approach","In work",,"Prelim","","https://data.ntsb.gov/carol-repgen/api/Aviation/ReportMain/GenerateNewestReport/199669/pdf"
"GAA25WA090","INC","199684","2025-02-07T21:55:00Z","La Plata",,"Argentina",,"LV-OMI","AR-28-8190032","false","Aviation","",,,"None","0","0","0","0",,,,,"-34.874443999999997","-57.961388999999997","PIPER","PA28","AIR",,,"false","1",,,"PERS","NUSN","Minor",,,"Enroute","N/A",,"Prelim","","None"
"GAA25WA088","ACC","199678","2025-02-07T17:30:00Z","Clermont",,"Ireland",,"G-BIOI","477","false","Aviation","",,,"Serious","0","1","2","3","0",,,,"53.906264","-6.4449969999999999","JODEL","DR1050","AIR",,,"false","1",,,,"NUSN","Destroyed",,,"Maneuvering","N/A",,"Prelim","","None"
"CEN25LA093","ACC","199672","2025-02-07T17:30:00Z","Spearman","Texas","United States",,"N7191B","3074","false","Aviation","",,,"Minor","0","0","1","1",,,,,"35.997680000000003","-101.10169999999999","ROBINSON HELICOPTER","R22 BETA","HELI",,,"false","1",,,"PERS","091","Substantial","VMC",,"Maneuvering","In work",,"Prelim","","https://data.ntsb.gov/carol-repgen/api/Aviation/ReportMain/GenerateNewestReport/199672/pdf"
"GAA25WA089","ACC","199679","2025-02-07T15:30:00Z","Santa Cruz","Other Foreign","Honduras",,"HR-AFM",,"false","Aviation","",,,"Minor","0","0","1","1","0",,,,"13.256138999999999","-87.325361000000001","PIPER","PA25","AIR",,,"false","1",,,"AAPL","NUSN","Substantial","VMC",,"Maneuvering","N/A",,"Prelim","","None"
"GAA25WA104","ACC","199822","2025-02-07T14:30:00Z","Morcovia",,"Honduras",,"HR-AFM",,"false","Aviation","",,,"Minor","0","0","1","1",,,,,,,"PIPER","PA25","AIR",,,"false",,,,"AAPL","NUSN","Substantial",,,"Maneuvering","N/A",,"Prelim","","None"
"GAA25WA094","ACC","199717","2025-02-07T08:20:00Z","São Paulo city",,"Brazil",,"PS-FEM",,"false","Aviation","",,,"Fatal","2","0","0","2",,,,,,,"BEECRAFT","F90","AIR",,,"false",,,,,"NUSN","Destroyed",,,"Takeoff","N/A",,"Prelim","","None"
"WPR25LA107","ACC","199800","2025-02-06T18:45:00Z","Grand Canyon Village","Arizona","United States",,"N9317M","20700680","false","Aviation","",,,"None","0","0","0","0",,,,,"35.952361000000003","-112.14697","CESSNA","T207A","AIR","GCN","GRAND CANYON NTL PARK","false","1",,,"POSI","091","Substantial","VMC","WESTWIND AVIATION INC","Takeoff","In work",,"Prelim","","https://data.ntsb.gov/carol-repgen/api/Aviation/ReportMain/GenerateNewestReport/199800/pdf"
"ANC25MA018","ACC","199662","2025-02-06T16:20:00Z","Nome","Alaska","United States",,"N321BA","208B5613","false","Aviation","",,,"Fatal","10","0","0","10","0",,,,"64.351667000000006","-164.28083000000001","TEXTRON AVIATION INC","208B","AIR","OME","Nome","false","1",,"SCHD",,"135","Destroyed","VMC","BERING AIR INC","Enroute","In work",,"Prelim","","https://data.ntsb.gov/carol-repgen/api/Aviation/ReportMain/GenerateNewestReport/199662/pdf"
"CEN25LA092","ACC","199660","2025-02-06T16:00:00Z","Llano","Texas","United States",,"N73081","10297","false","Aviation","DirectorBrief","2025-03-13T04:00:00Z","2025-03-13T18:00:00Z","None","0","0","0","0","0","The flight instructor’s failure to maintain directional control during the landing roll, that resulted in a ground loop, and a susbquent runway excursion.","Personnel issues - Task performance - Use of equip/info - Aircraft control - Instructor/check pilot, Aircraft - Aircraft oper/perf/capability - Performance/control parameters - Directional control - Not attained/maintained, Personnel issues - Action/decision - Action - Incorrect action performance - Instructor/check pilot, Personnel issues - Psychological - Attention/monitoring - Task monitoring/vigilance - Instructor/check pilot",,"30.788722","-98.662108000000003","CESSNA","140","AIR","AQO","LLANO MUNI","false","1","REC",,"INST","091","Substantial","VMC",,"Landing","Completed",,"Final","https://data.ntsb.gov/Docket?ProjectID=199660","https://data.ntsb.gov/carol-repgen/api/Aviation/ReportMain/GenerateNewestReport/199660/pdf"
"CEN25LA095","ACC","199693","2025-02-06T15:10:00Z","Waco","Texas","United States",,"N798SP","172S8722","false","Aviation","",,,"None","0","0","0","0","0",,,,"31.637806000000001","-97.074139000000002","CESSNA","172S","AIR","CNW","Texas State Tech College Waco Airport","false","1",,,"INST","091","Substantial","VMC","Texas State Technical College","Landing","In work",,"Prelim","","https://data.ntsb.gov/carol-repgen/api/Aviation/ReportMain/GenerateNewestReport/199693/pdf"
"ENG25WA024","INC","199716","2025-02-06T09:20:00Z","Dubai","Other Foreign","United Arab Emirates",,"A6-E0L","186","false","Aviation","",,,"None","0","0","0","0",,,,,"25.258302","55.363702000000004","AIRBUS","A380","AIR",,,"false",,,,,"NUSC","Minor",,"Emirates","Initial Climb","N/A",,"Prelim","","None"
"GAA25WA086","ACC","199675","2025-02-06T03:20:00Z","Bentong Helicopter Landing Site",,"Malaysia",,"PK-LUV",,"false","Aviation","",,,"Fatal","1","0","0","0","1",,,,,,"BELL","206L-4","HELI",,,"false",,,,,"NUSC","Destroyed",,,"Maneuvering","N/A",,"Prelim","","None"
"CEN25LA094","ACC","199681","2025-02-05T19:48:00Z","Pine Bluff","Arkansas","United States",,"N138TL","TJ-362","false","Aviation","",,,"Minor","0","0","1","1","0",,,,"34.172511999999998","-91.935368999999994","BEECH","58P","AIR",,,"false","2",,,"BUS","091","Substantial","IMC","HARVEST INTERNATIONAL MINISTRIES INC","Enroute","In work",,"Prelim","","https://data.ntsb.gov/carol-repgen/api/Aviation/ReportMain/GenerateNewestReport/199681/pdf"
"ERA25LA111","ACC","199656","2025-02-05T17:26:00Z","New Lexington","Ohio","United States",,"N406SR","2298","false","Aviation","",,,"Serious","0","1","0","1",,,,,"39.683332999999998","-82.205083999999999","CIRRUS DESIGN CORP","SR22","AIR","I86","Ed Newlon Field Airport","false","1",,,"PERS","091","Substantial",,,"Enroute","In work",,"Prelim","","https://data.ntsb.gov/carol-repgen/api/Aviation/ReportMain/GenerateNewestReport/199656/pdf"
"ERA25LA109","ACC","199651","2025-02-05T14:00:00Z","Weirsdale","Florida","United States",,"N811WJ",,"false","Aviation","",,,"Serious","0","1","0","1",,,,,,,"NEAR WILLIAM J","RV-7A",,,,"false",,,,,,,,"NEAR WILLIAM J","Unknown","In work",,,"",""
"DCA25LA117","ACC","199653","2025-02-05T11:15:00Z","Seattle","Washington","United States",,"N3737C, JA868J","30799, 34845","false","Aviation","",,,"None","0","0","0","0",,,,,"47.437114000000001","-122.30399","BOEING, BOEING","737-832, 787","AIR, AIR","SEA","SEATTLE-TACOMA INTL","false, false","2, 2",,"SCHD, SCHD",,"121, 129","Substantial, Minor","VMC","DELTA AIR LINES INC, Japan Air Lines","Standing","In work",,"Prelim","","https://data.ntsb.gov/carol-repgen/api/Aviation/ReportMain/GenerateNewestReport/199653/pdf"
"GAA25WA084","ACC","199671","2025-02-05T09:30:00Z","Polokwane Civil Aerodrome",,"South Africa",,"ZS-RAC",,"false","Aviation","",,,"Fatal","1","0","0","1",,,,,,,"BELL","206",,,,"false",,,,,,,,,"Unknown","N/A",,,"",""
"ERA25LA117","ACC","199691","2025-02-05T09:30:00Z","Fort Myers","Florida","United States",,"N94JA","17280632","false","Aviation","DirectorBrief","2025-04-22T04:00:00Z","2025-04-22T18:00:00Z","None","0","0","0","0","0","The student pilot’s failure to maintain clearance from a truck while taxiing.","Personnel issues - Psychological - Attention/monitoring - Monitoring environment - Student/instructed pilot, Environmental issues - Physical environment - Object/animal/substance - Ground vehicle - Decision related to condition",,"26.581695","-81.863568000000001","CESSNA","172","AIR","FMY","PAGE FLD","false","1","REC",,"INST","091","Substantial","VMC","Yoanna Flight School","Taxi","Completed",,"Final","https://data.ntsb.gov/Docket?ProjectID=199691","https://data.ntsb.gov/carol-repgen/api/Aviation/ReportMain/GenerateNewestReport/199691/pdf"
"DCA25WA122","OCC","199670","2025-02-04T05:00:00Z","Olympic Dam",,"Australia",,"VH-A2T",,"false","Aviation","",,,"None","0","0","0","0",,,,,,,"EMBRAER","ERJ190",,,,"false",,,,,,,,"Alliance Airlines","Approach","N/A",,,"","None"
"GAA25WA108","ACC","199834","2025-02-03T17:15:00Z","Novo Progresso","Other Foreign","Brazil",,"PT-JTP",,"false","Aviation","",,,"None","0","0","0","0","0",,,,,,"CESSNA","U206",,,,"false",,,,,,,,,"Enroute","N/A",,,"","None"
"ERA25LA114","ACC","199673","2025-02-03T17:00:00Z","Clarksville","Tennessee","United States",,"N62112","17275214","false","Aviation","",,,"None","0","0","0","0","0",,,,"36.621865","-87.414947999999995","CESSNA","172P","AIR","CKV","OUTLAW FLD","false","1",,"NSCH","INST","091","Substantial","VMC","REGISTRATION PENDING","Enroute","In work",,"Prelim","","https://data.ntsb.gov/carol-repgen/api/Aviation/ReportMain/GenerateNewestReport/199673/pdf"
"ANC25LA017","ACC","199633","2025-02-02T14:54:00Z","Anchorage","Alaska","United States",,"N3206U","18254606","false","Aviation","",,,"None","0","0","0","0",,,,,"61.216351000000003","-149.82227","CESSNA","182F","AIR","MRI","Merrill Field","false","1",,,"PERS","091","Substantial","VMC",,"Emergency Descent","In work",,"Prelim","","https://data.ntsb.gov/carol-repgen/api/Aviation/ReportMain/GenerateNewestReport/199633/pdf"
"WPR25LA086","ACC","199642","2025-02-02T14:00:00Z","Ramona","California","United States",,"N5268K","17274038","false","Aviation","",,,"None","0","0","0","0",,,,,"33.039451999999997","-116.91526","CESSNA","172P","AIR","RNM","Ramona Airport","false","1",,,"PERS","091","Substantial","VMC",,"Approach","In work",,"Prelim","","https://data.ntsb.gov/carol-repgen/api/Aviation/ReportMain/GenerateNewestReport/199642/pdf"
"CEN25LA091","ACC","199640","2025-02-01T23:30:00Z","Ennis","Texas","United States",,"N334LF","20-1026","false","Aviation","DirectorBrief","2025-03-06T05:00:00Z","2025-03-06T19:00:00Z","None","0","0","0","0","0","The pilot’s improper fuel planning which resulted in the total loss of engine power due to fuel exhaustion.","Personnel issues - Task performance - Planning/preparation - Fuel planning - Pilot, Aircraft - Fluids/misc hardware - Fluids - Fuel - Fluid level",,"32.360390000000002","-96.536689999999993","AIRCRAFT MFG & DEVELOPMENT CO","CH 2000","AIR",,,"false","1","REC",,"PERS","091","Substantial","VMC",,"Enroute","Completed",,"Final","https://data.ntsb.gov/Docket?ProjectID=199640","https://data.ntsb.gov/carol-repgen/api/Aviation/ReportMain/GenerateNewestReport/199640/pdf"
"DCA25LA120","ACC","199663","2025-02-01T19:50:00Z","Chicago","Illinois","United States",,"N420AW",,"false","Aviation","",,,"Serious",,,,,,,,,,,"BOMBARDIER INC","CL-600-2B19",,,,"false",,,"SCHD",,"121",,,"AIR WISCONSIN AIRLINES LLC","Taxi","In work",,,"",""
"GAA25WA078","ACC","199646","2025-02-01T18:00:00Z","San Miguel","Other Foreign","Philippines",,"RP-C3424",,"false","Aviation","",,,,,,,,,,,,,,"ROBINSON","R44",,,,"false",,,,,,,,,"Unknown","N/A",,,"",""
"CEN25LA090","ACC","199639","2025-02-01T14:50:00Z","Sparta","Illinois","United States",,"N88LE","1039WEF","false","Aviation","",,,"None","0","0","0","0","0",,,,"38.148864000000003","-89.698504","RUTAN","Long-EZ","AIR","SAR","Sparta Community Airport - Hunter Field","false","1",,,"PERS","091","Destroyed","VMC",,"Taxi","In work",,"Prelim","","https://data.ntsb.gov/carol-repgen/api/Aviation/ReportMain/GenerateNewestReport/199639/pdf"
"WPR25LA087","ACC","199647","2025-02-01T14:00:00Z","Upland","California","United States",,"N79LC, N2951H","AL-1143, 3576","false","Aviation","",,,"None","0","0","0","0",,,,,"34.111609000000001","-117.68738","AMERICAN LEGEND AIRCRAFT CO, ERCOUPE","AL3, 415-C","AIR, AIR","CCB","CABLE","false, false","1, 1",,,"PERS, PERS","091, 091","Substantial, Substantial",,,,"In work",,"Prelim","","https://data.ntsb.gov/carol-repgen/api/Aviation/ReportMain/GenerateNewestReport/199647/pdf"
"GAA25WA077","ACC","199645","2025-02-01T14:00:00Z","Pacific Ocean","Other Foreign","Ecuador",,"HC-CQY","10116","false","Aviation","",,,"Fatal","1","1","0","1","1",,,,,,"ROBINSON","R44","HELI",,,"false","1",,,"AOBV","UNK","Substantial",,,"Takeoff","N/A",,"Prelim","","None"
"WPR25LA089","ACC","199680","2025-02-01T10:30:00Z","Daggett","California","United States",,"N466TM","57-466","false","Aviation","DirectorBrief","2025-04-22T04:00:00Z","2025-04-22T18:00:00Z","Serious","0","2","0","2","0","An inflight upset due to an improperly secured load that resulted in serious injuries.","Aircraft - Aircraft oper/perf/capability - Performance/control parameters - Pitch control - Attain/maintain not possible, Personnel issues - Task performance - Use of equip/info - Use of equip/system - Cabin crew, Organizational issues - Support/oversight/monitoring - Oversight - Oversight of personnel - Operator",,"35.100116","-116.90367999999999","LOCKHEED","C-130A","AIR",,,"false","4","TP","NSCH","ADRP","091","None","VMC","TBM INC","Enroute","Completed",,"Final","https://data.ntsb.gov/Docket?ProjectID=199680","https://data.ntsb.gov/carol-repgen/api/Aviation/ReportMain/GenerateNewestReport/199680/pdf"
"ERA25MA106","ACC","199630","2025-01-31T19:07:00Z","Philadelphia","Pennsylvania","United States",,"XA-UCI","032","false","Aviation","",,,"Fatal","7","4","20","6","25",,,,"40.046461000000001","-75.057582999999994","LEARJET","55","AIR","PNE","Northeast Philadelphia Airport","false","2",,,"BUS","129","Destroyed","IMC","Med Jets, S.A. DE C.V.","Takeoff","In work",,"Prelim","","https://data.ntsb.gov/carol-repgen/api/Aviation/ReportMain/GenerateNewestReport/199630/pdf"
"GAA25WA079","ACC","199648","2025-01-31T05:00:00Z","Santa Cruz","Other Foreign","Bolivia",,"CP-2293",,"false","Aviation","",,,"Serious","0","1","0","1",,,,,,,"CESSNA","188","AIR",,,"false",,,,,"NUSN","Destroyed",,,"Maneuvering","N/A",,"Prelim","","None"
"ERA25LA108","ACC","199643","2025-01-30T16:30:00Z","Ravenswood","West Virginia","United States",,"N74608","AA5B0282","false","Aviation","DirectorBrief","2025-04-22T04:00:00Z","2025-04-22T18:00:00Z","None","0","0","0","0",,"The pilot’s distraction during taxi, which resulted in a taxiway excursion.","Aircraft - Aircraft oper/perf/capability - Performance/control parameters - Directional control - Not attained/maintained, Personnel issues - Psychological - Attention/monitoring - Attention - Pilot",,"38.925573999999997","-81.82329","GRUMMAN AMERICAN AVN. CORP.","AA-5B","AIR","I18","JACKSON COUNTY","false","1","REC",,"PERS","091","Substantial","VMC",,"Taxi","Completed",,"Final","https://data.ntsb.gov/Docket?ProjectID=199643","https://data.ntsb.gov/carol-repgen/api/Aviation/ReportMain/GenerateNewestReport/199643/pdf"
"ERA25LA107","ACC","199634","2025-01-30T11:34:00Z","Fellsmere","Florida","United States",,"N8ZT","5293","false","Aviation","",,,,,,,,,,,,"27.680430000000001","-80.523218","AVIAT INC","PITTS S-2B","AIR",,,"false","1",,,"PERS","091","Unknown",,,"Enroute","In work",,"Prelim","","https://data.ntsb.gov/carol-repgen/api/Aviation/ReportMain/GenerateNewestReport/199634/pdf"
"DCA25MA108","ACC","199620","2025-01-29T21:48:00Z","Washington","District of Columbia","United States",,"N709PS, UNREG","10165, ","true","Aviation","",,,"Fatal","67","0","0","67",,,,,"38.845339000000003","-77.024186999999998","BOMBARDIER INC, SIKORSKY","CL-600-2C10, UH60","AIR, HELI",,,"false, false","2",,"SCHD, NSCH",,"121, ARMF","Destroyed, Destroyed","VMC","PSA Airlines, Army Department of Defense","Approach","In work",,"Prelim","","https://data.ntsb.gov/carol-repgen/api/Aviation/ReportMain/GenerateNewestReport/199620/pdf"
"WPR25LA085","ACC","199623","2025-01-29T15:17:00Z","Santa Barbara","California","United States",,"N124LZ","1125","false","Aviation","",,,"Serious","0","2","0","2",,,,,"34.438175000000001","-119.85799","CIRRUS DESIGN CORP","SR22T","AIR","SBA","Santa Barbara Municipal Airport","false","1",,,"PERS","091","Destroyed","VMC","LIMA ZULU AIRCRAFT CORP","Approach","In work",,"Prelim","","https://data.ntsb.gov/carol-repgen/api/Aviation/ReportMain/GenerateNewestReport/199623/pdf"
"GAA25WA073","ACC","199625","2025-01-29T05:00:00Z","Baruta","Other Foreign","Venezuela",,"YV3561",,"false","Aviation","",,,"Fatal","3","0","0","3","0",,,,,,"CESSNA","550",,,,"false",,,,,,,,,"Initial Climb","N/A",,,"","None"
"ERA25LA118","ACC","199695","2025-01-28T22:05:00Z","Kennesaw","Georgia","United States",,"N1159K","172S10357","false","Aviation","",,,"None","0","0","0","0",,,,,"34.013458","-84.588071999999997","CESSNA","172","AIR","RYY","COBB COUNTY INTL/MCCOLLUM FLD","false","1",,,"INST","091","Substantial",,"CAVU AERO LLC","Landing","In work",,"Prelim","","https://data.ntsb.gov/carol-repgen/api/Aviation/ReportMain/GenerateNewestReport/199695/pdf"
"DCA25WA125","OCC","199701","2025-01-28T05:00:00Z","Kano","Other Foreign","Nigeria",,"5N-MBD",,"false","Aviation","",,,,,,,,,,,,,,"BOEING","737",,,,"false",,,"SCHD",,"129",,,"Max Air","Landing","N/A",,,"","None"
"DCA25WA106","INC","199617","2025-01-27T17:11:00Z","Jakarta",,"Indonesia",,"N",,"false","Aviation","",,,"Minor","0","0","2","2",,,,,,,"BOEING","737",,,,"false",,,,,"NUSC",,,,"Enroute","N/A",,,"","None"
"CEN25LA089","ACC","199624","2025-01-27T16:43:00Z","Brush","Colorado","United States",,"N1739K","4466","false","Aviation","DirectorBrief","2025-02-27T05:00:00Z","2025-02-27T19:00:00Z","Minor","0","0","1","1","0","The failure of the left main landing gear forward strut.","Aircraft - Aircraft systems - Landing gear system - Main gear strut/axle/truck - Failure, Personnel issues - Task performance - Use of equip/info - Aircraft control - Pilot",,"40.264361000000001","-103.57563","LUSCOMBE","8E","AIR","7V5","Brush Municipal Airport","false","1","REC",,"PERS","091","Substantial","VMC",,"Landing","Completed",,"Final","https://data.ntsb.gov/Docket?ProjectID=199624","https://data.ntsb.gov/carol-repgen/api/Aviation/ReportMain/GenerateNewestReport/199624/pdf"
"CEN25LA088","ACC","199611","2025-01-27T10:30:00Z","Air Force Academy","Colorado","United States",,"N51387","172S9013","false","Aviation","DirectorBrief","2025-04-22T04:00:00Z","2025-04-22T18:00:00Z","None","0","0","0","0","0","The pilot’s failure to maintain airplane control during final approach after encountering an unexpected windshear.","Environmental issues - Conditions/weather/phenomena - Wind - Windshear - Effect on operation, Environmental issues - Conditions/weather/phenomena - Wind - Windshear - Response/compensation, Personnel issues - Task performance - Use of equip/info - Aircraft control - Pilot, Aircraft - Aircraft oper/perf/capability - Performance/control parameters - Descent rate - Not attained/maintained",,"38.973390999999999","-104.82003","CESSNA","172S","AIR","AFF","USAF Academy Davis Airfield","false","1","REC",,"INST","091","Substantial","VMC","10FSS - USAFA AERO CLUB","Approach","Completed",,"Final","https://data.ntsb.gov/Docket?ProjectID=199611","https://data.ntsb.gov/carol-repgen/api/Aviation/ReportMain/GenerateNewestReport/199611/pdf"
"DCA25WA104","INC","199615","2025-01-27T05:00:00Z","Cochabamba",,"Belarus",,"CP-2923",,"false","Aviation","",,,"None","0","0","0","0",,,,,,,"BOEING","737",,,,"false",,,,,,,,,"Takeoff","N/A",,,"","None"
"GAA25WA070","ACC","199609","2025-01-26T15:04:00Z","Región del Bio Bio","Other Foreign","Chile",,"CC-KKM",,"false","Aviation","",,,"Fatal","2","2","0","4","0",,,,,,"CESSNA","182",,,,"false",,,,,,,,,"Enroute","N/A",,,"","None"
"ENG25WA020","INC","199664","2025-01-25T22:44:00Z","Monterrey","Other Foreign","Mexico",,"XA-VAY","8027","false","Aviation","",,,"None","0","0","0","0",,,,,"25.782211","-100.1097","AIRBUS","A320","AIR",,,"false",,,,,"NUSC","None",,"VIVA Aerobus","Enroute","N/A",,"Prelim","","None"
"ERA25FA103","ACC","199596","2025-01-25T13:35:00Z","Charlottesville","Virginia","United States",,"N2UZ","D-9980","false","Aviation","",,,"Fatal","1","0","0","1","0",,,,"38.096676000000002","-78.454201999999995","BEECH","V35B","AIR","CHO","Charlottesville-Albemarle Airport","false","1",,,"PERS","091","Destroyed","VMC",,"Enroute","In work",,"Prelim","","https://data.ntsb.gov/carol-repgen/api/Aviation/ReportMain/GenerateNewestReport/199596/pdf"
"GAA25WA087","ACC","199676","2025-01-25T13:00:00Z","PARÁ DE MINAS - MINAS GERAIS","Other Foreign","Brazil",,"PR-NEI",,"false","Aviation","",,,"None","0","0","0","0",,,,,,,"CESSNA","172","AIR",,,"false",,,,,"NUSN","Destroyed",,,"Takeoff","N/A",,"Prelim","","None"
"WPR25LA083","ACC","199612","2025-01-24T11:30:00Z","Vacaville","California","United States",,"N730CS","CCK-1865-1076","false","Aviation","",,,"None","0","0","0","0",,,,,"38.378222000000001","-121.96119","CHARLES E SPENCER","CCK-1865","AIR","VCB","NUT TREE","true","1",,,"PERS","091","Substantial","VMC",,"Landing","In work",,"Prelim","","https://data.ntsb.gov/carol-repgen/api/Aviation/ReportMain/GenerateNewestReport/199612/pdf"
"DCA25LA093","ACC","199591","2025-01-24T01:31:00Z","Dabouzra",,"Cote D'ivoire",,"N27903","34823","false","Aviation","",,,"Serious","0","1","15","16",,,,,"7","-6","BOEING","787-8","AIR",,,"false","2",,"SCHD",,"121","None",,"United Airlines","Enroute","In work",,"Prelim","","https://data.ntsb.gov/carol-repgen/api/Aviation/ReportMain/GenerateNewestReport/199591/pdf"
"WPR25LA082","ACC","199593","2025-01-23T16:15:00Z","Columbia","California","United States",,"N79910","17258243","false","Aviation","",,,"Serious","0","2","0","2",,,,,"38.015813000000001","-120.41977","CESSNA","172K","AIR","O22","COLUMBIA","false","1",,,"PERS","091","Substantial","VMC",,"Approach","In work",,"Prelim","","https://data.ntsb.gov/carol-repgen/api/Aviation/ReportMain/GenerateNewestReport/199593/pdf"
"GAA25WA080","ACC","199649","2025-01-23T15:00:00Z","Canarana",,"Brazil",,"PR-AAN","18802968T","false","Aviation","",,,"Fatal","1","0","0","1","0",,,,"-13.145277999999999","-52.749167","CESSNA","188","AIR",,,"false","1",,,"AAPL","NUSC","Substantial",,,"Maneuvering","N/A",,"Prelim","","None"
"CEN25LA087","ACC","199592","2025-01-22T23:50:00Z","Arcola","Texas","United States",,"N44BN","K077","false","Aviation","DirectorBrief","2025-03-20T04:00:00Z","2025-03-20T18:00:00Z","None","0","0","0","0","0","The pilot’s failure to extend the airplane’s landing gear before landing.","Personnel issues - Action/decision - Action - Forgotten action/omission - Pilot, Personnel issues - Task performance - Use of equip/info - Use of equip/system - Pilot, Aircraft - Aircraft systems - Landing gear system - Gear extension and retract sys - Not used/operated",,"29.506209999999999","-95.476695000000007","EPIC AIRCRAFT LLC","E1000","AIR","AXH","Houston Southwest Airport","false","1","TP",,"BUS","091","Substantial","VMC",,"Landing","Completed",,"Final","https://data.ntsb.gov/Docket?ProjectID=199592","https://data.ntsb.gov/carol-repgen/api/Aviation/ReportMain/GenerateNewestReport/199592/pdf"
"ENG25WA019","INC","199629","2025-01-22T07:30:00Z","Hermosillo","Other Foreign","Mexico",,"N543VL","9070","false","Aviation","",,,"None","0","0","0","0",,,,,"29.094854000000002","-111.05065","AIRBUS","A321-271N","AIR",,,"false","2",,,,"NUSC","None",,"Volaris","Takeoff","N/A",,"Prelim","","None"
"GAA25WA069","ACC","199607","2025-01-21T18:00:00Z","Les Allues","Other Foreign","France",,"F-BAYP",,"false","Aviation","",,,,,,,,,,,,,,"PIPER","PA18",,,,"false",,,,,,,,,"Approach","N/A",,,"","None"
"ENG25WA017","INC","199583","2025-01-21T16:54:00Z","Santiago",,"Chile",,"PH-BHO",,"false","Aviation","",,,,,,,,,,,,,,"BOEING","787","AIR",,,"false",,,"SCHD",,"121","Minor",,"KLM Royal Dutch Airlines","Pushback/Tow","N/A",,"Prelim","","None"
"GAA25WA142","ACC","200041","2025-01-21T14:45:00Z","Maripasoula",,"French Guiana",,"HB-FDU",,"false","Aviation","",,,"Serious","0","1","0","1",,,,,,,"PILATUS","PC6",,,,"false",,,,,,,,,"Approach","N/A",,,"","None"
"ENG25WA015","INC","199572","2025-01-20T22:00:00Z","Nassau",,"Bassas Da India",,"CS-CHJ",,"false","Aviation","",,,,,,,,,,,,,,"BOMBARDIER","BD100 1A10",,,,"false",,,,,,,,,"Initial Climb","N/A",,,"","None"
"GAA25WA067","ACC","199584","2025-01-20T19:08:00Z","Canelillos",,"Chile",,"CC-PEC",,"false","Aviation","",,,"None","0","0","0","0",,,,,"-35.959721999999999","-72.665000000000006","PIPER","PA31","AIR",,,"false","2",,,"PERS","NUSN","Substantial",,,"Takeoff","N/A",,"Prelim","","None"
"CEN25LA085","ACC","199582","2025-01-20T13:50:00Z","Mount Vernon","Illinois","United States",,"N8997W","28-10579","false","Aviation","DirectorBrief","2025-03-06T05:00:00Z","2025-03-06T19:00:00Z","None","0","0","0","0",,"The pilot's improper landing flare and subsequent improper recovery from a bounced landing, which resulted in a collision with terrain.","Aircraft - Aircraft oper/perf/capability - Performance/control parameters - Landing flare - Not attained/maintained, Personnel issues - Task performance - Use of equip/info - Aircraft control - Pilot",,"38.323360999999998","-88.858500000000006","PIPER","PA-28-235","AIR","MVN","Mount Vernon Airport","false","1","REC","NSCH","PERS","091","Substantial","VMC",,"Landing","Completed",,"Final","https://data.ntsb.gov/Docket?ProjectID=199582","https://data.ntsb.gov/carol-repgen/api/Aviation/ReportMain/GenerateNewestReport/199582/pdf"
"CEN25LA083","ACC","199571","2025-01-20T11:45:00Z","Minneapolis","Minnesota","United States",,"N6NR","258701","false","Aviation","DirectorBrief","2025-03-06T05:00:00Z","2025-03-06T19:00:00Z","None","0","0","0","0","0","The failure of the nose landing gear to extend for undetermined reasons.","Aircraft - Aircraft systems - Landing gear system - (general) - Malfunction, Not determined - Not determined - (general) - (general) - Unknown/Not determined",,"44.881971999999998","-93.221778","RAYTHEON AIRCRAFT COMPANY","HAWKER 800XP","AIR","MSP","MINNEAPOLIS-ST PAUL INTL/WOLD-CHAMBERLAIN","false","2","TF",,"PERS","091","Substantial","VMC",,"Approach","Completed",,"Final","https://data.ntsb.gov/Docket?ProjectID=199571","https://data.ntsb.gov/carol-repgen/api/Aviation/ReportMain/GenerateNewestReport/199571/pdf"
"ERA25LA102","ACC","199590","2025-01-20T09:30:00Z","Orlando","Florida","United States",,"N976DR","PP-007","false","Aviation","DirectorBrief","2025-04-22T04:00:00Z","2025-04-22T18:00:00Z","None","0","0","0","0","0","The pilot’s failure to verify the canopy latches were in the locked position prior to takeoff.","Personnel issues - Action/decision - Action - Forgotten action/omission - Pilot, Aircraft - Aircraft structures - Windows-windshield system - (general) - Not used/operated",,"28.543194","-81.338027999999994","DANIEL A ROBINSON","HIGH 6 BERKUT 540","AIR","ORL","EXEC","true","1","REC","NSCH","PERS","091","Substantial","VMC",,"Takeoff","Completed",,"Final","https://data.ntsb.gov/Docket?ProjectID=199590","https://data.ntsb.gov/carol-repgen/api/Aviation/ReportMain/GenerateNewestReport/199590/pdf"
"GAA25WA064","ACC","199563","2025-01-19T21:30:00Z","Paredones Commune","Other Foreign","Chile",,"N622LT","54943","false","Aviation","",,,"Fatal","3","0","0","3",,,,,,,"BELL TEXTRON CANADA LTD","407","HELI",,,"false","1",,,,"UNK","Destroyed",,,"Enroute","N/A",,"Prelim","","None"
"ERA25LA098","ACC","199576","2025-01-19T15:10:00Z","Miramar","Florida","United States",,"N916VS","059","false","Aviation","",,,"Minor","0","0","1","1","0",,,,"25.996943999999999","-80.244444000000001","MONTAER LTDA","MONTAER MC01","AIR","HWO","NORTH PERRY","false","1",,,"PERS","091","Substantial","VMC","BAHAMIAN CLUB LLC","Takeoff","In work",,"Prelim","","https://data.ntsb.gov/carol-repgen/api/Aviation/ReportMain/GenerateNewestReport/199576/pdf"
"GAA25WA081","ACC","199654","2025-01-19T05:00:00Z","Prado, State of Bahia","Other Foreign","Brazil",,"PU-JBW",,"false","Aviation","",,,"Serious","0","1","1","2","0",,,,,,"RANS","S6","AIR",,,"false",,,,,"NUSN","Substantial",,,"Enroute","N/A",,"Prelim","","None"
"WPR25LA084","ACC","199618","2025-01-18T13:10:00Z","Prescott","Arizona","United States",,"N4626K","P21000244","false","Aviation","",,,"None","0","0","0","0",,,,,"34.642606000000001","-112.43214999999999","CESSNA","P210N","AIR","PRC","PRESCOTT RGNL/ERNEST A LOVE FLD","false","1",,,"INST","091","Substantial","VMC","Wyeth Family Trust","Approach","In work",,"Prelim","","https://data.ntsb.gov/carol-repgen/api/Aviation/ReportMain/GenerateNewestReport/199618/pdf"
"ENG25WA016","ACC","199573","2025-01-17T19:30:00Z","Rio Branco","Other Foreign","Uruguay",,"CX-BSS-R",,"false","Aviation","",,,"None","0","0","0","0",,,,,"-32.596806999999998","-53.384197","GRUMMAN","G164","AIR",,,"false",,,,,"NUSN","Substantial",,,"Enroute","N/A",,"Prelim","","None"
"ERA25LA104","ACC","199597","2025-01-17T05:35:00Z","Smyrna","Tennessee","United States",,"N21254","18261519","false","Aviation","DirectorBrief","2025-04-22T04:00:00Z","2025-04-22T18:00:00Z","None","0","0","0","0","0","The pilot’s failure to maintain an appropriate approach path, resulting in the airplane contacting a tree during a landing approach at night.","Aircraft - Aircraft oper/perf/capability - Performance/control parameters - Descent/approach/glide path - Not attained/maintained, Environmental issues - Physical environment - Object/animal/substance - Tree(s) - Awareness of condition, Personnel issues - Psychological - Attention/monitoring - Task monitoring/vigilance - Pilot, Environmental issues - Conditions/weather/phenomena - Light condition - Dark - Effect on personnel",,"36.015385999999999","-86.526047000000005","CESSNA","182","AIR","MQY","SMYRNA","false","1","REC",,"BUS","091","Substantial","VMC",,"Approach","Completed",,"Final","https://data.ntsb.gov/Docket?ProjectID=199597","https://data.ntsb.gov/carol-repgen/api/Aviation/ReportMain/GenerateNewestReport/199597/pdf"
"CEN25LA082","ACC","199567","2025-01-16T20:06:00Z","Plainview","Texas","United States",,"N1206Z","D-6678","false","Aviation","DirectorBrief","2025-02-21T05:00:00Z","2025-02-21T19:00:00Z","None","0","0","0","0",,"Fuel starvation due to fuel migration during the pilot induced slipping maneuver.","Aircraft - Fluids/misc hardware - Fluids - Fuel - Fluid management, Personnel issues - Task performance - Planning/preparation - Fuel planning - Pilot, Personnel issues - Task performance - Use of equip/info - Use of policy/procedure - Pilot",,"34.170000000000002","-101.72","BEECH","N35","AIR","PVW","HALE COUNTY","false","1","REC",,"PERS","091","Substantial","VMC",,"Approach","Completed",,"Final","https://data.ntsb.gov/Docket?ProjectID=199567","https://data.ntsb.gov/carol-repgen/api/Aviation/ReportMain/GenerateNewestReport/199567/pdf"
"CEN25LA086","ACC","199588","2025-01-16T18:00:00Z","Longview","Texas","United States",,"N798L","1393-2005","false","Aviation","",,,"None","0","0","0","0","0",,,,"32.392840999999997","-94.706303000000005","AMERICAN CHAMPION AIRCRAFT","7ECA","AIR","GGG","EAST TEXAS RGNL","false","1",,,"INST","091","Substantial","VMC","LETOURNEAU UNIVERSITY","Unknown","In work",,"Prelim","","https://data.ntsb.gov/carol-repgen/api/Aviation/ReportMain/GenerateNewestReport/199588/pdf"
"CEN25LA080","ACC","199561","2025-01-16T17:54:00Z","Omaha","Nebraska","United States",,"N71586","3013","false","Aviation","DirectorBrief","2025-04-22T04:00:00Z","2025-04-22T18:00:00Z","Serious","0","1","0","1","0","The pilot’s inadequate preflight inspection, which resulted in a total loss of engine power due to fuel exhaustion.","Personnel issues - Task performance - Inspection - Preflight inspection - Pilot, Aircraft - Fluids/misc hardware - Fluids - Fuel - Fluid level, Environmental issues - Physical environment - Object/animal/substance - Tree(s) - Contributed to outcome",,"41.195985999999998","-96.112264999999994","LUSCOMBE","8","AIR","MLE","Millard Airport","false","1","REC",,"PERS","091","Substantial","VMC",,"Initial Climb","Completed",,"Final","https://data.ntsb.gov/Docket?ProjectID=199561","https://data.ntsb.gov/carol-repgen/api/Aviation/ReportMain/GenerateNewestReport/199561/pdf"
"CEN25LA081","ACC","199566","2025-01-16T16:30:00Z","Bentonville","Arkansas","United States",,"N6799P","24-1932","false","Aviation","",,,"Serious","0","1","1","2","0",,,,"36.355500999999997","-94.223123000000001","PIPER","PA-24-250","AIR","VBT","BENTONVILLE MUNI/LOUISE M THADEN FLD","false","1",,,"FERY","091","Substantial","VMC",,"Approach","In work",,"Prelim","","https://data.ntsb.gov/carol-repgen/api/Aviation/ReportMain/GenerateNewestReport/199566/pdf"
"DCA25WA098","INC","199602","2025-01-16T01:42:00Z","Brussels",,"Belgium",,"D-ALER",,"false","Aviation","",,,,,,,,,,,,,,"BOEING","757",,,,"false",,,,,"NUSC",,,"EAT Leipzig","Takeoff","N/A",,,"","None"
"CEN25LA079","ACC","199557","2025-01-15T17:30:00Z","Tyler","Texas","United States",,"N8051P","24-3297","false","Aviation","",,,"None","0","0","0","0",,,,,"32.353546999999999","-95.402978000000004","PIPER","PA-24-250","AIR","TYR","TYLER POUNDS RGNL","false","1",,,"PERS","091","Substantial","VMC",,"Initial Climb","In work",,"Prelim","","https://data.ntsb.gov/carol-repgen/api/Aviation/ReportMain/GenerateNewestReport/199557/pdf"
"CEN25LA078","ACC","199556","2025-01-15T11:30:00Z","Byron","Illinois","United States",,"N749WJ","75-7751","false","Aviation","DirectorBrief","2025-02-12T05:00:00Z","2025-02-12T18:00:00Z","None","0","0","0","0","0","The pilot inadvertently moved the ignition key to the off position and broke the key, which resulted in a loss of engine power and subsequent forced landing.","Aircraft - Aircraft systems - (general) - (general) - Unintentional use/operation, Personnel issues - Task performance - Use of equip/info - Use of equip/system - Pilot",,"42.198628999999997","-89.290400000000005","ZENITH","STOL CH750","AIR",,,"true","1","REC",,"PERS","091","Substantial","VMC",,"Enroute","Completed",,"Final","https://data.ntsb.gov/Docket?ProjectID=199556","https://data.ntsb.gov/carol-repgen/api/Aviation/ReportMain/GenerateNewestReport/199556/pdf"
"ERA25LA099","ACC","199578","2025-01-14T20:15:00Z","Wilmington","North Carolina","United States",,"N417KG","579","false","Aviation","DirectorBrief","2025-04-22T04:00:00Z","2025-04-22T18:00:00Z","None","0","0","0","0","0","The pilot’s improper landing flare, which resulted in a wing strike.","Personnel issues - Task performance - Use of equip/info - Aircraft control - Pilot, Aircraft - Aircraft oper/perf/capability - Performance/control parameters - Landing flare - Not attained/maintained",,"34.269851000000003","-77.903948","SOCATA","TBM 700","AIR","ILM","WILMINGTON INTL","false","1","TP",,"PERS","091","Substantial","VMC",,"Landing","Completed",,"Final","https://data.ntsb.gov/Docket?ProjectID=199578","https://data.ntsb.gov/carol-repgen/api/Aviation/ReportMain/GenerateNewestReport/199578/pdf"
"CEN25LA077","ACC","199551","2025-01-14T19:30:00Z","Addison","Texas","United States",,"N504AF","28020004","false","Aviation","",,,"None","0","0","0","0","0",,,,"32.968556","-96.836444","PIPER AIRCRAFT INC","PA-28-181","AIR","ADS","Addison Airport","false","1",,,"PERS","091","Substantial","VMC","AMERIFLYERS OF TEXAS INC","Initial Climb","In work",,"Prelim","","https://data.ntsb.gov/carol-repgen/api/Aviation/ReportMain/GenerateNewestReport/199551/pdf"
"WPR25LA078","ACC","199544","2025-01-14T13:30:00Z","Lemoore","California","United States",,"N6255N","129","false","Aviation","DirectorBrief","2025-04-22T04:00:00Z","2025-04-22T18:00:00Z","None","0","0","0","0",,"The pilot’s failure to maintain clearance from power lines while maneuvering at a low altitude.","Environmental issues - Physical environment - Object/animal/substance - Wire - Awareness of condition, Personnel issues - Psychological - Attention/monitoring - Monitoring environment - Pilot, Aircraft - Aircraft oper/perf/capability - Performance/control parameters - Altitude - Not attained/maintained",,"36.351210999999999","-119.88717","BELL","206A","HELI",,,"false","1","TS",,"AAPL","137","Destroyed","VMC","TRINKLE AVIATION LLC","Maneuvering","Completed",,"Final","https://data.ntsb.gov/Docket?ProjectID=199544","https://data.ntsb.gov/carol-repgen/api/Aviation/ReportMain/GenerateNewestReport/199544/pdf"
"GAA25WA074","ACC","199627","2025-01-14T09:45:00Z","Paracatu","Other Foreign","Brazil",,"PR-JGJ",,"false","Aviation","",,,"None","0","0","0","0",,,,,"-17.328333000000001","-47.433332999999998","AIR TRACTOR","AT502","AIR",,,"false",,,,"AAPL","NUSC","Substantial",,"JAÍBA AVIAÇÃO AGRÍCOLA LTDA","Enroute","N/A",,"Prelim","","None"
"ERA25LA097","ACC","199555","2025-01-14T08:00:00Z","Conway","South Carolina","United States",,"N938SE","CH2 0591-0687","false","Aviation","",,,"None","0","0","0","0","0",,,,"33.788843999999997","-79.193635","JONATHAN C EGGERS","CHALLENGER II","AIR","HYW","CONWAY-HORRY COUNTY","true","1",,,"PERS","091","Substantial","VMC",,"Enroute","In work",,"Prelim","","https://data.ntsb.gov/carol-repgen/api/Aviation/ReportMain/GenerateNewestReport/199555/pdf"
"WPR25FA079","ACC","199550","2025-01-14T07:22:00Z","Rock Springs","Wyoming","United States",,"N6502P","24-1623","false","Aviation","",,,"Fatal","1","0","0","1","0",,,,"41.111995","-109.29337","PIPER","PA-24-250","AIR",,,"false","1",,,"PERS","091","Unknown","IMC",,"Enroute","In work",,"Prelim","","https://data.ntsb.gov/carol-repgen/api/Aviation/ReportMain/GenerateNewestReport/199550/pdf"
"GAA25WA057","ACC","199540","2025-01-13T01:30:00Z","Santa Ines",,"Honduras",,"HR-AZD",,"false","Aviation","",,,"Fatal","1","0","0","1",,,,,,,"THRUSH","S2R","AIR",,,"false",,,,,"NUSN","Destroyed",,,"Maneuvering","N/A",,"Prelim","","None"
"GAA25WA065","ACC","199565","2025-01-12T15:42:00Z","Höxter","Other Foreign","Germany",,"D-IATA",,"false","Aviation","",,,"None","0","0","0","0","0",,,,"51.806029000000002","9.3776170000000008","CESSNA","425","AIR","EDVI","Höxter-Holzminden Airport","false",,,,,"NUSN","Minor",,,"Landing","N/A",,"Prelim","","None"
"CEN25LA075","ACC","199532","2025-01-12T15:30:00Z","Batesville","Arkansas","United States",,"N8569V","795-75","false","Aviation","",,,"Fatal","1","0","0","1","0",,,,"35.809800000000003","-91.657799999999995","BELLANCA","7GCBC","AIR",,,"false","1",,,"PERS","091","Destroyed","VMC",,"Unknown","In work",,"Prelim","","https://data.ntsb.gov/carol-repgen/api/Aviation/ReportMain/GenerateNewestReport/199532/pdf"
"ERA25LA105","ACC","199598","2025-01-12T15:25:00Z","Fairfield","New Jersey","United States",,"N711AV","44-7995215","false","Aviation","DirectorBrief","2025-04-22T04:00:00Z","2025-04-22T18:00:00Z","None","0","0","0","0","0","The pilot’s failure to extend the landing gear prior to landing, which resulted in a gear up landing. Contributing to the accident was the flight instructor’s inadequate supervision of the pilot receiving instruction.","Personnel issues - Action/decision - Action - Incomplete action - Student/instructed pilot, Personnel issues - Action/decision - Info processing/decision - Identification/recognition - Instructor/check pilot, Aircraft - Aircraft systems - Landing gear system - Gear extension and retract sys - Not used/operated",,"40.874769000000001","-74.281203000000005","PIPER","PA44","AIR","CDW","ESSEX COUNTY","false","2","REC",,"INST","091","Substantial","VMC","AA AERO INC","Landing","Completed",,"Final","https://data.ntsb.gov/Docket?ProjectID=199598","https://data.ntsb.gov/carol-repgen/api/Aviation/ReportMain/GenerateNewestReport/199598/pdf"
"ERA25LA100","ACC","199579","2025-01-12T10:15:00Z","Orange","Massachusetts","United States",,"N8BZ","761","false","Aviation","DirectorBrief","2025-04-22T04:00:00Z","2025-04-22T18:00:00Z","None","0","0","0","0",,"Failure of the left main landing gear to fully extend and lock for undetermined reasons as a functional test of the landing gear system could not duplicate the anomaly.","Not determined - Not determined - (general) - (general) - Unknown/Not determined",,"42.569997000000001","-72.288498000000004","CONSOLIDATED AERONAUTICS INC.","LAKE LA-4-200","AIR","ORE","Orange Municipal Airport","false","1","REC",,"PERS","091","Substantial","VMC",,"Approach","Completed",,"Final","https://data.ntsb.gov/Docket?ProjectID=199579","https://data.ntsb.gov/carol-repgen/api/Aviation/ReportMain/GenerateNewestReport/199579/pdf"
"GAA25WA068","ACC","199594","2025-01-11T10:00:00Z","Uberaba, state of Minas Gerais, MG",,"Brazil",,"PR-FIM",,"false","Aviation","",,,"None","0","0","0","0",,,,,,,"THRUSH","S2R","AIR",,,"false",,,,,"NUSN","Substantial",,,"Initial Climb","N/A",,"Prelim","","None"
"ERA25LA095","ACC","199537","2025-01-10T17:50:00Z","Newburyport","Massachusetts","United States",,"N9184Y","28-8616017","false","Aviation","",,,"None","0","0","0","0","0",,,,"42","-70","PIPER","PA-28-161","AIR","2B2","PLUM ISLAND AIRPORT","false","1",,,"INST","091","Substantial","VMC",,"Landing","In work",,"Prelim","","https://data.ntsb.gov/carol-repgen/api/Aviation/ReportMain/GenerateNewestReport/199537/pdf"
"ANC25LA016","ACC","199529","2025-01-10T13:55:00Z","Fairbanks","Alaska","United States",,"N59826","31-7652077","false","Aviation","",,,"None",,,,,,,,,"64.813417000000001","-147.85321999999999","PIPER","PA-31-350","AIR","FAI",,"false","2",,"NSCH",,"135","Substantial","VMC","Gregory Probst","Taxi","In work",,"Prelim","","https://data.ntsb.gov/carol-repgen/api/Aviation/ReportMain/GenerateNewestReport/199529/pdf"
"DCA25LA085","ACC","199538","2025-01-10T05:00:00Z","San Bernadino","California","United States",,"N324UP",,"false","Aviation","",,,,,,,,,,,,,,"BOEING","767-34AF",,,,"false",,,"SCHD",,"121",,,"UNITED PARCEL SERVICE CO","Landing","In work",,,"",""
"DCA25LA084","ACC","199530","2025-01-10T05:00:00Z","Atlanta","Georgia","United States",,"N589NW",,"false","Aviation","",,,"Serious","0","1","6","7",,,,,,,"BOEING","757-351",,,,"false",,,"SCHD",,"121",,,"DELTA AIR LINES INC","Takeoff","In work",,,"",""
"GAA25WA058","ACC","199543","2025-01-10T05:00:00Z","Nairobi","Other Foreign","Kenya",,"5Y-CDC",,"false","Aviation","",,,"Fatal","3","1","2","3","3",,,,,,"CESSNA","172",,,,"false",,,,,"NUSN",,,,"Enroute","N/A",,,"","None"
"DCA25WA086","ACC","199539","2025-01-09T16:56:00Z","Copenhagen",,"Denmark",,"SE-RPU",,"false","Aviation","",,,"None","0","0","0","0",,,,,,,"BOEING","737",,,,"false",,,,,,,,,"Taxi","N/A",,,"","None"
"ERA25LA101","ACC","199580","2025-01-09T16:30:00Z","Mayfield","Kentucky","United States",,"N4942G","17273489","false","Aviation","DirectorBrief","2025-04-22T04:00:00Z","2025-04-22T18:00:00Z","None","0","0","0","0","0","The student pilot’s improper landing flare, which resulted in a hard landing and nose landing gear collapse.","Aircraft - Aircraft oper/perf/capability - Performance/control parameters - Landing flare - Not attained/maintained, Personnel issues - Task performance - Use of equip/info - Aircraft control - Student/instructed pilot",,"36.773324000000002","-88.584456000000003","CESSNA","172N","AIR","M25","Mayfield Graves County Airport","false","1","REC",,"INST","091","Substantial","VMC",,"Landing","Completed",,"Final","https://data.ntsb.gov/Docket?ProjectID=199580","https://data.ntsb.gov/carol-repgen/api/Aviation/ReportMain/GenerateNewestReport/199580/pdf"
"WPR25LA077","INC","199536","2025-01-09T13:38:00Z","Los Angeles","California","United States",,"C-GQBE, Unknown","2017, Unknown","false","Aviation","DirectorBrief","2025-04-22T04:00:00Z",,"None","0","0","0","0",,"The NTSB did not determine the probable cause of this event and does not plan to issue a report or open a public docket. The investigation of this event is being conducted under the jurisdiction of the Federal Bureau of Investigation.","Not determined - Not determined - (general) - (general) - Other authority investigated",,"34.209806","-118.48997","Bombardier Inc., Canadair, Unknown","CL-215-6B11, Unknown","AIR, UNMANNED","VNY","VAN NUYS","false, false","2, 4","TP",,"FIRF, UNK","PUBU, UNK","Minor, Destroyed","VMC","Gouvernement du Québec, Service aérien gouvernemental, Unknown","Unknown","Completed",,"Final","","https://data.ntsb.gov/carol-repgen/api/Aviation/ReportMain/GenerateNewestReport/199536/pdf"
"GAA25WA056","ACC","199534","2025-01-09T11:15:00Z","Ubatuba","Other Foreign","Brazil",,"PR-GFS",,"false","Aviation","",,,"Fatal","1","4","0","5",,,,,,,"CESSNA","525",,,,"false",,,,,"UNK",,,,"Landing","N/A",,,"","None"
"GAA25WA053","ACC","199525","2025-01-08T23:36:00Z","Medellin",,"Colombia",,"HK2522",,"false","Aviation","",,,"Fatal",,,,,,,,,,,"CESSNA","402",,,,"false",,,,,"UNK",,,,"Enroute","N/A",,,"","None"
"GAA25WA054","ACC","199526","2025-01-08T18:40:00Z","Colon",,"Ecuador",,"HC-BMT",,"false","Aviation","",,,"Minor","0","0","1","1",,,,,,,"CESSNA","188",,,,"false",,,,"AAPL","NUSC",,,"AIFA S.A.","Maneuvering","N/A",,,"","None"
"CEN25LA072","ACC","199527","2025-01-08T14:00:00Z","Harvard","Illinois","United States",,"N1935V","18256260","false","Aviation","DirectorBrief","2025-03-06T05:00:00Z","2025-03-06T19:00:00Z","Minor","0","0","1","1","0","The pilot’s failure to control the airplane during the engine start which resulted in a collision with the hangar.","Personnel issues - Task performance - Use of equip/info - Use of equip/system - Pilot, Personnel issues - Task performance - Use of equip/info - Use of checklist - Pilot",,"42.402472000000003","-88.632389000000003","CESSNA","182H","AIR","0C0","Dacy","false","1","REC",,"PERS","091","Substantial","VMC",,"Standing","Completed",,"Final","https://data.ntsb.gov/Docket?ProjectID=199527","https://data.ntsb.gov/carol-repgen/api/Aviation/ReportMain/GenerateNewestReport/199527/pdf"
"CEN25LA073","ACC","199528","2025-01-08T14:00:00Z","Buras","Louisiana","United States",,"N430JM","10733","false","Aviation","DirectorBrief","2025-02-21T05:00:00Z","2025-02-21T19:00:00Z","Serious","0","1","1","2",,"The pilot’s failure to maintain control during a hover taxi with a quartering tailwind.","Personnel issues - Task performance - Use of equip/info - Aircraft control - Pilot, Environmental issues - Conditions/weather/phenomena - Wind - (general) - Effect on equipment, Aircraft - Aircraft oper/perf/capability - Performance/control parameters - Directional control - Incorrect use/operation",,"29.350895999999999","-89.523582000000005","ROBINSON HELICOPTER COMPANY","R44 II","HELI","LS84","Matidora","false","1","REC",,"PERS","091","Substantial","VMC",,"Taxi","Completed",,"Final","https://data.ntsb.gov/Docket?ProjectID=199528","https://data.ntsb.gov/carol-repgen/api/Aviation/ReportMain/GenerateNewestReport/199528/pdf"
"DCA25LA102","ACC","199608","2025-01-08T02:40:00Z","Los Angeles","California","United States",,"JA892A",,"false","Aviation","",,,"Serious",,,,,,,,,,,"BOEING","787",,,,"false",,,"SCHD",,"129",,,"All Nippon Airlines","Approach","In work",,,"",""
"GAA25WA063","ACC","199559","2025-01-07T19:45:00Z","state of Rio Grande do Sul, RS","Other Foreign","Brazil",,"PR-CBR","0159","false","Aviation","",,,"None","0","0","0","0",,,,,,,"CIRRUS","SR22","AIR","SBNM","Santo Ângelo aerodrome","false","1",,,,"NUSN","Substantial",,,"Approach","N/A",,"Prelim","","None"
"WPR25LA074","ACC","199517","2025-01-06T15:30:00Z","Red Rock","Montana","United States",,"N4644Y","18-8945","false","Aviation","DirectorBrief","2025-04-22T04:00:00Z","2025-04-22T18:00:00Z","None","0","0","0","0",,"The pilot's failure to maintain directional control during takeoff, which resulted in an impact with deep snow and vegetation.","Personnel issues - Task performance - Use of equip/info - Aircraft control - Pilot, Aircraft - Aircraft oper/perf/capability - Performance/control parameters - Directional control - Not attained/maintained, Environmental issues - Physical environment - Object/animal/substance - Snow/ice - Contributed to outcome, Environmental issues - Physical environment - Object/animal/substance - (general) - Contributed to outcome",,"44.88288","-112.71296","PIPER","PA-18-150","AIR",,,"false","1","REC",,"PUBS","PUBU","Substantial","VMC","STATE OF MONTANA","Takeoff","Completed",,"Final","https://data.ntsb.gov/Docket?ProjectID=199517","https://data.ntsb.gov/carol-repgen/api/Aviation/ReportMain/GenerateNewestReport/199517/pdf"
"WPR25LA073","ACC","199516","2025-01-06T08:58:00Z","Temple City","California","United States",,"N5943T","15060643","false","Aviation","DirectorBrief","2025-04-22T04:00:00Z","2025-04-22T18:00:00Z",,,,,,,"The flight instructor’s unfamiliarity with the fuel quantities the fuel measuring dip stick measured and inadequate preflight inspection which resulted in fuel exhaustion.","Personnel issues - Task performance - Inspection - Preflight inspection - Instructor/check pilot, Aircraft - Fluids/misc hardware - Fluids - Fuel - Fluid level, Personnel issues - Task performance - Use of equip/info - Use of equip/system - Instructor/check pilot, Personnel issues - Experience/knowledge - Knowledge - Knowledge of equipment - Instructor/check pilot",,"34.094304999999999","-118.04313999999999","CESSNA","150D","AIR","KEMT","San Gabriel Valley Airport","false","1","REC",,"INST","091","Substantial","VMC","MISSION FLIGHT ACADEMY","Initial Climb","Completed",,"Final","https://data.ntsb.gov/Docket?ProjectID=199516","https://data.ntsb.gov/carol-repgen/api/Aviation/ReportMain/GenerateNewestReport/199516/pdf"
"ERA25LA091","ACC","199510","2025-01-05T18:00:00Z","Marion","Ohio","United States",,"N18JC","1719","false","Aviation","",,,"None","0","0","0","0",,,,,"40.617134999999998","-83.060952999999998","HELIO","HT-295","AIR","MNN","Marion Municipal","false","1",,,"POSI","091","Substantial","VMC",,"Landing","In work",,"Prelim","","https://data.ntsb.gov/carol-repgen/api/Aviation/ReportMain/GenerateNewestReport/199510/pdf"
"ERA25LA090","ACC","199507","2025-01-05T16:26:00Z","Norfolk","Virginia","United States",,"N160MH","DMO-302","false","Aviation","",,,"None","0","0","0","0",,,,,"36.900146999999997","-76.194717999999995","HINSON MELVIN J","VELOCITY","AIR","ORF","NORFOLK INTL","true","1",,,"PERS","091","Unknown","VMC",,"Landing","In work",,"Prelim","","https://data.ntsb.gov/carol-repgen/api/Aviation/ReportMain/GenerateNewestReport/199507/pdf"
"GAA25WA071","ACC","199610","2025-01-05T14:20:00Z","Visby","Other Foreign","Sweden",,"SE-KBL, SE-KBF",,"false","Aviation","",,,"None","0","0","0","0",,,,,,,"SOCATA, SOCATA","TB9, TB10","AIR, AIR","ESSV",,"false, false","1",,,,"NUSN, NUSN","Substantial, Minor",,"Gotlands Flygklubb, Frivilliga Flygkaren","Taxi","N/A",,"Prelim","","None"
"CEN25LA071","ACC","199519","2025-01-04T10:43:00Z","McKinney","Texas","United States",,"N3589L","15062389","false","Aviation","",,,"None","0","0","0","0","0",,,,"33.177064999999999","-96.588767000000004","CESSNA","150F","AIR","TKI","McKinney National Airport","false","1",,,"INST","091","Substantial","VMC","Texins Flying Club","Landing","In work",,"Prelim","","https://data.ntsb.gov/carol-repgen/api/Aviation/ReportMain/GenerateNewestReport/199519/pdf"
"CEN25LA069","ACC","199508","2025-01-04T00:38:00Z","Spearfish","South Dakota","United States",,"N603AP","0057","false","Aviation","",,,"None","0","0","0","0","0",,,,"44.480525","-103.78305","CIRRUS DESIGN CORP","SF50","AIR","SPF","Black Hills Airport-Clyde Ice Field","false","1",,,"PERS","091","Substantial","VMC","FOXTROT JET LLC","Landing","In work",,"Prelim","","https://data.ntsb.gov/carol-repgen/api/Aviation/ReportMain/GenerateNewestReport/199508/pdf"
"ANC25LA015","ACC","199505","2025-01-03T18:51:00Z","Nightmute","Alaska","United States",,"N916RK","GA8-12-176","false","Aviation","",,,"None","0","0","0","0",,,,,"60.472312000000002","-164.69980000000001","GIPPSAERO PTY LTD","GA8","AIR","AGT","Nightmute AIrport","false","1",,"SCHD",,"135","Substantial","VMC",,"Taxi","In work",,"Prelim","","https://data.ntsb.gov/carol-repgen/api/Aviation/ReportMain/GenerateNewestReport/199505/pdf"
"CEN25LA068","ACC","199504","2025-01-03T11:40:00Z","Lubbock","Texas","United States",,"N725DC","9002","false","Aviation","DirectorBrief","2025-02-21T05:00:00Z","2025-02-21T19:00:00Z","Minor","0","0","2","2",,"The loss of directional control during the takeoff roll for undermined reasons that resulted in an impact with trees.","Aircraft - Aircraft oper/perf/capability - Performance/control parameters - Directional control - Unknown/Not determined",,"33","-101","CIRRUS DESIGN CORP","SR22T","AIR","F82","Lubbock Executive Airpark","false","1","REC","NSCH","PERS","091","Destroyed","VMC",,"Takeoff","Completed",,"Final","https://data.ntsb.gov/Docket?ProjectID=199504","https://data.ntsb.gov/carol-repgen/api/Aviation/ReportMain/GenerateNewestReport/199504/pdf"
"CEN25LA070","ACC","199509","2025-01-02T19:54:00Z","Stringtown","Mississippi","United States",,"N438SW","7574","false","Aviation","DirectorBrief","2025-02-21T05:00:00Z","2025-02-21T19:00:00Z","None","0","0","0","0","0","Bird strike.","Environmental issues - Physical environment - Object/animal/substance - Animal(s)/bird(s) - Effect on equipment",,"33.571986000000003","-90.982266999999993","BOMBARDIER INC","CL-600-2B19","AIR","GLH","Greenville MId-Delta","false","2","TF","NSCH",,"135","Substantial","VMC","CORPORATE FLIGHT MANAGEMENT INC","Enroute","Completed",,"Final","https://data.ntsb.gov/Docket?ProjectID=199509","https://data.ntsb.gov/carol-repgen/api/Aviation/ReportMain/GenerateNewestReport/199509/pdf"
"WPR25FA072","ACC","199502","2025-01-02T15:09:00Z","Fullerton","California","United States",,"N8757R","001","false","Aviation","",,,"Fatal","2","8","11","2","19",,,,"33.873480999999998","-117.97067","Vans Aircraft","RV-10","AIR","FUL","Fullerton Municipal Airport","true","1",,,"PERS","091","Substantial","VMC",,"Approach","In work",,"Prelim","","https://data.ntsb.gov/carol-repgen/api/Aviation/ReportMain/GenerateNewestReport/199502/pdf"
"WPR25LA080","ACC","199577","2025-01-02T13:30:00Z","Round Mountain","Nevada","United States",,"N4151R","32-40465","false","Aviation","",,,"Fatal","1","0","0","1",,,,,"38.767440000000001","-116.93259","PIPER","PA-32-300","AIR",,,"false","1",,,"PERS","091","Substantial","VMC",,"Enroute","In work",,"Prelim","","https://data.ntsb.gov/carol-repgen/api/Aviation/ReportMain/GenerateNewestReport/199577/pdf"
"GAA25WA055","ACC","199533","2025-01-02T11:15:00Z","Fassberg","Other Foreign","Germany",,"D-ecgh",,"false","Aviation","",,,"Serious","0","1","0","1","0",,,,,,"PIPER","PA18","AIR",,,"false",,,,,"NUSN","Substantial",,,"Landing","N/A",,"Prelim","","None"
"ERA25LA088","ACC","199500","2025-01-01T02:20:00Z","Naples","Florida","United States",,"N8163F","E-2590","false","Aviation","",,,"None","0","0","0","0","0",,,,"26.156486999999998","-81.776161000000002","BEECH","A36","AIR","APF","NAPLES MUNI","false","1",,,"PERS","091","Substantial","IMC",,"Takeoff","In work",,"Prelim","","https://data.ntsb.gov/carol-repgen/api/Aviation/ReportMain/GenerateNewestReport/199500/pdf"

